invoice_id,invoice_type,customer_id,supplier_id,invoice_date,due_date,currency,net_amount,tax_amount,gross_amount,gross_amount_gbp,cost_centre_code,status
SI-2022-00001,SALES,C2053,,2022-01-14,2022-02-13,GBP,6362.36,1272.47,7634.83,7634.83,CC200,PAID
SI-2022-00002,SALES,C2043,,05/01/2022,2022-02-04,EUR,2621.23,0.0,2621.23,2194.98,CC220,Paid
SI-2022-00003,SALES,C2026,,03-Jan-2022,2022-02-02,GBP,8062.43,1612.49,9674.92,9674.92,CC210,paid
SI-2022-00004,SALES,C2035,,2022-01-21,2022-02-20,GBP,4865.35,973.07,5838.42,5838.42,CC200,PAID 
SI-2022-00005,SALES,C2031,,03/01/2022,2022-03-04,GBP,24789.49,4957.9,29747.39,29747.39,CC210,PAID
SI-2022-00006,SALES,C2026,,07-Jan-2022,2022-02-06,GBP,4203.59,840.72,5044.31,5044.31,CC210,Paid
SI-2022-00007,SALES,C2027,,2022-01-07,2022-01-21,EUR,5070.5,0.0,5070.5,4242.02,CC220,paid
SI-2022-00008,SALES,C2049,,21/01/2022,2022-02-04,GBP,3522.16,704.43,4226.59,4226.59,CC200,PAID 
SI-2022-00009,SALES,C2017,,06-Jan-2022,2022-02-20,EUR,7862.84,0.0,7862.84,6595.92,CC220,PAID
SI-2022-00010,SALES,C2049,,2022-01-03,2022-01-17,GBP,4540.11,908.02,5448.13,5448.13,CC200,Paid
SI-2022-00011,SALES,C2017,,21/01/2022,2022-03-07,EUR,15162.42,0.0,15162.42,12617.35,CC220,paid
SI-2022-00012,SALES,C2010,,18-Jan-2022,2022-02-17,GBP,5956.75,1191.35,7148.1,7148.1,CC200,PAID 
SI-2022-00013,SALES,C2059,,2022-01-12,2022-02-11,EUR,7430.0,0.0,7430.0,6184.44,CC220,PAID
SI-2022-00014,SALES,C2022,,28/01/2022,2022-02-27,GBP,20237.03,4047.41,24284.44,24284.44,CC210,Paid
SI-2022-00015,SALES,C2052,,28-Jan-2022,2022-02-27,EUR,10761.75,0.0,10761.75,8979.87,CC220,paid
SI-2022-00016,SALES,C2015,,2022-01-24,2022-03-25,GBP,12539.86,2507.97,15047.83,15047.83,CC210,PAID 
SI-2022-00017,SALES,C2044,,03/01/2022,2022-03-04,GBP,3533.75,706.75,4240.5,4240.5,CC200,PAID
SI-2022-00018,SALES,C2024,,14-Jan-2022,2022-02-13,GBP,15910.29,3182.06,19092.35,19092.35,CC210,Paid
SI-2022-00019,SALES,C2055,,2022-01-07,2022-04-07,GBP,26672.57,5334.51,32007.08,32007.08,CC200,paid
SI-2022-00020,SALES,C2019,,21/01/2022,2022-04-21,EUR,5829.62,0.0,5829.62,4851.09,CC220,PAID 
SI-2022-00021,SALES,C2013,,07-Jan-2022,2022-02-21,GBP,7437.63,1487.53,8925.16,8925.16,CC200,PAID
SI-2022-00022,SALES,C2009,,2022-01-06,2022-04-06,GBP,15891.61,3178.32,19069.93,19069.93,CC200,Paid
SI-2022-00023,SALES,C2045,,14/01/2022,2022-02-28,GBP,3251.34,650.27,3901.61,3901.61,CC200,paid
SI-2022-00024,SALES,C2039,,06-Jan-2022,2022-01-20,EUR,12064.86,0.0,12064.86,10120.87,CC220,PAID 
SI-2022-00025,SALES,C2046,,2022-01-04,2022-03-05,GBP,3348.31,669.66,4017.97,4017.97,CC200,PAID
SI-2022-00026,SALES,C2050,,03/01/2022,2022-02-02,USD,10048.38,0.0,10048.38,7812.12,CC220,Paid
SI-2022-00027,SALES,C2049,,07-Jan-2022,2022-01-21,GBP,7539.71,1507.94,9047.65,9047.65,CC200,paid
SI-2022-00028,SALES,C2002,,2022-01-20,2022-03-21,EUR,7455.96,0.0,7455.96,6176.85,CC220,PAID 
SI-2022-00029,SALES,C2023,,21/01/2022,2022-02-20,GBP,9994.28,1998.86,11993.14,11993.14,CC200,PAID
SI-2022-00030,SALES,C2045,,04-Jan-2022,2022-02-18,GBP,4165.1,833.02,4998.12,4998.12,CC200,Paid
SI-2022-00031,SALES,C2000,,2022-01-12,2022-02-26,GBP,13427.59,2685.52,16113.11,16113.11,CC200,paid
SI-2022-00032,SALES,C2022,,07/01/2022,2022-02-06,GBP,23730.66,4746.13,28476.79,28476.79,CC210,PAID 
SI-2022-00033,SALES,C2061,,17-Jan-2022,2022-02-16,GBP,11674.88,2334.98,14009.86,14009.86,CC210,PAID
SI-2022-00034,SALES,C2040,,2022-01-14,2022-02-13,GBP,4366.57,873.31,5239.88,5239.88,CC200,Paid
SI-2022-00035,SALES,C2053,,07/01/2022,2022-02-06,GBP,35230.32,7046.06,42276.38,42276.38,CC200,paid
SI-2022-00036,SALES,C2019,,18-Jan-2022,2022-04-18,EUR,10020.21,0.0,10020.21,8318.67,CC220,PAID 
SI-2022-00037,SALES,C2048,,2022-01-31,2022-02-14,GBP,13106.77,2621.35,15728.12,15728.12,CC200,PAID
SI-2022-00038,SALES,C2018,,14/01/2022,2022-02-28,EUR,5302.09,0.0,5302.09,4434.33,CC220,Paid
SI-2022-00039,SALES,C2050,,28-Jan-2022,2022-02-27,USD,3571.16,0.0,3571.16,2877.04,CC220,paid
SI-2022-00040,SALES,C2012,,2022-01-12,2022-03-13,EUR,11286.43,0.0,11286.43,9394.38,CC220,PAID 
SI-2022-00041,SALES,C2052,,19/01/2022,2022-02-18,EUR,11825.12,0.0,11825.12,9818.98,CC220,PAID
SI-2022-00042,SALES,C2020,,21-Jan-2022,2022-03-07,GBP,4743.36,948.67,5692.03,5692.03,CC210,Paid
SI-2022-00043,SALES,C2048,,2022-01-04,2022-01-18,GBP,4024.02,804.8,4828.82,4828.82,CC200,paid
SI-2022-00044,SALES,C2027,,14/01/2022,2022-01-28,EUR,6520.76,0.0,6520.76,5453.55,CC220,PAID 
PI-2022-00001,PURCHASE,,S3004,24-Jan-2022,2022-02-23,GBP,1480.33,296.07,1776.4,1776.4,CC100,PAID
PI-2022-00002,PURCHASE,,S3020,2022-01-03,2022-02-02,USD,706.8,0.0,706.8,549.5,CC600,Paid
PI-2022-00003,PURCHASE,,S3002,28/01/2022,2022-03-29,EUR,3168.62,0.0,3168.62,2643.98,CC220,paid
PI-2022-00004,PURCHASE,,S3037,03-Jan-2022,2022-02-02,USD,2573.2,0.0,2573.2,2000.54,CC600,PAID 
PI-2022-00005,PURCHASE,,S3034,2022-01-27,2022-02-26,GBP,1682.25,336.45,2018.7,2018.7,CC500,PAID
PI-2022-00006,PURCHASE,,S3029,24/01/2022,2022-02-23,EUR,752.75,0.0,752.75,625.03,CC300,Paid
PI-2022-00007,PURCHASE,,S3005,21-Jan-2022,2022-03-07,GBP,11959.36,2391.87,14351.23,14351.23,CC300,paid
PI-2022-00008,PURCHASE,,S3016,2022-01-24,2022-02-07,EUR,1385.86,0.0,1385.86,1150.72,CC600,PAID 
PI-2022-00009,PURCHASE,,S3029,04/01/2022,2022-02-03,EUR,2302.37,0.0,2302.37,1927.77,CC100,PAID
PI-2022-00010,PURCHASE,,S3001,06-Jan-2022,2022-02-05,GBP,4174.96,834.99,5009.95,5009.95,CC100,Paid
PI-2022-00011,PURCHASE,,S3011,2022-01-21,2022-03-22,EUR,37704.13,0.0,37704.13,31375.34,CC400,paid
PI-2022-00012,PURCHASE,,S3029,06/01/2022,2022-02-05,EUR,3699.88,0.0,3699.88,3103.73,CC300,PAID 
PI-2022-00013,PURCHASE,,S3038,28-Jan-2022,2022-02-27,GBP,680.25,136.05,816.3,816.3,CC400,PAID
PI-2022-00014,PURCHASE,,S3013,2022-01-07,2022-01-21,GBP,8527.57,1705.51,10233.08,10233.08,CC400,Paid
PI-2022-00015,PURCHASE,,S3039,31/01/2022,2022-03-02,GBP,1736.26,347.25,2083.51,2083.51,CC600,paid
PI-2022-00016,PURCHASE,,S3007,14-Jan-2022,2022-02-13,EUR,2625.18,0.0,2625.18,2195.54,CC100,PAID 
PI-2022-00017,PURCHASE,,S3023,2022-01-31,2022-03-02,USD,654.53,0.0,654.53,532.65,CC600,PAID
PI-2022-00018,PURCHASE,,S3017,07/01/2022,2022-02-21,GBP,16500.0,3300.0,19800.0,19800.0,CC400,Paid
PI-2022-00019,PURCHASE,,S3008,12-Jan-2022,2022-03-13,GBP,10133.97,2026.79,12160.76,12160.76,CC400,paid
PI-2022-00020,PURCHASE,,S3043,2022-01-18,2022-02-01,EUR,35403.37,0.0,35403.37,29391.49,CC400,PAID 
PI-2022-00021,PURCHASE,,S3029,04/01/2022,2022-02-03,EUR,10738.5,0.0,10738.5,8991.32,CC300,PAID
PI-2022-00022,PURCHASE,,S3043,25-Jan-2022,2022-02-08,EUR,25628.48,0.0,25628.48,21343.65,CC400,Paid
PI-2022-00023,PURCHASE,,S3040,2022-01-31,2022-02-14,EUR,2211.25,0.0,2211.25,1838.19,CC400,paid
PI-2022-00024,PURCHASE,,S3026,18/01/2022,2022-02-17,GBP,1438.14,287.63,1725.77,1725.77,CC100,PAID 
PI-2022-00025,PURCHASE,,S3037,21-Jan-2022,2022-02-20,USD,2332.85,0.0,2332.85,1842.68,CC400,PAID
PI-2022-00026,PURCHASE,,S3011,2022-01-03,2022-03-04,EUR,855.51,0.0,855.51,717.03,CC100,Paid
PI-2022-00027,PURCHASE,,S3011,28/01/2022,2022-03-29,EUR,7867.72,0.0,7867.72,6565.02,CC400,paid
PI-2022-00028,PURCHASE,,S3001,28-Jan-2022,2022-02-27,GBP,4212.31,842.46,5054.77,5054.77,CC400,PAID 
PI-2022-00029,PURCHASE,,S3040,2022-01-12,2022-01-26,EUR,10851.2,0.0,10851.2,9032.12,CC400,PAID
PI-2022-00030,PURCHASE,,S3000,05/01/2022,2022-02-04,GBP,25034.77,5006.95,30041.72,30041.72,CC300,Paid
PI-2022-00031,PURCHASE,,S3006,14-Jan-2022,2022-02-13,EUR,5974.44,0.0,5974.44,4996.65,CC300,paid
PI-2022-00032,PURCHASE,,S3014,2022-01-14,2022-01-28,GBP,1937.03,387.41,2324.44,2324.44,CC400,PAID 
PI-2022-00033,PURCHASE,,S3004,18/01/2022,2022-02-17,GBP,4704.0,940.8,5644.8,5644.8,CC400,PAID
PI-2022-00034,PURCHASE,,S3015,11-Jan-2022,2022-02-10,EUR,912.4,0.0,912.4,758.49,CC210,Paid
PI-2022-00035,PURCHASE,,S3031,2022-01-04,2022-03-05,GBP,7669.24,1533.85,9203.09,9203.09,CC400,paid
SI-2022-00045,SALES,C2029,,04/02/2022,2022-05-05,EUR,2243.8,0.0,2243.8,1860.52,CC220,PAID 
SI-2022-00046,SALES,C2052,,07-Feb-2022,2022-03-09,EUR,4143.71,0.0,4143.71,3413.92,CC220,PAID
SI-2022-00047,SALES,C2008,,2022-02-16,2022-04-17,EUR,2747.07,0.0,2747.07,2266.33,CC220,Paid
SI-2022-00048,SALES,C2013,,24/02/2022,2022-04-10,GBP,24510.29,4902.06,29412.35,29412.35,CC200,paid
SI-2022-00049,SALES,C2014,,11-Feb-2022,2022-04-12,EUR,8684.77,0.0,8684.77,7196.51,CC220,PAID 
SI-2022-00050,SALES,C2057,,2022-02-21,2022-05-22,USD,2515.26,0.0,2515.26,1980.87,CC220,PAID
SI-2022-00051,SALES,C2016,,22/02/2022,2022-03-24,GBP,5060.5,1012.1,6072.6,6072.6,CC200,Paid
SI-2022-00052,SALES,C2002,,02-Feb-2022,2022-04-03,EUR,4409.63,0.0,4409.63,3662.68,CC220,paid
SI-2022-00053,SALES,C2024,,2022-02-15,2022-03-17,GBP,31764.47,6352.89,38117.36,38117.36,CC210,PAID 
SI-2022-00054,SALES,C2018,,18/02/2022,2022-04-04,EUR,1056.5,0.0,1056.5,872.78,CC220,PAID
SI-2022-00055,SALES,C2000,,18-Feb-2022,2022-04-04,GBP,5794.37,1158.87,6953.24,6953.24,CC200,Paid
SI-2022-00056,SALES,C2028,,2022-02-10,2022-02-24,GBP,4556.47,911.29,5467.76,5467.76,CC200,paid
SI-2022-00057,SALES,C2059,,02/02/2022,2022-03-04,EUR,29632.09,0.0,29632.09,24612.71,CC220,PAID 
SI-2022-00058,SALES,C2017,,04-Feb-2022,2022-03-21,EUR,11073.54,0.0,11073.54,9181.97,CC220,PAID
SI-2022-00059,SALES,C2007,,2022-02-22,2022-03-24,GBP,5690.36,1138.07,6828.43,6828.43,CC200,Paid
SI-2022-00060,SALES,C2010,,14/02/2022,2022-03-16,GBP,15946.6,3189.32,19135.92,19135.92,CC200,paid
SI-2022-00061,SALES,C2025,,14-Feb-2022,2022-05-15,USD,11038.77,0.0,11038.77,8741.51,CC220,PAID 
SI-2022-00062,SALES,C2001,,2022-02-18,2022-03-20,USD,3716.07,0.0,3716.07,2928.17,CC220,PAID
SI-2022-00063,SALES,C2001,,07/02/2022,2022-03-09,USD,3559.44,0.0,3559.44,2815.26,CC220,Paid
SI-2022-00064,SALES,C2042,,28-Feb-2022,2022-04-29,GBP,3817.41,763.48,4580.89,4580.89,CC210,paid
SI-2022-00065,SALES,C2042,,2022-02-28,2022-04-29,GBP,8459.28,1691.86,10151.14,10151.14,CC210,PAID 
SI-2022-00066,SALES,C2019,,18/02/2022,2022-05-19,EUR,3788.62,0.0,3788.62,3129.81,CC220,PAID
SI-2022-00067,SALES,C2037,,25-Feb-2022,2022-03-27,USD,23397.5,0.0,23397.5,18414.25,CC220,Paid
SI-2022-00068,SALES,C2026,,2022-02-25,2022-03-27,GBP,6265.95,1253.19,7519.14,7519.14,CC210,paid
SI-2022-00069,SALES,C2061,,14/02/2022,2022-03-16,GBP,3567.02,713.4,4280.42,4280.42,CC210,PAID 
SI-2022-00070,SALES,C2013,,25-Feb-2022,2022-04-11,GBP,2874.58,574.92,3449.5,3449.5,CC200,PAID
SI-2022-00071,SALES,C2055,,2022-02-02,2022-05-03,GBP,8907.5,1781.5,10689.0,10689.0,CC200,Paid
SI-2022-00072,SALES,C2058,,11/02/2022,2022-05-12,EUR,7493.01,0.0,7493.01,6208.98,CC220,paid
SI-2022-00073,SALES,C2053,,10-Feb-2022,2022-03-12,GBP,11740.81,2348.16,14088.97,14088.97,CC200,PAID 
SI-2022-00074,SALES,C2029,,2022-02-14,2022-05-15,EUR,6466.09,0.0,6466.09,5352.72,CC220,PAID
SI-2022-00075,SALES,C2032,,18/02/2022,2022-03-20,GBP,11868.98,2373.8,14242.78,14242.78,CC200,Paid
SI-2022-00076,SALES,C2037,,04-Feb-2022,2022-03-06,USD,2985.22,0.0,2985.22,2386.48,CC220,paid
SI-2022-00077,SALES,C2023,,2022-02-22,2022-03-24,GBP,2795.83,559.17,3355.0,3355.0,CC200,PAID 
SI-2022-00078,SALES,C2016,,15/02/2022,2022-03-17,GBP,3744.02,748.8,4492.82,4492.82,CC200,PAID
SI-2022-00079,SALES,C2037,,01-Feb-2022,2022-03-03,USD,6217.47,0.0,6217.47,5058.94,CC220,Paid
SI-2022-00080,SALES,C2006,,2022-02-01,2022-03-03,GBP,2993.86,598.77,3592.63,3592.63,CC200,paid
SI-2022-00081,SALES,C2052,,04/02/2022,2022-03-06,EUR,9583.87,0.0,9583.87,7946.76,CC220,PAID 
SI-2022-00082,SALES,C2028,,03-Feb-2022,2022-02-17,GBP,4506.95,901.39,5408.34,5408.34,CC200,PAID
SI-2022-00083,SALES,C2019,,2022-02-24,2022-05-25,EUR,5524.45,0.0,5524.45,4546.01,CC220,Paid
SI-2022-00084,SALES,C2061,,11/02/2022,2022-03-13,GBP,3511.42,702.28,4213.7,4213.7,CC210,paid
SI-2022-00085,SALES,C2042,,22-Feb-2022,2022-04-23,GBP,4658.05,931.61,5589.66,5589.66,CC210,PAID 
SI-2022-00086,SALES,C2061,,2022-02-17,2022-03-19,GBP,2095.31,419.06,2514.37,2514.37,CC210,PAID
SI-2022-00087,SALES,C2047,,15/02/2022,2022-03-01,GBP,8229.36,1645.87,9875.23,9875.23,CC200,Paid
SI-2022-00088,SALES,C2005,,04-Feb-2022,2022-03-06,EUR,4810.97,0.0,4810.97,3989.16,CC220,paid
SI-2022-00089,SALES,C2032,,2022-02-11,2022-03-13,GBP,12515.45,2503.09,15018.54,15018.54,CC200,PAID 
SI-2022-00090,SALES,C2042,,15/02/2022,2022-04-16,GBP,1145.8,229.16,1374.96,1374.96,CC210,PAID
PI-2022-00036,PURCHASE,,S3016,25-Feb-2022,2022-03-11,EUR,395.81,0.0,395.81,325.07,CC600,Paid
PI-2022-00037,PURCHASE,,S3004,2022-02-25,2022-03-27,GBP,2818.88,563.78,3382.66,3382.66,CC600,paid
PI-2022-00038,PURCHASE,,S3013,21/02/2022,2022-03-07,GBP,1467.78,293.56,1761.34,1761.34,CC300,PAID 
PI-2022-00039,PURCHASE,,S3032,04-Feb-2022,2022-02-18,EUR,5911.55,0.0,5911.55,4901.74,CC400,PAID
PI-2022-00040,PURCHASE,,S3016,2022-02-18,2022-03-04,EUR,19260.76,0.0,19260.76,15911.45,CC400,Paid
PI-2022-00041,PURCHASE,,S3000,02/02/2022,2022-03-04,GBP,2622.83,524.57,3147.4,3147.4,CC220,paid
PI-2022-00042,PURCHASE,,S3010,11-Feb-2022,2022-03-13,GBP,997.98,199.6,1197.58,1197.58,CC500,PAID 
PI-2022-00043,PURCHASE,,S3029,2022-02-15,2022-03-17,EUR,26483.58,0.0,26483.58,21841.56,CC400,PAID
PI-2022-00044,PURCHASE,,S3000,21/02/2022,2022-03-23,GBP,1121.09,224.22,1345.31,1345.31,CC100,Paid
PI-2022-00045,PURCHASE,,S3014,11-Feb-2022,2022-02-25,GBP,1943.23,388.65,2331.88,2331.88,CC100,paid
PI-2022-00046,PURCHASE,,S3011,2022-02-28,2022-04-29,EUR,4087.71,0.0,4087.71,3403.17,CC300,PAID 
PI-2022-00047,PURCHASE,,S3020,25/02/2022,2022-03-27,USD,1254.89,0.0,1254.89,987.62,CC300,PAID
PI-2022-00048,PURCHASE,,S3013,08-Feb-2022,2022-02-22,GBP,17646.17,3529.23,21175.4,21175.4,CC400,Paid
PI-2022-00049,PURCHASE,,S3036,2022-02-04,2022-04-05,GBP,6430.51,1286.1,7716.61,7716.61,CC400,paid
PI-2022-00050,PURCHASE,,S3035,28/02/2022,2022-03-14,EUR,21505.48,0.0,21505.48,17904.13,CC300,PAID 
PI-2022-00051,PURCHASE,,S3035,10-Feb-2022,2022-02-24,EUR,6779.38,0.0,6779.38,5594.79,CC400,PAID
PI-2022-00052,PURCHASE,,S3014,2022-02-01,2022-02-15,GBP,670.28,134.06,804.34,804.34,CC400,Paid
PI-2022-00053,PURCHASE,,S3023,24/02/2022,2022-03-26,USD,468.46,0.0,468.46,367.93,CC500,paid
PI-2022-00054,PURCHASE,,S3008,09-Feb-2022,2022-04-10,GBP,2367.96,473.59,2841.55,2841.55,CC100,PAID 
PI-2022-00055,PURCHASE,,S3033,2022-02-25,2022-04-26,GBP,1494.73,298.95,1793.68,1793.68,CC400,PAID
PI-2022-00056,PURCHASE,,S3031,04/02/2022,2022-04-05,GBP,6846.7,1369.34,8216.04,8216.04,CC300,Paid
PI-2022-00057,PURCHASE,,S3005,25-Feb-2022,2022-04-11,GBP,4317.16,863.43,5180.59,5180.59,CC100,paid
PI-2022-00058,PURCHASE,,S3026,2022-02-25,2022-03-27,GBP,5994.83,1198.97,7193.8,7193.8,CC400,PAID 
PI-2022-00059,PURCHASE,,S3018,03/02/2022,2022-03-05,USD,2142.12,0.0,2142.12,1719.03,CC400,PAID
PI-2022-00060,PURCHASE,,S3000,22-Feb-2022,2022-03-24,GBP,4777.54,955.51,5733.05,5733.05,CC100,Paid
PI-2022-00061,PURCHASE,,S3019,2022-02-11,2022-03-13,EUR,9821.95,0.0,9821.95,8138.82,CC400,paid
PI-2022-00062,PURCHASE,,S3019,18/02/2022,2022-03-20,EUR,607.05,0.0,607.05,501.49,CC100,PAID 
PI-2022-00063,PURCHASE,,S3020,01-Feb-2022,2022-03-03,USD,885.42,0.0,885.42,720.44,CC210,PAID
PI-2022-00064,PURCHASE,,S3002,2022-02-22,2022-04-23,EUR,827.94,0.0,827.94,685.82,CC300,Paid
PI-2022-00065,PURCHASE,,S3035,04/02/2022,2022-02-18,EUR,1008.27,0.0,1008.27,836.04,CC220,paid
PI-2022-00066,PURCHASE,,S3026,22-Feb-2022,2022-03-24,GBP,40566.21,8113.24,48679.45,48679.45,CC300,PAID 
PI-2022-00067,PURCHASE,,S3045,2022-02-01,2022-03-18,GBP,2867.54,573.51,3441.05,3441.05,CC220,PAID
PI-2022-00068,PURCHASE,,S3031,25/02/2022,2022-04-26,GBP,3336.09,667.22,4003.31,4003.31,CC220,Paid
PI-2022-00069,PURCHASE,,S3039,18-Feb-2022,2022-03-20,GBP,3576.32,715.26,4291.58,4291.58,CC100,paid
SI-2022-00091,SALES,C2027,,2022-03-18,2022-04-01,EUR,18524.56,0.0,18524.56,15635.93,CC220,PAID 
SI-2022-00092,SALES,C2010,,03/03/2022,2022-04-02,GBP,10351.0,2070.2,12421.2,12421.2,CC200,PAID
SI-2022-00093,SALES,C2057,,18-Mar-2022,2022-06-16,USD,7485.98,0.0,7485.98,5819.07,CC220,Paid
SI-2022-00094,SALES,C2016,,2022-03-16,2022-04-15,GBP,5537.7,1107.54,6645.24,6645.24,CC200,paid
SI-2022-00095,SALES,C2046,,09/03/2022,2022-05-08,GBP,4477.63,895.53,5373.16,5373.16,CC200,PAID 
SI-2022-00096,SALES,C2053,,02-Mar-2022,2022-04-01,GBP,4881.03,976.21,5857.24,5857.24,CC200,PAID
SI-2022-00097,SALES,C2040,,2022-03-07,2022-04-06,GBP,39088.31,7817.66,46905.97,46905.97,CC200,Paid
SI-2022-00098,SALES,C2000,,23/03/2022,2022-05-07,GBP,7220.26,1444.05,8664.31,8664.31,CC200,paid
SI-2022-00099,SALES,C2035,,16-Mar-2022,2022-04-15,GBP,19306.23,3861.25,23167.48,23167.48,CC200,PAID 
SI-2022-00100,SALES,C2055,,2022-03-11,2022-06-09,GBP,17001.76,3400.35,20402.11,20402.11,CC200,PAID
SI-2022-00101,SALES,C2006,,21/03/2022,2022-04-20,GBP,20938.63,4187.73,25126.36,25126.36,CC200,Paid
SI-2022-00102,SALES,C2006,,31-Mar-2022,2022-04-30,GBP,16255.03,3251.01,19506.04,19506.04,CC200,paid
SI-2022-00103,SALES,C2044,,2022-03-25,2022-05-24,GBP,8742.65,1748.53,10491.18,10491.18,CC200,PAID 
SI-2022-00104,SALES,C2000,,11/03/2022,2022-04-25,GBP,7626.25,1525.25,9151.5,9151.5,CC200,PAID
SI-2022-00105,SALES,C2050,,17-Mar-2022,2022-04-16,USD,3208.03,0.0,3208.03,2489.74,CC220,Paid
SI-2022-00106,SALES,C2019,,2022-03-28,2022-06-26,EUR,7203.24,0.0,7203.24,6068.55,CC220,paid
SI-2022-00107,SALES,C2052,,25/03/2022,2022-04-24,EUR,7675.73,0.0,7675.73,6465.55,CC220,PAID 
SI-2022-00108,SALES,C2055,,18-Mar-2022,2022-06-16,GBP,16799.42,3359.88,20159.3,20159.3,CC200,PAID
SI-2022-00109,SALES,C2054,,2022-03-17,2022-04-16,GBP,28534.06,5706.81,34240.87,34240.87,CC210,Paid
SI-2022-00110,SALES,C2011,,01/03/2022,2022-03-15,GBP,5476.55,1095.31,6571.86,6571.86,CC200,paid
SI-2022-00111,SALES,C2046,,25-Mar-2022,2022-05-24,GBP,3606.32,721.26,4327.58,4327.58,CC200,PAID 
SI-2022-00112,SALES,C2045,,2022-03-28,2022-05-12,GBP,9011.0,1802.2,10813.2,10813.2,CC200,PAID
SI-2022-00113,SALES,C2017,,29/03/2022,2022-05-13,EUR,30885.59,0.0,30885.59,25883.73,CC220,Paid
SI-2022-00114,SALES,C2040,,10-Mar-2022,2022-04-09,GBP,2139.7,427.94,2567.64,2567.64,CC200,paid
SI-2022-00115,SALES,C2055,,2022-03-18,2022-06-16,GBP,11183.8,2236.76,13420.56,13420.56,CC200,PAID 
SI-2022-00116,SALES,C2015,,04/03/2022,2022-05-03,GBP,36169.7,7233.94,43403.64,43403.64,CC210,PAID
SI-2022-00117,SALES,C2001,,25-Mar-2022,2022-04-24,USD,2558.44,0.0,2558.44,2037.71,CC220,Paid
SI-2022-00118,SALES,C2000,,2022-03-30,2022-05-14,GBP,9123.19,1824.64,10947.83,10947.83,CC200,paid
SI-2022-00119,SALES,C2012,,31/03/2022,2022-05-30,EUR,6709.89,0.0,6709.89,5645.96,CC220,PAID 
SI-2022-00120,SALES,C2054,,07-Mar-2022,2022-04-06,GBP,18396.39,3679.28,22075.67,22075.67,CC210,PAID
SI-2022-00121,SALES,C2053,,2022-03-21,2022-04-20,GBP,14188.06,2837.61,17025.67,17025.67,CC200,Paid
SI-2022-00122,SALES,C2029,,07/03/2022,2022-06-05,EUR,13742.79,0.0,13742.79,11492.17,CC220,paid
SI-2022-00123,SALES,C2005,,16-Mar-2022,2022-04-15,EUR,13141.3,0.0,13141.3,10995.47,CC220,PAID 
SI-2022-00124,SALES,C2011,,2022-03-18,2022-04-01,GBP,3973.19,794.64,4767.83,4767.83,CC200,PAID
SI-2022-00125,SALES,C2040,,04/03/2022,2022-04-03,GBP,7943.12,1588.62,9531.74,9531.74,CC200,Paid
SI-2022-00126,SALES,C2030,,11-Mar-2022,2022-04-10,GBP,2219.77,443.95,2663.72,2663.72,CC200,paid
SI-2022-00127,SALES,C2034,,2022-03-11,2022-03-25,EUR,9414.65,0.0,9414.65,7845.72,CC220,PAID 
SI-2022-00128,SALES,C2052,,24/03/2022,2022-04-23,EUR,35029.07,0.0,35029.07,29425.82,CC220,PAID
SI-2022-00129,SALES,C2026,,25-Mar-2022,2022-04-24,GBP,2540.81,508.16,3048.97,3048.97,CC210,Paid
SI-2022-00130,SALES,C2032,,2022-03-31,2022-04-30,GBP,14570.48,2914.1,17484.58,17484.58,CC200,paid
SI-2022-00131,SALES,C2018,,15/03/2022,2022-04-29,EUR,6420.77,0.0,6420.77,5379.12,CC220,PAID 
SI-2022-00132,SALES,C2056,,14-Mar-2022,2022-06-12,GBP,13933.65,2786.73,16720.38,16720.38,CC210,PAID
SI-2022-00133,SALES,C2029,,2022-03-25,2022-06-23,EUR,7164.69,0.0,7164.69,6035.08,CC220,Paid
SI-2022-00134,SALES,C2041,,23/03/2022,2022-04-22,GBP,7125.06,1425.01,8550.07,8550.07,CC210,paid
SI-2022-00135,SALES,C2028,,11-Mar-2022,2022-03-25,GBP,6239.54,1247.91,7487.45,7487.45,CC200,PAID 
SI-2022-00136,SALES,C2058,,2022-03-28,2022-06-26,EUR,15973.35,0.0,15973.35,13457.15,CC220,PAID
SI-2022-00137,SALES,C2004,,11/03/2022,2022-04-25,GBP,3239.22,647.84,3887.06,3887.06,CC210,Paid
SI-2022-00138,SALES,C2053,,30-Mar-2022,2022-04-29,GBP,10771.71,2154.34,12926.05,12926.05,CC200,paid
SI-2022-00139,SALES,C2045,,2022-03-14,2022-04-28,GBP,4399.69,879.94,5279.63,5279.63,CC200,PAID 
SI-2022-00140,SALES,C2009,,23/03/2022,2022-06-21,GBP,2505.14,501.03,3006.17,3006.17,CC200,PAID
SI-2022-00141,SALES,C2050,,15-Mar-2022,2022-04-14,USD,17981.71,0.0,17981.71,13991.73,CC220,Paid
SI-2022-00142,SALES,C2050,,2022-03-21,2022-04-20,USD,6627.7,0.0,6627.7,5183.63,CC220,paid
PI-2022-00070,PURCHASE,,S3030,22/03/2022,2022-04-21,GBP,29772.76,5954.55,35727.31,35727.31,CC300,PAID 
PI-2022-00071,PURCHASE,,S3003,04-Mar-2022,2022-04-03,EUR,12374.92,0.0,12374.92,10352.88,CC300,PAID
PI-2022-00072,PURCHASE,,S3038,2022-03-23,2022-04-22,GBP,24935.91,4987.18,29923.09,29923.09,CC400,Paid
PI-2022-00073,PURCHASE,,S3030,28/03/2022,2022-04-27,GBP,440.11,88.02,528.13,528.13,CC400,paid
PI-2022-00074,PURCHASE,,S3029,04-Mar-2022,2022-04-03,EUR,17288.61,0.0,17288.61,14463.69,CC400,PAID 
PI-2022-00075,PURCHASE,,S3001,2022-03-11,2022-04-10,GBP,2020.16,404.03,2424.19,2424.19,CC600,PAID
PI-2022-00076,PURCHASE,,S3019,22/03/2022,2022-04-21,EUR,888.84,0.0,888.84,750.15,CC300,Paid
PI-2022-00077,PURCHASE,,S3009,11-Mar-2022,2022-04-10,GBP,5520.94,1104.19,6625.13,6625.13,CC300,paid
PI-2022-00078,PURCHASE,,S3040,2022-03-25,2022-04-08,EUR,1132.41,0.0,1132.41,953.87,CC400,PAID 
PI-2022-00079,PURCHASE,,S3037,21/03/2022,2022-04-20,USD,2901.12,0.0,2901.12,2269.01,CC400,PAID
PI-2022-00080,PURCHASE,,S3016,31-Mar-2022,2022-04-14,EUR,1506.03,0.0,1506.03,1267.23,CC100,Paid
PI-2022-00081,PURCHASE,,S3009,2022-03-25,2022-04-24,GBP,439.48,87.9,527.38,527.38,CC500,paid
PI-2022-00082,PURCHASE,,S3015,11/03/2022,2022-04-10,EUR,611.22,0.0,611.22,509.36,CC600,PAID 
PI-2022-00083,PURCHASE,,S3011,18-Mar-2022,2022-05-17,EUR,696.99,0.0,696.99,588.3,CC100,PAID
PI-2022-00084,PURCHASE,,S3036,2022-03-04,2022-05-03,GBP,1171.73,234.35,1406.08,1406.08,CC300,Paid
PI-2022-00085,PURCHASE,,S3017,02/03/2022,2022-04-16,GBP,9091.68,1818.34,10910.02,10910.02,CC300,paid
PI-2022-00086,PURCHASE,,S3022,18-Mar-2022,2022-05-17,EUR,992.8,0.0,992.8,837.99,CC100,PAID 
PI-2022-00087,PURCHASE,,S3026,2022-03-25,2022-04-24,GBP,1882.61,376.52,2259.13,2259.13,CC200,PAID
PI-2022-00088,PURCHASE,,S3042,04/03/2022,2022-04-03,GBP,2632.42,526.48,3158.9,3158.9,CC600,Paid
PI-2022-00089,PURCHASE,,S3016,25-Mar-2022,2022-04-08,EUR,1505.88,0.0,1505.88,1268.46,CC100,paid
PI-2022-00090,PURCHASE,,S3010,2022-03-18,2022-04-17,GBP,1943.42,388.68,2332.1,2332.1,CC100,PAID 
PI-2022-00091,PURCHASE,,S3027,16/03/2022,2022-03-30,EUR,5059.2,0.0,5059.2,4233.09,CC300,PAID
PI-2022-00092,PURCHASE,,S3026,04-Mar-2022,2022-04-03,GBP,8463.25,1692.65,10155.9,10155.9,CC300,Paid
PI-2022-00093,PURCHASE,,S3020,2022-03-28,2022-04-27,USD,2666.85,0.0,2666.85,2104.3,CC100,paid
PI-2022-00094,PURCHASE,,S3023,25/03/2022,2022-04-24,USD,4479.16,0.0,4479.16,3567.49,CC400,PAID 
PI-2022-00095,PURCHASE,,S3022,14-Mar-2022,2022-05-13,EUR,1056.18,0.0,1056.18,883.23,CC400,PAID
PI-2022-00096,PURCHASE,,S3023,2022-03-15,2022-04-14,USD,4073.77,0.0,4073.77,3169.84,CC100,Paid
PI-2022-00097,PURCHASE,,S3004,15/03/2022,2022-04-14,GBP,16397.67,3279.53,19677.2,19677.2,CC300,paid
PI-2022-00098,PURCHASE,,S3025,15-Mar-2022,2022-04-14,EUR,2832.17,0.0,2832.17,2372.7,CC300,PAID 
PI-2022-00099,PURCHASE,,S3020,2022-03-29,2022-04-28,USD,425.1,0.0,425.1,335.59,CC100,PAID
PI-2022-00100,PURCHASE,,S3017,11/03/2022,2022-04-25,GBP,10538.96,2107.79,12646.75,12646.75,CC400,Paid
PI-2022-00101,PURCHASE,,S3044,08-Mar-2022,2022-05-07,EUR,2435.84,0.0,2435.84,2042.64,CC300,paid
PI-2022-00102,PURCHASE,,S3000,2022-03-21,2022-04-20,GBP,1006.07,201.21,1207.28,1207.28,CC100,PAID 
PI-2022-00103,PURCHASE,,S3044,07/03/2022,2022-05-06,EUR,9156.41,0.0,9156.41,7656.89,CC300,PAID
SI-2022-00143,SALES,C2034,,01-Apr-2022,2022-04-15,EUR,3664.3,0.0,3664.3,3080.67,CC220,Paid
SI-2022-00144,SALES,C2018,,2022-04-12,2022-05-27,EUR,2927.99,0.0,2927.99,2423.04,CC220,paid
SI-2022-00145,SALES,C2039,,28/04/2022,2022-05-12,EUR,14165.48,0.0,14165.48,12050.45,CC220,PAID 
SI-2022-00146,SALES,C2054,,11-Apr-2022,2022-05-11,GBP,9967.63,1993.53,11961.16,11961.16,CC210,PAID
SI-2022-00147,SALES,C2002,,2022-04-18,2022-06-17,EUR,7908.38,0.0,7908.38,6657.04,CC220,Paid
SI-2022-00148,SALES,C2000,,05/04/2022,2022-05-20,GBP,18335.13,3667.03,22002.16,22002.16,CC200,paid
SI-2022-00149,SALES,C2039,,15-Apr-2022,2022-04-29,EUR,32362.62,0.0,32362.62,27118.52,CC220,PAID 
SI-2022-00150,SALES,C2043,,2022-04-22,2022-05-22,EUR,3039.02,0.0,3039.02,2586.6,CC220,PAID
SI-2022-00151,SALES,C2058,,01/04/2022,2022-06-30,EUR,6255.77,0.0,6255.77,5259.38,CC220,Paid
SI-2022-00152,SALES,C2038,,08-Apr-2022,2022-05-08,GBP,32958.84,6591.77,39550.61,39550.61,CC200,paid
SI-2022-00153,SALES,C2035,,2022-04-12,2022-05-12,GBP,16234.83,3246.97,19481.8,19481.8,CC200,PAID 
SI-2022-00154,SALES,C2054,,22/04/2022,2022-05-22,GBP,15914.1,3182.82,19096.92,19096.92,CC210,PAID
SI-2022-00155,SALES,C2026,,08-Apr-2022,2022-05-08,GBP,10483.63,2096.73,12580.36,12580.36,CC210,Paid
SI-2022-00156,SALES,C2006,,2022-04-07,2022-05-07,GBP,8779.86,1755.97,10535.83,10535.83,CC200,paid
SI-2022-00157,SALES,C2058,,01/04/2022,2022-06-30,EUR,19996.28,0.0,19996.28,16811.37,CC220,PAID 
SI-2022-00158,SALES,C2060,,07-Apr-2022,2022-05-07,EUR,7623.63,0.0,7623.63,6318.52,CC220,PAID
SI-2022-00159,SALES,C2007,,2022-04-22,2022-05-22,GBP,3216.78,643.36,3860.14,3860.14,CC200,Paid
SI-2022-00160,SALES,C2009,,05/04/2022,2022-07-04,GBP,14924.12,2984.82,17908.94,17908.94,CC200,paid
SI-2022-00161,SALES,C2009,,22-Apr-2022,2022-07-21,GBP,5666.27,1133.25,6799.52,6799.52,CC200,PAID 
SI-2022-00162,SALES,C2049,,2022-04-08,2022-04-22,GBP,13373.36,2674.67,16048.03,16048.03,CC200,PAID
SI-2022-00163,SALES,C2036,,21/04/2022,2022-05-21,GBP,5879.71,1175.94,7055.65,7055.65,CC200,Paid
SI-2022-00164,SALES,C2026,,06-Apr-2022,2022-05-06,GBP,12473.6,2494.72,14968.32,14968.32,CC210,paid
SI-2022-00165,SALES,C2024,,2022-04-18,2022-05-18,GBP,6348.16,1269.63,7617.79,7617.79,CC210,PAID 
SI-2022-00166,SALES,C2036,,12/04/2022,2022-05-12,GBP,21065.5,4213.1,25278.6,25278.6,CC200,PAID
SI-2022-00167,SALES,C2057,,01-Apr-2022,2022-06-30,USD,6543.98,0.0,6543.98,5205.59,CC220,Paid
SI-2022-00168,SALES,C2014,,2022-04-08,2022-06-07,EUR,1370.56,0.0,1370.56,1132.52,CC220,paid
SI-2022-00169,SALES,C2014,,08/04/2022,2022-06-07,EUR,19360.13,0.0,19360.13,15997.68,CC220,PAID 
SI-2022-00170,SALES,C2026,,25-Apr-2022,2022-05-25,GBP,5712.26,1142.45,6854.71,6854.71,CC210,PAID
SI-2022-00171,SALES,C2006,,2022-04-22,2022-05-22,GBP,11437.49,2287.5,13724.99,13724.99,CC200,Paid
SI-2022-00172,SALES,C2005,,22/04/2022,2022-05-22,EUR,12251.49,0.0,12251.49,10427.62,CC220,paid
SI-2022-00173,SALES,C2050,,22-Apr-2022,2022-05-22,USD,3156.63,0.0,3156.63,2507.75,CC220,PAID 
SI-2022-00174,SALES,C2036,,2022-04-12,2022-05-12,GBP,1271.67,254.33,1526.0,1526.0,CC200,PAID
SI-2022-00175,SALES,C2029,,29/04/2022,2022-07-28,EUR,15280.82,0.0,15280.82,12932.04,CC220,Paid
SI-2022-00176,SALES,C2057,,13-Apr-2022,2022-07-12,USD,27853.77,0.0,27853.77,22195.53,CC220,paid
SI-2022-00177,SALES,C2006,,2022-04-11,2022-05-11,GBP,29774.07,5954.81,35728.88,35728.88,CC200,PAID 
SI-2022-00178,SALES,C2044,,06/04/2022,2022-06-05,GBP,15571.31,3114.26,18685.57,18685.57,CC200,PAID
SI-2022-00179,SALES,C2053,,15-Apr-2022,2022-05-15,GBP,2570.27,514.05,3084.32,3084.32,CC200,Paid
SI-2022-00180,SALES,C2060,,2022-04-08,2022-05-08,EUR,57256.74,0.0,57256.74,47312.45,CC220,paid
SI-2022-00181,SALES,C2055,,15/04/2022,2022-07-14,GBP,15019.74,3003.95,18023.69,18023.69,CC200,PAID 
SI-2022-00182,SALES,C2039,,22-Apr-2022,2022-05-06,EUR,13614.18,0.0,13614.18,11587.45,CC220,PAID
SI-2022-00183,SALES,C2061,,2022-04-18,2022-05-18,GBP,13847.33,2769.47,16616.8,16616.8,CC210,Paid
SI-2022-00184,SALES,C2060,,01/04/2022,2022-05-01,EUR,4040.1,0.0,4040.1,3396.61,CC220,paid
SI-2022-00185,SALES,C2023,,27-Apr-2022,2022-05-27,GBP,8045.81,1609.16,9654.97,9654.97,CC200,PAID 
SI-2022-00186,SALES,C2050,,2022-04-08,2022-05-08,USD,4372.38,0.0,4372.38,3499.09,CC220,PAID
SI-2022-00187,SALES,C2050,,25/04/2022,2022-05-25,USD,2797.1,0.0,2797.1,2222.66,CC220,Paid
SI-2022-00188,SALES,C2023,,08-Apr-2022,2022-05-08,GBP,3024.64,604.93,3629.57,3629.57,CC200,paid
SI-2022-00189,SALES,C2054,,2022-04-29,2022-05-29,GBP,2557.73,511.55,3069.28,3069.28,CC210,PAID 
SI-2022-00190,SALES,C2017,,29/04/2022,2022-06-13,EUR,6472.46,0.0,6472.46,5477.59,CC220,PAID
PI-2022-00104,PURCHASE,,S3012,26-Apr-2022,2022-05-26,GBP,2885.85,577.17,3463.02,3463.02,CC600,Paid
PI-2022-00105,PURCHASE,,S3012,2022-04-25,2022-05-25,GBP,36934.93,7386.99,44321.92,44321.92,CC400,paid
PI-2022-00106,PURCHASE,,S3024,29/04/2022,2022-06-13,EUR,6435.58,0.0,6435.58,5446.38,CC300,PAID 
PI-2022-00107,PURCHASE,,S3041,01-Apr-2022,2022-05-01,GBP,2684.3,536.86,3221.16,3221.16,CC400,PAID
PI-2022-00108,PURCHASE,,S3012,2022-04-22,2022-05-22,GBP,8052.11,1610.42,9662.53,9662.53,CC400,Paid
PI-2022-00109,PURCHASE,,S3018,15/04/2022,2022-05-15,USD,7397.96,0.0,7397.96,5894.18,CC300,paid
PI-2022-00110,PURCHASE,,S3016,28-Apr-2022,2022-05-12,EUR,852.46,0.0,852.46,725.18,CC500,PAID 
PI-2022-00111,PURCHASE,,S3022,2022-04-29,2022-06-28,EUR,6693.57,0.0,6693.57,5664.71,CC300,PAID
PI-2022-00112,PURCHASE,,S3033,08/04/2022,2022-06-07,GBP,23123.09,4624.62,27747.71,27747.71,CC300,Paid
PI-2022-00113,PURCHASE,,S3006,01-Apr-2022,2022-05-01,EUR,2845.16,0.0,2845.16,2392.0,CC100,paid
PI-2022-00114,PURCHASE,,S3008,2022-04-22,2022-06-21,GBP,2340.2,468.04,2808.24,2808.24,CC220,PAID 
PI-2022-00115,PURCHASE,,S3008,29/04/2022,2022-06-28,GBP,5524.76,1104.95,6629.71,6629.71,CC400,PAID
PI-2022-00116,PURCHASE,,S3024,21-Apr-2022,2022-06-05,EUR,11991.91,0.0,11991.91,10155.44,CC400,Paid
PI-2022-00117,PURCHASE,,S3045,2022-04-15,2022-05-30,GBP,1549.29,309.86,1859.15,1859.15,CC400,paid
PI-2022-00118,PURCHASE,,S3044,01/04/2022,2022-05-31,EUR,2981.81,0.0,2981.81,2506.88,CC400,PAID 
PI-2022-00119,PURCHASE,,S3045,21-Apr-2022,2022-06-05,GBP,10159.85,2031.97,12191.82,12191.82,CC300,PAID
PI-2022-00120,PURCHASE,,S3042,2022-04-20,2022-05-20,GBP,7270.35,1454.07,8724.42,8724.42,CC400,Paid
PI-2022-00121,PURCHASE,,S3027,05/04/2022,2022-04-19,EUR,3249.53,0.0,3249.53,2710.82,CC400,paid
PI-2022-00122,PURCHASE,,S3014,21-Apr-2022,2022-05-05,GBP,3992.53,798.51,4791.04,4791.04,CC600,PAID 
PI-2022-00123,PURCHASE,,S3012,2022-04-26,2022-05-26,GBP,8312.05,1662.41,9974.46,9974.46,CC400,PAID
PI-2022-00124,PURCHASE,,S3025,26/04/2022,2022-05-26,EUR,2567.75,0.0,2567.75,2203.91,CC400,Paid
PI-2022-00125,PURCHASE,,S3016,07-Apr-2022,2022-04-21,EUR,997.64,0.0,997.64,826.85,CC220,paid
PI-2022-00126,PURCHASE,,S3002,2022-04-15,2022-06-14,EUR,734.44,0.0,734.44,615.43,CC400,PAID 
PI-2022-00127,PURCHASE,,S3013,13/04/2022,2022-04-27,GBP,947.79,189.56,1137.35,1137.35,CC600,PAID
PI-2022-00128,PURCHASE,,S3036,07-Apr-2022,2022-06-06,GBP,2568.19,513.64,3081.83,3081.83,CC300,Paid
PI-2022-00129,PURCHASE,,S3039,2022-04-18,2022-05-18,GBP,1942.2,388.44,2330.64,2330.64,CC100,paid
PI-2022-00130,PURCHASE,,S3033,06/04/2022,2022-06-05,GBP,13151.91,2630.38,15782.29,15782.29,CC300,PAID 
PI-2022-00131,PURCHASE,,S3040,08-Apr-2022,2022-04-22,EUR,1634.76,0.0,1634.76,1350.84,CC100,PAID
PI-2022-00132,PURCHASE,,S3030,2022-04-29,2022-05-29,GBP,2951.21,590.24,3541.45,3541.45,CC400,Paid
PI-2022-00133,PURCHASE,,S3007,21/04/2022,2022-05-21,EUR,2640.8,0.0,2640.8,2236.38,CC210,paid
PI-2022-00134,PURCHASE,,S3036,01-Apr-2022,2022-05-31,GBP,4766.67,953.33,5720.0,5720.0,CC300,PAID 
PI-2022-00135,PURCHASE,,S3031,2022-04-01,2022-05-31,GBP,2470.6,494.12,2964.72,2964.72,CC400,PAID
SI-2022-00191,SALES,C2058,,03/05/2022,2022-08-01,EUR,4215.23,0.0,4215.23,3535.11,CC220,Paid
SI-2022-00192,SALES,C2016,,20-May-2022,2022-06-19,GBP,5506.65,1101.33,6607.98,6607.98,CC200,paid
SI-2022-00193,SALES,C2053,,2022-05-13,2022-06-12,GBP,18107.62,3621.52,21729.14,21729.14,CC200,PAID 
SI-2022-00194,SALES,C2028,,13/05/2022,2022-05-27,GBP,7506.86,1501.37,9008.23,9008.23,CC200,PAID
SI-2022-00195,SALES,C2011,,12-May-2022,2022-05-26,GBP,5911.19,1182.24,7093.43,7093.43,CC200,Paid
SI-2022-00196,SALES,C2061,,2022-05-19,2022-06-18,GBP,22753.04,4550.61,27303.65,27303.65,CC210,paid
SI-2022-00197,SALES,C2026,,06/05/2022,2022-06-05,GBP,18984.81,3796.96,22781.77,22781.77,CC210,PAID 
SI-2022-00198,SALES,C2051,,05-May-2022,2022-06-19,USD,11582.53,0.0,11582.53,9050.53,CC220,PAID
SI-2022-00199,SALES,C2020,,2022-05-09,2022-06-23,GBP,23822.03,4764.41,28586.44,28586.44,CC210,Paid
SI-2022-00200,SALES,C2032,,30/05/2022,2022-06-29,GBP,3738.9,747.78,4486.68,4486.68,CC200,paid
SI-2022-00201,SALES,C2004,,30-May-2022,2022-07-14,GBP,2866.38,573.28,3439.66,3439.66,CC210,PAID 
SI-2022-00202,SALES,C2054,,2022-05-12,2022-06-11,GBP,12047.29,2409.46,14456.75,14456.75,CC210,PAID
SI-2022-00203,SALES,C2052,,11/05/2022,2022-06-10,EUR,12082.26,0.0,12082.26,10043.09,CC220,Paid
SI-2022-00204,SALES,C2038,,10-May-2022,2022-06-09,GBP,8338.36,1667.67,10006.03,10006.03,CC200,paid
SI-2022-00205,SALES,C2000,,2022-05-13,2022-06-27,GBP,6207.04,1241.41,7448.45,7448.45,CC200,PAID 
SI-2022-00206,SALES,C2058,,25/05/2022,2022-08-23,EUR,14880.26,0.0,14880.26,12152.28,CC220,PAID
SI-2022-00207,SALES,C2014,,27-May-2022,2022-07-26,EUR,10647.51,0.0,10647.51,8713.33,CC220,Paid
SI-2022-00208,SALES,C2042,,2022-05-23,2022-07-22,GBP,31898.49,6379.7,38278.19,38278.19,CC210,paid
SI-2022-00209,SALES,C2040,,04/05/2022,2022-06-03,GBP,12293.22,2458.64,14751.86,14751.86,CC200,PAID 
SI-2022-00210,SALES,C2014,,11-May-2022,2022-07-10,EUR,4476.09,0.0,4476.09,3720.64,CC220,PAID
SI-2022-00211,SALES,C2014,,2022-05-05,2022-07-04,EUR,31150.07,0.0,31150.07,26176.37,CC220,Paid
SI-2022-00212,SALES,C2019,,27/05/2022,2022-08-25,EUR,5854.71,0.0,5854.71,4791.17,CC220,paid
SI-2022-00213,SALES,C2024,,25-May-2022,2022-06-24,GBP,1971.69,394.34,2366.03,2366.03,CC210,PAID 
SI-2022-00214,SALES,C2000,,2022-05-13,2022-06-27,GBP,11147.86,2229.57,13377.43,13377.43,CC200,PAID
SI-2022-00215,SALES,C2046,,24/05/2022,2022-07-23,GBP,3525.74,705.15,4230.89,4230.89,CC200,Paid
SI-2022-00216,SALES,C2040,,09-May-2022,2022-06-08,GBP,29860.5,5972.1,35832.6,35832.6,CC200,paid
SI-2022-00217,SALES,C2005,,2022-05-27,2022-06-26,EUR,9568.64,0.0,9568.64,7830.44,CC220,PAID 
SI-2022-00218,SALES,C2010,,17/05/2022,2022-06-16,GBP,5072.39,1014.48,6086.87,6086.87,CC200,PAID
SI-2022-00219,SALES,C2040,,26-May-2022,2022-06-25,GBP,15867.3,3173.46,19040.76,19040.76,CC200,Paid
SI-2022-00220,SALES,C2057,,2022-05-13,2022-08-11,USD,10900.41,0.0,10900.41,8512.41,CC220,paid
SI-2022-00221,SALES,C2051,,11/05/2022,2022-06-25,USD,5275.26,0.0,5275.26,4109.65,CC220,PAID 
SI-2022-00222,SALES,C2036,,03-May-2022,2022-06-02,GBP,8814.28,1762.86,10577.14,10577.14,CC200,PAID
SI-2022-00223,SALES,C2032,,2022-05-04,2022-06-03,GBP,6044.97,1208.99,7253.96,7253.96,CC200,Paid
SI-2022-00224,SALES,C2022,,29/04/2022,2022-05-29,GBP,2624.18,524.84,3149.02,3149.02,CC210,paid
SI-2022-00225,SALES,C2053,,12-May-2022,2022-06-11,GBP,3551.87,710.37,4262.24,4262.24,CC200,PAID 
SI-2022-00226,SALES,C2021,,2022-05-31,2022-08-29,GBP,1859.77,371.95,2231.72,2231.72,CC210,PAID
SI-2022-00227,SALES,C2006,,06/05/2022,2022-06-05,GBP,12455.63,2491.13,14946.76,14946.76,CC200,Paid
SI-2022-00228,SALES,C2028,,16-May-2022,2022-05-30,GBP,9762.56,1952.51,11715.07,11715.07,CC200,paid
SI-2022-00229,SALES,C2060,,2022-05-06,2022-06-05,EUR,2280.75,0.0,2280.75,1911.1,CC220,PAID 
SI-2022-00230,SALES,C2053,,31/05/2022,2022-06-30,GBP,3559.43,711.89,4271.32,4271.32,CC200,PAID
SI-2022-00231,SALES,C2051,,06-May-2022,2022-06-20,USD,7176.77,0.0,7176.77,5612.28,CC220,Paid
SI-2022-00232,SALES,C2030,,2022-05-26,2022-06-25,GBP,8508.32,1701.66,10209.98,10209.98,CC200,paid
SI-2022-00233,SALES,C2031,,16/05/2022,2022-07-15,GBP,3295.81,659.16,3954.97,3954.97,CC210,PAID 
SI-2022-00234,SALES,C2056,,10-May-2022,2022-08-08,GBP,3205.36,641.07,3846.43,3846.43,CC210,PAID
SI-2022-00235,SALES,C2023,,2022-05-09,2022-06-08,GBP,2587.52,517.5,3105.02,3105.02,CC200,Paid
SI-2022-00236,SALES,C2006,,27/05/2022,2022-06-26,GBP,15608.03,3121.61,18729.64,18729.64,CC200,paid
SI-2022-00237,SALES,C2053,,27-May-2022,2022-06-26,GBP,25146.22,5029.24,30175.46,30175.46,CC200,PAID 
SI-2022-00238,SALES,C2017,,2022-05-06,2022-06-20,EUR,7347.38,0.0,7347.38,6156.58,CC220,PAID
SI-2022-00239,SALES,C2015,,20/05/2022,2022-07-19,GBP,17593.77,3518.75,21112.52,21112.52,CC210,Paid
SI-2022-00240,SALES,C2011,,06-May-2022,2022-05-20,GBP,2861.56,572.31,3433.87,3433.87,CC200,paid
PI-2022-00136,PURCHASE,,S3013,2022-05-03,2022-05-17,GBP,264.11,52.82,316.93,316.93,CC100,PAID 
PI-2022-00137,PURCHASE,,S3016,11/05/2022,2022-05-25,EUR,833.38,0.0,833.38,692.73,CC300,PAID
PI-2022-00138,PURCHASE,,S3044,05-May-2022,2022-07-04,EUR,1700.79,0.0,1700.79,1429.23,CC100,Paid
PI-2022-00139,PURCHASE,,S3028,2022-05-13,2022-06-12,GBP,16671.73,3334.35,20006.08,20006.08,CC300,paid
PI-2022-00140,PURCHASE,,S3032,17/05/2022,2022-05-31,EUR,1241.73,0.0,1241.73,1011.6,CC100,PAID 
PI-2022-00141,PURCHASE,,S3038,20-May-2022,2022-06-19,GBP,1686.14,337.23,2023.37,2023.37,CC300,PAID
PI-2022-00142,PURCHASE,,S3012,2022-05-27,2022-06-26,GBP,2566.38,513.28,3079.66,3079.66,CC100,Paid
PI-2022-00143,PURCHASE,,S3017,27/05/2022,2022-07-11,GBP,10789.22,2157.84,12947.06,12947.06,CC400,paid
PI-2022-00144,PURCHASE,,S3036,25-May-2022,2022-07-24,GBP,22014.38,4402.88,26417.26,26417.26,CC300,PAID 
PI-2022-00145,PURCHASE,,S3031,2022-05-27,2022-07-26,GBP,9882.45,1976.49,11858.94,11858.94,CC300,PAID
PI-2022-00146,PURCHASE,,S3024,20/05/2022,2022-07-04,EUR,865.81,0.0,865.81,708.15,CC300,Paid
PI-2022-00147,PURCHASE,,S3042,17-May-2022,2022-06-16,GBP,3104.11,620.82,3724.93,3724.93,CC300,paid
PI-2022-00148,PURCHASE,,S3031,2022-05-13,2022-07-12,GBP,5674.14,1134.83,6808.97,6808.97,CC200,PAID 
PI-2022-00149,PURCHASE,,S3033,10/05/2022,2022-07-09,GBP,4051.98,810.4,4862.38,4862.38,CC600,PAID
PI-2022-00150,PURCHASE,,S3000,13-May-2022,2022-06-12,GBP,462.13,92.43,554.56,554.56,CC300,Paid
PI-2022-00151,PURCHASE,,S3009,2022-05-20,2022-06-19,GBP,1235.2,247.04,1482.24,1482.24,CC100,paid
PI-2022-00152,PURCHASE,,S3018,16/05/2022,2022-06-15,USD,6769.25,0.0,6769.25,5294.53,CC300,PAID 
PI-2022-00153,PURCHASE,,S3032,20-May-2022,2022-06-03,EUR,3920.25,0.0,3920.25,3206.41,CC600,PAID
PI-2022-00154,PURCHASE,,S3029,2022-05-13,2022-06-12,EUR,329.64,0.0,329.64,271.82,CC500,Paid
PI-2022-00155,PURCHASE,,S3020,27/05/2022,2022-06-26,USD,2356.34,0.0,2356.34,1852.52,CC200,paid
PI-2022-00156,PURCHASE,,S3042,06-May-2022,2022-06-05,GBP,204.23,40.85,245.08,245.08,CC400,PAID 
PI-2022-00157,PURCHASE,,S3009,2022-05-27,2022-06-26,GBP,1109.48,221.9,1331.38,1331.38,CC100,PAID
PI-2022-00158,PURCHASE,,S3032,09/05/2022,2022-05-23,EUR,1147.87,0.0,1147.87,960.35,CC100,Paid
PI-2022-00159,PURCHASE,,S3022,16-May-2022,2022-07-15,EUR,412.68,0.0,412.68,337.64,CC600,paid
PI-2022-00160,PURCHASE,,S3022,2022-05-09,2022-07-08,EUR,9179.16,0.0,9179.16,7679.62,CC400,PAID 
PI-2022-00161,PURCHASE,,S3040,20/05/2022,2022-06-03,EUR,220.39,0.0,220.39,180.26,CC300,PAID
PI-2022-00162,PURCHASE,,S3037,27-May-2022,2022-06-26,USD,537.43,0.0,537.43,422.52,CC100,Paid
PI-2022-00163,PURCHASE,,S3037,2022-05-05,2022-06-04,USD,302.68,0.0,302.68,236.51,CC200,paid
PI-2022-00164,PURCHASE,,S3019,13/05/2022,2022-06-12,EUR,726.02,0.0,726.02,598.68,CC400,PAID 
PI-2022-00165,PURCHASE,,S3007,27-May-2022,2022-06-26,EUR,536.15,0.0,536.15,438.76,CC100,PAID
PI-2022-00166,PURCHASE,,S3011,2022-05-20,2022-07-19,EUR,12748.23,0.0,12748.23,10426.9,CC400,Paid
PI-2022-00167,PURCHASE,,S3035,27/05/2022,2022-06-10,EUR,6767.52,0.0,6767.52,5538.16,CC300,paid
SI-2022-00241,SALES,C2012,,10-Jun-2022,2022-08-09,EUR,13767.21,0.0,13767.21,11338.18,CC220,PAID 
SI-2022-00242,SALES,C2020,,2022-06-10,2022-07-25,GBP,15761.54,3152.31,18913.85,18913.85,CC210,PAID
SI-2022-00243,SALES,C2001,,10/06/2022,2022-07-10,USD,41575.7,0.0,41575.7,32480.68,CC220,Paid
SI-2022-00244,SALES,C2053,,08-Jun-2022,2022-07-08,GBP,21228.02,4245.6,25473.62,25473.62,CC200,paid
SI-2022-00245,SALES,C2045,,2022-06-17,2022-08-01,GBP,3748.94,749.79,4498.73,4498.73,CC200,PAID 
SI-2022-00246,SALES,C2016,,01/06/2022,2022-07-01,GBP,1032.28,206.46,1238.74,1238.74,CC200,PAID
SI-2022-00247,SALES,C2037,,22-Jun-2022,2022-07-22,USD,13889.91,0.0,13889.91,10912.52,CC220,Paid
SI-2022-00248,SALES,C2055,,2022-06-08,2022-09-06,GBP,26494.2,5298.84,31793.04,31793.04,CC200,paid
SI-2022-00249,SALES,C2030,,17/06/2022,2022-07-17,GBP,10472.25,2094.45,12566.7,12566.7,CC200,PAID 
SI-2022-00250,SALES,C2041,,06-Jun-2022,2022-07-06,GBP,15640.91,3128.18,18769.09,18769.09,CC210,PAID
SI-2022-00251,SALES,C2004,,2022-06-16,2022-07-31,GBP,3396.08,679.22,4075.3,4075.3,CC210,Paid
SI-2022-00252,SALES,C2030,,16/06/2022,2022-07-16,GBP,10523.46,2104.69,12628.15,12628.15,CC200,paid
SI-2022-00253,SALES,C2028,,03-Jun-2022,2022-06-17,GBP,56203.22,11240.64,67443.86,67443.86,CC200,PAID 
SI-2022-00254,SALES,C2028,,2022-06-30,2022-07-14,GBP,5671.32,1134.26,6805.58,6805.58,CC200,PAID
SI-2022-00255,SALES,C2056,,24/06/2022,2022-09-22,GBP,5982.3,1196.46,7178.76,7178.76,CC210,Paid
SI-2022-00256,SALES,C2030,,08-Jun-2022,2022-07-08,GBP,7180.88,1436.18,8617.06,8617.06,CC200,paid
SI-2022-00257,SALES,C2029,,2022-06-30,2022-09-28,EUR,7997.28,0.0,7997.28,6499.54,CC220,PAID 
SI-2022-00258,SALES,C2038,,10/06/2022,2022-07-10,GBP,8208.49,1641.7,9850.19,9850.19,CC200,PAID
SI-2022-00259,SALES,C2006,,29-Jun-2022,2022-07-29,GBP,2757.56,551.51,3309.07,3309.07,CC200,Paid
SI-2022-00260,SALES,C2046,,2022-06-03,2022-08-02,GBP,5085.11,1017.02,6102.13,6102.13,CC200,paid
SI-2022-00261,SALES,C2051,,24/06/2022,2022-08-08,USD,7449.59,0.0,7449.59,5881.75,CC220,PAID 
SI-2022-00262,SALES,C2001,,21-Jun-2022,2022-07-21,USD,23851.86,0.0,23851.86,18702.6,CC220,PAID
SI-2022-00263,SALES,C2053,,2022-06-03,2022-07-03,GBP,14333.78,2866.76,17200.54,17200.54,CC200,Paid
SI-2022-00264,SALES,C2022,,06/06/2022,2022-07-06,GBP,5101.77,1020.35,6122.12,6122.12,CC210,paid
SI-2022-00265,SALES,C2030,,09-Jun-2022,2022-07-09,GBP,27763.43,5552.69,33316.12,33316.12,CC200,PAID 
SI-2022-00266,SALES,C2055,,2022-06-08,2022-09-06,GBP,7819.36,1563.87,9383.23,9383.23,CC200,PAID
SI-2022-00267,SALES,C2020,,10/06/2022,2022-07-25,GBP,25104.45,5020.89,30125.34,30125.34,CC210,Paid
SI-2022-00268,SALES,C2020,,03-Jun-2022,2022-07-18,GBP,6504.05,1300.81,7804.86,7804.86,CC210,paid
SI-2022-00269,SALES,C2034,,2022-06-14,2022-06-28,EUR,14745.51,0.0,14745.51,11997.45,CC220,PAID 
SI-2022-00270,SALES,C2008,,30/06/2022,2022-08-29,EUR,3171.55,0.0,3171.55,2577.58,CC220,PAID
SI-2022-00271,SALES,C2057,,23-Jun-2022,2022-09-21,USD,5930.77,0.0,5930.77,4685.62,CC220,Paid
SI-2022-00272,SALES,C2040,,2022-06-17,2022-07-17,GBP,10446.46,2089.29,12535.75,12535.75,CC200,paid
SI-2022-00273,SALES,C2031,,03/06/2022,2022-08-02,GBP,13278.55,2655.71,15934.26,15934.26,CC210,PAID 
SI-2022-00274,SALES,C2052,,13-Jun-2022,2022-07-13,EUR,21662.9,0.0,21662.9,17729.89,CC220,PAID
SI-2022-00275,SALES,C2049,,2022-06-20,2022-07-04,GBP,1921.6,384.32,2305.92,2305.92,CC200,Paid
SI-2022-00276,SALES,C2013,,29/06/2022,2022-08-13,GBP,6697.29,1339.46,8036.75,8036.75,CC200,paid
SI-2022-00277,SALES,C2037,,07-Jun-2022,2022-07-07,USD,17321.32,0.0,17321.32,13547.94,CC220,PAID 
SI-2022-00278,SALES,C2037,,2022-06-20,2022-07-20,USD,13992.41,0.0,13992.41,10961.0,CC220,PAID
SI-2022-00279,SALES,C2005,,24/06/2022,2022-07-24,EUR,5696.16,0.0,5696.16,4743.4,CC220,Paid
SI-2022-00280,SALES,C2050,,24-Jun-2022,2022-07-24,USD,10741.74,0.0,10741.74,8481.03,CC220,paid
SI-2022-00281,SALES,C2025,,2022-06-10,2022-09-08,USD,5012.2,0.0,5012.2,3915.74,CC220,PAID 
SI-2022-00282,SALES,C2001,,24/06/2022,2022-07-24,USD,11837.78,0.0,11837.78,9346.4,CC220,PAID
SI-2022-00283,SALES,C2028,,03-Jun-2022,2022-06-17,GBP,12668.04,2533.61,15201.65,15201.65,CC200,Paid
SI-2022-00284,SALES,C2004,,2022-06-03,2022-07-18,GBP,27185.45,5437.09,32622.54,32622.54,CC210,paid
SI-2022-00285,SALES,C2012,,24/06/2022,2022-08-23,EUR,6615.8,0.0,6615.8,5509.22,CC220,PAID 
SI-2022-00286,SALES,C2054,,13-Jun-2022,2022-07-13,GBP,9282.74,1856.55,11139.29,11139.29,CC210,PAID
SI-2022-00287,SALES,C2013,,2022-06-10,2022-07-25,GBP,9957.02,1991.4,11948.42,11948.42,CC200,Paid
SI-2022-00288,SALES,C2057,,03/06/2022,2022-09-01,USD,4806.27,0.0,4806.27,3794.56,CC220,paid
SI-2022-00289,SALES,C2039,,23-Jun-2022,2022-07-07,EUR,18453.08,0.0,18453.08,15428.56,CC220,PAID 
SI-2022-00290,SALES,C2056,,2022-06-20,2022-09-18,GBP,14418.54,2883.71,17302.25,17302.25,CC210,PAID
SI-2022-00291,SALES,C2006,,10/06/2022,2022-07-10,GBP,2620.64,524.13,3144.77,3144.77,CC200,Paid
SI-2022-00292,SALES,C2026,,23-Jun-2022,2022-07-23,GBP,8787.33,1757.47,10544.8,10544.8,CC210,paid
PI-2022-00168,PURCHASE,,S3024,2022-06-24,2022-08-08,EUR,515.44,0.0,515.44,429.23,CC200,PAID 
PI-2022-00169,PURCHASE,,S3007,03/06/2022,2022-07-03,EUR,3798.73,0.0,3798.73,3108.06,CC100,PAID
PI-2022-00170,PURCHASE,,S3011,10-Jun-2022,2022-08-09,EUR,495.32,0.0,495.32,407.93,CC100,Paid
PI-2022-00171,PURCHASE,,S3030,2022-06-14,2022-07-14,GBP,226.42,45.28,271.7,271.7,CC600,paid
PI-2022-00172,PURCHASE,,S3037,17/06/2022,2022-07-17,USD,523.04,0.0,523.04,407.31,CC300,PAID 
PI-2022-00173,PURCHASE,,S3026,09-Jun-2022,2022-07-09,GBP,28751.49,5750.3,34501.79,34501.79,CC400,PAID
PI-2022-00174,PURCHASE,,S3033,2022-06-29,2022-08-28,GBP,1315.43,263.09,1578.52,1578.52,CC220,Paid
PI-2022-00175,PURCHASE,,S3009,03/06/2022,2022-07-03,GBP,378.0,75.6,453.6,453.6,CC600,paid
PI-2022-00176,PURCHASE,,S3011,17-Jun-2022,2022-08-16,EUR,18308.2,0.0,18308.2,15139.86,CC400,PAID 
PI-2022-00177,PURCHASE,,S3036,2022-06-08,2022-08-07,GBP,1201.59,240.32,1441.91,1441.91,CC400,PAID
PI-2022-00178,PURCHASE,,S3013,23/06/2022,2022-07-07,GBP,230.48,46.1,276.58,276.58,CC400,Paid
PI-2022-00179,PURCHASE,,S3007,28-Jun-2022,2022-07-28,EUR,821.25,0.0,821.25,677.68,CC100,paid
PI-2022-00180,PURCHASE,,S3035,2022-06-02,2022-06-16,EUR,446.29,0.0,446.29,366.47,CC400,PAID 
PI-2022-00181,PURCHASE,,S3014,03/06/2022,2022-06-17,GBP,1293.52,258.7,1552.22,1552.22,CC100,PAID
PI-2022-00182,PURCHASE,,S3025,03-Jun-2022,2022-07-03,EUR,15325.24,0.0,15325.24,12538.87,CC400,Paid
PI-2022-00183,PURCHASE,,S3034,2022-06-30,2022-07-30,GBP,41553.38,8310.68,49864.06,49864.06,CC300,paid
PI-2022-00184,PURCHASE,,S3040,21/06/2022,2022-07-05,EUR,322.09,0.0,322.09,267.84,CC100,PAID 
PI-2022-00185,PURCHASE,,S3003,21-Jun-2022,2022-07-21,EUR,22375.54,0.0,22375.54,18607.12,CC300,PAID
PI-2022-00186,PURCHASE,,S3008,2022-06-07,2022-08-06,GBP,13065.97,2613.19,15679.16,15679.16,CC400,Paid
PI-2022-00187,PURCHASE,,S3014,30/06/2022,2022-07-14,GBP,1337.85,267.57,1605.42,1605.42,CC400,paid
PI-2022-00188,PURCHASE,,S3003,24-Jun-2022,2022-07-24,EUR,738.45,0.0,738.45,614.93,CC400,PAID 
PI-2022-00189,PURCHASE,,S3024,2022-06-13,2022-07-28,EUR,1966.13,0.0,1966.13,1609.17,CC210,PAID
PI-2022-00190,PURCHASE,,S3020,24/06/2022,2022-07-24,USD,1161.15,0.0,1161.15,916.77,CC100,Paid
PI-2022-00191,PURCHASE,,S3024,10-Jun-2022,2022-07-25,EUR,4527.9,0.0,4527.9,3729.02,CC400,paid
PI-2022-00192,PURCHASE,,S3009,2022-06-20,2022-07-20,GBP,1842.34,368.47,2210.81,2210.81,CC600,PAID 
PI-2022-00193,PURCHASE,,S3043,09/06/2022,2022-06-23,EUR,1238.53,0.0,1238.53,1021.74,CC200,PAID
PI-2022-00194,PURCHASE,,S3033,30-Jun-2022,2022-08-29,GBP,1580.81,316.16,1896.97,1896.97,CC400,Paid
PI-2022-00195,PURCHASE,,S3032,2022-06-17,2022-07-01,EUR,782.2,0.0,782.2,646.84,CC400,paid
PI-2022-00196,PURCHASE,,S3045,03/06/2022,2022-07-18,GBP,3150.6,630.12,3780.72,3780.72,CC300,PAID 
PI-2022-00197,PURCHASE,,S3036,10-Jun-2022,2022-08-09,GBP,20990.46,4198.09,25188.55,25188.55,CC400,PAID
PI-2022-00198,PURCHASE,,S3010,2022-06-28,2022-07-28,GBP,8941.75,1788.35,10730.1,10730.1,CC300,Paid
PI-2022-00199,PURCHASE,,S3023,29/06/2022,2022-07-29,USD,16566.47,0.0,16566.47,12946.13,CC300,paid
PI-2022-00200,PURCHASE,,S3036,17-Jun-2022,2022-08-16,GBP,6667.71,1333.54,8001.25,8001.25,CC300,PAID 
SI-2022-00293,SALES,C2029,,2022-07-06,2022-10-04,EUR,23364.81,0.0,23364.81,18752.04,CC220,PAID
SI-2022-00294,SALES,C2022,,06/07/2022,2022-08-05,GBP,12570.26,2514.05,15084.31,15084.31,CC210,Paid
SI-2022-00295,SALES,C2014,,11-Jul-2022,2022-09-09,EUR,9373.88,0.0,9373.88,7641.22,CC220,paid
SI-2022-00296,SALES,C2032,,2022-07-14,2022-08-13,GBP,6667.7,1333.54,8001.24,8001.24,CC200,PAID 
SI-2022-00297,SALES,C2034,,04/07/2022,2022-07-18,EUR,18742.97,0.0,18742.97,15101.81,CC220,PAID
SI-2022-00298,SALES,C2002,,22-Jul-2022,2022-09-20,EUR,15405.63,0.0,15405.63,12714.88,CC220,Paid
SI-2022-00299,SALES,C2006,,2022-07-15,2022-08-14,GBP,6482.77,1296.55,7779.32,7779.32,CC200,paid
SI-2022-00300,SALES,C2000,,01/07/2022,2022-08-15,GBP,15343.21,3068.64,18411.85,18411.85,CC200,PAID 
SI-2022-00301,SALES,C2028,,06-Jul-2022,2022-07-20,GBP,3127.78,625.56,3753.34,3753.34,CC200,PAID
SI-2022-00302,SALES,C2052,,2022-07-21,2022-08-20,EUR,8225.19,0.0,8225.19,6777.66,CC220,Paid
SI-2022-00303,SALES,C2043,,05/07/2022,2022-08-04,EUR,12823.96,0.0,12823.96,10345.33,CC220,paid
SI-2022-00304,SALES,C2017,,04-Jul-2022,2022-08-18,EUR,2891.42,0.0,2891.42,2329.71,CC220,PAID 
SI-2022-00305,SALES,C2016,,2022-07-08,2022-08-07,GBP,895.06,179.01,1074.07,1074.07,CC200,PAID
SI-2022-00306,SALES,C2039,,04/07/2022,2022-07-18,EUR,14666.53,0.0,14666.53,11817.29,CC220,Paid
SI-2022-00307,SALES,C2003,,21-Jul-2022,2022-09-04,EUR,4217.87,0.0,4217.87,3475.58,CC220,paid
SI-2022-00308,SALES,C2053,,2022-07-29,2022-08-28,GBP,7604.46,1520.89,9125.35,9125.35,CC200,PAID 
SI-2022-00309,SALES,C2013,,21/07/2022,2022-09-04,GBP,8239.89,1647.98,9887.87,9887.87,CC200,PAID
SI-2022-00310,SALES,C2044,,11-Jul-2022,2022-09-09,GBP,12840.52,2568.1,15408.62,15408.62,CC200,Paid
SI-2022-00311,SALES,C2053,,2022-07-01,2022-07-31,GBP,4650.76,930.15,5580.91,5580.91,CC200,paid
SI-2022-00312,SALES,C2054,,25/07/2022,2022-08-24,GBP,21942.03,4388.41,26330.44,26330.44,CC210,PAID 
SI-2022-00313,SALES,C2046,,19-Jul-2022,2022-09-17,GBP,4536.03,907.21,5443.24,5443.24,CC200,PAID
SI-2022-00314,SALES,C2019,,2022-07-15,2022-10-13,EUR,23127.41,0.0,23127.41,18916.05,CC220,Paid
SI-2022-00315,SALES,C2016,,29/07/2022,2022-08-28,GBP,19081.97,3816.39,22898.36,22898.36,CC200,paid
SI-2022-00316,SALES,C2055,,21-Jul-2022,2022-10-19,GBP,20589.87,4117.97,24707.84,24707.84,CC200,PAID 
SI-2022-00317,SALES,C2001,,2022-07-18,2022-08-17,USD,15159.13,0.0,15159.13,11626.07,CC220,PAID
SI-2022-00318,SALES,C2043,,22/07/2022,2022-08-21,EUR,9216.14,0.0,9216.14,7606.45,CC220,Paid
SI-2022-00319,SALES,C2056,,01-Jul-2022,2022-09-29,GBP,35181.77,7036.35,42218.12,42218.12,CC210,paid
SI-2022-00320,SALES,C2042,,2022-07-15,2022-09-13,GBP,22283.09,4456.62,26739.71,26739.71,CC210,PAID 
SI-2022-00321,SALES,C2026,,13/07/2022,2022-08-12,GBP,2837.93,567.59,3405.52,3405.52,CC210,PAID
SI-2022-00322,SALES,C2022,,25-Jul-2022,2022-08-24,GBP,8364.33,1672.87,10037.2,10037.2,CC210,Paid
SI-2022-00323,SALES,C2057,,2022-07-11,2022-10-09,USD,42582.21,0.0,42582.21,32898.72,CC220,paid
SI-2022-00324,SALES,C2035,,01/07/2022,2022-07-31,GBP,39875.91,7975.18,47851.09,47851.09,CC200,PAID 
SI-2022-00325,SALES,C2058,,01-Jul-2022,2022-09-29,EUR,4279.94,0.0,4279.94,3465.48,CC220,PAID
SI-2022-00326,SALES,C2034,,2022-07-21,2022-08-04,EUR,10639.27,0.0,10639.27,8766.89,CC220,Paid
SI-2022-00327,SALES,C2051,,01/07/2022,2022-08-15,USD,7859.21,0.0,7859.21,6101.24,CC220,paid
SI-2022-00328,SALES,C2045,,22-Jul-2022,2022-09-05,GBP,6961.52,1392.3,8353.82,8353.82,CC200,PAID 
SI-2022-00329,SALES,C2004,,2022-07-12,2022-08-26,GBP,6336.83,1267.37,7604.2,7604.2,CC210,PAID
SI-2022-00330,SALES,C2000,,15/07/2022,2022-08-29,GBP,10056.27,2011.25,12067.52,12067.52,CC200,Paid
SI-2022-00331,SALES,C2010,,19-Jul-2022,2022-08-18,GBP,5255.97,1051.19,6307.16,6307.16,CC200,paid
SI-2022-00332,SALES,C2007,,2022-07-20,2022-08-19,GBP,8874.35,1774.87,10649.22,10649.22,CC200,PAID 
SI-2022-00333,SALES,C2044,,19/07/2022,2022-09-17,GBP,4949.67,989.93,5939.6,5939.6,CC200,PAID
SI-2022-00334,SALES,C2059,,29-Jul-2022,2022-08-28,EUR,8658.72,0.0,8658.72,7149.14,CC220,Paid
SI-2022-00335,SALES,C2035,,2022-07-29,2022-08-28,GBP,9896.99,1979.4,11876.39,11876.39,CC200,paid
PI-2022-00201,PURCHASE,,S3041,19/07/2022,2022-08-18,GBP,3518.05,703.61,4221.66,4221.66,CC500,PAID 
PI-2022-00202,PURCHASE,,S3000,15-Jul-2022,2022-08-14,GBP,654.01,130.8,784.81,784.81,CC100,PAID
PI-2022-00203,PURCHASE,,S3008,2022-07-22,2022-09-20,GBP,7212.78,1442.56,8655.34,8655.34,CC220,Paid
PI-2022-00204,PURCHASE,,S3015,25/07/2022,2022-08-24,EUR,1021.36,0.0,1021.36,844.91,CC100,paid
PI-2022-00205,PURCHASE,,S3027,22-Jul-2022,2022-08-05,EUR,290.04,0.0,290.04,239.38,CC100,PAID 
PI-2022-00206,PURCHASE,,S3028,2022-07-29,2022-08-28,GBP,395.21,79.04,474.25,474.25,CC100,PAID
PI-2022-00207,PURCHASE,,S3044,08/07/2022,2022-09-06,EUR,1188.69,0.0,1188.69,963.7,CC600,Paid
PI-2022-00208,PURCHASE,,S3018,25-Jul-2022,2022-08-24,USD,3166.99,0.0,3166.99,2422.52,CC400,paid
PI-2022-00209,PURCHASE,,S3041,2022-07-08,2022-08-07,GBP,11452.3,2290.46,13742.76,13742.76,CC300,PAID 
PI-2022-00210,PURCHASE,,S3009,04/07/2022,2022-08-03,GBP,2178.66,435.73,2614.39,2614.39,CC400,PAID
PI-2022-00211,PURCHASE,,S3037,22-Jul-2022,2022-08-21,USD,30315.51,0.0,30315.51,23174.33,CC300,Paid
PI-2022-00212,PURCHASE,,S3029,2022-07-25,2022-08-24,EUR,1030.75,0.0,1030.75,852.68,CC400,paid
PI-2022-00213,PURCHASE,,S3029,01/07/2022,2022-07-31,EUR,2204.26,0.0,2204.26,1784.8,CC400,PAID 
PI-2022-00214,PURCHASE,,S3011,29-Jul-2022,2022-09-27,EUR,696.41,0.0,696.41,575.0,CC100,PAID
PI-2022-00215,PURCHASE,,S3022,2022-07-12,2022-09-10,EUR,4090.81,0.0,4090.81,3339.56,CC400,Paid
PI-2022-00216,PURCHASE,,S3020,25/07/2022,2022-08-24,USD,7158.81,0.0,7158.81,5475.98,CC400,paid
PI-2022-00217,PURCHASE,,S3016,08-Jul-2022,2022-07-22,EUR,15971.28,0.0,15971.28,12948.33,CC400,PAID 
PI-2022-00218,PURCHASE,,S3037,2022-07-28,2022-08-27,USD,876.64,0.0,876.64,666.95,CC100,PAID
PI-2022-00219,PURCHASE,,S3026,06/07/2022,2022-08-05,GBP,42722.8,8544.56,51267.36,51267.36,CC400,Paid
PI-2022-00220,PURCHASE,,S3034,25-Jul-2022,2022-08-24,GBP,2536.13,507.23,3043.36,3043.36,CC400,paid
PI-2022-00221,PURCHASE,,S3014,2022-07-15,2022-07-29,GBP,15786.5,3157.3,18943.8,18943.8,CC300,PAID 
PI-2022-00222,PURCHASE,,S3040,22/07/2022,2022-08-05,EUR,794.69,0.0,794.69,655.89,CC100,PAID
PI-2022-00223,PURCHASE,,S3021,01-Jul-2022,2022-08-15,GBP,5322.38,1064.48,6386.86,6386.86,CC400,Paid
PI-2022-00224,PURCHASE,,S3045,2022-07-29,2022-09-12,GBP,6325.97,1265.19,7591.16,7591.16,CC300,paid
PI-2022-00225,PURCHASE,,S3035,20/07/2022,2022-08-03,EUR,13187.38,0.0,13187.38,10874.16,CC300,PAID 
PI-2022-00226,PURCHASE,,S3000,15-Jul-2022,2022-08-14,GBP,14713.0,2942.6,17655.6,17655.6,CC400,PAID
PI-2022-00227,PURCHASE,,S3007,2022-07-20,2022-08-19,EUR,3168.83,0.0,3168.83,2612.98,CC300,Paid
PI-2022-00228,PURCHASE,,S3012,06/07/2022,2022-08-05,GBP,2358.25,471.65,2829.9,2829.9,CC300,paid
PI-2022-00229,PURCHASE,,S3043,29-Jul-2022,2022-08-12,EUR,11742.36,0.0,11742.36,9695.17,CC300,PAID 
PI-2022-00230,PURCHASE,,S3020,2022-07-29,2022-08-28,USD,11472.28,0.0,11472.28,8740.62,CC400,PAID
PI-2022-00231,PURCHASE,,S3042,01/07/2022,2022-07-31,GBP,15528.44,3105.69,18634.13,18634.13,CC300,Paid
PI-2022-00232,PURCHASE,,S3015,05-Jul-2022,2022-08-04,EUR,2669.18,0.0,2669.18,2153.28,CC300,paid
PI-2022-00233,PURCHASE,,S3008,2022-07-01,2022-08-30,GBP,1340.05,268.01,1608.06,1608.06,CC100,PAID 
PI-2022-00234,PURCHASE,,S3032,04/07/2022,2022-07-18,EUR,23193.62,0.0,23193.62,18687.84,CC400,PAID
PI-2022-00235,PURCHASE,,S3020,11-Jul-2022,2022-08-10,USD,18828.5,0.0,18828.5,14546.77,CC400,Paid
SI-2022-00336,SALES,C2012,,2022-08-01,2022-09-30,EUR,10709.3,0.0,10709.3,8790.36,CC220,paid
SI-2022-00337,SALES,C2008,,30/08/2022,2022-10-29,EUR,23122.0,0.0,23122.0,18420.88,CC220,PAID 
SI-2022-00338,SALES,C2046,,19-Aug-2022,2022-10-18,GBP,7313.93,1462.79,8776.72,8776.72,CC200,PAID
SI-2022-00339,SALES,C2061,,2022-08-31,2022-09-30,GBP,21605.55,4321.11,25926.66,25926.66,CC210,Paid
SI-2022-00340,SALES,C2000,,12/08/2022,2022-09-26,GBP,8485.9,1697.18,10183.08,10183.08,CC200,paid
SI-2022-00341,SALES,C2022,,09-Aug-2022,2022-09-08,GBP,26079.3,5215.86,31295.16,31295.16,CC210,PAID 
SI-2022-00342,SALES,C2006,,2022-08-25,2022-09-24,GBP,13308.42,2661.68,15970.1,15970.1,CC200,PAID
SI-2022-00343,SALES,C2022,,19/08/2022,2022-09-18,GBP,44088.65,8817.73,52906.38,52906.38,CC210,Paid
SI-2022-00344,SALES,C2027,,19-Aug-2022,2022-09-02,EUR,13751.96,0.0,13751.96,10953.79,CC220,paid
SI-2022-00345,SALES,C2051,,2022-08-17,2022-10-01,USD,30173.36,0.0,30173.36,23017.75,CC220,PAID 
SI-2022-00346,SALES,C2053,,26/08/2022,2022-09-25,GBP,15484.96,3096.99,18581.95,18581.95,CC200,PAID
SI-2022-00347,SALES,C2039,,26-Aug-2022,2022-09-09,EUR,5392.38,0.0,5392.38,4263.38,CC220,Paid
SI-2022-00348,SALES,C2004,,2022-08-04,2022-09-18,GBP,14118.06,2823.61,16941.67,16941.67,CC210,paid
SI-2022-00349,SALES,C2050,,26/08/2022,2022-09-25,USD,11230.69,0.0,11230.69,8557.03,CC220,PAID 
SI-2022-00350,SALES,C2010,,19-Aug-2022,2022-09-18,GBP,10848.84,2169.77,13018.61,13018.61,CC200,PAID
SI-2022-00351,SALES,C2003,,2022-08-12,2022-09-26,EUR,9587.66,0.0,9587.66,7714.34,CC220,Paid
SI-2022-00352,SALES,C2052,,26/08/2022,2022-09-25,EUR,13884.64,0.0,13884.64,10977.63,CC220,paid
SI-2022-00353,SALES,C2024,,01-Aug-2022,2022-08-31,GBP,11003.99,2200.8,13204.79,13204.79,CC210,PAID 
SI-2022-00354,SALES,C2007,,2022-08-12,2022-09-11,GBP,15326.43,3065.29,18391.72,18391.72,CC200,PAID
SI-2022-00355,SALES,C2032,,17/08/2022,2022-09-16,GBP,5944.92,1188.98,7133.9,7133.9,CC200,Paid
SI-2022-00356,SALES,C2018,,17-Aug-2022,2022-10-01,EUR,24221.35,0.0,24221.35,19388.0,CC220,paid
SI-2022-00357,SALES,C2040,,2022-08-29,2022-09-28,GBP,9791.68,1958.34,11750.02,11750.02,CC200,PAID 
SI-2022-00358,SALES,C2036,,26/08/2022,2022-09-25,GBP,5159.24,1031.85,6191.09,6191.09,CC200,PAID
SI-2022-00359,SALES,C2043,,19-Aug-2022,2022-09-18,EUR,19000.41,0.0,19000.41,15134.32,CC220,Paid
SI-2022-00360,SALES,C2056,,2022-08-22,2022-11-20,GBP,18406.87,3681.37,22088.24,22088.24,CC210,paid
SI-2022-00361,SALES,C2036,,04/08/2022,2022-09-03,GBP,3372.05,674.41,4046.46,4046.46,CC200,PAID 
SI-2022-00362,SALES,C2029,,12-Aug-2022,2022-11-10,EUR,7458.11,0.0,7458.11,6000.88,CC220,PAID
SI-2022-00363,SALES,C2044,,2022-08-26,2022-10-25,GBP,11387.12,2277.42,13664.54,13664.54,CC200,Paid
SI-2022-00364,SALES,C2058,,16/08/2022,2022-11-14,EUR,7374.47,0.0,7374.47,5886.54,CC220,paid
SI-2022-00365,SALES,C2014,,16-Aug-2022,2022-10-15,EUR,3534.75,0.0,3534.75,2821.55,CC220,PAID 
SI-2022-00366,SALES,C2047,,2022-08-26,2022-09-09,GBP,57072.91,11414.58,68487.49,68487.49,CC200,PAID
SI-2022-00367,SALES,C2030,,22/08/2022,2022-09-21,GBP,10426.39,2085.28,12511.67,12511.67,CC200,Paid
SI-2022-00368,SALES,C2001,,31-Aug-2022,2022-09-30,USD,4109.99,0.0,4109.99,3105.58,CC220,paid
SI-2022-00369,SALES,C2060,,2022-08-26,2022-09-25,EUR,4270.56,0.0,4270.56,3376.44,CC220,PAID 
SI-2022-00370,SALES,C2057,,19/08/2022,2022-11-17,USD,6506.85,0.0,6506.85,4953.84,CC220,PAID
SI-2022-00371,SALES,C2021,,26-Aug-2022,2022-11-24,GBP,5844.37,1168.87,7013.24,7013.24,CC210,Paid
SI-2022-00372,SALES,C2048,,2022-08-05,2022-08-19,GBP,5500.77,1100.15,6600.92,6600.92,CC200,paid
SI-2022-00373,SALES,C2035,,05/08/2022,2022-09-04,GBP,15754.16,3150.83,18904.99,18904.99,CC200,PAID 
SI-2022-00374,SALES,C2052,,12-Aug-2022,2022-09-11,EUR,7257.5,0.0,7257.5,5839.46,CC220,PAID
PI-2022-00236,PURCHASE,,S3010,2022-08-12,2022-09-11,GBP,1356.39,271.28,1627.67,1627.67,CC600,Paid
PI-2022-00237,PURCHASE,,S3019,25/08/2022,2022-09-24,EUR,12476.99,0.0,12476.99,9832.12,CC400,paid
PI-2022-00238,PURCHASE,,S3015,01-Aug-2022,2022-08-31,EUR,262.13,0.0,262.13,215.16,CC500,PAID 
PI-2022-00239,PURCHASE,,S3043,2022-08-26,2022-09-09,EUR,5411.01,0.0,5411.01,4278.11,CC400,PAID
PI-2022-00240,PURCHASE,,S3030,23/08/2022,2022-09-22,GBP,2380.75,476.15,2856.9,2856.9,CC100,Paid
PI-2022-00241,PURCHASE,,S3029,26-Aug-2022,2022-09-25,EUR,896.17,0.0,896.17,708.54,CC100,paid
PI-2022-00242,PURCHASE,,S3012,2022-08-08,2022-09-07,GBP,10982.15,2196.43,13178.58,13178.58,CC400,PAID 
PI-2022-00243,PURCHASE,,S3011,23/08/2022,2022-10-22,EUR,4421.72,0.0,4421.72,3493.04,CC400,PAID
PI-2022-00244,PURCHASE,,S3000,26-Aug-2022,2022-09-25,GBP,2355.4,471.08,2826.48,2826.48,CC600,Paid
PI-2022-00245,PURCHASE,,S3011,2022-08-09,2022-10-08,EUR,642.26,0.0,642.26,517.95,CC300,paid
PI-2022-00246,PURCHASE,,S3029,29/08/2022,2022-09-28,EUR,4186.6,0.0,4186.6,3343.11,CC300,PAID 
PI-2022-00247,PURCHASE,,S3024,03-Aug-2022,2022-09-17,EUR,6317.9,0.0,6317.9,5166.66,CC600,PAID
PI-2022-00248,PURCHASE,,S3041,2022-08-04,2022-09-03,GBP,893.68,178.74,1072.42,1072.42,CC600,Paid
PI-2022-00249,PURCHASE,,S3029,12/08/2022,2022-09-11,EUR,13023.14,0.0,13023.14,10478.56,CC300,paid
PI-2022-00250,PURCHASE,,S3019,03-Aug-2022,2022-09-02,EUR,24330.35,0.0,24330.35,19896.92,CC300,PAID 
PI-2022-00251,PURCHASE,,S3036,2022-08-17,2022-10-16,GBP,4308.74,861.75,5170.49,5170.49,CC400,PAID
PI-2022-00252,PURCHASE,,S3033,01/08/2022,2022-09-30,GBP,2724.72,544.94,3269.66,3269.66,CC220,Paid
PI-2022-00253,PURCHASE,,S3018,26-Aug-2022,2022-09-25,USD,6556.34,0.0,6556.34,4995.49,CC600,paid
PI-2022-00254,PURCHASE,,S3037,2022-08-09,2022-09-08,USD,1051.38,0.0,1051.38,810.52,CC300,PAID 
PI-2022-00255,PURCHASE,,S3006,29/08/2022,2022-09-28,EUR,3657.31,0.0,3657.31,2920.46,CC600,PAID
PI-2022-00256,PURCHASE,,S3030,19-Aug-2022,2022-09-18,GBP,3793.82,758.76,4552.58,4552.58,CC400,Paid
PI-2022-00257,PURCHASE,,S3017,2022-08-11,2022-09-25,GBP,1165.23,233.05,1398.28,1398.28,CC200,paid
PI-2022-00258,PURCHASE,,S3041,26/08/2022,2022-09-25,GBP,1328.41,265.68,1594.09,1594.09,CC400,PAID 
PI-2022-00259,PURCHASE,,S3038,19-Aug-2022,2022-09-18,GBP,1681.65,336.33,2017.98,2017.98,CC200,PAID
PI-2022-00260,PURCHASE,,S3022,2022-08-01,2022-09-30,EUR,3928.55,0.0,3928.55,3224.62,CC400,Paid
PI-2022-00261,PURCHASE,,S3032,05/08/2022,2022-08-19,EUR,1233.16,0.0,1233.16,1003.9,CC100,paid
PI-2022-00262,PURCHASE,,S3043,17-Aug-2022,2022-08-31,EUR,469.67,0.0,469.67,375.95,CC600,PAID 
PI-2022-00263,PURCHASE,,S3032,2022-08-17,2022-08-31,EUR,1168.75,0.0,1168.75,935.53,CC100,PAID
PI-2022-00264,PURCHASE,,S3010,26/08/2022,2022-09-25,GBP,13242.4,2648.48,15890.88,15890.88,CC300,Paid
PI-2022-00265,PURCHASE,,S3005,19-Aug-2022,2022-10-03,GBP,10307.33,2061.47,12368.8,12368.8,CC300,paid
PI-2022-00266,PURCHASE,,S3013,2022-08-26,2022-09-09,GBP,1007.38,201.48,1208.86,1208.86,CC220,PAID 
PI-2022-00267,PURCHASE,,S3005,15/08/2022,2022-09-29,GBP,2013.1,402.62,2415.72,2415.72,CC100,PAID
PI-2022-00268,PURCHASE,,S3004,17-Aug-2022,2022-09-16,GBP,2034.41,406.88,2441.29,2441.29,CC200,Paid
PI-2022-00269,PURCHASE,,S3019,2022-08-03,2022-09-02,EUR,3233.4,0.0,3233.4,2644.22,CC100,paid
PI-2022-00270,PURCHASE,,S3006,25/08/2022,2022-09-24,EUR,1217.05,0.0,1217.05,959.06,CC400,PAID 
SI-2022-00375,SALES,C2051,,06-Sep-2022,2022-10-21,USD,18126.39,0.0,18126.39,13715.37,CC220,PAID
SI-2022-00376,SALES,C2056,,2022-09-14,2022-12-13,GBP,5886.1,1177.22,7063.32,7063.32,CC210,Paid
SI-2022-00377,SALES,C2016,,14/09/2022,2022-10-14,GBP,8361.65,1672.33,10033.98,10033.98,CC200,paid
SI-2022-00378,SALES,C2031,,26-Sep-2022,2022-11-25,GBP,6591.58,1318.32,7909.9,7909.9,CC210,PAID 
SI-2022-00379,SALES,C2045,,2022-09-16,2022-10-31,GBP,5358.41,1071.68,6430.09,6430.09,CC200,PAID
SI-2022-00380,SALES,C2052,,09/09/2022,2022-10-09,EUR,2741.59,0.0,2741.59,2208.64,CC220,Paid
SI-2022-00381,SALES,C2013,,02-Sep-2022,2022-10-17,GBP,7632.69,1526.54,9159.23,9159.23,CC200,paid
SI-2022-00382,SALES,C2049,,2022-09-06,2022-09-20,GBP,4846.17,969.23,5815.4,5815.4,CC200,PAID 
SI-2022-00383,SALES,C2031,,19/09/2022,2022-11-18,GBP,3231.94,646.39,3878.33,3878.33,CC210,PAID
SI-2022-00384,SALES,C2019,,09-Sep-2022,2022-12-08,EUR,25789.68,0.0,25789.68,20776.27,CC220,Paid
SI-2022-00385,SALES,C2059,,2022-09-05,2022-10-05,EUR,2120.92,0.0,2120.92,1693.98,CC220,paid
SI-2022-00386,SALES,C2009,,23/09/2022,2022-12-22,GBP,1178.0,235.6,1413.6,1413.6,CC200,PAID 
SI-2022-00387,SALES,C2046,,02-Sep-2022,2022-11-01,GBP,12126.91,2425.38,14552.29,14552.29,CC200,PAID
SI-2022-00388,SALES,C2038,,2022-09-08,2022-10-08,GBP,3403.01,680.6,4083.61,4083.61,CC200,Paid
SI-2022-00389,SALES,C2019,,29/09/2022,2022-12-28,EUR,2485.51,0.0,2485.51,2039.93,CC220,paid
SI-2022-00390,SALES,C2003,,23-Sep-2022,2022-11-07,EUR,5255.56,0.0,5255.56,4222.92,CC220,PAID 
SI-2022-00391,SALES,C2028,,2022-09-09,2022-09-23,GBP,3423.23,684.65,4107.88,4107.88,CC200,PAID
SI-2022-00392,SALES,C2040,,22/09/2022,2022-10-22,GBP,12823.2,2564.64,15387.84,15387.84,CC200,Paid
SI-2022-00393,SALES,C2027,,26-Sep-2022,2022-10-10,EUR,10176.92,0.0,10176.92,8257.79,CC220,paid
SI-2022-00394,SALES,C2011,,2022-09-23,2022-10-07,GBP,6854.11,1370.82,8224.93,8224.93,CC200,PAID 
SI-2022-00395,SALES,C2028,,22/09/2022,2022-10-06,GBP,14353.76,2870.75,17224.51,17224.51,CC200,PAID
SI-2022-00396,SALES,C2045,,16-Sep-2022,2022-10-31,GBP,4449.32,889.86,5339.18,5339.18,CC200,Paid
SI-2022-00397,SALES,C2015,,2022-09-29,2022-11-28,GBP,7104.84,1420.97,8525.81,8525.81,CC210,paid
SI-2022-00398,SALES,C2056,,02/09/2022,2022-12-01,GBP,13472.12,2694.42,16166.54,16166.54,CC210,PAID 
SI-2022-00399,SALES,C2016,,15-Sep-2022,2022-10-15,GBP,13106.82,2621.36,15728.18,15728.18,CC200,PAID
SI-2022-00400,SALES,C2001,,2022-09-13,2022-10-13,USD,3699.0,0.0,3699.0,2789.65,CC220,Paid
SI-2022-00401,SALES,C2008,,29/09/2022,2022-11-28,EUR,2624.49,0.0,2624.49,2153.99,CC220,paid
SI-2022-00402,SALES,C2043,,06-Sep-2022,2022-10-06,EUR,2449.61,0.0,2449.61,1956.45,CC220,PAID 
SI-2022-00403,SALES,C2039,,2022-09-16,2022-09-30,EUR,8257.4,0.0,8257.4,6657.12,CC220,PAID
SI-2022-00404,SALES,C2010,,28/09/2022,2022-10-28,GBP,15141.57,3028.31,18169.88,18169.88,CC200,Paid
SI-2022-00405,SALES,C2002,,16-Sep-2022,2022-11-15,EUR,14639.12,0.0,14639.12,11802.06,CC220,paid
SI-2022-00406,SALES,C2049,,2022-09-23,2022-10-07,GBP,4092.69,818.54,4911.23,4911.23,CC200,PAID 
SI-2022-00407,SALES,C2048,,02/09/2022,2022-09-16,GBP,14856.62,2971.32,17827.94,17827.94,CC200,PAID
SI-2022-00408,SALES,C2021,,16-Sep-2022,2022-12-15,GBP,21394.15,4278.83,25672.98,25672.98,CC210,Paid
SI-2022-00409,SALES,C2023,,2022-09-22,2022-10-22,GBP,18717.02,3743.4,22460.42,22460.42,CC200,paid
SI-2022-00410,SALES,C2047,,21/09/2022,2022-10-05,GBP,5392.32,1078.46,6470.78,6470.78,CC200,PAID 
SI-2022-00411,SALES,C2049,,20-Sep-2022,2022-10-04,GBP,4595.59,919.12,5514.71,5514.71,CC200,PAID
SI-2022-00412,SALES,C2017,,2022-09-02,2022-10-17,EUR,25362.68,0.0,25362.68,20171.8,CC220,Paid
SI-2022-00413,SALES,C2052,,23/09/2022,2022-10-23,EUR,11093.15,0.0,11093.15,8913.51,CC220,paid
SI-2022-00414,SALES,C2035,,02-Sep-2022,2022-10-02,GBP,3957.39,791.48,4748.87,4748.87,CC200,PAID 
SI-2022-00415,SALES,C2005,,2022-09-22,2022-10-22,EUR,1548.4,0.0,1548.4,1243.62,CC220,PAID
SI-2022-00416,SALES,C2051,,16/09/2022,2022-10-31,USD,7138.48,0.0,7138.48,5379.12,CC220,Paid
SI-2022-00417,SALES,C2030,,09-Sep-2022,2022-10-09,GBP,26763.75,5352.75,32116.5,32116.5,CC200,paid
SI-2022-00418,SALES,C2012,,2022-09-16,2022-11-15,EUR,9242.86,0.0,9242.86,7451.59,CC220,PAID 
SI-2022-00419,SALES,C2058,,13/09/2022,2022-12-12,EUR,2536.13,0.0,2536.13,2054.36,CC220,PAID
SI-2022-00420,SALES,C2009,,01-Sep-2022,2022-11-30,GBP,2760.85,552.17,3313.02,3313.02,CC200,Paid
SI-2022-00421,SALES,C2006,,2022-09-12,2022-10-12,GBP,8326.8,1665.36,9992.16,9992.16,CC200,paid
SI-2022-00422,SALES,C2011,,22/09/2022,2022-10-06,GBP,2290.72,458.14,2748.86,2748.86,CC200,PAID 
SI-2022-00423,SALES,C2013,,29-Sep-2022,2022-11-13,GBP,40505.88,8101.18,48607.06,48607.06,CC200,PAID
SI-2022-00424,SALES,C2008,,2022-09-08,2022-11-07,EUR,12476.04,0.0,12476.04,10049.1,CC220,Paid
SI-2022-00425,SALES,C2031,,05/09/2022,2022-11-04,GBP,5587.95,1117.59,6705.54,6705.54,CC210,paid
SI-2022-00426,SALES,C2042,,23-Sep-2022,2022-11-22,GBP,8258.29,1651.66,9909.95,9909.95,CC210,PAID 
SI-2022-00427,SALES,C2002,,2022-09-26,2022-11-25,EUR,12699.95,0.0,12699.95,10305.03,CC220,PAID
PI-2022-00271,PURCHASE,,S3012,28/09/2022,2022-10-28,GBP,810.13,162.03,972.16,972.16,CC500,Paid
PI-2022-00272,PURCHASE,,S3000,29-Sep-2022,2022-10-29,GBP,3737.38,747.48,4484.86,4484.86,CC300,paid
PI-2022-00273,PURCHASE,,S3044,2022-09-15,2022-11-14,EUR,3084.48,0.0,3084.48,2489.73,CC220,PAID 
PI-2022-00274,PURCHASE,,S3023,26/09/2022,2022-10-26,USD,1650.64,0.0,1650.64,1239.45,CC100,PAID
PI-2022-00275,PURCHASE,,S3033,12-Sep-2022,2022-11-11,GBP,4390.94,878.19,5269.13,5269.13,CC400,Paid
PI-2022-00276,PURCHASE,,S3041,2022-09-05,2022-10-05,GBP,631.44,126.29,757.73,757.73,CC400,paid
PI-2022-00277,PURCHASE,,S3013,23/09/2022,2022-10-07,GBP,8717.79,1743.56,10461.35,10461.35,CC400,PAID 
PI-2022-00278,PURCHASE,,S3017,09-Sep-2022,2022-10-24,GBP,1267.38,253.48,1520.86,1520.86,CC200,PAID
PI-2022-00279,PURCHASE,,S3033,2022-09-02,2022-11-01,GBP,1457.48,291.5,1748.98,1748.98,CC100,Paid
PI-2022-00280,PURCHASE,,S3023,23/09/2022,2022-10-23,USD,2307.37,0.0,2307.37,1744.45,CC220,paid
PI-2022-00281,PURCHASE,,S3009,16-Sep-2022,2022-10-16,GBP,3071.08,614.22,3685.3,3685.3,CC400,PAID 
PI-2022-00282,PURCHASE,,S3002,2022-09-09,2022-11-08,EUR,388.28,0.0,388.28,312.8,CC100,PAID
PI-2022-00283,PURCHASE,,S3005,22/09/2022,2022-11-06,GBP,2244.57,448.91,2693.48,2693.48,CC500,Paid
PI-2022-00284,PURCHASE,,S3042,21-Sep-2022,2022-10-21,GBP,991.4,198.28,1189.68,1189.68,CC600,paid
PI-2022-00285,PURCHASE,,S3000,2022-09-23,2022-10-23,GBP,1777.1,355.42,2132.52,2132.52,CC400,PAID 
PI-2022-00286,PURCHASE,,S3022,16/09/2022,2022-11-15,EUR,2811.13,0.0,2811.13,2266.33,CC220,PAID
PI-2022-00287,PURCHASE,,S3043,09-Sep-2022,2022-09-23,EUR,20082.51,0.0,20082.51,16178.55,CC400,Paid
PI-2022-00288,PURCHASE,,S3002,2022-09-14,2022-11-13,EUR,12675.1,0.0,12675.1,10249.92,CC300,paid
PI-2022-00289,PURCHASE,,S3008,16/09/2022,2022-11-15,GBP,982.65,196.53,1179.18,1179.18,CC300,PAID 
PI-2022-00290,PURCHASE,,S3006,07-Sep-2022,2022-10-07,EUR,1450.25,0.0,1450.25,1164.22,CC100,PAID
PI-2022-00291,PURCHASE,,S3004,2022-09-09,2022-10-09,GBP,50195.58,10039.12,60234.7,60234.7,CC300,Paid
PI-2022-00292,PURCHASE,,S3024,01/09/2022,2022-10-16,EUR,3483.13,0.0,3483.13,2779.68,CC220,paid
PI-2022-00293,PURCHASE,,S3026,05-Sep-2022,2022-10-05,GBP,7100.65,1420.13,8520.78,8520.78,CC300,PAID 
PI-2022-00294,PURCHASE,,S3016,2022-09-02,2022-09-16,EUR,9502.88,0.0,9502.88,7557.96,CC300,PAID
PI-2022-00295,PURCHASE,,S3001,12/09/2022,2022-10-12,GBP,1455.65,291.13,1746.78,1746.78,CC400,Paid
PI-2022-00296,PURCHASE,,S3000,16-Sep-2022,2022-10-16,GBP,310.62,62.12,372.74,372.74,CC300,paid
PI-2022-00297,PURCHASE,,S3040,2022-09-21,2022-10-05,EUR,860.92,0.0,860.92,689.29,CC400,PAID 
PI-2022-00298,PURCHASE,,S3009,23/09/2022,2022-10-23,GBP,5527.43,1105.49,6632.92,6632.92,CC500,PAID
PI-2022-00299,PURCHASE,,S3012,23-Sep-2022,2022-10-23,GBP,17110.63,3422.13,20532.76,20532.76,CC300,Paid
PI-2022-00300,PURCHASE,,S3005,2022-09-02,2022-10-17,GBP,559.74,111.95,671.69,671.69,CC100,paid
PI-2022-00301,PURCHASE,,S3002,16/09/2022,2022-11-15,EUR,412.02,0.0,412.02,332.17,CC100,PAID 
PI-2022-00302,PURCHASE,,S3023,15-Sep-2022,2022-10-15,USD,2356.97,0.0,2356.97,1779.1,CC100,PAID
PI-2022-00303,PURCHASE,,S3020,2022-09-02,2022-10-02,USD,5410.74,0.0,5410.74,4083.47,CC400,Paid
PI-2022-00304,PURCHASE,,S3006,01/09/2022,2022-10-01,EUR,4710.32,0.0,4710.32,3759.02,CC300,paid
SI-2022-00428,SALES,C2008,,06-Oct-2022,2022-12-05,EUR,12878.72,0.0,12878.72,10676.29,CC220,PAID 
SI-2022-00429,SALES,C2057,,2022-10-07,2023-01-05,USD,39099.41,0.0,39099.41,29555.6,CC220,PAID
SI-2022-00430,SALES,C2003,,24/10/2022,2022-12-08,EUR,2341.62,0.0,2341.62,1955.85,CC220,Paid
SI-2022-00431,SALES,C2042,,11-Oct-2022,2022-12-10,GBP,11066.16,2213.23,13279.39,13279.39,CC210,paid
SI-2022-00432,SALES,C2004,,2022-10-13,2022-11-27,GBP,11838.48,2367.7,14206.18,14206.18,CC210,PAID 
SI-2022-00433,SALES,C2027,,21/10/2022,2022-11-04,EUR,1247.55,0.0,1247.55,1036.36,CC220,PAID
SI-2022-00434,SALES,C2051,,28-Oct-2022,2022-12-12,USD,15377.71,0.0,15377.71,11869.89,CC220,Paid
SI-2022-00435,SALES,C2023,,2022-10-10,2022-11-09,GBP,5133.2,1026.64,6159.84,6159.84,CC200,paid
SI-2022-00436,SALES,C2055,,28/10/2022,2023-01-26,GBP,5385.61,1077.12,6462.73,6462.73,CC200,PAID 
SI-2022-00437,SALES,C2004,,03-Oct-2022,2022-11-17,GBP,5279.02,1055.8,6334.82,6334.82,CC210,PAID
SI-2022-00438,SALES,C2057,,2022-10-28,2023-01-26,USD,6069.74,0.0,6069.74,4685.17,CC220,Paid
SI-2022-00439,SALES,C2054,,21/10/2022,2022-11-20,GBP,16109.61,3221.92,19331.53,19331.53,CC210,paid
SI-2022-00440,SALES,C2028,,10-Oct-2022,2022-10-24,GBP,4748.59,949.72,5698.31,5698.31,CC200,PAID 
SI-2022-00441,SALES,C2023,,2022-10-03,2022-11-02,GBP,9560.11,1912.02,11472.13,11472.13,CC200,PAID
SI-2022-00442,SALES,C2040,,28/10/2022,2022-11-27,GBP,3256.77,651.35,3908.12,3908.12,CC200,Paid
SI-2022-00443,SALES,C2038,,14-Oct-2022,2022-11-13,GBP,2006.67,401.33,2408.0,2408.0,CC200,paid
SI-2022-00444,SALES,C2054,,2022-10-13,2022-11-12,GBP,5869.08,1173.82,7042.9,7042.9,CC210,PAID 
SI-2022-00445,SALES,C2021,,30/09/2022,2022-12-29,GBP,20952.36,4190.47,25142.83,25142.83,CC210,PAID
SI-2022-00446,SALES,C2054,,05-Oct-2022,2022-11-04,GBP,32594.39,6518.88,39113.27,39113.27,CC210,Paid
SI-2022-00447,SALES,C2015,,2022-10-20,2022-12-19,GBP,5491.63,1098.33,6589.96,6589.96,CC210,paid
SI-2022-00448,SALES,C2039,,05/10/2022,2022-10-19,EUR,8601.51,0.0,8601.51,7117.37,CC220,PAID 
SI-2022-00449,SALES,C2003,,03-Oct-2022,2022-11-17,EUR,3334.88,0.0,3334.88,2763.73,CC220,PAID
SI-2022-00450,SALES,C2051,,2022-10-14,2022-11-28,USD,12466.04,0.0,12466.04,9386.22,CC220,Paid
SI-2022-00451,SALES,C2007,,28/10/2022,2022-11-27,GBP,3659.83,731.97,4391.8,4391.8,CC200,paid
SI-2022-00452,SALES,C2042,,30-Sep-2022,2022-11-29,GBP,6643.66,1328.73,7972.39,7972.39,CC210,PAID 
SI-2022-00453,SALES,C2004,,2022-10-28,2022-12-12,GBP,10291.71,2058.34,12350.05,12350.05,CC210,PAID
SI-2022-00454,SALES,C2047,,30/09/2022,2022-10-14,GBP,12395.65,2479.13,14874.78,14874.78,CC200,Paid
SI-2022-00455,SALES,C2045,,03-Oct-2022,2022-11-17,GBP,21435.79,4287.16,25722.95,25722.95,CC200,paid
SI-2022-00456,SALES,C2036,,2022-10-27,2022-11-26,GBP,3282.38,656.48,3938.86,3938.86,CC200,PAID 
SI-2022-00457,SALES,C2030,,12/10/2022,2022-11-11,GBP,19176.43,3835.29,23011.72,23011.72,CC200,PAID
SI-2022-00458,SALES,C2044,,18-Oct-2022,2022-12-17,GBP,9936.49,1987.3,11923.79,11923.79,CC200,Paid
SI-2022-00459,SALES,C2011,,2022-10-13,2022-10-27,GBP,28157.24,5631.45,33788.69,33788.69,CC200,paid
SI-2022-00460,SALES,C2056,,07/10/2022,2023-01-05,GBP,2443.85,488.77,2932.62,2932.62,CC210,PAID 
SI-2022-00461,SALES,C2054,,12-Oct-2022,2022-11-11,GBP,9154.58,1830.92,10985.5,10985.5,CC210,PAID
SI-2022-00462,SALES,C2038,,2022-10-20,2022-11-19,GBP,4541.95,908.39,5450.34,5450.34,CC200,Paid
SI-2022-00463,SALES,C2016,,31/10/2022,2022-11-30,GBP,11029.56,2205.91,13235.47,13235.47,CC200,paid
SI-2022-00464,SALES,C2023,,30-Sep-2022,2022-10-30,GBP,18000.77,3600.15,21600.92,21600.92,CC200,PAID 
SI-2022-00465,SALES,C2052,,2022-10-21,2022-11-20,EUR,8453.43,0.0,8453.43,7022.42,CC220,PAID
SI-2022-00466,SALES,C2053,,24/10/2022,2022-11-23,GBP,20955.1,4191.02,25146.12,25146.12,CC200,Paid
SI-2022-00467,SALES,C2030,,07-Oct-2022,2022-11-06,GBP,23461.03,4692.21,28153.24,28153.24,CC200,paid
SI-2022-00468,SALES,C2027,,2022-10-31,2022-11-14,EUR,3967.01,0.0,3967.01,3329.08,CC220,PAID 
SI-2022-00469,SALES,C2004,,14/10/2022,2022-11-28,GBP,14238.48,2847.7,17086.18,17086.18,CC210,PAID
SI-2022-00470,SALES,C2057,,26-Oct-2022,2023-01-24,USD,9626.79,0.0,9626.79,7445.17,CC220,Paid
SI-2022-00471,SALES,C2046,,2022-10-14,2022-12-13,GBP,36638.82,7327.76,43966.58,43966.58,CC200,paid
SI-2022-00472,SALES,C2003,,19/10/2022,2022-12-03,EUR,6271.08,0.0,6271.08,5236.23,CC220,PAID 
SI-2022-00473,SALES,C2051,,30-Sep-2022,2022-11-14,USD,28358.65,0.0,28358.65,21284.39,CC220,PAID
SI-2022-00474,SALES,C2047,,2022-10-12,2022-10-26,GBP,27495.71,5499.14,32994.85,32994.85,CC200,Paid
SI-2022-00475,SALES,C2022,,25/10/2022,2022-11-24,GBP,2134.09,426.82,2560.91,2560.91,CC210,paid
SI-2022-00476,SALES,C2049,,11-Oct-2022,2022-10-25,GBP,5298.62,1059.72,6358.34,6358.34,CC200,PAID 
SI-2022-00477,SALES,C2006,,2022-10-05,2022-11-04,GBP,4276.92,855.38,5132.3,5132.3,CC200,PAID
SI-2022-00478,SALES,C2000,,19/10/2022,2022-12-03,GBP,14332.6,2866.52,17199.12,17199.12,CC200,Paid
SI-2022-00479,SALES,C2024,,05-Oct-2022,2022-11-04,GBP,11951.91,2390.38,14342.29,14342.29,CC210,paid
SI-2022-00480,SALES,C2001,,2022-10-28,2022-11-27,USD,23048.42,0.0,23048.42,17790.82,CC220,PAID 
SI-2022-00481,SALES,C2039,,27/10/2022,2022-11-10,EUR,4335.76,0.0,4335.76,3614.79,CC220,PAID
SI-2022-00482,SALES,C2027,,24-Oct-2022,2022-11-07,EUR,4427.89,0.0,4427.89,3698.41,CC220,Paid
PI-2022-00305,PURCHASE,,S3003,2022-10-28,2022-11-27,EUR,13296.39,0.0,13296.39,11081.7,CC300,paid
PI-2022-00306,PURCHASE,,S3012,11/10/2022,2022-11-10,GBP,5303.33,1060.67,6364.0,6364.0,CC400,PAID 
PI-2022-00307,PURCHASE,,S3018,06-Oct-2022,2022-11-05,USD,3127.84,0.0,3127.84,2350.09,CC500,PAID
PI-2022-00308,PURCHASE,,S3033,2022-10-28,2022-12-27,GBP,612.3,122.46,734.76,734.76,CC500,Paid
PI-2022-00309,PURCHASE,,S3031,27/10/2022,2022-12-26,GBP,761.75,152.35,914.1,914.1,CC300,paid
PI-2022-00310,PURCHASE,,S3041,30-Sep-2022,2022-10-30,GBP,8702.96,1740.59,10443.55,10443.55,CC300,PAID 
PI-2022-00311,PURCHASE,,S3025,2022-10-12,2022-11-11,EUR,7735.9,0.0,7735.9,6432.25,CC400,PAID
PI-2022-00312,PURCHASE,,S3024,06/10/2022,2022-11-20,EUR,1966.05,0.0,1966.05,1629.83,CC210,Paid
PI-2022-00313,PURCHASE,,S3034,27-Oct-2022,2022-11-26,GBP,3487.53,697.51,4185.04,4185.04,CC300,paid
PI-2022-00314,PURCHASE,,S3040,2022-10-05,2022-10-19,EUR,888.89,0.0,888.89,735.52,CC300,PAID 
PI-2022-00315,PURCHASE,,S3043,27/10/2022,2022-11-10,EUR,4000.12,0.0,4000.12,3334.96,CC400,PAID
PI-2022-00316,PURCHASE,,S3034,30-Sep-2022,2022-10-30,GBP,1542.83,308.57,1851.4,1851.4,CC500,Paid
PI-2022-00317,PURCHASE,,S3039,2022-10-14,2022-11-13,GBP,873.67,174.73,1048.4,1048.4,CC600,paid
PI-2022-00318,PURCHASE,,S3032,07/10/2022,2022-10-21,EUR,9219.48,0.0,9219.48,7656.3,CC400,PAID 
PI-2022-00319,PURCHASE,,S3037,30-Sep-2022,2022-10-30,USD,8036.96,0.0,8036.96,6032.08,CC400,PAID
PI-2022-00320,PURCHASE,,S3042,2022-10-13,2022-11-12,GBP,2379.49,475.9,2855.39,2855.39,CC100,Paid
PI-2022-00321,PURCHASE,,S3014,24/10/2022,2022-11-07,GBP,1240.69,248.14,1488.83,1488.83,CC100,paid
PI-2022-00322,PURCHASE,,S3000,26-Oct-2022,2022-11-25,GBP,3188.64,637.73,3826.37,3826.37,CC400,PAID 
PI-2022-00323,PURCHASE,,S3027,2022-10-26,2022-11-09,EUR,587.65,0.0,587.65,495.02,CC500,PAID
PI-2022-00324,PURCHASE,,S3024,11/10/2022,2022-11-25,EUR,153.61,0.0,153.61,127.6,CC400,Paid
PI-2022-00325,PURCHASE,,S3000,03-Oct-2022,2022-11-02,GBP,2481.47,496.29,2977.76,2977.76,CC300,paid
PI-2022-00326,PURCHASE,,S3002,2022-09-30,2022-11-29,EUR,1045.86,0.0,1045.86,861.5,CC100,PAID 
PI-2022-00327,PURCHASE,,S3035,07/10/2022,2022-10-21,EUR,1107.14,0.0,1107.14,919.42,CC600,PAID
PI-2022-00328,PURCHASE,,S3020,20-Oct-2022,2022-11-19,USD,790.39,0.0,790.39,606.31,CC500,Paid
PI-2022-00329,PURCHASE,,S3020,2022-10-28,2022-11-27,USD,11707.68,0.0,11707.68,9037.03,CC400,paid
PI-2022-00330,PURCHASE,,S3004,24/10/2022,2022-11-23,GBP,3682.98,736.6,4419.58,4419.58,CC400,PAID 
PI-2022-00331,PURCHASE,,S3033,21-Oct-2022,2022-12-20,GBP,12722.13,2544.43,15266.56,15266.56,CC300,PAID
PI-2022-00332,PURCHASE,,S3045,2022-10-21,2022-12-05,GBP,151.66,30.33,181.99,181.99,CC400,Paid
PI-2022-00333,PURCHASE,,S3039,24/10/2022,2022-11-23,GBP,5111.0,1022.2,6133.2,6133.2,CC300,paid
PI-2022-00334,PURCHASE,,S3015,04-Oct-2022,2022-11-03,EUR,1458.26,0.0,1458.26,1205.47,CC220,PAID 
PI-2022-00335,PURCHASE,,S3023,2022-10-25,2022-11-24,USD,1658.14,0.0,1658.14,1280.22,CC100,PAID
PI-2022-00336,PURCHASE,,S3038,18/10/2022,2022-11-17,GBP,796.73,159.35,956.08,956.08,CC200,Paid
SI-2022-00483,SALES,C2031,,18-Nov-2022,2023-01-17,GBP,137830.2,27566.04,165396.24,165396.24,CC210,paid
SI-2022-00484,SALES,C2022,,2022-11-23,2022-12-23,GBP,5018.58,1003.72,6022.3,6022.3,CC210,PAID 
SI-2022-00485,SALES,C2032,,25/11/2022,2022-12-25,GBP,2212.48,442.5,2654.98,2654.98,CC200,PAID
SI-2022-00486,SALES,C2060,,24-Nov-2022,2022-12-24,EUR,11240.36,0.0,11240.36,9388.61,CC220,Paid
SI-2022-00487,SALES,C2028,,2022-11-14,2022-11-28,GBP,1145.79,229.16,1374.95,1374.95,CC200,paid
SI-2022-00488,SALES,C2027,,04/11/2022,2022-11-18,EUR,9854.35,0.0,9854.35,8274.7,CC220,PAID 
SI-2022-00489,SALES,C2038,,14-Nov-2022,2022-12-14,GBP,2733.09,546.62,3279.71,3279.71,CC200,PAID
SI-2022-00490,SALES,C2015,,2022-11-18,2023-01-17,GBP,5972.18,1194.44,7166.62,7166.62,CC210,Paid
SI-2022-00491,SALES,C2000,,28/11/2022,2023-01-12,GBP,30761.09,6152.22,36913.31,36913.31,CC200,paid
SI-2022-00492,SALES,C2005,,01-Nov-2022,2022-12-01,EUR,8104.93,0.0,8104.93,6830.67,CC220,PAID 
SI-2022-00493,SALES,C2016,,2022-11-02,2022-12-02,GBP,14620.48,2924.1,17544.58,17544.58,CC200,PAID
SI-2022-00494,SALES,C2041,,04/11/2022,2022-12-04,GBP,8961.22,1792.24,10753.46,10753.46,CC210,Paid
SI-2022-00495,SALES,C2049,,25-Nov-2022,2022-12-09,GBP,19161.41,3832.28,22993.69,22993.69,CC200,paid
SI-2022-00496,SALES,C2045,,2022-11-04,2022-12-19,GBP,9006.07,1801.21,10807.28,10807.28,CC200,PAID 
SI-2022-00497,SALES,C2057,,18/11/2022,2023-02-16,USD,13215.46,0.0,13215.46,10444.1,CC220,PAID
SI-2022-00498,SALES,C2057,,11-Nov-2022,2023-02-09,USD,6960.06,0.0,6960.06,5477.92,CC220,Paid
SI-2022-00499,SALES,C2036,,2022-11-14,2022-12-14,GBP,5758.52,1151.7,6910.22,6910.22,CC200,paid
SI-2022-00500,SALES,C2025,,28/11/2022,2023-02-26,USD,10348.4,0.0,10348.4,8343.4,CC220,PAID 
SI-2022-00501,SALES,C2012,,30-Nov-2022,2023-01-29,EUR,5681.9,0.0,5681.9,4765.17,CC220,PAID
SI-2022-00502,SALES,C2032,,2022-11-15,2022-12-15,GBP,27408.96,5481.79,32890.75,32890.75,CC200,Paid
SI-2022-00503,SALES,C2022,,25/11/2022,2022-12-25,GBP,14371.64,2874.33,17245.97,17245.97,CC210,paid
SI-2022-00504,SALES,C2023,,18-Nov-2022,2022-12-18,GBP,4467.91,893.58,5361.49,5361.49,CC200,PAID 
SI-2022-00505,SALES,C2045,,2022-11-16,2022-12-31,GBP,6513.64,1302.73,7816.37,7816.37,CC200,PAID
SI-2022-00506,SALES,C2039,,15/11/2022,2022-11-29,EUR,7947.82,0.0,7947.82,6569.99,CC220,Paid
SI-2022-00507,SALES,C2031,,09-Nov-2022,2023-01-08,GBP,10212.7,2042.54,12255.24,12255.24,CC210,paid
SI-2022-00508,SALES,C2051,,2022-11-16,2022-12-31,USD,31511.16,0.0,31511.16,24667.69,CC220,PAID 
SI-2022-00509,SALES,C2024,,11/11/2022,2022-12-11,GBP,17050.21,3410.04,20460.25,20460.25,CC210,PAID
SI-2022-00510,SALES,C2015,,25-Nov-2022,2023-01-24,GBP,11902.41,2380.48,14282.89,14282.89,CC210,Paid
SI-2022-00511,SALES,C2040,,2022-11-18,2022-12-18,GBP,7822.95,1564.59,9387.54,9387.54,CC200,paid
SI-2022-00512,SALES,C2003,,04/11/2022,2022-12-19,EUR,10207.83,0.0,10207.83,8571.51,CC220,PAID 
SI-2022-00513,SALES,C2014,,21-Nov-2022,2023-01-20,EUR,5952.98,0.0,5952.98,4949.37,CC220,PAID
SI-2022-00514,SALES,C2002,,2022-11-18,2023-01-17,EUR,8829.61,0.0,8829.61,7331.08,CC220,Paid
SI-2022-00515,SALES,C2044,,18/11/2022,2023-01-17,GBP,7874.35,1574.87,9449.22,9449.22,CC200,paid
SI-2022-00516,SALES,C2016,,16-Nov-2022,2022-12-16,GBP,13680.55,2736.11,16416.66,16416.66,CC200,PAID 
SI-2022-00517,SALES,C2056,,2022-11-18,2023-02-16,GBP,24123.01,4824.6,28947.61,28947.61,CC210,PAID
SI-2022-00518,SALES,C2035,,18/11/2022,2022-12-18,GBP,8133.04,1626.61,9759.65,9759.65,CC200,Paid
SI-2022-00519,SALES,C2022,,11-Nov-2022,2022-12-11,GBP,13818.46,2763.69,16582.15,16582.15,CC210,paid
SI-2022-00520,SALES,C2047,,2022-11-10,2022-11-24,GBP,14922.88,2984.58,17907.46,17907.46,CC200,PAID 
SI-2022-00521,SALES,C2004,,18/11/2022,2023-01-02,GBP,11341.64,2268.33,13609.97,13609.97,CC210,PAID
SI-2022-00522,SALES,C2008,,18-Nov-2022,2023-01-17,EUR,12308.43,0.0,12308.43,10219.48,CC220,Paid
SI-2022-00523,SALES,C2030,,2022-11-04,2022-12-04,GBP,1300.19,260.04,1560.23,1560.23,CC200,paid
SI-2022-00524,SALES,C2048,,04/11/2022,2022-11-18,GBP,5867.52,1173.5,7041.02,7041.02,CC200,PAID 
SI-2022-00525,SALES,C2059,,03-Nov-2022,2022-12-03,EUR,44671.57,0.0,44671.57,37247.78,CC220,PAID
SI-2022-00526,SALES,C2007,,2022-11-04,2022-12-04,GBP,6854.49,1370.9,8225.39,8225.39,CC200,Paid
SI-2022-00527,SALES,C2036,,29/11/2022,2022-12-29,GBP,5284.19,1056.84,6341.03,6341.03,CC200,paid
SI-2022-00528,SALES,C2013,,18-Nov-2022,2023-01-02,GBP,6722.24,1344.45,8066.69,8066.69,CC200,PAID 
SI-2022-00529,SALES,C2032,,2022-11-28,2022-12-28,GBP,7884.42,1576.88,9461.3,9461.3,CC200,PAID
SI-2022-00530,SALES,C2058,,25/11/2022,2023-02-23,EUR,12367.64,0.0,12367.64,10325.59,CC220,Paid
SI-2022-00531,SALES,C2005,,10-Nov-2022,2022-12-10,EUR,2610.21,0.0,2610.21,2183.88,CC220,paid
SI-2022-00532,SALES,C2009,,2022-11-10,2023-02-08,GBP,5843.68,1168.74,7012.42,7012.42,CC200,PAID 
SI-2022-00533,SALES,C2044,,03/11/2022,2023-01-02,GBP,9643.66,1928.73,11572.39,11572.39,CC200,PAID
SI-2022-00534,SALES,C2012,,30-Nov-2022,2023-01-29,EUR,9326.48,0.0,9326.48,7821.72,CC220,Paid
SI-2022-00535,SALES,C2023,,2022-11-01,2022-12-01,GBP,2484.69,496.94,2981.63,2981.63,CC200,paid
SI-2022-00536,SALES,C2031,,16/11/2022,2023-01-15,GBP,3006.45,601.29,3607.74,3607.74,CC210,PAID 
SI-2022-00537,SALES,C2026,,22-Nov-2022,2022-12-22,GBP,33507.01,6701.4,40208.41,40208.41,CC210,PAID
SI-2022-00538,SALES,C2031,,2022-11-25,2023-01-24,GBP,33726.32,6745.26,40471.58,40471.58,CC210,Paid
SI-2022-00539,SALES,C2021,,11/11/2022,2023-02-09,GBP,21088.76,4217.75,25306.51,25306.51,CC210,paid
SI-2022-00540,SALES,C2043,,17-Nov-2022,2022-12-17,EUR,18369.49,0.0,18369.49,15231.03,CC220,PAID 
PI-2022-00337,PURCHASE,,S3038,2022-11-01,2022-12-01,GBP,277.99,55.6,333.59,333.59,CC100,PAID
PI-2022-00338,PURCHASE,,S3040,09/11/2022,2022-11-23,EUR,1412.18,0.0,1412.18,1182.38,CC400,Paid
PI-2022-00339,PURCHASE,,S3019,25-Nov-2022,2022-12-25,EUR,1216.67,0.0,1216.67,1015.78,CC100,paid
PI-2022-00340,PURCHASE,,S3034,2022-11-24,2022-12-24,GBP,517.56,103.51,621.07,621.07,CC300,PAID 
PI-2022-00341,PURCHASE,,S3001,28/11/2022,2022-12-28,GBP,558.59,111.72,670.31,670.31,CC400,PAID
PI-2022-00342,PURCHASE,,S3041,17-Nov-2022,2022-12-17,GBP,3690.87,738.17,4429.04,4429.04,CC220,Paid
PI-2022-00343,PURCHASE,,S3023,2022-11-03,2022-12-03,USD,4599.07,0.0,4599.07,3586.17,CC300,paid
PI-2022-00344,PURCHASE,,S3000,29/11/2022,2022-12-29,GBP,12087.37,2417.47,14504.84,14504.84,CC300,PAID 
PI-2022-00345,PURCHASE,,S3028,17-Nov-2022,2022-12-17,GBP,1886.85,377.37,2264.22,2264.22,CC400,PAID
PI-2022-00346,PURCHASE,,S3022,2022-11-08,2023-01-07,EUR,11175.52,0.0,11175.52,9355.23,CC400,Paid
PI-2022-00347,PURCHASE,,S3006,04/11/2022,2022-12-04,EUR,11152.59,0.0,11152.59,9364.83,CC400,paid
PI-2022-00348,PURCHASE,,S3029,21-Nov-2022,2022-12-21,EUR,1510.71,0.0,1510.71,1256.02,CC200,PAID 
PI-2022-00349,PURCHASE,,S3013,2022-11-18,2022-12-02,GBP,3660.44,732.09,4392.53,4392.53,CC220,PAID
PI-2022-00350,PURCHASE,,S3020,25/11/2022,2022-12-25,USD,35227.37,0.0,35227.37,28146.18,CC300,Paid
PI-2022-00351,PURCHASE,,S3018,25-Nov-2022,2022-12-25,USD,967.84,0.0,967.84,773.29,CC100,paid
PI-2022-00352,PURCHASE,,S3025,2022-11-08,2022-12-08,EUR,1744.09,0.0,1744.09,1460.01,CC220,PAID 
PI-2022-00353,PURCHASE,,S3002,18/11/2022,2023-01-17,EUR,781.1,0.0,781.1,648.53,CC100,PAID
PI-2022-00354,PURCHASE,,S3013,11-Nov-2022,2022-11-25,GBP,2041.09,408.22,2449.31,2449.31,CC100,Paid
PI-2022-00355,PURCHASE,,S3042,2022-11-04,2022-12-04,GBP,1822.3,364.46,2186.76,2186.76,CC300,paid
PI-2022-00356,PURCHASE,,S3009,18/11/2022,2022-12-18,GBP,763.5,152.7,916.2,916.2,CC400,PAID 
PI-2022-00357,PURCHASE,,S3001,18-Nov-2022,2022-12-18,GBP,1226.37,245.27,1471.64,1471.64,CC300,PAID
PI-2022-00358,PURCHASE,,S3019,2022-11-21,2022-12-21,EUR,380.81,0.0,380.81,316.61,CC200,Paid
PI-2022-00359,PURCHASE,,S3014,11/11/2022,2022-11-25,GBP,41183.0,8236.6,49419.6,49419.6,CC300,paid
PI-2022-00360,PURCHASE,,S3001,29-Nov-2022,2022-12-29,GBP,1352.24,270.45,1622.69,1622.69,CC100,PAID 
PI-2022-00361,PURCHASE,,S3007,2022-11-21,2022-12-21,EUR,739.24,0.0,739.24,614.61,CC400,PAID
PI-2022-00362,PURCHASE,,S3040,25/11/2022,2022-12-09,EUR,307.19,0.0,307.19,256.47,CC100,Paid
PI-2022-00363,PURCHASE,,S3008,25-Nov-2022,2023-01-24,GBP,1473.51,294.7,1768.21,1768.21,CC200,paid
PI-2022-00364,PURCHASE,,S3017,2022-11-11,2022-12-26,GBP,1098.17,219.63,1317.8,1317.8,CC400,PAID 
PI-2022-00365,PURCHASE,,S3038,11/11/2022,2022-12-11,GBP,1183.79,236.76,1420.55,1420.55,CC600,PAID
PI-2022-00366,PURCHASE,,S3008,08-Nov-2022,2023-01-07,GBP,18015.88,3603.18,21619.06,21619.06,CC300,Paid
PI-2022-00367,PURCHASE,,S3002,2022-11-04,2023-01-03,EUR,1061.92,0.0,1061.92,891.69,CC210,paid
PI-2022-00368,PURCHASE,,S3036,04/11/2022,2023-01-03,GBP,1135.85,227.17,1363.02,1363.02,CC600,PAID 
PI-2022-00369,PURCHASE,,S3040,25-Nov-2022,2022-12-09,EUR,5880.53,0.0,5880.53,4909.58,CC400,PAID
PI-2022-00370,PURCHASE,,S3021,2022-11-18,2023-01-02,GBP,5909.72,1181.94,7091.66,7091.66,CC300,Paid
PI-2022-00371,PURCHASE,,S3030,03/11/2022,2022-12-03,GBP,46971.25,9394.25,56365.5,56365.5,CC300,paid
PI-2022-00372,PURCHASE,,S3037,14-Nov-2022,2022-12-14,USD,1389.37,0.0,1389.37,1086.88,CC300,PAID 
PI-2022-00373,PURCHASE,,S3030,2022-11-18,2022-12-18,GBP,21246.68,4249.34,25496.02,25496.02,CC400,PAID
PI-2022-00374,PURCHASE,,S3008,11/11/2022,2023-01-10,GBP,741.67,148.33,890.0,890.0,CC600,Paid
SI-2022-00541,SALES,C2061,,08-Dec-2022,2023-01-07,GBP,42736.99,8547.4,51284.39,51284.39,CC210,paid
SI-2022-00542,SALES,C2051,,2022-12-22,2023-02-05,USD,13698.18,0.0,13698.18,10959.97,CC220,PAID 
SI-2022-00543,SALES,C2022,,23/12/2022,2023-01-22,GBP,3653.37,730.67,4384.04,4384.04,CC210,PAID
SI-2022-00544,SALES,C2051,,28-Dec-2022,2023-02-11,USD,6247.65,0.0,6247.65,4934.45,CC220,Paid
SI-2022-00545,SALES,C2011,,2022-12-14,2022-12-28,GBP,10151.6,2030.32,12181.92,12181.92,CC200,paid
SI-2022-00546,SALES,C2015,,23/12/2022,2023-02-21,GBP,10851.66,2170.33,13021.99,13021.99,CC210,PAID 
SI-2022-00547,SALES,C2012,,01-Dec-2022,2023-01-30,EUR,5297.02,0.0,5297.02,4444.49,CC220,PAID
SI-2022-00548,SALES,C2005,,2022-12-23,2023-01-22,EUR,11952.94,0.0,11952.94,9839.96,CC220,Paid
SI-2022-00549,SALES,C2016,,09/12/2022,2023-01-08,GBP,11489.24,2297.85,13787.09,13787.09,CC200,paid
SI-2022-00550,SALES,C2016,,01-Dec-2022,2022-12-31,GBP,8915.01,1783.0,10698.01,10698.01,CC200,PAID 
SI-2022-00551,SALES,C2006,,2022-12-02,2023-01-01,GBP,37751.2,7550.24,45301.44,45301.44,CC200,PAID
SI-2022-00552,SALES,C2006,,09/12/2022,2023-01-08,GBP,12885.6,2577.12,15462.72,15462.72,CC200,Paid
SI-2022-00553,SALES,C2007,,07-Dec-2022,2023-01-06,GBP,35994.99,7199.0,43193.99,43193.99,CC200,paid
SI-2022-00554,SALES,C2031,,2022-12-01,2023-01-30,GBP,4874.57,974.91,5849.48,5849.48,CC210,PAID 
SI-2022-00555,SALES,C2023,,07/12/2022,2023-01-06,GBP,5759.79,1151.96,6911.75,6911.75,CC200,PAID
SI-2022-00556,SALES,C2014,,26-Dec-2022,2023-02-24,EUR,2609.94,0.0,2609.94,2158.9,CC220,Paid
SI-2022-00557,SALES,C2059,,2022-12-05,2023-01-04,EUR,15992.33,0.0,15992.33,13377.54,CC220,paid
SI-2022-00558,SALES,C2053,,09/12/2022,2023-01-08,GBP,30065.28,6013.06,36078.34,36078.34,CC200,PAID 
SI-2022-00559,SALES,C2039,,02-Dec-2022,2022-12-16,EUR,9161.11,0.0,9161.11,7681.08,CC220,PAID
SI-2022-00560,SALES,C2021,,2022-12-26,2023-03-26,GBP,1285.5,257.1,1542.6,1542.6,CC210,Paid
SI-2022-00561,SALES,C2031,,23/12/2022,2023-02-21,GBP,6933.11,1386.62,8319.73,8319.73,CC210,paid
SI-2022-00562,SALES,C2007,,01-Dec-2022,2022-12-31,GBP,45037.15,9007.43,54044.58,54044.58,CC200,PAID 
SI-2022-00563,SALES,C2015,,2022-12-30,2023-02-28,GBP,3219.37,643.87,3863.24,3863.24,CC210,PAID
SI-2022-00564,SALES,C2025,,09/12/2022,2023-03-09,USD,6639.03,0.0,6639.03,5328.75,CC220,Paid
SI-2022-00565,SALES,C2009,,28-Dec-2022,2023-03-28,GBP,6090.51,1218.1,7308.61,7308.61,CC200,paid
SI-2022-00566,SALES,C2049,,2022-12-01,2022-12-15,GBP,6380.53,1276.11,7656.64,7656.64,CC200,PAID 
SI-2022-00567,SALES,C2061,,13/12/2022,2023-01-12,GBP,9703.66,1940.73,11644.39,11644.39,CC210,PAID
SI-2022-00568,SALES,C2051,,16-Dec-2022,2023-01-30,USD,2322.83,0.0,2322.83,1884.39,CC220,Paid
SI-2022-00569,SALES,C2035,,2022-12-14,2023-01-13,GBP,2154.04,430.81,2584.85,2584.85,CC200,paid
SI-2022-00570,SALES,C2035,,15/12/2022,2023-01-14,GBP,5877.06,1175.41,7052.47,7052.47,CC200,PAID 
SI-2022-00571,SALES,C2011,,16-Dec-2022,2022-12-30,GBP,19535.32,3907.06,23442.38,23442.38,CC200,PAID
SI-2022-00572,SALES,C2025,,2022-12-29,2023-03-29,USD,31407.31,0.0,31407.31,24752.95,CC220,Paid
SI-2022-00573,SALES,C2019,,07/12/2022,2023-03-07,EUR,24446.69,0.0,24446.69,20513.32,CC220,paid
SI-2022-00574,SALES,C2011,,16-Dec-2022,2022-12-30,GBP,4369.16,873.83,5242.99,5242.99,CC200,PAID 
SI-2022-00575,SALES,C2013,,2022-12-23,2023-02-06,GBP,24135.72,4827.14,28962.86,28962.86,CC200,PAID
SI-2022-00576,SALES,C2049,,06/12/2022,2022-12-20,GBP,9427.81,1885.56,11313.37,11313.37,CC200,Paid
SI-2022-00577,SALES,C2011,,09-Dec-2022,2022-12-23,GBP,6755.36,1351.07,8106.43,8106.43,CC200,paid
SI-2022-00578,SALES,C2047,,2022-12-23,2023-01-06,GBP,7871.95,1574.39,9446.34,9446.34,CC200,PAID 
SI-2022-00579,SALES,C2046,,09/12/2022,2023-02-07,GBP,4808.61,961.72,5770.33,5770.33,CC200,PAID
SI-2022-00580,SALES,C2026,,06-Dec-2022,2023-01-05,GBP,17322.78,3464.56,20787.34,20787.34,CC210,Paid
SI-2022-00581,SALES,C2040,,2022-12-09,2023-01-08,GBP,8270.86,1654.17,9925.03,9925.03,CC200,paid
SI-2022-00582,SALES,C2034,,30/12/2022,2023-01-13,EUR,11700.49,0.0,11700.49,9720.14,CC220,PAID 
SI-2022-00583,SALES,C2027,,05-Dec-2022,2022-12-19,EUR,8738.35,0.0,8738.35,7309.6,CC220,PAID
SI-2022-00584,SALES,C2048,,2022-12-12,2022-12-26,GBP,2009.85,401.97,2411.82,2411.82,CC200,Paid
SI-2022-00585,SALES,C2046,,29/12/2022,2023-02-27,GBP,6600.21,1320.04,7920.25,7920.25,CC200,paid
SI-2022-00586,SALES,C2036,,28-Dec-2022,2023-01-27,GBP,10778.32,2155.66,12933.98,12933.98,CC200,PAID 
SI-2022-00587,SALES,C2052,,2022-12-23,2023-01-22,EUR,3342.82,0.0,3342.82,2751.89,CC220,PAID
SI-2022-00588,SALES,C2009,,05/12/2022,2023-03-05,GBP,14818.18,2963.64,17781.82,17781.82,CC200,Paid
SI-2022-00589,SALES,C2026,,20-Dec-2022,2023-01-19,GBP,3663.5,732.7,4396.2,4396.2,CC210,paid
SI-2022-00590,SALES,C2015,,2022-12-15,2023-02-13,GBP,19100.54,3820.11,22920.65,22920.65,CC210,PAID 
SI-2022-00591,SALES,C2004,,28/12/2022,2023-02-11,GBP,10922.23,2184.45,13106.68,13106.68,CC210,PAID
SI-2022-00592,SALES,C2041,,13-Dec-2022,2023-01-12,GBP,3536.19,707.24,4243.43,4243.43,CC210,Paid
PI-2022-00375,PURCHASE,,S3038,2022-12-21,2023-01-20,GBP,3819.83,763.97,4583.8,4583.8,CC220,paid
PI-2022-00376,PURCHASE,,S3002,29/12/2022,2023-02-27,EUR,4145.01,0.0,4145.01,3438.79,CC300,PAID 
PI-2022-00377,PURCHASE,,S3023,09-Dec-2022,2023-01-08,USD,3486.55,0.0,3486.55,2798.44,CC600,PAID
PI-2022-00378,PURCHASE,,S3019,2022-12-30,2023-01-29,EUR,287.77,0.0,287.77,239.06,CC200,Paid
PI-2022-00379,PURCHASE,,S3011,09/12/2022,2023-02-07,EUR,573.34,0.0,573.34,482.05,CC300,paid
PI-2022-00380,PURCHASE,,S3013,02-Dec-2022,2022-12-16,GBP,24652.32,4930.46,29582.78,29582.78,CC400,PAID 
PI-2022-00381,PURCHASE,,S3042,2022-12-30,2023-01-29,GBP,17089.29,3417.86,20507.15,20507.15,CC400,PAID
PI-2022-00382,PURCHASE,,S3021,30/12/2022,2023-02-13,GBP,375.27,75.05,450.32,450.32,CC400,Paid
PI-2022-00383,PURCHASE,,S3018,27-Dec-2022,2023-01-26,USD,23665.55,0.0,23665.55,18742.71,CC300,paid
PI-2022-00384,PURCHASE,,S3020,2022-12-06,2023-01-05,USD,2233.94,0.0,2233.94,1803.62,CC300,PAID 
PI-2022-00385,PURCHASE,,S3005,02/12/2022,2023-01-16,GBP,4253.99,850.8,5104.79,5104.79,CC300,PAID
PI-2022-00386,PURCHASE,,S3041,16-Dec-2022,2023-01-15,GBP,1907.13,381.43,2288.56,2288.56,CC100,Paid
PI-2022-00387,PURCHASE,,S3022,2022-12-12,2023-02-10,EUR,3959.7,0.0,3959.7,3271.6,CC220,paid
PI-2022-00388,PURCHASE,,S3015,02/12/2022,2023-01-01,EUR,9751.19,0.0,9751.19,8175.83,CC400,PAID 
PI-2022-00389,PURCHASE,,S3006,16-Dec-2022,2023-01-15,EUR,1898.82,0.0,1898.82,1571.7,CC100,PAID
PI-2022-00390,PURCHASE,,S3044,2022-12-06,2023-02-04,EUR,1098.59,0.0,1098.59,922.22,CC400,Paid
PI-2022-00391,PURCHASE,,S3045,02/12/2022,2023-01-16,GBP,1152.22,230.44,1382.66,1382.66,CC300,paid
PI-2022-00392,PURCHASE,,S3002,02-Dec-2022,2023-01-31,EUR,1417.54,0.0,1417.54,1188.53,CC500,PAID 
PI-2022-00393,PURCHASE,,S3013,2022-12-07,2022-12-21,GBP,1912.56,382.51,2295.07,2295.07,CC100,PAID
PI-2022-00394,PURCHASE,,S3023,12/12/2022,2023-01-11,USD,4328.98,0.0,4328.98,3487.15,CC300,Paid
PI-2022-00395,PURCHASE,,S3015,02-Dec-2022,2023-01-01,EUR,5747.59,0.0,5747.59,4819.03,CC300,paid
PI-2022-00396,PURCHASE,,S3031,2022-12-29,2023-02-27,GBP,1415.74,283.15,1698.89,1698.89,CC210,PAID 
PI-2022-00397,PURCHASE,,S3000,27/12/2022,2023-01-26,GBP,638.47,127.69,766.16,766.16,CC400,PAID
PI-2022-00398,PURCHASE,,S3008,15-Dec-2022,2023-02-13,GBP,788.47,157.69,946.16,946.16,CC400,Paid
PI-2022-00399,PURCHASE,,S3011,2022-12-29,2023-02-27,EUR,1484.08,0.0,1484.08,1231.23,CC600,paid
PI-2022-00400,PURCHASE,,S3030,28/12/2022,2023-01-27,GBP,986.35,197.27,1183.62,1183.62,CC210,PAID 
PI-2022-00401,PURCHASE,,S3030,13-Dec-2022,2023-01-12,GBP,16086.89,3217.38,19304.27,19304.27,CC300,PAID
PI-2022-00402,PURCHASE,,S3028,2022-12-09,2023-01-08,GBP,497.62,99.52,597.14,597.14,CC210,Paid
PI-2022-00403,PURCHASE,,S3037,21/12/2022,2023-01-20,USD,13425.27,0.0,13425.27,10788.13,CC400,paid
PI-2022-00404,PURCHASE,,S3023,02-Dec-2022,2023-01-01,USD,3524.48,0.0,3524.48,2834.09,CC220,PAID 
PI-2022-00405,PURCHASE,,S3008,2022-12-23,2023-02-21,GBP,17619.22,3523.84,21143.06,21143.06,CC400,PAID
PI-2022-00406,PURCHASE,,S3018,23/12/2022,2023-01-22,USD,1582.96,0.0,1582.96,1266.93,CC400,Paid
PI-2022-00407,PURCHASE,,S3004,16-Dec-2022,2023-01-15,GBP,1565.64,313.13,1878.77,1878.77,CC300,paid
PI-2022-00408,PURCHASE,,S3015,2022-12-13,2023-01-12,EUR,7110.95,0.0,7110.95,5826.85,CC400,PAID 
PI-2022-00409,PURCHASE,,S3024,19/12/2022,2023-02-02,EUR,13841.02,0.0,13841.02,11356.67,CC300,PAID
PI-2022-00410,PURCHASE,,S3026,09-Dec-2022,2023-01-08,GBP,7224.21,1444.84,8669.05,8669.05,CC300,Paid
PI-2022-00411,PURCHASE,,S3031,2022-12-07,2023-02-05,GBP,2154.36,430.87,2585.23,2585.23,CC100,paid
PI-2022-00412,PURCHASE,,S3007,27/12/2022,2023-01-26,EUR,1756.07,0.0,1756.07,1459.31,CC100,PAID 
PI-2022-00413,PURCHASE,,S3017,16-Dec-2022,2023-01-30,GBP,3822.71,764.54,4587.25,4587.25,CC200,PAID
SI-2023-00593,SALES,C2019,,2023-01-06,2023-04-06,EUR,19941.45,0.0,19941.45,16642.99,CC220,Paid
SI-2023-00594,SALES,C2017,,13/01/2023,2023-02-27,EUR,4370.96,0.0,4370.96,3681.69,CC220,paid
SI-2023-00595,SALES,C2059,,19-Jan-2023,2023-02-18,EUR,1645.26,0.0,1645.26,1389.12,CC220,PAID 
SI-2023-00596,SALES,C2036,,2023-01-27,2023-02-26,GBP,20963.5,4192.7,25156.2,25156.2,CC200,PAID
SI-2023-00597,SALES,C2010,,23/01/2023,2023-02-22,GBP,13401.23,2680.25,16081.48,16081.48,CC200,Paid
SI-2023-00598,SALES,C2009,,24-Jan-2023,2023-04-24,GBP,1733.14,346.63,2079.77,2079.77,CC200,paid
SI-2023-00599,SALES,C2060,,2023-01-31,2023-03-02,EUR,8525.29,0.0,8525.29,7269.91,CC220,PAID 
SI-2023-00600,SALES,C2050,,27/01/2023,2023-02-26,USD,27747.04,0.0,27747.04,21393.94,CC220,PAID
SI-2023-00601,SALES,C2043,,02-Jan-2023,2023-02-01,EUR,2993.92,0.0,2993.92,2469.3,CC220,Paid
SI-2023-00602,SALES,C2003,,2023-01-26,2023-03-12,EUR,21649.3,0.0,21649.3,18447.56,CC220,paid
SI-2023-00603,SALES,C2031,,13/01/2023,2023-03-14,GBP,3111.72,622.34,3734.06,3734.06,CC210,PAID 
SI-2023-00604,SALES,C2061,,20-Jan-2023,2023-02-19,GBP,4119.12,823.82,4942.94,4942.94,CC210,PAID
SI-2023-00605,SALES,C2003,,2023-01-24,2023-03-10,EUR,8420.1,0.0,8420.1,7124.49,CC220,Paid
SI-2023-00606,SALES,C2041,,20/01/2023,2023-02-19,GBP,9268.94,1853.79,11122.73,11122.73,CC210,paid
SI-2023-00607,SALES,C2006,,24-Jan-2023,2023-02-23,GBP,5672.34,1134.47,6806.81,6806.81,CC200,PAID 
SI-2023-00608,SALES,C2054,,2023-01-30,2023-03-01,GBP,6220.39,1244.08,7464.47,7464.47,CC210,PAID
SI-2023-00609,SALES,C2047,,30/01/2023,2023-02-13,GBP,9363.75,1872.75,11236.5,11236.5,CC200,Paid
SI-2023-00610,SALES,C2059,,13-Jan-2023,2023-02-12,EUR,12012.17,0.0,12012.17,10117.95,CC220,paid
SI-2023-00611,SALES,C2014,,2023-01-10,2023-03-11,EUR,5280.25,0.0,5280.25,4434.99,CC220,PAID 
SI-2023-00612,SALES,C2014,,23/01/2023,2023-03-24,EUR,1980.93,0.0,1980.93,1668.66,CC220,PAID
SI-2023-00613,SALES,C2004,,09-Jan-2023,2023-02-23,GBP,24306.63,4861.33,29167.96,29167.96,CC210,Paid
SI-2023-00614,SALES,C2002,,2023-01-20,2023-03-21,EUR,7873.75,0.0,7873.75,6649.67,CC220,paid
SI-2023-00615,SALES,C2003,,05/01/2023,2023-02-19,EUR,8216.02,0.0,8216.02,6843.35,CC220,PAID 
SI-2023-00616,SALES,C2017,,24-Jan-2023,2023-03-10,EUR,4528.82,0.0,4528.82,3831.97,CC220,PAID
SI-2023-00617,SALES,C2017,,2023-01-12,2023-02-26,EUR,9255.0,0.0,9255.0,7786.27,CC220,Paid
SI-2023-00618,SALES,C2020,,10/01/2023,2023-02-24,GBP,5450.37,1090.07,6540.44,6540.44,CC210,paid
SI-2023-00619,SALES,C2037,,13-Jan-2023,2023-02-12,USD,1453.88,0.0,1453.88,1119.54,CC220,PAID 
SI-2023-00620,SALES,C2015,,2023-01-27,2023-03-28,GBP,6626.03,1325.21,7951.24,7951.24,CC210,PAID
SI-2023-00621,SALES,C2048,,12/01/2023,2023-01-26,GBP,10379.43,2075.89,12455.32,12455.32,CC200,Paid
SI-2023-00622,SALES,C2059,,04-Jan-2023,2023-02-03,EUR,1324.47,0.0,1324.47,1098.0,CC220,paid
SI-2023-00623,SALES,C2039,,2023-01-26,2023-02-09,EUR,11905.22,0.0,11905.22,10144.55,CC220,PAID 
SI-2023-00624,SALES,C2056,,27/01/2023,2023-04-27,GBP,6529.08,1305.82,7834.9,7834.9,CC210,PAID
SI-2023-00625,SALES,C2036,,23-Jan-2023,2023-02-22,GBP,16339.87,3267.97,19607.84,19607.84,CC200,Paid
SI-2023-00626,SALES,C2013,,2023-01-23,2023-03-09,GBP,10367.88,2073.58,12441.46,12441.46,CC200,paid
SI-2023-00627,SALES,C2037,,06/01/2023,2023-02-05,USD,2858.02,0.0,2858.02,2219.57,CC220,PAID 
SI-2023-00628,SALES,C2005,,13-Jan-2023,2023-02-12,EUR,4019.9,0.0,4019.9,3385.99,CC220,PAID
SI-2023-00629,SALES,C2019,,2023-01-23,2023-04-23,EUR,5312.12,0.0,5312.12,4474.72,CC220,Paid
SI-2023-00630,SALES,C2003,,18/01/2023,2023-03-04,EUR,4481.5,0.0,4481.5,3794.82,CC220,paid
SI-2023-00631,SALES,C2043,,03-Jan-2023,2023-02-02,EUR,12276.25,0.0,12276.25,10132.26,CC220,PAID 
SI-2023-00632,SALES,C2058,,2023-01-13,2023-04-13,EUR,5967.57,0.0,5967.57,5026.53,CC220,PAID
SI-2023-00633,SALES,C2012,,10/01/2023,2023-03-11,EUR,15776.06,0.0,15776.06,13250.63,CC220,Paid
SI-2023-00634,SALES,C2002,,12-Jan-2023,2023-03-13,EUR,14555.74,0.0,14555.74,12245.8,CC220,paid
SI-2023-00635,SALES,C2059,,2023-01-13,2023-02-12,EUR,8525.4,0.0,8525.4,7181.01,CC220,PAID 
SI-2023-00636,SALES,C2016,,27/01/2023,2023-02-26,GBP,10325.69,2065.14,12390.83,12390.83,CC200,PAID
SI-2023-00637,SALES,C2028,,13-Jan-2023,2023-01-27,GBP,3069.45,613.89,3683.34,3683.34,CC200,Paid
SI-2023-00638,SALES,C2010,,2023-01-12,2023-02-11,GBP,24269.5,4853.9,29123.4,29123.4,CC200,paid
SI-2022-00639,SALES,C2045,,30/12/2022,2023-02-13,GBP,19012.51,3802.5,22815.01,22815.01,CC200,PAID 
PI-2023-00414,PURCHASE,,S3041,10-Jan-2023,2023-02-09,GBP,9502.69,1900.54,11403.23,11403.23,CC400,PAID
PI-2023-00415,PURCHASE,,S3001,2023-01-20,2023-02-19,GBP,1541.38,308.28,1849.66,1849.66,CC500,Paid
PI-2023-00416,PURCHASE,,S3012,10/01/2023,2023-02-09,GBP,570.51,114.1,684.61,684.61,CC200,paid
PI-2023-00417,PURCHASE,,S3018,02-Jan-2023,2023-02-01,USD,16175.63,0.0,16175.63,12703.18,CC300,PAID 
PI-2023-00418,PURCHASE,,S3014,2023-01-20,2023-02-03,GBP,1094.88,218.98,1313.86,1313.86,CC100,PAID
PI-2023-00419,PURCHASE,,S3027,05/01/2023,2023-01-19,EUR,4652.68,0.0,4652.68,3875.35,CC300,Paid
PI-2023-00420,PURCHASE,,S3017,04-Jan-2023,2023-02-18,GBP,536.54,107.31,643.85,643.85,CC500,paid
PI-2023-00421,PURCHASE,,S3016,2023-01-13,2023-01-27,EUR,1840.69,0.0,1840.69,1550.43,CC400,PAID 
PI-2023-00422,PURCHASE,,S3045,20/01/2023,2023-03-06,GBP,120000.0,24000.0,144000.0,144000.0,CC300,PAID
PI-2023-00423,PURCHASE,,S3032,13-Jan-2023,2023-01-27,EUR,1598.77,0.0,1598.77,1346.66,CC300,Paid
PI-2023-00424,PURCHASE,,S3042,2023-01-26,2023-02-25,GBP,11492.63,2298.53,13791.16,13791.16,CC400,paid
PI-2023-00425,PURCHASE,,S3010,02/01/2023,2023-02-01,GBP,1284.88,256.98,1541.86,1541.86,CC210,PAID 
PI-2023-00426,PURCHASE,,S3038,05-Jan-2023,2023-02-04,GBP,1605.92,321.18,1927.1,1927.1,CC300,PAID
PI-2023-00427,PURCHASE,,S3040,2023-01-11,2023-01-25,EUR,14009.32,0.0,14009.32,11737.5,CC400,Paid
PI-2023-00428,PURCHASE,,S3009,16/01/2023,2023-02-15,GBP,2475.46,495.09,2970.55,2970.55,CC210,paid
PI-2023-00429,PURCHASE,,S3033,30-Jan-2023,2023-03-31,GBP,813.09,162.62,975.71,975.71,CC100,PAID 
PI-2023-00430,PURCHASE,,S3012,2023-01-25,2023-02-24,GBP,1434.52,286.9,1721.42,1721.42,CC400,PAID
PI-2022-00431,PURCHASE,,S3029,30/12/2022,2023-01-29,EUR,4819.9,0.0,4819.9,4004.11,CC400,Paid
PI-2023-00432,PURCHASE,,S3012,25-Jan-2023,2023-02-24,GBP,602.11,120.42,722.53,722.53,CC400,paid
PI-2023-00433,PURCHASE,,S3027,2023-01-09,2023-01-23,EUR,15660.47,0.0,15660.47,13102.16,CC300,PAID 
PI-2023-00434,PURCHASE,,S3015,13/01/2023,2023-02-12,EUR,879.44,0.0,879.44,740.76,CC220,PAID
PI-2023-00435,PURCHASE,,S3042,27-Jan-2023,2023-02-26,GBP,1336.49,267.3,1603.79,1603.79,CC400,Paid
PI-2023-00436,PURCHASE,,S3025,2023-01-13,2023-02-12,EUR,1753.92,0.0,1753.92,1477.34,CC400,paid
PI-2023-00437,PURCHASE,,S3013,18/01/2023,2023-02-01,GBP,12959.65,2591.93,15551.58,15551.58,CC300,PAID 
PI-2023-00438,PURCHASE,,S3026,11-Jan-2023,2023-02-10,GBP,1180.91,236.18,1417.09,1417.09,CC300,PAID
PI-2023-00439,PURCHASE,,S3008,2023-01-09,2023-03-10,GBP,6006.58,1201.32,7207.9,7207.9,CC300,Paid
PI-2023-00440,PURCHASE,,S3037,27/01/2023,2023-02-26,USD,3248.54,0.0,3248.54,2504.74,CC100,paid
PI-2023-00441,PURCHASE,,S3015,13-Jan-2023,2023-02-12,EUR,12214.54,0.0,12214.54,10288.4,CC300,PAID 
PI-2023-00442,PURCHASE,,S3003,2023-01-03,2023-02-02,EUR,1375.39,0.0,1375.39,1135.19,CC500,PAID
PI-2023-00443,PURCHASE,,S3020,09/01/2023,2023-02-08,USD,2665.09,0.0,2665.09,2078.19,CC400,Paid
PI-2023-00444,PURCHASE,,S3017,26-Jan-2023,2023-03-12,GBP,22136.07,4427.21,26563.28,26563.28,CC400,paid
PI-2023-00445,PURCHASE,,S3009,2023-01-03,2023-02-02,GBP,7842.8,1568.56,9411.36,9411.36,CC300,PAID 
PI-2023-00446,PURCHASE,,S3009,20/01/2023,2023-02-19,GBP,206.9,41.38,248.28,248.28,CC100,PAID
SI-2023-00640,SALES,C2048,,17-Feb-2023,2023-03-03,GBP,42396.89,8479.38,50876.27,50876.27,CC200,Paid
SI-2023-00641,SALES,C2001,,2023-02-03,2023-03-05,USD,6486.46,0.0,6486.46,4993.67,CC220,paid
SI-2023-00642,SALES,C2041,,21/02/2023,2023-03-23,GBP,23746.41,4749.28,28495.69,28495.69,CC210,PAID 
SI-2023-00643,SALES,C2016,,24-Feb-2023,2023-03-26,GBP,13543.47,2708.69,16252.16,16252.16,CC200,PAID
SI-2023-00644,SALES,C2059,,2023-02-28,2023-03-30,EUR,24317.01,0.0,24317.01,21166.4,CC220,Paid
SI-2023-00645,SALES,C2054,,13/02/2023,2023-03-15,GBP,9891.68,1978.34,11870.02,11870.02,CC210,paid
SI-2023-00646,SALES,C2012,,02-Feb-2023,2023-04-03,EUR,12896.33,0.0,12896.33,11005.12,CC220,PAID 
SI-2023-00647,SALES,C2052,,2023-02-17,2023-03-19,EUR,37812.15,0.0,37812.15,32773.34,CC220,PAID
SI-2023-00648,SALES,C2040,,03/02/2023,2023-03-05,GBP,24416.27,4883.25,29299.52,29299.52,CC200,Paid
SI-2023-00649,SALES,C2007,,20-Feb-2023,2023-03-22,GBP,4537.53,907.51,5445.04,5445.04,CC200,paid
SI-2023-00650,SALES,C2027,,2023-02-03,2023-02-17,EUR,9003.91,0.0,9003.91,7681.23,CC220,PAID 
SI-2023-00651,SALES,C2020,,28/02/2023,2023-04-14,GBP,3161.8,632.36,3794.16,3794.16,CC210,PAID
SI-2023-00652,SALES,C2046,,03-Feb-2023,2023-04-04,GBP,2596.56,519.31,3115.87,3115.87,CC200,Paid
SI-2023-00653,SALES,C2054,,2023-02-09,2023-03-11,GBP,12873.06,2574.61,15447.67,15447.67,CC210,paid
SI-2023-00654,SALES,C2035,,15/02/2023,2023-03-17,GBP,2270.48,454.1,2724.58,2724.58,CC200,PAID 
SI-2023-00655,SALES,C2001,,07-Feb-2023,2023-03-09,USD,11906.62,0.0,11906.62,9125.05,CC220,PAID
SI-2023-00656,SALES,C2037,,2023-02-23,2023-03-25,USD,1838.34,0.0,1838.34,1366.17,CC220,Paid
SI-2023-00657,SALES,C2032,,17/02/2023,2023-03-19,GBP,14467.31,2893.46,17360.77,17360.77,CC200,paid
SI-2023-00658,SALES,C2046,,21-Feb-2023,2023-04-22,GBP,19249.82,3849.96,23099.78,23099.78,CC200,PAID 
SI-2023-00659,SALES,C2043,,2023-02-09,2023-03-11,EUR,8978.84,0.0,8978.84,7652.34,CC220,PAID
SI-2023-00660,SALES,C2053,,23/02/2023,2023-03-25,GBP,9535.83,1907.17,11443.0,11443.0,CC200,Paid
SI-2023-00661,SALES,C2006,,03-Feb-2023,2023-03-05,GBP,6443.83,1288.77,7732.6,7732.6,CC200,paid
SI-2023-00662,SALES,C2021,,2023-02-17,2023-05-18,GBP,10163.97,2032.79,12196.76,12196.76,CC210,PAID 
SI-2023-00663,SALES,C2011,,24/02/2023,2023-03-10,GBP,6112.76,1222.55,7335.31,7335.31,CC200,PAID
SI-2023-00664,SALES,C2028,,21-Feb-2023,2023-03-07,GBP,6837.85,1367.57,8205.42,8205.42,CC200,Paid
SI-2023-00665,SALES,C2024,,2023-02-28,2023-03-30,GBP,34855.93,6971.19,41827.12,41827.12,CC210,paid
SI-2023-00666,SALES,C2035,,08/02/2023,2023-03-10,GBP,7546.71,1509.34,9056.05,9056.05,CC200,PAID 
SI-2023-00667,SALES,C2054,,10-Feb-2023,2023-03-12,GBP,11410.01,2282.0,13692.01,13692.01,CC210,PAID
SI-2023-00668,SALES,C2044,,2023-02-24,2023-04-25,GBP,10333.59,2066.72,12400.31,12400.31,CC200,Paid
SI-2023-00669,SALES,C2016,,16/02/2023,2023-03-18,GBP,6761.75,1352.35,8114.1,8114.1,CC200,paid
SI-2023-00670,SALES,C2014,,03-Feb-2023,2023-04-04,EUR,6065.0,0.0,6065.0,5174.05,CC220,PAID 
SI-2023-00671,SALES,C2019,,2023-02-07,2023-05-08,EUR,13442.84,0.0,13442.84,11480.59,CC220,PAID
SI-2023-00672,SALES,C2053,,02/02/2023,2023-03-04,GBP,13050.5,2610.1,15660.6,15660.6,CC200,Paid
SI-2023-00673,SALES,C2050,,15-Feb-2023,2023-03-17,USD,1821.93,0.0,1821.93,1352.49,CC220,paid
SI-2023-00674,SALES,C2004,,2023-02-10,2023-03-27,GBP,4885.5,977.1,5862.6,5862.6,CC210,PAID 
SI-2023-00675,SALES,C2031,,01/02/2023,2023-04-02,GBP,4439.56,887.91,5327.47,5327.47,CC210,PAID
SI-2023-00676,SALES,C2006,,03-Feb-2023,2023-03-05,GBP,10128.71,2025.74,12154.45,12154.45,CC200,Paid
SI-2023-00677,SALES,C2056,,2023-02-03,2023-05-04,GBP,11904.01,2380.8,14284.81,14284.81,CC210,paid
SI-2023-00678,SALES,C2035,,10/02/2023,2023-03-12,GBP,10705.84,2141.17,12847.01,12847.01,CC200,PAID 
SI-2023-00679,SALES,C2049,,03-Feb-2023,2023-02-17,GBP,9976.42,1995.28,11971.7,11971.7,CC200,PAID
SI-2023-00680,SALES,C2026,,2023-02-08,2023-03-10,GBP,6329.57,1265.91,7595.48,7595.48,CC210,Paid
SI-2023-00681,SALES,C2051,,13/02/2023,2023-03-30,USD,14258.42,0.0,14258.42,10688.58,CC220,paid
SI-2023-00682,SALES,C2000,,27-Feb-2023,2023-04-13,GBP,16546.29,3309.26,19855.55,19855.55,CC200,PAID 
SI-2023-00683,SALES,C2019,,2023-02-24,2023-05-25,EUR,11474.21,0.0,11474.21,9889.79,CC220,PAID
SI-2023-00684,SALES,C2021,,02/02/2023,2023-05-03,GBP,9553.64,1910.73,11464.37,11464.37,CC210,Paid
SI-2023-00685,SALES,C2018,,01-Feb-2023,2023-03-18,EUR,7173.36,0.0,7173.36,6132.42,CC220,paid
SI-2023-00686,SALES,C2000,,2023-02-01,2023-03-18,GBP,3042.44,608.49,3650.93,3650.93,CC200,PAID 
SI-2023-00687,SALES,C2058,,06/02/2023,2023-05-07,EUR,7846.34,0.0,7846.34,6723.71,CC220,PAID
SI-2023-00688,SALES,C2028,,07-Feb-2023,2023-02-21,GBP,5754.6,1150.92,6905.52,6905.52,CC200,Paid
PI-2023-00447,PURCHASE,,S3033,2023-02-10,2023-04-11,GBP,11137.16,2227.43,13364.59,13364.59,CC300,paid
PI-2023-00448,PURCHASE,,S3033,15/02/2023,2023-04-16,GBP,4115.94,823.19,4939.13,4939.13,CC400,PAID 
PI-2023-00449,PURCHASE,,S3038,20-Feb-2023,2023-03-22,GBP,2748.28,549.66,3297.94,3297.94,CC300,PAID
PI-2023-00450,PURCHASE,,S3008,2023-02-10,2023-04-11,GBP,2475.55,495.11,2970.66,2970.66,CC300,Paid
PI-2023-00451,PURCHASE,,S3020,27/02/2023,2023-03-29,USD,1730.46,0.0,1730.46,1276.63,CC300,paid
PI-2023-00452,PURCHASE,,S3026,08-Feb-2023,2023-03-10,GBP,17385.55,3477.11,20862.66,20862.66,CC300,PAID 
PI-2023-00453,PURCHASE,,S3035,2023-02-20,2023-03-06,EUR,20877.52,0.0,20877.52,18096.51,CC300,PAID
PI-2023-00454,PURCHASE,,S3044,16/02/2023,2023-04-17,EUR,1001.25,0.0,1001.25,865.81,CC500,Paid
PI-2023-00455,PURCHASE,,S3031,23-Feb-2023,2023-04-24,GBP,5367.74,1073.55,6441.29,6441.29,CC300,paid
PI-2023-00456,PURCHASE,,S3000,2023-02-03,2023-03-05,GBP,13235.46,2647.09,15882.55,15882.55,CC300,PAID 
PI-2023-00457,PURCHASE,,S3002,15/02/2023,2023-04-16,EUR,1685.07,0.0,1685.07,1455.91,CC100,PAID
PI-2023-00458,PURCHASE,,S3044,02-Feb-2023,2023-04-03,EUR,1214.11,0.0,1214.11,1036.06,CC400,Paid
PI-2023-00459,PURCHASE,,S3035,2023-02-28,2023-03-14,EUR,3748.09,0.0,3748.09,3262.47,CC400,paid
PI-2023-00460,PURCHASE,,S3009,06/02/2023,2023-03-08,GBP,325.88,65.18,391.06,391.06,CC300,PAID 
PI-2023-00461,PURCHASE,,S3028,10-Feb-2023,2023-03-12,GBP,12646.16,2529.23,15175.39,15175.39,CC300,PAID
PI-2023-00462,PURCHASE,,S3038,2023-02-02,2023-03-04,GBP,5800.92,1160.18,6961.1,6961.1,CC600,Paid
PI-2023-00463,PURCHASE,,S3044,21/02/2023,2023-04-22,EUR,3485.42,0.0,3485.42,3019.95,CC100,paid
PI-2023-00464,PURCHASE,,S3019,10-Feb-2023,2023-03-12,EUR,2433.47,0.0,2433.47,2081.47,CC400,PAID 
PI-2023-00465,PURCHASE,,S3034,2023-02-16,2023-03-18,GBP,2490.71,498.14,2988.85,2988.85,CC100,PAID
PI-2023-00466,PURCHASE,,S3008,02/02/2023,2023-04-03,GBP,6177.89,1235.58,7413.47,7413.47,CC300,Paid
PI-2023-00467,PURCHASE,,S3032,03-Feb-2023,2023-02-17,EUR,1085.37,0.0,1085.37,925.93,CC400,paid
PI-2023-00468,PURCHASE,,S3027,2023-02-02,2023-02-16,EUR,17400.98,0.0,17400.98,14849.18,CC300,PAID 
PI-2023-00469,PURCHASE,,S3024,17/02/2023,2023-04-03,EUR,5424.97,0.0,5424.97,4702.04,CC220,PAID
PI-2023-00470,PURCHASE,,S3032,17-Feb-2023,2023-03-03,EUR,795.74,0.0,795.74,689.7,CC100,Paid
PI-2023-00471,PURCHASE,,S3000,2023-02-27,2023-03-29,GBP,21618.0,4323.6,25941.6,25941.6,CC210,paid
PI-2023-00472,PURCHASE,,S3030,24/02/2023,2023-03-26,GBP,1917.73,383.55,2301.28,2301.28,CC300,PAID 
PI-2023-00473,PURCHASE,,S3013,17-Feb-2023,2023-03-03,GBP,1796.39,359.28,2155.67,2155.67,CC400,PAID
PI-2023-00474,PURCHASE,,S3029,2023-02-03,2023-03-05,EUR,253.8,0.0,253.8,216.52,CC600,Paid
PI-2023-00475,PURCHASE,,S3003,10/02/2023,2023-03-12,EUR,13059.12,0.0,13059.12,11170.13,CC400,paid
PI-2023-00476,PURCHASE,,S3021,15-Feb-2023,2023-04-01,GBP,672.6,134.52,807.12,807.12,CC600,PAID 
PI-2023-00477,PURCHASE,,S3040,2023-02-03,2023-02-17,EUR,1431.55,0.0,1431.55,1221.25,CC400,PAID
PI-2023-00478,PURCHASE,,S3013,22/02/2023,2023-03-08,GBP,1587.67,317.53,1905.2,1905.2,CC500,Paid
PI-2023-00479,PURCHASE,,S3028,15-Feb-2023,2023-03-17,GBP,18488.91,3697.78,22186.69,22186.69,CC300,paid
PI-2023-00480,PURCHASE,,S3021,2023-02-08,2023-03-25,GBP,755.42,151.08,906.5,906.5,CC500,PAID 
SI-2023-00689,SALES,C2004,,03/03/2023,2023-04-17,GBP,5886.56,1177.31,7063.87,7063.87,CC210,PAID
SI-2023-00690,SALES,C2042,,10-Mar-2023,2023-05-09,GBP,5411.55,1082.31,6493.86,6493.86,CC210,Paid
SI-2023-00691,SALES,C2040,,2023-03-02,2023-04-01,GBP,11739.82,2347.96,14087.78,14087.78,CC200,paid
SI-2023-00692,SALES,C2042,,17/03/2023,2023-05-16,GBP,19809.51,3961.9,23771.41,23771.41,CC210,PAID 
SI-2023-00693,SALES,C2022,,24-Mar-2023,2023-04-23,GBP,12093.64,2418.73,14512.37,14512.37,CC210,PAID
SI-2023-00694,SALES,C2042,,2023-03-22,2023-05-21,GBP,17283.13,3456.63,20739.76,20739.76,CC210,Paid
SI-2023-00695,SALES,C2042,,24/03/2023,2023-05-23,GBP,16413.1,3282.62,19695.72,19695.72,CC210,paid
SI-2023-00696,SALES,C2030,,28-Mar-2023,2023-04-27,GBP,6029.66,1205.93,7235.59,7235.59,CC200,PAID 
SI-2023-00697,SALES,C2041,,2023-03-10,2023-04-09,GBP,4790.82,958.16,5748.98,5748.98,CC210,PAID
SI-2023-00698,SALES,C2038,,15/03/2023,2023-04-14,GBP,1707.79,341.56,2049.35,2049.35,CC200,Paid
SI-2023-00699,SALES,C2025,,21-Mar-2023,2023-06-19,USD,19334.27,0.0,19334.27,14617.91,CC220,paid
SI-2023-00700,SALES,C2040,,2023-03-13,2023-04-12,GBP,10620.33,2124.07,12744.4,12744.4,CC200,PAID 
SI-2023-00701,SALES,C2026,,08/03/2023,2023-04-07,GBP,14182.39,2836.48,17018.87,17018.87,CC210,PAID
SI-2023-00702,SALES,C2017,,10-Mar-2023,2023-04-24,EUR,10314.46,0.0,10314.46,9039.05,CC220,Paid
SI-2023-00703,SALES,C2003,,2023-03-03,2023-04-17,EUR,14675.65,0.0,14675.65,12810.33,CC220,paid
SI-2023-00704,SALES,C2052,,29/03/2023,2023-04-28,EUR,16219.13,0.0,16219.13,14374.87,CC220,PAID 
SI-2023-00705,SALES,C2020,,16-Mar-2023,2023-04-30,GBP,22537.25,4507.45,27044.7,27044.7,CC210,PAID
SI-2023-00706,SALES,C2059,,2023-03-03,2023-04-02,EUR,13793.72,0.0,13793.72,12040.5,CC220,Paid
SI-2023-00707,SALES,C2022,,10/03/2023,2023-04-09,GBP,11968.02,2393.6,14361.62,14361.62,CC210,paid
SI-2023-00708,SALES,C2055,,03-Mar-2023,2023-06-01,GBP,11463.45,2292.69,13756.14,13756.14,CC200,PAID 
SI-2023-00709,SALES,C2019,,2023-03-31,2023-06-29,EUR,35769.79,0.0,35769.79,31819.23,CC220,PAID
SI-2023-00710,SALES,C2022,,13/03/2023,2023-04-12,GBP,12808.99,2561.8,15370.79,15370.79,CC210,Paid
SI-2023-00711,SALES,C2055,,10-Mar-2023,2023-06-08,GBP,16023.1,3204.62,19227.72,19227.72,CC200,paid
SI-2023-00712,SALES,C2058,,2023-03-29,2023-06-27,EUR,8195.0,0.0,8195.0,7263.15,CC220,PAID 
SI-2023-00713,SALES,C2024,,01/03/2023,2023-03-31,GBP,2218.47,443.69,2662.16,2662.16,CC210,PAID
SI-2023-00714,SALES,C2054,,24-Mar-2023,2023-04-23,GBP,13776.93,2755.39,16532.32,16532.32,CC210,Paid
SI-2023-00715,SALES,C2045,,2023-03-14,2023-04-28,GBP,21770.34,4354.07,26124.41,26124.41,CC200,paid
SI-2023-00716,SALES,C2001,,29/03/2023,2023-04-28,USD,9136.38,0.0,9136.38,6837.87,CC220,PAID 
SI-2023-00717,SALES,C2056,,06-Mar-2023,2023-06-04,GBP,24980.4,4996.08,29976.48,29976.48,CC210,PAID
SI-2023-00718,SALES,C2004,,2023-03-10,2023-04-24,GBP,12357.82,2471.56,14829.38,14829.38,CC210,Paid
SI-2023-00719,SALES,C2052,,03/03/2023,2023-04-02,EUR,4433.69,0.0,4433.69,3870.15,CC220,paid
SI-2023-00720,SALES,C2043,,03-Mar-2023,2023-04-02,EUR,19422.96,0.0,19422.96,16954.24,CC220,PAID 
SI-2023-00721,SALES,C2022,,2023-03-21,2023-04-20,GBP,14813.57,2962.71,17776.28,17776.28,CC210,PAID
SI-2023-00722,SALES,C2036,,06/03/2023,2023-04-05,GBP,11971.28,2394.26,14365.54,14365.54,CC200,Paid
SI-2023-00723,SALES,C2012,,28-Mar-2023,2023-05-27,EUR,18289.86,0.0,18289.86,16175.44,CC220,paid
SI-2023-00724,SALES,C2040,,2023-03-10,2023-04-09,GBP,6728.08,1345.62,8073.7,8073.7,CC200,PAID 
SI-2023-00725,SALES,C2031,,24/03/2023,2023-05-23,GBP,5324.3,1064.86,6389.16,6389.16,CC210,PAID
SI-2023-00726,SALES,C2032,,01-Mar-2023,2023-03-31,GBP,2777.72,555.54,3333.26,3333.26,CC200,Paid
SI-2023-00727,SALES,C2012,,2023-03-20,2023-05-19,EUR,7268.06,0.0,7268.06,6423.13,CC220,paid
SI-2023-00728,SALES,C2051,,21/03/2023,2023-05-05,USD,5904.83,0.0,5904.83,4464.42,CC220,PAID 
SI-2023-00729,SALES,C2027,,03-Mar-2023,2023-03-17,EUR,10796.05,0.0,10796.05,9423.84,CC220,PAID
SI-2023-00730,SALES,C2026,,2023-03-09,2023-04-08,GBP,13558.75,2711.75,16270.5,16270.5,CC210,Paid
SI-2023-00731,SALES,C2034,,14/03/2023,2023-03-28,EUR,21061.4,0.0,21061.4,18416.47,CC220,paid
SI-2023-00732,SALES,C2022,,07-Mar-2023,2023-04-06,GBP,25932.34,5186.47,31118.81,31118.81,CC210,PAID 
SI-2023-00733,SALES,C2047,,2023-03-13,2023-03-27,GBP,6267.8,1253.56,7521.36,7521.36,CC200,PAID
SI-2023-00734,SALES,C2005,,14/03/2023,2023-04-13,EUR,30102.67,0.0,30102.67,26322.32,CC220,Paid
SI-2023-00735,SALES,C2045,,24-Mar-2023,2023-05-08,GBP,5269.15,1053.83,6322.98,6322.98,CC200,paid
SI-2023-00736,SALES,C2049,,2023-03-27,2023-04-10,GBP,4391.27,878.25,5269.52,5269.52,CC200,PAID 
SI-2023-00737,SALES,C2004,,02/03/2023,2023-04-16,GBP,6246.18,1249.24,7495.42,7495.42,CC210,PAID
SI-2023-00738,SALES,C2029,,30-Mar-2023,2023-06-28,EUR,34830.71,0.0,34830.71,31126.08,CC220,Paid
SI-2023-00739,SALES,C2040,,2023-03-20,2023-04-19,GBP,3537.88,707.58,4245.46,4245.46,CC200,paid
SI-2023-00740,SALES,C2024,,03/03/2023,2023-04-02,GBP,3662.27,732.45,4394.72,4394.72,CC210,PAID 
SI-2023-00741,SALES,C2007,,09-Mar-2023,2023-04-08,GBP,9257.98,1851.6,11109.58,11109.58,CC200,PAID
SI-2023-00742,SALES,C2034,,2023-03-29,2023-04-12,EUR,24369.63,0.0,24369.63,21598.58,CC220,Paid
SI-2023-00743,SALES,C2023,,27/03/2023,2023-04-26,GBP,11600.14,2320.03,13920.17,13920.17,CC200,paid
SI-2023-00744,SALES,C2031,,07-Mar-2023,2023-05-06,GBP,11147.51,2229.5,13377.01,13377.01,CC210,PAID 
PI-2023-00481,PURCHASE,,S3020,2023-03-06,2023-04-05,USD,997.63,0.0,997.63,744.69,CC210,PAID
PI-2023-00482,PURCHASE,,S3002,15/03/2023,2023-05-14,EUR,1614.7,0.0,1614.7,1410.12,CC600,Paid
PI-2023-00483,PURCHASE,,S3010,03-Mar-2023,2023-04-02,GBP,1140.28,228.06,1368.34,1368.34,CC100,paid
PI-2023-00484,PURCHASE,,S3028,2023-03-29,2023-04-28,GBP,1041.95,208.39,1250.34,1250.34,CC300,PAID 
PI-2023-00485,PURCHASE,,S3041,20/03/2023,2023-04-19,GBP,1033.25,206.65,1239.9,1239.9,CC600,PAID
PI-2023-00486,PURCHASE,,S3015,03-Mar-2023,2023-04-02,EUR,891.37,0.0,891.37,778.07,CC400,Paid
PI-2023-00487,PURCHASE,,S3041,2023-03-23,2023-04-22,GBP,596.24,119.25,715.49,715.49,CC500,paid
PI-2023-00488,PURCHASE,,S3037,29/03/2023,2023-04-28,USD,6009.01,0.0,6009.01,4497.28,CC300,PAID 
PI-2023-00489,PURCHASE,,S3037,14-Mar-2023,2023-04-13,USD,66316.54,0.0,66316.54,49835.22,CC300,PAID
PI-2023-00490,PURCHASE,,S3042,2023-03-08,2023-04-07,GBP,4791.51,958.3,5749.81,5749.81,CC400,Paid
PI-2023-00491,PURCHASE,,S3037,02/03/2023,2023-04-01,USD,604.11,0.0,604.11,448.02,CC220,paid
PI-2023-00492,PURCHASE,,S3039,20-Mar-2023,2023-04-19,GBP,975.57,195.11,1170.68,1170.68,CC600,PAID 
PI-2023-00493,PURCHASE,,S3029,2023-03-10,2023-04-09,EUR,227.78,0.0,227.78,199.61,CC400,PAID
PI-2023-00494,PURCHASE,,S3041,30/03/2023,2023-04-29,GBP,2700.45,540.09,3240.54,3240.54,CC600,Paid
PI-2023-00495,PURCHASE,,S3035,09-Mar-2023,2023-03-23,EUR,3114.54,0.0,3114.54,2712.39,CC210,paid
PI-2023-00496,PURCHASE,,S3008,2023-03-06,2023-05-05,GBP,1265.08,253.02,1518.1,1518.1,CC100,PAID 
PI-2023-00497,PURCHASE,,S3022,15/03/2023,2023-05-14,EUR,9788.47,0.0,9788.47,8548.3,CC400,PAID
PI-2023-00498,PURCHASE,,S3018,21-Mar-2023,2023-04-20,USD,3546.4,0.0,3546.4,2681.3,CC300,Paid
PI-2023-00499,PURCHASE,,S3034,2023-03-17,2023-04-16,GBP,7833.94,1566.79,9400.73,9400.73,CC300,paid
PI-2023-00500,PURCHASE,,S3040,10/03/2023,2023-03-24,EUR,1659.32,0.0,1659.32,1454.14,CC200,PAID 
PI-2023-00501,PURCHASE,,S3045,27-Mar-2023,2023-05-11,GBP,697.8,139.56,837.36,837.36,CC400,PAID
PI-2023-00502,PURCHASE,,S3014,2023-03-09,2023-03-23,GBP,8690.34,1738.07,10428.41,10428.41,CC400,Paid
PI-2023-00503,PURCHASE,,S3045,15/03/2023,2023-04-29,GBP,1288.01,257.6,1545.61,1545.61,CC500,paid
PI-2023-00504,PURCHASE,,S3042,24-Mar-2023,2023-04-23,GBP,15337.88,3067.58,18405.46,18405.46,CC300,PAID 
PI-2023-00505,PURCHASE,,S3029,2023-03-20,2023-04-19,EUR,1287.01,0.0,1287.01,1137.39,CC600,PAID
PI-2023-00506,PURCHASE,,S3037,22/03/2023,2023-04-21,USD,7002.25,0.0,7002.25,5297.34,CC400,Paid
PI-2023-00507,PURCHASE,,S3020,14-Mar-2023,2023-04-13,USD,20456.05,0.0,20456.05,15372.21,CC400,paid
PI-2023-00508,PURCHASE,,S3041,2023-03-10,2023-04-09,GBP,1886.41,377.28,2263.69,2263.69,CC100,PAID 
PI-2023-00509,PURCHASE,,S3036,08/03/2023,2023-05-07,GBP,1367.98,273.6,1641.58,1641.58,CC100,PAID
PI-2023-00510,PURCHASE,,S3036,13-Mar-2023,2023-05-12,GBP,1377.67,275.53,1653.2,1653.2,CC400,Paid
PI-2023-00511,PURCHASE,,S3036,2023-03-10,2023-05-09,GBP,4182.62,836.52,5019.14,5019.14,CC600,paid
PI-2023-00512,PURCHASE,,S3013,30/03/2023,2023-04-13,GBP,9201.26,1840.25,11041.51,11041.51,CC300,PAID 
PI-2023-00513,PURCHASE,,S3029,03-Mar-2023,2023-04-02,EUR,6953.69,0.0,6953.69,6069.86,CC400,PAID
PI-2023-00514,PURCHASE,,S3035,2023-03-30,2023-04-13,EUR,2020.66,0.0,2020.66,1805.74,CC500,Paid
PI-2023-00515,PURCHASE,,S3038,03/03/2023,2023-04-02,GBP,1361.04,272.21,1633.25,1633.25,CC300,paid
PI-2023-00516,PURCHASE,,S3016,02-Mar-2023,2023-03-16,EUR,838.23,0.0,838.23,730.96,CC200,PAID 
PI-2023-00517,PURCHASE,,S3037,2023-03-07,2023-04-06,USD,955.79,0.0,955.79,717.59,CC100,PAID
PI-2023-00518,PURCHASE,,S3023,30/03/2023,2023-04-29,USD,2975.27,0.0,2975.27,2220.11,CC600,Paid
PI-2023-00519,PURCHASE,,S3028,03-Mar-2023,2023-04-02,GBP,825.09,165.02,990.11,990.11,CC220,paid
PI-2023-00520,PURCHASE,,S3038,2023-03-13,2023-04-12,GBP,2620.09,524.02,3144.11,3144.11,CC400,PAID 
SI-2023-00745,SALES,C2007,,21/04/2023,2023-05-21,GBP,2377.64,475.53,2853.17,2853.17,CC200,PAID
SI-2023-00746,SALES,C2015,,05-Apr-2023,2023-06-04,GBP,5003.52,1000.7,6004.22,6004.22,CC210,Paid
SI-2023-00747,SALES,C2029,,2023-04-04,2023-07-03,EUR,6198.67,0.0,6198.67,5518.6,CC220,paid
SI-2023-00748,SALES,C2037,,13/04/2023,2023-05-13,USD,13045.86,0.0,13045.86,9802.93,CC220,PAID 
SI-2023-00749,SALES,C2026,,18-Apr-2023,2023-05-18,GBP,11816.18,2363.24,14179.42,14179.42,CC210,PAID
SI-2023-00750,SALES,C2024,,2023-04-05,2023-05-05,GBP,2563.69,512.74,3076.43,3076.43,CC210,Paid
SI-2023-00751,SALES,C2039,,28/04/2023,2023-05-12,EUR,1978.23,0.0,1978.23,1790.66,CC220,paid
SI-2023-00752,SALES,C2019,,21-Apr-2023,2023-07-20,EUR,5643.92,0.0,5643.92,5106.28,CC220,PAID 
SI-2023-00753,SALES,C2029,,2023-04-06,2023-07-05,EUR,11516.45,0.0,11516.45,10391.79,CC220,PAID
SI-2023-00754,SALES,C2038,,21/04/2023,2023-05-21,GBP,34694.3,6938.86,41633.16,41633.16,CC200,Paid
SI-2023-00755,SALES,C2002,,04-Apr-2023,2023-06-03,EUR,6504.7,0.0,6504.7,5791.05,CC220,paid
SI-2023-00756,SALES,C2038,,2023-04-14,2023-05-14,GBP,11395.9,2279.18,13675.08,13675.08,CC200,PAID 
SI-2023-00757,SALES,C2055,,26/04/2023,2023-07-25,GBP,4913.29,982.66,5895.95,5895.95,CC200,PAID
SI-2023-00758,SALES,C2038,,07-Apr-2023,2023-05-07,GBP,6804.12,1360.82,8164.94,8164.94,CC200,Paid
SI-2023-00759,SALES,C2011,,2023-04-21,2023-05-05,GBP,6998.55,1399.71,8398.26,8398.26,CC200,paid
SI-2023-00760,SALES,C2027,,25/04/2023,2023-05-09,EUR,19639.52,0.0,19639.52,17742.83,CC220,PAID 
SI-2023-00761,SALES,C2002,,28-Apr-2023,2023-06-27,EUR,2118.63,0.0,2118.63,1917.74,CC220,PAID
SI-2023-00762,SALES,C2060,,2023-04-13,2023-05-13,EUR,8392.52,0.0,8392.52,7570.96,CC220,Paid
SI-2023-00763,SALES,C2044,,20/04/2023,2023-06-19,GBP,19873.28,3974.66,23847.94,23847.94,CC200,paid
SI-2023-00764,SALES,C2043,,25-Apr-2023,2023-05-25,EUR,8011.91,0.0,8011.91,7238.16,CC220,PAID 
SI-2023-00765,SALES,C2051,,2023-04-10,2023-05-25,USD,12636.68,0.0,12636.68,9570.81,CC220,PAID
SI-2023-00766,SALES,C2037,,28/04/2023,2023-05-28,USD,32299.55,0.0,32299.55,24475.79,CC220,Paid
SI-2023-00767,SALES,C2019,,05-Apr-2023,2023-07-04,EUR,8686.95,0.0,8686.95,7786.78,CC220,paid
SI-2023-00768,SALES,C2056,,2023-04-03,2023-07-02,GBP,5436.76,1087.35,6524.11,6524.11,CC210,PAID 
SI-2023-00769,SALES,C2035,,03/04/2023,2023-05-03,GBP,2459.67,491.93,2951.6,2951.6,CC200,PAID
SI-2023-00770,SALES,C2021,,20-Apr-2023,2023-07-19,GBP,11992.19,2398.44,14390.63,14390.63,CC210,Paid
SI-2023-00771,SALES,C2037,,2023-04-10,2023-05-10,USD,16150.74,0.0,16150.74,12232.3,CC220,paid
SI-2023-00772,SALES,C2054,,18/04/2023,2023-05-18,GBP,16188.37,3237.67,19426.04,19426.04,CC210,PAID 
SI-2023-00773,SALES,C2056,,25-Apr-2023,2023-07-24,GBP,8405.68,1681.14,10086.82,10086.82,CC210,PAID
SI-2023-00774,SALES,C2052,,2023-04-05,2023-05-05,EUR,7905.8,0.0,7905.8,7086.58,CC220,Paid
SI-2023-00775,SALES,C2031,,21/04/2023,2023-06-20,GBP,1778.97,355.79,2134.76,2134.76,CC210,paid
SI-2023-00776,SALES,C2045,,28-Apr-2023,2023-06-12,GBP,1700.47,340.09,2040.56,2040.56,CC200,PAID 
SI-2023-00777,SALES,C2058,,2023-04-07,2023-07-06,EUR,6990.55,0.0,6990.55,6280.42,CC220,PAID
SI-2023-00778,SALES,C2015,,12/04/2023,2023-06-11,GBP,8551.29,1710.26,10261.55,10261.55,CC210,Paid
SI-2023-00779,SALES,C2018,,19-Apr-2023,2023-06-03,EUR,5001.42,0.0,5001.42,4478.15,CC220,paid
SI-2023-00780,SALES,C2057,,2023-04-21,2023-07-20,USD,9213.91,0.0,9213.91,6962.74,CC220,PAID 
SI-2023-00781,SALES,C2029,,28/04/2023,2023-07-27,EUR,7942.27,0.0,7942.27,7189.19,CC220,PAID
SI-2023-00782,SALES,C2023,,17-Apr-2023,2023-05-17,GBP,5639.48,1127.9,6767.38,6767.38,CC200,Paid
SI-2023-00783,SALES,C2014,,2023-04-28,2023-06-27,EUR,7340.08,0.0,7340.08,6644.1,CC220,paid
SI-2023-00784,SALES,C2024,,27/04/2023,2023-05-27,GBP,3311.51,662.3,3973.81,3973.81,CC210,PAID 
SI-2023-00785,SALES,C2046,,10-Apr-2023,2023-06-09,GBP,3095.53,619.11,3714.64,3714.64,CC200,PAID
SI-2023-00786,SALES,C2005,,2023-04-07,2023-05-07,EUR,14933.69,0.0,14933.69,13416.67,CC220,Paid
SI-2023-00787,SALES,C2005,,11/04/2023,2023-05-11,EUR,12765.3,0.0,12765.3,11484.39,CC220,paid
SI-2023-00788,SALES,C2056,,18-Apr-2023,2023-07-17,GBP,3999.4,799.88,4799.28,4799.28,CC210,PAID 
SI-2023-00789,SALES,C2030,,2023-04-13,2023-05-13,GBP,23564.02,4712.8,28276.82,28276.82,CC200,PAID
SI-2023-00790,SALES,C2052,,05/04/2023,2023-05-05,EUR,2825.7,0.0,2825.7,2532.89,CC220,Paid
SI-2023-00791,SALES,C2036,,21-Apr-2023,2023-05-21,GBP,19836.07,3967.21,23803.28,23803.28,CC200,paid
SI-2023-00792,SALES,C2057,,2023-04-14,2023-07-13,USD,3905.09,0.0,3905.09,2931.8,CC220,PAID 
SI-2023-00793,SALES,C2035,,31/03/2023,2023-04-30,GBP,22613.06,4522.61,27135.67,27135.67,CC200,PAID
SI-2023-00794,SALES,C2000,,17-Apr-2023,2023-06-01,GBP,19639.35,3927.87,23567.22,23567.22,CC200,Paid
SI-2023-00795,SALES,C2050,,2023-04-07,2023-05-07,USD,5608.4,0.0,5608.4,4271.55,CC220,paid
PI-2023-00521,PURCHASE,,S3035,12/04/2023,2023-04-26,EUR,2482.37,0.0,2482.37,2234.69,CC300,PAID 
PI-2023-00522,PURCHASE,,S3036,31-Mar-2023,2023-05-30,GBP,2701.91,540.38,3242.29,3242.29,CC400,PAID
PI-2023-00523,PURCHASE,,S3031,2023-04-21,2023-06-20,GBP,12131.15,2426.23,14557.38,14557.38,CC220,Paid
PI-2023-00524,PURCHASE,,S3021,07/04/2023,2023-05-22,GBP,832.99,166.6,999.59,999.59,CC300,paid
PI-2023-00525,PURCHASE,,S3041,28-Apr-2023,2023-05-28,GBP,7239.85,1447.97,8687.82,8687.82,CC300,PAID 
PI-2023-00526,PURCHASE,,S3035,2023-04-06,2023-04-20,EUR,225.22,0.0,225.22,203.23,CC100,PAID
PI-2023-00527,PURCHASE,,S3007,21/04/2023,2023-05-21,EUR,1143.05,0.0,1143.05,1034.16,CC400,Paid
PI-2023-00528,PURCHASE,,S3010,05-Apr-2023,2023-05-05,GBP,1552.33,310.47,1862.8,1862.8,CC100,paid
PI-2023-00529,PURCHASE,,S3002,2023-04-25,2023-06-24,EUR,934.5,0.0,934.5,844.25,CC600,PAID 
PI-2023-00530,PURCHASE,,S3002,04/04/2023,2023-06-03,EUR,1463.58,0.0,1463.58,1303.01,CC600,PAID
PI-2023-00531,PURCHASE,,S3007,21-Apr-2023,2023-05-21,EUR,768.26,0.0,768.26,695.08,CC100,Paid
PI-2023-00532,PURCHASE,,S3007,2023-04-24,2023-05-24,EUR,909.65,0.0,909.65,823.84,CC400,paid
PI-2023-00533,PURCHASE,,S3012,18/04/2023,2023-05-18,GBP,1458.3,291.66,1749.96,1749.96,CC400,PAID 
PI-2023-00534,PURCHASE,,S3015,13-Apr-2023,2023-05-13,EUR,4552.43,0.0,4552.43,4106.78,CC300,PAID
PI-2023-00535,PURCHASE,,S3000,2023-04-28,2023-05-28,GBP,976.13,195.23,1171.36,1171.36,CC500,Paid
PI-2023-00536,PURCHASE,,S3001,06/04/2023,2023-05-06,GBP,20069.02,4013.8,24082.82,24082.82,CC400,paid
PI-2023-00537,PURCHASE,,S3003,26-Apr-2023,2023-05-26,EUR,8199.29,0.0,8199.29,7390.08,CC400,PAID 
PI-2023-00538,PURCHASE,,S3043,2023-04-05,2023-04-19,EUR,6209.69,0.0,6209.69,5566.22,CC600,PAID
PI-2023-00539,PURCHASE,,S3028,31/03/2023,2023-04-30,GBP,6325.57,1265.11,7590.68,7590.68,CC300,Paid
PI-2023-00540,PURCHASE,,S3015,31-Mar-2023,2023-04-30,EUR,1498.32,0.0,1498.32,1332.84,CC100,paid
PI-2023-00541,PURCHASE,,S3032,2023-04-05,2023-04-19,EUR,2354.74,0.0,2354.74,2110.73,CC600,PAID 
PI-2023-00542,PURCHASE,,S3014,18/04/2023,2023-05-02,GBP,1908.89,381.78,2290.67,2290.67,CC400,PAID
PI-2023-00543,PURCHASE,,S3040,19-Apr-2023,2023-05-03,EUR,15203.23,0.0,15203.23,13612.61,CC400,Paid
PI-2023-00544,PURCHASE,,S3025,2023-04-06,2023-05-06,EUR,1655.44,0.0,1655.44,1493.77,CC400,paid
PI-2023-00545,PURCHASE,,S3024,06/04/2023,2023-05-21,EUR,569.9,0.0,569.9,514.25,CC300,PAID 
PI-2023-00546,PURCHASE,,S3030,28-Apr-2023,2023-05-28,GBP,17820.89,3564.18,21385.07,21385.07,CC300,PAID
PI-2023-00547,PURCHASE,,S3022,2023-03-31,2023-05-30,EUR,12871.63,0.0,12871.63,11450.04,CC300,Paid
PI-2023-00548,PURCHASE,,S3021,20/04/2023,2023-06-04,GBP,977.7,195.54,1173.24,1173.24,CC500,paid
PI-2023-00549,PURCHASE,,S3026,17-Apr-2023,2023-05-17,GBP,4899.69,979.94,5879.63,5879.63,CC400,PAID 
PI-2023-00550,PURCHASE,,S3006,2023-03-31,2023-04-30,EUR,1748.29,0.0,1748.29,1555.2,CC300,PAID
PI-2023-00551,PURCHASE,,S3018,21/04/2023,2023-05-21,USD,1627.23,0.0,1627.23,1229.66,CC600,Paid
PI-2023-00552,PURCHASE,,S3033,31-Mar-2023,2023-05-30,GBP,1704.14,340.83,2044.97,2044.97,CC500,paid
PI-2023-00553,PURCHASE,,S3009,2023-04-19,2023-05-19,GBP,3485.24,697.05,4182.29,4182.29,CC600,PAID 
PI-2023-00554,PURCHASE,,S3023,31/03/2023,2023-04-30,USD,873.66,0.0,873.66,652.82,CC400,PAID
PI-2023-00555,PURCHASE,,S3027,21-Apr-2023,2023-05-05,EUR,5297.37,0.0,5297.37,4792.74,CC300,Paid
PI-2023-00556,PURCHASE,,S3022,2023-04-14,2023-06-13,EUR,777.35,0.0,777.35,697.46,CC210,paid
PI-2023-00557,PURCHASE,,S3042,12/04/2023,2023-05-12,GBP,809.03,161.81,970.84,970.84,CC300,PAID 
PI-2023-00558,PURCHASE,,S3035,14-Apr-2023,2023-04-28,EUR,1082.89,0.0,1082.89,971.61,CC300,PAID
SI-2023-00796,SALES,C2049,,2023-05-19,2023-06-02,GBP,6404.84,1280.97,7685.81,7685.81,CC200,Paid
SI-2023-00797,SALES,C2061,,08/05/2023,2023-06-07,GBP,10536.47,2107.29,12643.76,12643.76,CC210,paid
SI-2023-00798,SALES,C2025,,08-May-2023,2023-08-06,USD,6534.22,0.0,6534.22,4900.39,CC220,PAID 
SI-2023-00799,SALES,C2016,,2023-05-12,2023-06-11,GBP,10034.88,2006.98,12041.86,12041.86,CC200,PAID
SI-2023-00800,SALES,C2050,,04/05/2023,2023-06-03,USD,5604.09,0.0,5604.09,4210.85,CC220,Paid
SI-2023-00801,SALES,C2031,,02-May-2023,2023-07-01,GBP,40193.7,8038.74,48232.44,48232.44,CC210,paid
SI-2023-00802,SALES,C2021,,2023-05-11,2023-08-09,GBP,5246.56,1049.31,6295.87,6295.87,CC210,PAID 
SI-2023-00803,SALES,C2002,,19/05/2023,2023-07-18,EUR,3603.89,0.0,3603.89,3219.32,CC220,PAID
SI-2023-00804,SALES,C2015,,29-May-2023,2023-07-28,GBP,23340.46,4668.09,28008.55,28008.55,CC210,Paid
SI-2023-00805,SALES,C2058,,2023-05-23,2023-08-21,EUR,5039.24,0.0,5039.24,4518.64,CC220,paid
SI-2023-00806,SALES,C2024,,02/05/2023,2023-06-01,GBP,6452.84,1290.57,7743.41,7743.41,CC210,PAID 
SI-2023-00807,SALES,C2034,,23-May-2023,2023-06-06,EUR,24595.48,0.0,24595.48,22054.52,CC220,PAID
SI-2023-00808,SALES,C2008,,2023-05-19,2023-07-18,EUR,3757.76,0.0,3757.76,3356.77,CC220,Paid
SI-2023-00809,SALES,C2034,,19/05/2023,2023-06-02,EUR,13005.52,0.0,13005.52,11617.69,CC220,paid
SI-2023-00810,SALES,C2043,,05-May-2023,2023-06-04,EUR,1404.53,0.0,1404.53,1273.56,CC220,PAID 
SI-2023-00811,SALES,C2049,,2023-05-12,2023-05-26,GBP,4972.54,994.51,5967.05,5967.05,CC200,PAID
SI-2023-00812,SALES,C2015,,31/05/2023,2023-07-30,GBP,7575.22,1515.04,9090.26,9090.26,CC210,Paid
SI-2023-00813,SALES,C2056,,31-May-2023,2023-08-29,GBP,5285.36,1057.07,6342.43,6342.43,CC210,paid
SI-2023-00814,SALES,C2052,,2023-05-25,2023-06-24,EUR,6336.38,0.0,6336.38,5646.24,CC220,PAID 
SI-2023-00815,SALES,C2013,,12/05/2023,2023-06-26,GBP,32413.14,6482.63,38895.77,38895.77,CC200,PAID
SI-2023-00816,SALES,C2007,,24-May-2023,2023-06-23,GBP,3109.89,621.98,3731.87,3731.87,CC200,Paid
SI-2023-00817,SALES,C2001,,2023-05-10,2023-06-09,USD,4329.02,0.0,4329.02,3248.97,CC220,paid
SI-2023-00818,SALES,C2014,,29/05/2023,2023-07-28,EUR,26653.89,0.0,26653.89,23965.95,CC220,PAID 
SI-2023-00819,SALES,C2005,,05-May-2023,2023-06-04,EUR,6910.54,0.0,6910.54,6266.13,CC220,PAID
SI-2023-00820,SALES,C2011,,2023-05-19,2023-06-02,GBP,4842.58,968.52,5811.1,5811.1,CC200,Paid
SI-2023-00821,SALES,C2041,,19/05/2023,2023-06-18,GBP,5492.63,1098.53,6591.16,6591.16,CC210,paid
SI-2023-00822,SALES,C2056,,05-May-2023,2023-08-03,GBP,21705.52,4341.1,26046.62,26046.62,CC210,PAID 
SI-2023-00823,SALES,C2038,,2023-05-18,2023-06-17,GBP,4967.34,993.47,5960.81,5960.81,CC200,PAID
SI-2023-00824,SALES,C2043,,09/05/2023,2023-06-08,EUR,26823.92,0.0,26823.92,24276.64,CC220,Paid
SI-2023-00825,SALES,C2005,,05-May-2023,2023-06-04,EUR,2050.34,0.0,2050.34,1859.15,CC220,paid
SI-2023-00826,SALES,C2006,,2023-05-19,2023-06-18,GBP,1042.42,208.48,1250.9,1250.9,CC200,PAID 
SI-2023-00827,SALES,C2060,,15/05/2023,2023-06-14,EUR,15658.35,0.0,15658.35,14112.78,CC220,PAID
SI-2023-00828,SALES,C2001,,12-May-2023,2023-06-11,USD,4783.85,0.0,4783.85,3602.49,CC220,Paid
SI-2023-00829,SALES,C2036,,2023-05-26,2023-06-25,GBP,11182.29,2236.46,13418.75,13418.75,CC200,paid
SI-2023-00830,SALES,C2052,,12/05/2023,2023-06-11,EUR,4031.6,0.0,4031.6,3648.2,CC220,PAID 
SI-2023-00831,SALES,C2032,,10-May-2023,2023-06-09,GBP,25790.57,5158.11,30948.68,30948.68,CC200,PAID
SI-2023-00832,SALES,C2004,,2023-05-26,2023-07-10,GBP,7887.72,1577.54,9465.26,9465.26,CC210,Paid
SI-2023-00833,SALES,C2001,,05/05/2023,2023-06-04,USD,4569.21,0.0,4569.21,3424.8,CC220,paid
SI-2023-00834,SALES,C2052,,10-May-2023,2023-06-09,EUR,50680.65,0.0,50680.65,45832.08,CC220,PAID 
SI-2023-00835,SALES,C2017,,2023-05-10,2023-06-24,EUR,41296.04,0.0,41296.04,37345.29,CC220,PAID
SI-2023-00836,SALES,C2056,,10/05/2023,2023-08-08,GBP,39201.84,7840.37,47042.21,47042.21,CC210,Paid
SI-2023-00837,SALES,C2003,,12-May-2023,2023-06-26,EUR,14623.22,0.0,14623.22,13232.58,CC220,paid
SI-2023-00838,SALES,C2044,,2023-05-12,2023-07-11,GBP,9069.75,1813.95,10883.7,10883.7,CC200,PAID 
SI-2023-00839,SALES,C2007,,22/05/2023,2023-06-21,GBP,5130.31,1026.06,6156.37,6156.37,CC200,PAID
SI-2023-00840,SALES,C2050,,22-May-2023,2023-06-21,USD,12627.03,0.0,12627.03,9573.83,CC220,Paid
SI-2023-00841,SALES,C2030,,2023-05-26,2023-06-25,GBP,2602.15,520.43,3122.58,3122.58,CC200,paid
SI-2023-00842,SALES,C2044,,05/05/2023,2023-07-04,GBP,5162.6,1032.52,6195.12,6195.12,CC200,PAID 
SI-2023-00843,SALES,C2059,,17-May-2023,2023-06-16,EUR,145774.76,0.0,145774.76,130338.23,CC220,PAID
SI-2023-00844,SALES,C2001,,2023-05-15,2023-06-14,USD,16675.99,0.0,16675.99,12534.94,CC220,Paid
SI-2023-00845,SALES,C2007,,26/05/2023,2023-06-25,GBP,4462.41,892.48,5354.89,5354.89,CC200,paid
SI-2023-00846,SALES,C2050,,02-May-2023,2023-06-01,USD,9710.08,0.0,9710.08,7276.69,CC220,PAID 
SI-2023-00847,SALES,C2012,,2023-05-23,2023-07-22,EUR,3774.9,0.0,3774.9,3384.92,CC220,PAID
SI-2023-00848,SALES,C2031,,05/05/2023,2023-07-04,GBP,1620.35,324.07,1944.42,1944.42,CC210,Paid
PI-2023-00559,PURCHASE,,S3014,18-May-2023,2023-06-01,GBP,1595.29,319.06,1914.35,1914.35,CC100,paid
PI-2023-00560,PURCHASE,,S3008,2023-05-18,2023-07-17,GBP,2376.22,475.24,2851.46,2851.46,CC400,PAID 
PI-2023-00561,PURCHASE,,S3011,19/05/2023,2023-07-18,EUR,1236.56,0.0,1236.56,1104.61,CC100,PAID
PI-2023-00562,PURCHASE,,S3039,26-May-2023,2023-06-25,GBP,2348.35,469.67,2818.02,2818.02,CC400,Paid
PI-2023-00563,PURCHASE,,S3041,2023-05-22,2023-06-21,GBP,1222.96,244.59,1467.55,1467.55,CC400,paid
PI-2023-00564,PURCHASE,,S3008,22/05/2023,2023-07-21,GBP,1116.42,223.28,1339.7,1339.7,CC400,PAID 
PI-2023-00565,PURCHASE,,S3033,03-May-2023,2023-07-02,GBP,554.95,110.99,665.94,665.94,CC300,PAID
PI-2023-00566,PURCHASE,,S3025,2023-05-31,2023-06-30,EUR,1118.41,0.0,1118.41,1010.06,CC210,Paid
PI-2023-00567,PURCHASE,,S3028,03/05/2023,2023-06-02,GBP,9197.79,1839.56,11037.35,11037.35,CC300,paid
PI-2023-00568,PURCHASE,,S3027,24-May-2023,2023-06-07,EUR,9802.77,0.0,9802.77,8751.98,CC300,PAID 
PI-2023-00569,PURCHASE,,S3020,2023-05-12,2023-06-11,USD,812.85,0.0,812.85,612.12,CC500,PAID
PI-2023-00570,PURCHASE,,S3036,17/05/2023,2023-07-16,GBP,19756.16,3951.23,23707.39,23707.39,CC400,Paid
PI-2023-00571,PURCHASE,,S3038,19-May-2023,2023-06-18,GBP,6863.37,1372.67,8236.04,8236.04,CC400,paid
PI-2023-00572,PURCHASE,,S3042,2023-05-23,2023-06-22,GBP,2018.34,403.67,2422.01,2422.01,CC400,PAID 
PI-2023-00573,PURCHASE,,S3014,19/05/2023,2023-06-02,GBP,1619.45,323.89,1943.34,1943.34,CC220,PAID
PI-2023-00574,PURCHASE,,S3037,12-May-2023,2023-06-11,USD,3598.67,0.0,3598.67,2709.99,CC300,Paid
PI-2023-00575,PURCHASE,,S3002,2023-05-26,2023-07-25,EUR,532.23,0.0,532.23,474.93,CC100,paid
PI-2023-00576,PURCHASE,,S3023,18/05/2023,2023-06-17,USD,2818.99,0.0,2818.99,2138.61,CC200,PAID 
PI-2023-00577,PURCHASE,,S3024,12-May-2023,2023-06-26,EUR,1435.04,0.0,1435.04,1298.57,CC300,PAID
PI-2023-00578,PURCHASE,,S3017,2023-05-12,2023-06-26,GBP,2635.05,527.01,3162.06,3162.06,CC100,Paid
PI-2023-00579,PURCHASE,,S3021,03/05/2023,2023-06-17,GBP,2429.94,485.99,2915.93,2915.93,CC400,paid
PI-2023-00580,PURCHASE,,S3043,24-May-2023,2023-06-07,EUR,1419.42,0.0,1419.42,1267.27,CC220,PAID 
PI-2023-00581,PURCHASE,,S3009,2023-05-05,2023-06-04,GBP,2454.39,490.88,2945.27,2945.27,CC300,PAID
PI-2023-00582,PURCHASE,,S3041,03/05/2023,2023-06-02,GBP,1297.47,259.49,1556.96,1556.96,CC300,Paid
PI-2023-00583,PURCHASE,,S3039,12-May-2023,2023-06-11,GBP,2436.77,487.35,2924.12,2924.12,CC400,paid
PI-2023-00584,PURCHASE,,S3042,2023-05-11,2023-06-10,GBP,1735.49,347.1,2082.59,2082.59,CC400,PAID 
PI-2023-00585,PURCHASE,,S3018,24/05/2023,2023-06-23,USD,1260.79,0.0,1260.79,956.46,CC600,PAID
PI-2023-00586,PURCHASE,,S3037,04-May-2023,2023-06-03,USD,1549.5,0.0,1549.5,1164.28,CC100,Paid
PI-2023-00587,PURCHASE,,S3007,2023-05-10,2023-06-09,EUR,1470.4,0.0,1470.4,1329.73,CC400,paid
PI-2023-00588,PURCHASE,,S3011,15/05/2023,2023-07-14,EUR,5852.38,0.0,5852.38,5274.71,CC300,PAID 
PI-2023-00589,PURCHASE,,S3010,25-May-2023,2023-06-24,GBP,589.85,117.97,707.82,707.82,CC210,PAID
PI-2023-00590,PURCHASE,,S3028,2023-05-03,2023-06-02,GBP,73495.35,14699.07,88194.42,88194.42,CC300,Paid
PI-2023-00591,PURCHASE,,S3026,11/05/2023,2023-06-10,GBP,2091.67,418.33,2510.0,2510.0,CC100,paid
PI-2023-00592,PURCHASE,,S3036,26-May-2023,2023-07-25,GBP,4181.16,836.23,5017.39,5017.39,CC200,PAID 
PI-2023-00593,PURCHASE,,S3007,2023-05-18,2023-06-17,EUR,3881.66,0.0,3881.66,3479.33,CC100,PAID
PI-2023-00594,PURCHASE,,S3004,19/05/2023,2023-06-18,GBP,150.79,30.16,180.95,180.95,CC600,Paid
PI-2023-00595,PURCHASE,,S3031,26-May-2023,2023-07-25,GBP,575.7,115.14,690.84,690.84,CC300,paid
SI-2023-00849,SALES,C2030,,2023-06-23,2023-07-23,GBP,9874.47,1974.89,11849.36,11849.36,CC200,PAID 
SI-2023-00850,SALES,C2044,,09/06/2023,2023-08-08,GBP,19173.21,3834.64,23007.85,23007.85,CC200,PAID
SI-2023-00851,SALES,C2044,,13-Jun-2023,2023-08-12,GBP,2523.17,504.63,3027.8,3027.8,CC200,Paid
SI-2023-00852,SALES,C2008,,2023-06-19,2023-08-18,EUR,8486.71,0.0,8486.71,7597.75,CC220,paid
SI-2023-00853,SALES,C2025,,15/06/2023,2023-09-13,USD,14557.56,0.0,14557.56,10914.6,CC220,PAID 
SI-2023-00854,SALES,C2026,,01-Jun-2023,2023-07-01,GBP,8546.09,1709.22,10255.31,10255.31,CC210,PAID
SI-2023-00855,SALES,C2025,,2023-06-09,2023-09-07,USD,44647.11,0.0,44647.11,33770.58,CC220,Paid
SI-2023-00856,SALES,C2017,,16/06/2023,2023-07-31,EUR,7854.51,0.0,7854.51,7035.18,CC220,paid
SI-2023-00857,SALES,C2030,,30-Jun-2023,2023-07-30,GBP,4755.69,951.14,5706.83,5706.83,CC200,PAID 
SI-2023-00858,SALES,C2051,,2023-06-02,2023-07-17,USD,8390.99,0.0,8390.99,6344.78,CC220,PAID
SI-2023-00859,SALES,C2028,,19/06/2023,2023-07-03,GBP,32454.82,6490.96,38945.78,38945.78,CC200,Paid
SI-2023-00860,SALES,C2048,,09-Jun-2023,2023-06-23,GBP,6637.98,1327.6,7965.58,7965.58,CC200,paid
SI-2023-00861,SALES,C2024,,2023-06-02,2023-07-02,GBP,5249.39,1049.88,6299.27,6299.27,CC210,PAID 
SI-2023-00862,SALES,C2022,,30/06/2023,2023-07-30,GBP,1508.06,301.61,1809.67,1809.67,CC210,PAID
SI-2023-00863,SALES,C2056,,16-Jun-2023,2023-09-14,GBP,4183.58,836.72,5020.3,5020.3,CC210,Paid
SI-2023-00864,SALES,C2019,,2023-06-16,2023-09-14,EUR,6294.1,0.0,6294.1,5637.54,CC220,paid
SI-2023-00865,SALES,C2027,,30/06/2023,2023-07-14,EUR,8330.57,0.0,8330.57,7462.76,CC220,PAID 
SI-2023-00866,SALES,C2013,,09-Jun-2023,2023-07-24,GBP,8013.8,1602.76,9616.56,9616.56,CC200,PAID
SI-2023-00867,SALES,C2044,,2023-06-06,2023-08-05,GBP,13632.91,2726.58,16359.49,16359.49,CC200,Paid
SI-2023-00868,SALES,C2051,,16/06/2023,2023-07-31,USD,28931.14,0.0,28931.14,21715.83,CC220,paid
SI-2023-00869,SALES,C2008,,05-Jun-2023,2023-08-04,EUR,9113.97,0.0,9113.97,8268.91,CC220,PAID 
SI-2023-00870,SALES,C2026,,2023-06-09,2023-07-09,GBP,10502.73,2100.55,12603.28,12603.28,CC210,PAID
SI-2023-00871,SALES,C2009,,27/06/2023,2023-09-25,GBP,3984.6,796.92,4781.52,4781.52,CC200,Paid
SI-2023-00872,SALES,C2027,,23-Jun-2023,2023-07-07,EUR,9886.9,0.0,9886.9,8844.12,CC220,paid
SI-2023-00873,SALES,C2036,,2023-06-09,2023-07-09,GBP,12745.59,2549.12,15294.71,15294.71,CC200,PAID 
SI-2023-00874,SALES,C2061,,01/06/2023,2023-07-01,GBP,4719.63,943.93,5663.56,5663.56,CC210,PAID
SI-2023-00875,SALES,C2022,,26-Jun-2023,2023-07-26,GBP,5484.18,1096.84,6581.02,6581.02,CC210,Paid
SI-2023-00876,SALES,C2023,,2023-06-21,2023-07-21,GBP,11691.49,2338.3,14029.79,14029.79,CC200,paid
SI-2023-00877,SALES,C2047,,23/06/2023,2023-07-07,GBP,17674.28,3534.86,21209.14,21209.14,CC200,PAID 
SI-2023-00878,SALES,C2004,,21-Jun-2023,2023-08-05,GBP,2621.04,524.21,3145.25,3145.25,CC210,PAID
SI-2023-00879,SALES,C2024,,2023-06-05,2023-07-05,GBP,13537.58,2707.52,16245.1,16245.1,CC210,Paid
SI-2023-00880,SALES,C2055,,29/06/2023,2023-09-27,GBP,10784.49,2156.9,12941.39,12941.39,CC200,paid
SI-2023-00881,SALES,C2061,,28-Jun-2023,2023-07-28,GBP,12544.18,2508.84,15053.02,15053.02,CC210,PAID 
SI-2023-00882,SALES,C2021,,2023-06-09,2023-09-07,GBP,22993.52,4598.7,27592.22,27592.22,CC210,PAID
SI-2023-00883,SALES,C2017,,16/06/2023,2023-07-31,EUR,9721.93,0.0,9721.93,8707.81,CC220,Paid
SI-2023-00884,SALES,C2005,,29-Jun-2023,2023-07-29,EUR,1762.69,0.0,1762.69,1577.73,CC220,paid
SI-2023-00885,SALES,C2018,,2023-06-23,2023-08-07,EUR,9180.96,0.0,9180.96,8212.63,CC220,PAID 
SI-2023-00886,SALES,C2000,,02/06/2023,2023-07-17,GBP,1969.77,393.95,2363.72,2363.72,CC200,PAID
SI-2023-00887,SALES,C2007,,09-Jun-2023,2023-07-09,GBP,9627.34,1925.47,11552.81,11552.81,CC200,Paid
SI-2023-00888,SALES,C2017,,2023-06-09,2023-07-24,EUR,10049.34,0.0,10049.34,9202.73,CC220,paid
SI-2023-00889,SALES,C2030,,29/06/2023,2023-07-29,GBP,4160.55,832.11,4992.66,4992.66,CC200,PAID 
SI-2023-00890,SALES,C2052,,23-Jun-2023,2023-07-23,EUR,25792.51,0.0,25792.51,23072.15,CC220,PAID
SI-2023-00891,SALES,C2022,,2023-06-30,2023-07-30,GBP,12130.27,2426.05,14556.32,14556.32,CC210,Paid
SI-2023-00892,SALES,C2008,,23/06/2023,2023-08-22,EUR,4401.29,0.0,4401.29,3937.08,CC220,paid
SI-2023-00893,SALES,C2042,,09-Jun-2023,2023-08-08,GBP,5233.08,1046.62,6279.7,6279.7,CC210,PAID 
SI-2023-00894,SALES,C2044,,2023-06-21,2023-08-20,GBP,10283.46,2056.69,12340.15,12340.15,CC200,PAID
SI-2023-00895,SALES,C2004,,14/06/2023,2023-07-29,GBP,3294.17,658.83,3953.0,3953.0,CC210,Paid
SI-2023-00896,SALES,C2043,,06-Jun-2023,2023-07-06,EUR,8130.06,0.0,8130.06,7429.53,CC220,paid
SI-2023-00897,SALES,C2016,,2023-06-21,2023-07-21,GBP,5745.25,1149.05,6894.3,6894.3,CC200,PAID 
SI-2023-00898,SALES,C2040,,02/06/2023,2023-07-02,GBP,14551.95,2910.39,17462.34,17462.34,CC200,PAID
SI-2023-00899,SALES,C2055,,01-Jun-2023,2023-08-30,GBP,4386.51,877.3,5263.81,5263.81,CC200,Paid
SI-2023-00900,SALES,C2013,,2023-06-02,2023-07-17,GBP,9209.14,1841.83,11050.97,11050.97,CC200,paid
SI-2023-00901,SALES,C2059,,16/06/2023,2023-07-16,EUR,4195.73,0.0,4195.73,3758.06,CC220,PAID 
SI-2023-00902,SALES,C2014,,26-Jun-2023,2023-08-25,EUR,5632.79,0.0,5632.79,5020.78,CC220,PAID
SI-2023-00903,SALES,C2003,,2023-06-13,2023-07-28,EUR,16693.18,0.0,16693.18,15140.58,CC220,Paid
PI-2023-00596,PURCHASE,,S3003,23/06/2023,2023-07-23,EUR,3211.75,0.0,3211.75,2873.0,CC400,paid
PI-2023-00597,PURCHASE,,S3040,29-Jun-2023,2023-07-13,EUR,11298.16,0.0,11298.16,10112.66,CC400,PAID 
PI-2023-00598,PURCHASE,,S3003,2023-06-26,2023-07-26,EUR,1922.63,0.0,1922.63,1713.73,CC100,PAID
PI-2023-00599,PURCHASE,,S3035,23/06/2023,2023-07-07,EUR,9487.02,0.0,9487.02,8486.41,CC300,Paid
PI-2023-00600,PURCHASE,,S3043,12-Jun-2023,2023-06-26,EUR,3439.42,0.0,3439.42,3127.52,CC500,paid
PI-2023-00601,PURCHASE,,S3012,2023-06-22,2023-07-22,GBP,787.57,157.51,945.08,945.08,CC600,PAID 
PI-2023-00602,PURCHASE,,S3039,02/06/2023,2023-07-02,GBP,4128.23,825.65,4953.88,4953.88,CC100,PAID
PI-2023-00603,PURCHASE,,S3024,23-Jun-2023,2023-08-07,EUR,2043.14,0.0,2043.14,1827.65,CC300,Paid
PI-2023-00604,PURCHASE,,S3019,2023-06-16,2023-07-16,EUR,1055.26,0.0,1055.26,945.18,CC400,paid
PI-2023-00605,PURCHASE,,S3042,06/06/2023,2023-07-06,GBP,1315.37,263.07,1578.44,1578.44,CC220,PAID 
PI-2023-00606,PURCHASE,,S3013,20-Jun-2023,2023-07-04,GBP,606.02,121.2,727.22,727.22,CC300,PAID
PI-2023-00607,PURCHASE,,S3043,2023-06-29,2023-07-13,EUR,646.12,0.0,646.12,578.32,CC600,Paid
PI-2023-00608,PURCHASE,,S3040,16/06/2023,2023-06-30,EUR,1169.14,0.0,1169.14,1047.18,CC300,paid
PI-2023-00609,PURCHASE,,S3036,21-Jun-2023,2023-08-20,GBP,19346.23,3869.25,23215.48,23215.48,CC300,PAID 
PI-2023-00610,PURCHASE,,S3009,2023-06-02,2023-07-02,GBP,2379.04,475.81,2854.85,2854.85,CC300,PAID
PI-2023-00611,PURCHASE,,S3013,29/06/2023,2023-07-13,GBP,2323.81,464.76,2788.57,2788.57,CC220,Paid
PI-2023-00612,PURCHASE,,S3021,16-Jun-2023,2023-07-31,GBP,27633.77,5526.75,33160.52,33160.52,CC300,paid
PI-2023-00613,PURCHASE,,S3007,2023-06-16,2023-07-16,EUR,4770.98,0.0,4770.98,4273.3,CC300,PAID 
PI-2023-00614,PURCHASE,,S3010,05/06/2023,2023-07-05,GBP,2482.62,496.52,2979.14,2979.14,CC600,PAID
PI-2023-00615,PURCHASE,,S3044,14-Jun-2023,2023-08-13,EUR,368.76,0.0,368.76,333.12,CC300,Paid
PI-2023-00616,PURCHASE,,S3014,2023-06-16,2023-06-30,GBP,3501.24,700.25,4201.49,4201.49,CC300,paid
PI-2023-00617,PURCHASE,,S3029,21/06/2023,2023-07-21,EUR,6628.25,0.0,6628.25,5936.76,CC400,PAID 
PI-2023-00618,PURCHASE,,S3004,23-Jun-2023,2023-07-23,GBP,647.33,129.47,776.8,776.8,CC400,PAID
PI-2023-00619,PURCHASE,,S3045,2023-06-16,2023-07-31,GBP,883.55,176.71,1060.26,1060.26,CC600,Paid
PI-2023-00620,PURCHASE,,S3003,23/06/2023,2023-07-23,EUR,1163.4,0.0,1163.4,1040.7,CC300,paid
PI-2023-00621,PURCHASE,,S3023,05-Jun-2023,2023-07-05,USD,3330.85,0.0,3330.85,2524.0,CC100,PAID 
PI-2023-00622,PURCHASE,,S3035,2023-06-09,2023-06-23,EUR,535.02,0.0,535.02,489.95,CC600,PAID
PI-2023-00623,PURCHASE,,S3028,26/06/2023,2023-07-26,GBP,10797.5,2159.5,12957.0,12957.0,CC500,Paid
PI-2023-00624,PURCHASE,,S3034,23-Jun-2023,2023-07-23,GBP,59589.53,11917.91,71507.44,71507.44,CC400,paid
PI-2023-00625,PURCHASE,,S3045,2023-06-20,2023-08-04,GBP,2383.12,476.62,2859.74,2859.74,CC300,PAID 
PI-2023-00626,PURCHASE,,S3025,06/06/2023,2023-07-06,EUR,3616.56,0.0,3616.56,3304.94,CC300,PAID
PI-2023-00627,PURCHASE,,S3037,13-Jun-2023,2023-07-13,USD,2730.67,0.0,2730.67,2052.98,CC300,Paid
PI-2023-00628,PURCHASE,,S3006,2023-06-01,2023-07-01,EUR,2474.6,0.0,2474.6,2234.27,CC100,paid
PI-2023-00629,PURCHASE,,S3024,16/06/2023,2023-07-31,EUR,1615.93,0.0,1615.93,1447.37,CC300,PAID 
PI-2023-00630,PURCHASE,,S3029,09-Jun-2023,2023-07-09,EUR,8267.17,0.0,8267.17,7570.7,CC300,PAID
SI-2023-00904,SALES,C2014,,2023-07-07,2023-09-05,EUR,16710.77,0.0,16710.77,15071.48,CC220,Paid
SI-2023-00905,SALES,C2006,,26/07/2023,2023-08-25,GBP,13939.8,2787.96,16727.76,16727.76,CC200,paid
SI-2023-00906,SALES,C2039,,20-Jul-2023,2023-08-03,EUR,13311.53,0.0,13311.53,11874.6,CC220,PAID 
SI-2023-00907,SALES,C2056,,2023-07-28,2023-10-26,GBP,16492.41,3298.48,19790.89,19790.89,CC210,PAID
SI-2023-00908,SALES,C2014,,21/07/2023,2023-09-19,EUR,4812.08,0.0,4812.08,4282.05,CC220,Paid
SI-2023-00909,SALES,C2044,,11-Jul-2023,2023-09-09,GBP,22094.13,4418.83,26512.96,26512.96,CC200,paid
SI-2023-00910,SALES,C2030,,2023-06-30,2023-07-30,GBP,9053.23,1810.65,10863.88,10863.88,CC200,PAID 
SI-2023-00911,SALES,C2032,,17/07/2023,2023-08-16,GBP,12128.03,2425.61,14553.64,14553.64,CC200,PAID
SI-2023-00912,SALES,C2059,,28-Jul-2023,2023-08-27,EUR,9503.1,0.0,9503.1,8490.48,CC220,Paid
SI-2023-00913,SALES,C2000,,2023-07-25,2023-09-08,GBP,23950.38,4790.08,28740.46,28740.46,CC200,paid
SI-2023-00914,SALES,C2024,,28/07/2023,2023-08-27,GBP,4513.22,902.64,5415.86,5415.86,CC210,PAID 
SI-2023-00915,SALES,C2008,,05-Jul-2023,2023-09-03,EUR,9633.72,0.0,9633.72,8637.73,CC220,PAID
SI-2023-00916,SALES,C2026,,2023-07-19,2023-08-18,GBP,18527.31,3705.46,22232.77,22232.77,CC210,Paid
SI-2023-00917,SALES,C2019,,03/07/2023,2023-10-01,EUR,14847.06,0.0,14847.06,13401.71,CC220,paid
SI-2023-00918,SALES,C2024,,27-Jul-2023,2023-08-26,GBP,20554.03,4110.81,24664.84,24664.84,CC210,PAID 
SI-2023-00919,SALES,C2054,,2023-07-06,2023-08-05,GBP,10080.79,2016.16,12096.95,12096.95,CC210,PAID
SI-2023-00920,SALES,C2026,,05/07/2023,2023-08-04,GBP,13129.55,2625.91,15755.46,15755.46,CC210,Paid
SI-2023-00921,SALES,C2015,,30-Jun-2023,2023-08-29,GBP,8869.98,1774.0,10643.98,10643.98,CC210,paid
SI-2023-00922,SALES,C2010,,2023-07-21,2023-08-20,GBP,1527.79,305.56,1833.35,1833.35,CC200,PAID 
SI-2023-00923,SALES,C2044,,14/07/2023,2023-09-12,GBP,3842.18,768.44,4610.62,4610.62,CC200,PAID
SI-2023-00924,SALES,C2051,,21-Jul-2023,2023-09-04,USD,25009.61,0.0,25009.61,18562.51,CC220,Paid
SI-2023-00925,SALES,C2055,,2023-07-07,2023-10-05,GBP,5848.9,1169.78,7018.68,7018.68,CC200,paid
SI-2023-00926,SALES,C2005,,31/07/2023,2023-08-30,EUR,1685.47,0.0,1685.47,1508.89,CC220,PAID 
SI-2023-00927,SALES,C2004,,05-Jul-2023,2023-08-19,GBP,4992.12,998.42,5990.54,5990.54,CC210,PAID
SI-2023-00928,SALES,C2038,,2023-07-18,2023-08-17,GBP,3280.31,656.06,3936.37,3936.37,CC200,Paid
SI-2023-00929,SALES,C2015,,07/07/2023,2023-09-05,GBP,11327.85,2265.57,13593.42,13593.42,CC210,paid
SI-2023-00930,SALES,C2008,,07-Jul-2023,2023-09-05,EUR,10224.27,0.0,10224.27,9221.29,CC220,PAID 
SI-2023-00931,SALES,C2044,,2023-07-25,2023-09-23,GBP,17305.96,3461.19,20767.15,20767.15,CC200,PAID
SI-2023-00932,SALES,C2042,,21/07/2023,2023-09-19,GBP,7257.07,1451.41,8708.48,8708.48,CC210,Paid
SI-2023-00933,SALES,C2057,,20-Jul-2023,2023-10-18,USD,17300.06,0.0,17300.06,12882.23,CC220,paid
SI-2023-00934,SALES,C2031,,2023-07-14,2023-09-12,GBP,27925.07,5585.01,33510.08,33510.08,CC210,PAID 
SI-2023-00935,SALES,C2054,,18/07/2023,2023-08-17,GBP,13299.25,2659.85,15959.1,15959.1,CC210,PAID
SI-2023-00936,SALES,C2044,,13-Jul-2023,2023-09-11,GBP,3358.07,671.61,4029.68,4029.68,CC200,Paid
SI-2023-00937,SALES,C2021,,2023-07-19,2023-10-17,GBP,7387.39,1477.48,8864.87,8864.87,CC210,paid
SI-2023-00938,SALES,C2041,,25/07/2023,2023-08-24,GBP,10106.94,2021.39,12128.33,12128.33,CC210,PAID 
SI-2023-00939,SALES,C2013,,25-Jul-2023,2023-09-08,GBP,8428.24,1685.65,10113.89,10113.89,CC200,PAID
SI-2023-00940,SALES,C2020,,2023-07-28,2023-09-11,GBP,8002.73,1600.55,9603.28,9603.28,CC210,Paid
SI-2023-00941,SALES,C2012,,14/07/2023,2023-09-12,EUR,7187.61,0.0,7187.61,6403.0,CC220,paid
SI-2023-00942,SALES,C2058,,25-Jul-2023,2023-10-23,EUR,3404.8,0.0,3404.8,3021.41,CC220,PAID 
SI-2023-00943,SALES,C2025,,2023-07-12,2023-10-10,USD,17970.02,0.0,17970.02,13516.19,CC220,PAID
SI-2023-00944,SALES,C2027,,05/07/2023,2023-07-19,EUR,15883.39,0.0,15883.39,14241.27,CC220,Paid
SI-2023-00945,SALES,C2045,,31-Jul-2023,2023-09-14,GBP,5284.34,1056.87,6341.21,6341.21,CC200,paid
SI-2023-00946,SALES,C2003,,2023-07-07,2023-08-21,EUR,14230.88,0.0,14230.88,12834.86,CC220,PAID 
SI-2023-00947,SALES,C2027,,20/07/2023,2023-08-03,EUR,9742.49,0.0,9742.49,8690.83,CC220,PAID
SI-2023-00948,SALES,C2030,,14-Jul-2023,2023-08-13,GBP,1095.58,219.12,1314.7,1314.7,CC200,Paid
PI-2023-00631,PURCHASE,,S3006,2023-07-13,2023-08-12,EUR,4585.65,0.0,4585.65,4090.36,CC100,paid
PI-2023-00632,PURCHASE,,S3001,31/07/2023,2023-08-30,GBP,13410.08,2682.02,16092.1,16092.1,CC400,PAID 
PI-2023-00633,PURCHASE,,S3005,20-Jul-2023,2023-09-03,GBP,983.14,196.63,1179.77,1179.77,CC400,PAID
PI-2023-00634,PURCHASE,,S3002,2023-07-31,2023-09-29,EUR,4428.86,0.0,4428.86,3964.87,CC300,Paid
PI-2023-00635,PURCHASE,,S3014,28/07/2023,2023-08-11,GBP,25873.48,5174.7,31048.18,31048.18,CC400,paid
PI-2023-00636,PURCHASE,,S3027,26-Jul-2023,2023-08-09,EUR,14609.04,0.0,14609.04,13047.07,CC300,PAID 
PI-2023-00637,PURCHASE,,S3014,2023-07-06,2023-07-20,GBP,2302.43,460.49,2762.92,2762.92,CC210,PAID
PI-2023-00638,PURCHASE,,S3042,17/07/2023,2023-08-16,GBP,1375.72,275.14,1650.86,1650.86,CC100,Paid
PI-2023-00639,PURCHASE,,S3035,18-Jul-2023,2023-08-01,EUR,418.08,0.0,418.08,373.07,CC300,paid
PI-2023-00640,PURCHASE,,S3002,2023-07-05,2023-09-03,EUR,1069.64,0.0,1069.64,959.05,CC100,PAID 
PI-2023-00641,PURCHASE,,S3002,12/07/2023,2023-09-10,EUR,1344.62,0.0,1344.62,1209.4,CC100,PAID
PI-2023-00642,PURCHASE,,S3034,07-Jul-2023,2023-08-06,GBP,375.75,75.15,450.9,450.9,CC210,Paid
PI-2023-00643,PURCHASE,,S3005,2023-07-20,2023-09-03,GBP,4254.19,850.84,5105.03,5105.03,CC400,paid
PI-2023-00644,PURCHASE,,S3019,20/07/2023,2023-08-19,EUR,1846.99,0.0,1846.99,1647.61,CC100,PAID 
PI-2023-00645,PURCHASE,,S3013,27-Jul-2023,2023-08-10,GBP,1718.43,343.69,2062.12,2062.12,CC100,PAID
PI-2023-00646,PURCHASE,,S3022,2023-07-07,2023-09-05,EUR,2227.58,0.0,2227.58,2009.06,CC400,Paid
PI-2023-00647,PURCHASE,,S3011,26/07/2023,2023-09-24,EUR,1271.92,0.0,1271.92,1135.93,CC400,paid
PI-2023-00648,PURCHASE,,S3016,11-Jul-2023,2023-07-25,EUR,2086.61,0.0,2086.61,1877.33,CC300,PAID 
PI-2023-00649,PURCHASE,,S3001,2023-07-19,2023-08-18,GBP,1856.25,371.25,2227.5,2227.5,CC500,PAID
PI-2023-00650,PURCHASE,,S3020,14/07/2023,2023-08-13,USD,761.31,0.0,761.31,572.07,CC300,Paid
PI-2023-00651,PURCHASE,,S3005,17-Jul-2023,2023-08-31,GBP,996.18,199.24,1195.42,1195.42,CC600,paid
PI-2023-00652,PURCHASE,,S3008,2023-07-21,2023-09-19,GBP,964.68,192.94,1157.62,1157.62,CC400,PAID 
PI-2023-00653,PURCHASE,,S3036,20/07/2023,2023-09-18,GBP,5989.17,1197.83,7187.0,7187.0,CC400,PAID
PI-2023-00654,PURCHASE,,S3008,30-Jun-2023,2023-08-29,GBP,13626.55,2725.31,16351.86,16351.86,CC300,Paid
PI-2023-00655,PURCHASE,,S3039,2023-06-30,2023-07-30,GBP,21475.57,4295.11,25770.68,25770.68,CC300,paid
PI-2023-00656,PURCHASE,,S3009,21/07/2023,2023-08-20,GBP,1890.25,378.05,2268.3,2268.3,CC600,PAID 
PI-2023-00657,PURCHASE,,S3027,07-Jul-2023,2023-07-21,EUR,845.65,0.0,845.65,762.69,CC100,PAID
PI-2023-00658,PURCHASE,,S3031,2023-07-06,2023-09-04,GBP,3003.09,600.62,3603.71,3603.71,CC300,Paid
PI-2023-00659,PURCHASE,,S3030,07/07/2023,2023-08-06,GBP,7419.79,1483.96,8903.75,8903.75,CC300,paid
PI-2023-00660,PURCHASE,,S3043,28-Jul-2023,2023-08-11,EUR,2047.6,0.0,2047.6,1829.41,CC100,PAID 
PI-2023-00661,PURCHASE,,S3027,2023-07-31,2023-08-14,EUR,4962.05,0.0,4962.05,4442.2,CC300,PAID
PI-2023-00662,PURCHASE,,S3010,21/07/2023,2023-08-20,GBP,2311.3,462.26,2773.56,2773.56,CC400,Paid
PI-2023-00663,PURCHASE,,S3008,18-Jul-2023,2023-09-16,GBP,5286.52,1057.3,6343.82,6343.82,CC100,paid
PI-2023-00664,PURCHASE,,S3044,2023-07-14,2023-09-12,EUR,7358.46,0.0,7358.46,6555.2,CC300,PAID 
PI-2023-00665,PURCHASE,,S3025,10/07/2023,2023-08-09,EUR,7924.31,0.0,7924.31,7130.61,CC300,PAID
PI-2023-00666,PURCHASE,,S3021,24-Jul-2023,2023-09-07,GBP,502.75,100.55,603.3,603.3,CC300,Paid
PI-2023-00667,PURCHASE,,S3038,2023-07-07,2023-08-06,GBP,7159.2,1431.84,8591.04,8591.04,CC400,paid
PI-2023-00668,PURCHASE,,S3007,07/07/2023,2023-08-06,EUR,12473.68,0.0,12473.68,11250.04,CC300,PAID 
PI-2023-00669,PURCHASE,,S3020,31-Jul-2023,2023-08-30,USD,641.63,0.0,641.63,477.26,CC100,PAID
PI-2023-00670,PURCHASE,,S3042,2023-07-03,2023-08-02,GBP,960.67,192.13,1152.8,1152.8,CC300,Paid
PI-2023-00671,PURCHASE,,S3023,07/07/2023,2023-08-06,USD,907.96,0.0,907.96,685.88,CC400,paid
SI-2023-00949,SALES,C2027,,08-Aug-2023,2023-08-22,EUR,3556.46,0.0,3556.46,3141.09,CC220,PAID 
SI-2023-00950,SALES,C2012,,2023-08-23,2023-10-22,EUR,4927.12,0.0,4927.12,4311.81,CC220,PAID
SI-2023-00951,SALES,C2011,,25/08/2023,2023-09-08,GBP,9439.18,1887.84,11327.02,11327.02,CC200,Paid
SI-2023-00952,SALES,C2007,,11-Aug-2023,2023-09-10,GBP,5657.86,1131.57,6789.43,6789.43,CC200,paid
SI-2023-00953,SALES,C2049,,2023-08-03,2023-08-17,GBP,10670.07,2134.01,12804.08,12804.08,CC200,PAID 
SI-2023-00954,SALES,C2018,,15/08/2023,2023-09-29,EUR,10074.49,0.0,10074.49,8885.66,CC220,PAID
SI-2023-00955,SALES,C2023,,29-Aug-2023,2023-09-28,GBP,35088.72,7017.74,42106.46,42106.46,CC200,Paid
SI-2023-00956,SALES,C2059,,2023-08-28,2023-09-27,EUR,5004.11,0.0,5004.11,4421.82,CC220,paid
SI-2023-00957,SALES,C2036,,18/08/2023,2023-09-17,GBP,11476.0,2295.2,13771.2,13771.2,CC200,PAID 
SI-2023-00958,SALES,C2036,,24-Aug-2023,2023-09-23,GBP,13246.12,2649.22,15895.34,15895.34,CC200,PAID
SI-2023-00959,SALES,C2038,,2023-08-11,2023-09-10,GBP,9770.06,1954.01,11724.07,11724.07,CC200,Paid
SI-2023-00960,SALES,C2023,,25/08/2023,2023-09-24,GBP,5707.15,1141.43,6848.58,6848.58,CC200,paid
SI-2023-00961,SALES,C2034,,04-Aug-2023,2023-08-18,EUR,17244.48,0.0,17244.48,15168.59,CC220,PAID 
SI-2023-00962,SALES,C2003,,2023-08-25,2023-10-09,EUR,5482.59,0.0,5482.59,4798.92,CC220,PAID
SI-2023-00963,SALES,C2019,,09/08/2023,2023-11-07,EUR,3554.19,0.0,3554.19,3141.27,CC220,Paid
SI-2023-00964,SALES,C2001,,07-Aug-2023,2023-09-06,USD,3522.07,0.0,3522.07,2619.16,CC220,paid
SI-2023-00965,SALES,C2036,,2023-08-30,2023-09-29,GBP,18153.53,3630.71,21784.24,21784.24,CC200,PAID 
SI-2023-00966,SALES,C2014,,25/08/2023,2023-10-24,EUR,3901.07,0.0,3901.07,3414.61,CC220,PAID
SI-2023-00967,SALES,C2055,,02-Aug-2023,2023-10-31,GBP,6460.29,1292.06,7752.35,7752.35,CC200,Paid
SI-2023-00968,SALES,C2048,,2023-08-18,2023-09-01,GBP,1064.24,212.85,1277.09,1277.09,CC200,paid
SI-2023-00969,SALES,C2050,,04/08/2023,2023-09-03,USD,19661.23,0.0,19661.23,14706.74,CC220,PAID 
SI-2023-00970,SALES,C2012,,11-Aug-2023,2023-10-10,EUR,6857.88,0.0,6857.88,6098.25,CC220,PAID
SI-2023-00971,SALES,C2049,,2023-08-11,2023-08-25,GBP,4885.56,977.11,5862.67,5862.67,CC200,Paid
SI-2023-00972,SALES,C2013,,02/08/2023,2023-09-16,GBP,10812.86,2162.57,12975.43,12975.43,CC200,paid
SI-2023-00973,SALES,C2028,,24-Aug-2023,2023-09-07,GBP,4429.62,885.92,5315.54,5315.54,CC200,PAID 
SI-2023-00974,SALES,C2027,,2023-08-01,2023-08-15,EUR,11266.84,0.0,11266.84,10033.71,CC220,PAID
SI-2023-00975,SALES,C2015,,31/08/2023,2023-10-30,GBP,18071.22,3614.24,21685.46,21685.46,CC210,Paid
SI-2023-00976,SALES,C2000,,11-Aug-2023,2023-09-25,GBP,8408.28,1681.66,10089.94,10089.94,CC200,paid
SI-2023-00977,SALES,C2036,,2023-08-04,2023-09-03,GBP,7639.64,1527.93,9167.57,9167.57,CC200,PAID 
SI-2023-00978,SALES,C2027,,25/08/2023,2023-09-08,EUR,11856.2,0.0,11856.2,10377.76,CC220,PAID
SI-2023-00979,SALES,C2001,,04-Aug-2023,2023-09-03,USD,1555.2,0.0,1555.2,1163.3,CC220,Paid
SI-2023-00980,SALES,C2010,,2023-08-22,2023-09-21,GBP,3567.06,713.41,4280.47,4280.47,CC200,paid
SI-2023-00981,SALES,C2045,,22/08/2023,2023-10-06,GBP,12388.74,2477.75,14866.49,14866.49,CC200,PAID 
SI-2023-00982,SALES,C2024,,08-Aug-2023,2023-09-07,GBP,5596.58,1119.32,6715.9,6715.9,CC210,PAID
SI-2023-00983,SALES,C2003,,2023-08-04,2023-09-18,EUR,2078.7,0.0,2078.7,1828.47,CC220,Paid
SI-2023-00984,SALES,C2014,,03/08/2023,2023-10-02,EUR,39344.46,0.0,39344.46,34827.6,CC220,paid
SI-2023-00985,SALES,C2061,,24-Aug-2023,2023-09-23,GBP,5399.49,1079.9,6479.39,6479.39,CC210,PAID 
SI-2023-00986,SALES,C2027,,2023-08-04,2023-08-18,EUR,15134.79,0.0,15134.79,13312.86,CC220,PAID
SI-2023-00987,SALES,C2028,,17/08/2023,2023-08-31,GBP,6671.88,1334.38,8006.26,8006.26,CC200,Paid
SI-2023-00988,SALES,C2034,,03-Aug-2023,2023-08-17,EUR,17145.74,0.0,17145.74,15177.36,CC220,paid
SI-2023-00989,SALES,C2011,,2023-08-24,2023-09-07,GBP,7490.85,1498.17,8989.02,8989.02,CC200,PAID 
PI-2023-00672,PURCHASE,,S3033,11/08/2023,2023-10-10,GBP,1195.36,239.07,1434.43,1434.43,CC100,PAID
PI-2023-00673,PURCHASE,,S3032,28-Aug-2023,2023-09-11,EUR,872.98,0.0,872.98,771.4,CC300,Paid
PI-2023-00674,PURCHASE,,S3012,2023-08-04,2023-09-03,GBP,7871.46,1574.29,9445.75,9445.75,CC300,paid
PI-2023-00675,PURCHASE,,S3007,14/08/2023,2023-09-13,EUR,29198.46,0.0,29198.46,25717.33,CC300,PAID 
PI-2023-00676,PURCHASE,,S3034,28-Aug-2023,2023-09-27,GBP,109335.57,21867.11,131202.68,131202.68,CC400,PAID
PI-2023-00677,PURCHASE,,S3025,2023-08-03,2023-09-02,EUR,1473.09,0.0,1473.09,1303.97,CC400,Paid
PI-2023-00678,PURCHASE,,S3001,04/08/2023,2023-09-03,GBP,643.67,128.73,772.4,772.4,CC220,paid
PI-2023-00679,PURCHASE,,S3026,07-Aug-2023,2023-09-06,GBP,6814.27,1362.85,8177.12,8177.12,CC400,PAID 
PI-2023-00680,PURCHASE,,S3039,2023-08-04,2023-09-03,GBP,4546.15,909.23,5455.38,5455.38,CC600,PAID
PI-2023-00681,PURCHASE,,S3027,11/08/2023,2023-08-25,EUR,1815.48,0.0,1815.48,1614.38,CC300,Paid
PI-2023-00682,PURCHASE,,S3038,16-Aug-2023,2023-09-15,GBP,68977.69,13795.54,82773.23,82773.23,CC300,paid
PI-2023-00683,PURCHASE,,S3010,2023-08-29,2023-09-28,GBP,3039.87,607.97,3647.84,3647.84,CC400,PAID 
PI-2023-00684,PURCHASE,,S3005,25/08/2023,2023-10-09,GBP,12225.75,2445.15,14670.9,14670.9,CC400,PAID
PI-2023-00685,PURCHASE,,S3006,24-Aug-2023,2023-09-23,EUR,237.42,0.0,237.42,206.82,CC220,Paid
PI-2023-00686,PURCHASE,,S3027,2023-08-11,2023-08-25,EUR,509.1,0.0,509.1,452.71,CC300,paid
PI-2023-00687,PURCHASE,,S3022,04/08/2023,2023-10-03,EUR,1348.9,0.0,1348.9,1186.52,CC200,PAID 
PI-2023-00688,PURCHASE,,S3033,30-Aug-2023,2023-10-29,GBP,3203.33,640.67,3844.0,3844.0,CC400,PAID
PI-2023-00689,PURCHASE,,S3045,2023-08-25,2023-10-09,GBP,907.68,181.54,1089.22,1089.22,CC500,Paid
PI-2023-00690,PURCHASE,,S3030,25/08/2023,2023-09-24,GBP,9949.4,1989.88,11939.28,11939.28,CC400,paid
PI-2023-00691,PURCHASE,,S3007,14-Aug-2023,2023-09-13,EUR,2722.53,0.0,2722.53,2397.94,CC600,PAID 
PI-2023-00692,PURCHASE,,S3042,2023-08-18,2023-09-17,GBP,5955.98,1191.2,7147.18,7147.18,CC300,PAID
PI-2023-00693,PURCHASE,,S3015,25/08/2023,2023-09-24,EUR,429.32,0.0,429.32,375.78,CC400,Paid
PI-2023-00694,PURCHASE,,S3035,08-Aug-2023,2023-08-22,EUR,10893.15,0.0,10893.15,9620.91,CC400,paid
PI-2023-00695,PURCHASE,,S3020,2023-08-10,2023-09-09,USD,1125.83,0.0,1125.83,837.91,CC400,PAID 
PI-2023-00696,PURCHASE,,S3039,11/08/2023,2023-09-10,GBP,892.41,178.48,1070.89,1070.89,CC400,PAID
PI-2023-00697,PURCHASE,,S3014,25-Aug-2023,2023-09-08,GBP,11825.13,2365.03,14190.16,14190.16,CC300,Paid
PI-2023-00698,PURCHASE,,S3007,2023-08-08,2023-09-07,EUR,49208.25,0.0,49208.25,43461.07,CC400,paid
PI-2023-00699,PURCHASE,,S3016,30/08/2023,2023-09-13,EUR,4374.21,0.0,4374.21,3853.93,CC220,PAID 
PI-2023-00700,PURCHASE,,S3007,18-Aug-2023,2023-09-17,EUR,7828.14,0.0,7828.14,6849.4,CC400,PAID
PI-2023-00701,PURCHASE,,S3007,2023-08-11,2023-09-10,EUR,3289.83,0.0,3289.83,2925.43,CC600,Paid
PI-2023-00702,PURCHASE,,S3002,29/08/2023,2023-10-28,EUR,4502.94,0.0,4502.94,3976.44,CC100,paid
PI-2023-00703,PURCHASE,,S3015,17-Aug-2023,2023-09-16,EUR,1027.96,0.0,1027.96,902.25,CC220,PAID 
PI-2023-00704,PURCHASE,,S3001,2023-08-01,2023-08-31,GBP,2489.14,497.83,2986.97,2986.97,CC400,PAID
PI-2023-00705,PURCHASE,,S3024,29/08/2023,2023-10-13,EUR,749.42,0.0,749.42,661.8,CC600,Paid
PI-2023-00706,PURCHASE,,S3005,11-Aug-2023,2023-09-25,GBP,39203.25,7840.65,47043.9,47043.9,CC300,paid
PI-2023-00707,PURCHASE,,S3029,2023-08-11,2023-09-10,EUR,502.2,0.0,502.2,446.57,CC500,PAID 
PI-2023-00708,PURCHASE,,S3045,11/08/2023,2023-09-25,GBP,1998.76,399.75,2398.51,2398.51,CC500,PAID
PI-2023-00709,PURCHASE,,S3040,25-Aug-2023,2023-09-08,EUR,4290.97,0.0,4290.97,3755.89,CC300,Paid
SI-2023-00990,SALES,C2046,,2023-09-05,2023-11-04,GBP,27931.3,5586.26,33517.56,33517.56,CC200,paid
SI-2023-00991,SALES,C2016,,29/09/2023,2023-10-29,GBP,28677.29,5735.46,34412.75,34412.75,CC200,PAID 
SI-2023-00992,SALES,C2002,,01-Sep-2023,2023-10-31,EUR,73678.37,0.0,73678.37,64746.27,CC220,PAID
SI-2023-00993,SALES,C2018,,2023-09-12,2023-10-27,EUR,5592.0,0.0,5592.0,4866.77,CC220,Paid
SI-2023-00994,SALES,C2028,,26/09/2023,2023-10-10,GBP,28371.84,5674.37,34046.21,34046.21,CC200,paid
SI-2023-00995,SALES,C2000,,08-Sep-2023,2023-10-23,GBP,17238.32,3447.66,20685.98,20685.98,CC200,PAID 
SI-2023-00996,SALES,C2023,,2023-09-05,2023-10-05,GBP,7057.3,1411.46,8468.76,8468.76,CC200,PAID
SI-2023-00997,SALES,C2009,,01/09/2023,2023-11-30,GBP,11080.92,2216.18,13297.1,13297.1,CC200,Paid
SI-2023-00998,SALES,C2061,,27-Sep-2023,2023-10-27,GBP,4905.82,981.16,5886.98,5886.98,CC210,paid
SI-2023-00999,SALES,C2024,,2023-09-27,2023-10-27,GBP,8635.53,1727.11,10362.64,10362.64,CC210,PAID 
SI-2023-01000,SALES,C2027,,13/09/2023,2023-09-27,EUR,18887.74,0.0,18887.74,16414.75,CC220,PAID
SI-2023-01001,SALES,C2030,,22-Sep-2023,2023-10-22,GBP,12334.77,2466.95,14801.72,14801.72,CC200,Paid
SI-2023-01002,SALES,C2051,,2023-09-27,2023-11-11,USD,13377.74,0.0,13377.74,9514.69,CC220,paid
SI-2023-01003,SALES,C2052,,27/09/2023,2023-10-27,EUR,16647.18,0.0,16647.18,13931.56,CC220,PAID 
SI-2023-01004,SALES,C2002,,19-Sep-2023,2023-11-18,EUR,5271.59,0.0,5271.59,4496.01,CC220,PAID
SI-2023-01005,SALES,C2044,,2023-09-11,2023-11-10,GBP,4935.7,987.14,5922.84,5922.84,CC200,Paid
SI-2023-01006,SALES,C2032,,19/09/2023,2023-10-19,GBP,10951.85,2190.37,13142.22,13142.22,CC200,paid
SI-2023-01007,SALES,C2027,,15-Sep-2023,2023-09-29,EUR,5491.39,0.0,5491.39,4733.61,CC220,PAID 
SI-2023-01008,SALES,C2045,,2023-09-20,2023-11-04,GBP,6732.0,1346.4,8078.4,8078.4,CC200,PAID
SI-2023-01009,SALES,C2050,,28/09/2023,2023-10-28,USD,4181.65,0.0,4181.65,2966.85,CC220,Paid
SI-2023-01010,SALES,C2041,,15-Sep-2023,2023-10-15,GBP,6204.74,1240.95,7445.69,7445.69,CC210,paid
SI-2023-01011,SALES,C2000,,2023-09-13,2023-10-28,GBP,11892.08,2378.42,14270.5,14270.5,CC200,PAID 
SI-2023-01012,SALES,C2037,,27/09/2023,2023-10-27,USD,10756.85,0.0,10756.85,7650.63,CC220,PAID
SI-2023-01013,SALES,C2008,,04-Sep-2023,2023-11-03,EUR,3802.62,0.0,3802.62,3350.61,CC220,Paid
SI-2023-01014,SALES,C2004,,2023-09-28,2023-11-12,GBP,14504.15,2900.83,17404.98,17404.98,CC210,paid
SI-2023-01015,SALES,C2044,,15/09/2023,2023-11-14,GBP,2329.79,465.96,2795.75,2795.75,CC200,PAID 
SI-2023-01016,SALES,C2027,,06-Sep-2023,2023-09-20,EUR,10706.97,0.0,10706.97,9404.99,CC220,PAID
SI-2023-01017,SALES,C2003,,2023-09-29,2023-11-13,EUR,9643.22,0.0,9643.22,8111.65,CC220,Paid
SI-2023-01018,SALES,C2022,,14/09/2023,2023-10-14,GBP,10882.93,2176.59,13059.52,13059.52,CC210,paid
SI-2023-01019,SALES,C2045,,29-Sep-2023,2023-11-13,GBP,2568.59,513.72,3082.31,3082.31,CC200,PAID 
SI-2023-01020,SALES,C2046,,2023-09-08,2023-11-07,GBP,3136.62,627.32,3763.94,3763.94,CC200,PAID
SI-2023-01021,SALES,C2009,,12/09/2023,2023-12-11,GBP,11215.56,2243.11,13458.67,13458.67,CC200,Paid
SI-2023-01022,SALES,C2051,,15-Sep-2023,2023-10-30,USD,3936.29,0.0,3936.29,2797.47,CC220,paid
SI-2023-01023,SALES,C2002,,2023-09-12,2023-11-11,EUR,5715.88,0.0,5715.88,4974.59,CC220,PAID 
SI-2023-01024,SALES,C2043,,19/09/2023,2023-10-19,EUR,11087.42,0.0,11087.42,9456.19,CC220,PAID
SI-2023-01025,SALES,C2009,,29-Sep-2023,2023-12-28,GBP,4501.67,900.33,5402.0,5402.0,CC200,Paid
SI-2023-01026,SALES,C2012,,2023-09-29,2023-11-28,EUR,5301.74,0.0,5301.74,4459.7,CC220,paid
SI-2023-01027,SALES,C2055,,29/09/2023,2023-12-28,GBP,16545.41,3309.08,19854.49,19854.49,CC200,PAID 
SI-2023-01028,SALES,C2041,,13-Sep-2023,2023-10-13,GBP,5903.05,1180.61,7083.66,7083.66,CC210,PAID
SI-2023-01029,SALES,C2031,,2023-09-28,2023-11-27,GBP,9729.01,1945.8,11674.81,11674.81,CC210,Paid
SI-2023-01030,SALES,C2057,,08/09/2023,2023-12-07,USD,33605.68,0.0,33605.68,24444.97,CC220,paid
SI-2023-01031,SALES,C2010,,15-Sep-2023,2023-10-15,GBP,4100.17,820.03,4920.2,4920.2,CC200,PAID 
SI-2023-01032,SALES,C2036,,2023-09-20,2023-10-20,GBP,5406.71,1081.34,6488.05,6488.05,CC200,PAID
SI-2023-01033,SALES,C2025,,13/09/2023,2023-12-12,USD,6776.96,0.0,6776.96,4866.03,CC220,Paid
SI-2023-01034,SALES,C2056,,25-Sep-2023,2023-12-24,GBP,8855.56,1771.11,10626.67,10626.67,CC210,paid
SI-2023-01035,SALES,C2050,,2023-09-06,2023-10-06,USD,9175.08,0.0,9175.08,6678.69,CC220,PAID 
SI-2023-01036,SALES,C2030,,08/09/2023,2023-10-08,GBP,2113.4,422.68,2536.08,2536.08,CC200,PAID
SI-2023-01037,SALES,C2057,,13-Sep-2023,2023-12-12,USD,9658.16,0.0,9658.16,6934.81,CC220,Paid
SI-2023-01038,SALES,C2059,,2023-09-14,2023-10-14,EUR,18468.1,0.0,18468.1,15989.68,CC220,paid
SI-2023-01039,SALES,C2008,,15/09/2023,2023-11-14,EUR,2938.49,0.0,2938.49,2532.99,CC220,PAID 
SI-2023-01040,SALES,C2010,,07-Sep-2023,2023-10-07,GBP,24148.5,4829.7,28978.2,28978.2,CC200,PAID
SI-2023-01041,SALES,C2005,,2023-09-04,2023-10-04,EUR,2603.76,0.0,2603.76,2294.26,CC220,Paid
SI-2023-01042,SALES,C2001,,12/09/2023,2023-10-12,USD,6254.73,0.0,6254.73,4507.25,CC220,paid
SI-2023-01043,SALES,C2053,,08-Sep-2023,2023-10-08,GBP,8989.66,1797.93,10787.59,10787.59,CC200,PAID 
SI-2023-01044,SALES,C2011,,2023-09-01,2023-09-15,GBP,2664.89,532.98,3197.87,3197.87,CC200,PAID
SI-2023-01045,SALES,C2029,,29/09/2023,2023-12-28,EUR,6024.42,0.0,6024.42,5067.6,CC220,Paid
PI-2023-00710,PURCHASE,,S3015,08-Sep-2023,2023-10-08,EUR,1192.26,0.0,1192.26,1038.17,CC300,paid
PI-2023-00711,PURCHASE,,S3038,2023-09-22,2023-10-22,GBP,10132.62,2026.52,12159.14,12159.14,CC400,PAID 
PI-2023-00712,PURCHASE,,S3041,22/09/2023,2023-10-22,GBP,4679.52,935.9,5615.42,5615.42,CC220,PAID
PI-2023-00713,PURCHASE,,S3037,05-Sep-2023,2023-10-05,USD,5856.5,0.0,5856.5,4289.27,CC300,Paid
PI-2023-00714,PURCHASE,,S3029,2023-09-12,2023-10-12,EUR,11497.5,0.0,11497.5,10006.39,CC300,paid
PI-2023-00715,PURCHASE,,S3009,05/09/2023,2023-10-05,GBP,3238.9,647.78,3886.68,3886.68,CC400,PAID 
PI-2023-00716,PURCHASE,,S3016,22-Sep-2023,2023-10-06,EUR,80718.64,0.0,80718.64,68655.08,CC300,PAID
PI-2023-00717,PURCHASE,,S3001,2023-09-25,2023-10-25,GBP,1490.57,298.11,1788.68,1788.68,CC300,Paid
PI-2023-00718,PURCHASE,,S3005,15/09/2023,2023-10-30,GBP,941.35,188.27,1129.62,1129.62,CC500,paid
PI-2023-00719,PURCHASE,,S3015,22-Sep-2023,2023-10-22,EUR,1169.21,0.0,1169.21,994.47,CC400,PAID 
PI-2023-00720,PURCHASE,,S3022,2023-09-28,2023-11-27,EUR,1458.79,0.0,1458.79,1224.61,CC100,PAID
PI-2023-00721,PURCHASE,,S3032,05/09/2023,2023-09-19,EUR,1143.7,0.0,1143.7,1004.29,CC220,Paid
PI-2023-00722,PURCHASE,,S3027,08-Sep-2023,2023-09-22,EUR,1778.35,0.0,1778.35,1548.51,CC500,paid
PI-2023-00723,PURCHASE,,S3033,2023-09-22,2023-11-21,GBP,4295.36,859.07,5154.43,5154.43,CC400,PAID 
PI-2023-00724,PURCHASE,,S3028,20/09/2023,2023-10-20,GBP,2667.72,533.54,3201.26,3201.26,CC600,PAID
PI-2023-00725,PURCHASE,,S3009,25-Sep-2023,2023-10-25,GBP,9563.06,1912.61,11475.67,11475.67,CC400,Paid
PI-2023-00726,PURCHASE,,S3041,2023-09-20,2023-10-20,GBP,544.3,108.86,653.16,653.16,CC220,paid
PI-2023-00727,PURCHASE,,S3005,08/09/2023,2023-10-23,GBP,750.74,150.15,900.89,900.89,CC600,PAID 
PI-2023-00728,PURCHASE,,S3028,27-Sep-2023,2023-10-27,GBP,10198.74,2039.75,12238.49,12238.49,CC200,PAID
PI-2023-00729,PURCHASE,,S3028,2023-09-19,2023-10-19,GBP,14142.8,2828.56,16971.36,16971.36,CC300,Paid
PI-2023-00730,PURCHASE,,S3040,14/09/2023,2023-09-28,EUR,2535.85,0.0,2535.85,2195.54,CC400,paid
PI-2023-00731,PURCHASE,,S3016,14-Sep-2023,2023-09-28,EUR,1113.22,0.0,1113.22,963.83,CC400,PAID 
PI-2023-00732,PURCHASE,,S3006,2023-09-05,2023-10-05,EUR,6770.94,0.0,6770.94,5945.58,CC300,PAID
PI-2023-00733,PURCHASE,,S3040,11/09/2023,2023-09-25,EUR,27021.22,0.0,27021.22,23537.51,CC400,Paid
PI-2023-00734,PURCHASE,,S3030,19-Sep-2023,2023-10-19,GBP,2754.7,550.94,3305.64,3305.64,CC400,paid
PI-2023-00735,PURCHASE,,S3008,2023-09-01,2023-10-31,GBP,2325.6,465.12,2790.72,2790.72,CC300,PAID 
PI-2023-00736,PURCHASE,,S3012,08/09/2023,2023-10-08,GBP,1683.31,336.66,2019.97,2019.97,CC220,PAID
PI-2023-00737,PURCHASE,,S3026,12-Sep-2023,2023-10-12,GBP,7563.87,1512.77,9076.64,9076.64,CC100,Paid
PI-2023-00738,PURCHASE,,S3014,2023-09-01,2023-09-15,GBP,1214.13,242.83,1456.96,1456.96,CC500,paid
PI-2023-00739,PURCHASE,,S3025,29/09/2023,2023-10-29,EUR,1932.2,0.0,1932.2,1625.32,CC200,PAID 
PI-2023-00740,PURCHASE,,S3010,22-Sep-2023,2023-10-22,GBP,755.8,151.16,906.96,906.96,CC500,PAID
PI-2023-00741,PURCHASE,,S3011,2023-09-01,2023-10-31,EUR,5751.68,0.0,5751.68,5054.4,CC300,Paid
PI-2023-00742,PURCHASE,,S3014,29/09/2023,2023-10-13,GBP,1276.0,255.2,1531.2,1531.2,CC100,paid
PI-2023-00743,PURCHASE,,S3030,13-Sep-2023,2023-10-13,GBP,11572.14,2314.43,13886.57,13886.57,CC300,PAID 
PI-2023-00744,PURCHASE,,S3031,2023-09-15,2023-11-14,GBP,4486.62,897.32,5383.94,5383.94,CC100,PAID
PI-2023-00745,PURCHASE,,S3002,15/09/2023,2023-11-14,EUR,7245.87,0.0,7245.87,6245.98,CC300,Paid
PI-2023-00746,PURCHASE,,S3035,25-Sep-2023,2023-10-09,EUR,1742.18,0.0,1742.18,1477.31,CC100,paid
PI-2023-00747,PURCHASE,,S3033,2023-09-14,2023-11-13,GBP,3134.56,626.91,3761.47,3761.47,CC300,PAID 
PI-2023-00748,PURCHASE,,S3019,22/09/2023,2023-10-22,EUR,1338.52,0.0,1338.52,1138.48,CC400,PAID
PI-2023-00749,PURCHASE,,S3031,27-Sep-2023,2023-11-26,GBP,2212.08,442.42,2654.5,2654.5,CC500,Paid
PI-2023-00750,PURCHASE,,S3017,2023-09-19,2023-11-03,GBP,1131.67,226.33,1358.0,1358.0,CC100,paid
SI-2023-01046,SALES,C2058,,29/09/2023,2023-12-28,EUR,15514.33,0.0,15514.33,13050.28,CC220,PAID 
SI-2023-01047,SALES,C2018,,06-Oct-2023,2023-11-20,EUR,18969.72,0.0,18969.72,15795.67,CC220,PAID
SI-2023-01048,SALES,C2025,,2023-10-10,2024-01-08,USD,21309.7,0.0,21309.7,14962.24,CC220,Paid
SI-2023-01049,SALES,C2053,,11/10/2023,2023-11-10,GBP,14639.72,2927.94,17567.66,17567.66,CC200,paid
SI-2023-01050,SALES,C2020,,12-Oct-2023,2023-11-26,GBP,9053.07,1810.61,10863.68,10863.68,CC210,PAID 
SI-2023-01051,SALES,C2014,,2023-10-20,2023-12-19,EUR,80100.44,0.0,80100.44,67675.82,CC220,PAID
SI-2023-01052,SALES,C2056,,23/10/2023,2024-01-21,GBP,3730.34,746.07,4476.41,4476.41,CC210,Paid
SI-2023-01053,SALES,C2018,,06-Oct-2023,2023-11-20,EUR,720.21,0.0,720.21,599.7,CC220,paid
SI-2023-01054,SALES,C2017,,2023-10-17,2023-12-01,EUR,12837.44,0.0,12837.44,10848.38,CC220,PAID 
SI-2023-01055,SALES,C2003,,11/10/2023,2023-11-25,EUR,5136.55,0.0,5136.55,4301.35,CC220,PAID
SI-2023-01056,SALES,C2024,,29-Sep-2023,2023-10-29,GBP,5091.12,1018.22,6109.34,6109.34,CC210,Paid
SI-2023-01057,SALES,C2005,,2023-10-25,2023-11-24,EUR,2530.23,0.0,2530.23,2118.59,CC220,paid
SI-2023-01058,SALES,C2054,,18/10/2023,2023-11-17,GBP,10778.04,2155.61,12933.65,12933.65,CC210,PAID 
SI-2023-01059,SALES,C2001,,29-Sep-2023,2023-10-29,USD,6997.31,0.0,6997.31,4939.77,CC220,PAID
SI-2023-01060,SALES,C2017,,2023-10-12,2023-11-26,EUR,5849.97,0.0,5849.97,4891.22,CC220,Paid
SI-2023-01061,SALES,C2030,,10/10/2023,2023-11-09,GBP,5588.78,1117.76,6706.54,6706.54,CC200,paid
SI-2023-01062,SALES,C2048,,20-Oct-2023,2023-11-03,GBP,11181.48,2236.3,13417.78,13417.78,CC200,PAID 
SI-2023-01063,SALES,C2053,,2023-10-13,2023-11-12,GBP,3080.26,616.05,3696.31,3696.31,CC200,PAID
SI-2023-01064,SALES,C2054,,19/10/2023,2023-11-18,GBP,33072.95,6614.59,39687.54,39687.54,CC210,Paid
SI-2023-01065,SALES,C2051,,06-Oct-2023,2023-11-20,USD,3404.75,0.0,3404.75,2403.51,CC220,paid
SI-2023-01066,SALES,C2046,,2023-10-23,2023-12-22,GBP,5042.74,1008.55,6051.29,6051.29,CC200,PAID 
SI-2023-01067,SALES,C2018,,26/10/2023,2023-12-10,EUR,10170.79,0.0,10170.79,8536.96,CC220,PAID
SI-2023-01068,SALES,C2032,,13-Oct-2023,2023-11-12,GBP,23273.78,4654.76,27928.54,27928.54,CC200,Paid
SI-2023-01069,SALES,C2010,,2023-10-18,2023-11-17,GBP,7236.53,1447.31,8683.84,8683.84,CC200,paid
SI-2023-01070,SALES,C2008,,06/10/2023,2023-12-05,EUR,7254.0,0.0,7254.0,6040.25,CC220,PAID 
SI-2023-01071,SALES,C2060,,18-Oct-2023,2023-11-17,EUR,30274.46,0.0,30274.46,25614.4,CC220,PAID
SI-2023-01072,SALES,C2017,,2023-10-06,2023-11-20,EUR,6446.91,0.0,6446.91,5368.2,CC220,Paid
SI-2023-01073,SALES,C2038,,05/10/2023,2023-11-04,GBP,3061.67,612.33,3674.0,3674.0,CC200,paid
SI-2023-01074,SALES,C2016,,20-Oct-2023,2023-11-19,GBP,2573.57,514.71,3088.28,3088.28,CC200,PAID 
SI-2023-01075,SALES,C2060,,2023-10-31,2023-11-30,EUR,4731.9,0.0,4731.9,3957.12,CC220,PAID
SI-2023-01076,SALES,C2014,,31/10/2023,2023-12-30,EUR,6516.95,0.0,6516.95,5449.89,CC220,Paid
SI-2023-01077,SALES,C2039,,12-Oct-2023,2023-10-26,EUR,11675.53,0.0,11675.53,9762.04,CC220,paid
SI-2023-01078,SALES,C2017,,2023-10-06,2023-11-20,EUR,7187.62,0.0,7187.62,5984.97,CC220,PAID 
SI-2023-01079,SALES,C2003,,06/10/2023,2023-11-20,EUR,23467.27,0.0,23467.27,19540.68,CC220,PAID
SI-2023-01080,SALES,C2027,,16-Oct-2023,2023-10-30,EUR,11086.49,0.0,11086.49,9353.52,CC220,Paid
SI-2023-01081,SALES,C2049,,2023-10-24,2023-11-07,GBP,10600.38,2120.08,12720.46,12720.46,CC200,paid
SI-2023-01082,SALES,C2001,,05/10/2023,2023-11-04,USD,9816.23,0.0,9816.23,6920.93,CC220,PAID 
SI-2023-01083,SALES,C2015,,24-Oct-2023,2023-12-23,GBP,12810.89,2562.18,15373.07,15373.07,CC210,PAID
SI-2023-01084,SALES,C2039,,2023-09-29,2023-10-13,EUR,5736.45,0.0,5736.45,4825.36,CC220,Paid
SI-2023-01085,SALES,C2059,,18/10/2023,2023-11-17,EUR,20739.41,0.0,20739.41,17547.05,CC220,paid
SI-2023-01086,SALES,C2053,,27-Oct-2023,2023-11-26,GBP,5757.05,1151.41,6908.46,6908.46,CC200,PAID 
SI-2023-01087,SALES,C2014,,2023-10-24,2023-12-23,EUR,2566.24,0.0,2566.24,2156.0,CC220,PAID
SI-2023-01088,SALES,C2052,,02/10/2023,2023-11-01,EUR,6120.96,0.0,6120.96,5143.73,CC220,Paid
SI-2023-01089,SALES,C2047,,02-Oct-2023,2023-10-16,GBP,5484.89,1096.98,6581.87,6581.87,CC200,paid
SI-2023-01090,SALES,C2038,,2023-10-30,2023-11-29,GBP,31376.99,6275.4,37652.39,37652.39,CC200,PAID 
SI-2023-01091,SALES,C2041,,27/10/2023,2023-11-26,GBP,3882.18,776.44,4658.62,4658.62,CC210,PAID
SI-2023-01092,SALES,C2021,,18-Oct-2023,2024-01-16,GBP,19832.7,3966.54,23799.24,23799.24,CC210,Paid
SI-2023-01093,SALES,C2059,,2023-10-03,2023-11-02,EUR,22412.4,0.0,22412.4,18709.87,CC220,paid
SI-2023-01094,SALES,C2014,,27/10/2023,2023-12-26,EUR,22713.16,0.0,22713.16,19114.9,CC220,PAID 
SI-2023-01095,SALES,C2061,,12-Oct-2023,2023-11-11,GBP,9291.1,1858.22,11149.32,11149.32,CC210,PAID
SI-2023-01096,SALES,C2050,,2023-10-27,2023-11-26,USD,12083.59,0.0,12083.59,8437.58,CC220,Paid
SI-2023-01097,SALES,C2032,,11/10/2023,2023-11-10,GBP,5517.76,1103.55,6621.31,6621.31,CC200,paid
SI-2023-01098,SALES,C2044,,06-Oct-2023,2023-12-05,GBP,4407.84,881.57,5289.41,5289.41,CC200,PAID 
SI-2023-01099,SALES,C2038,,2023-10-23,2023-11-22,GBP,20782.81,4156.56,24939.37,24939.37,CC200,PAID
SI-2023-01100,SALES,C2061,,16/10/2023,2023-11-15,GBP,13645.97,2729.19,16375.16,16375.16,CC210,Paid
SI-2023-01101,SALES,C2049,,27-Oct-2023,2023-11-10,GBP,30033.36,6006.67,36040.03,36040.03,CC200,paid
SI-2023-01102,SALES,C2023,,2023-10-04,2023-11-03,GBP,21176.81,4235.36,25412.17,25412.17,CC200,PAID 
SI-2023-01103,SALES,C2025,,13/10/2023,2024-01-11,USD,9865.87,0.0,9865.87,6936.17,CC220,PAID
SI-2023-01104,SALES,C2037,,18-Oct-2023,2023-11-17,USD,25633.68,0.0,25633.68,18122.7,CC220,Paid
PI-2023-00751,PURCHASE,,S3032,2023-10-06,2023-10-20,EUR,3593.87,0.0,3593.87,2992.54,CC300,paid
PI-2023-00752,PURCHASE,,S3009,12/10/2023,2023-11-11,GBP,17833.3,3566.66,21399.96,21399.96,CC300,PAID 
PI-2023-00753,PURCHASE,,S3017,20-Oct-2023,2023-12-04,GBP,2153.1,430.62,2583.72,2583.72,CC300,PAID
PI-2023-00754,PURCHASE,,S3008,2023-10-05,2023-12-04,GBP,8848.78,1769.76,10618.54,10618.54,CC400,Paid
PI-2023-00755,PURCHASE,,S3003,29/09/2023,2023-10-29,EUR,24979.63,0.0,24979.63,21012.27,CC300,paid
PI-2023-00756,PURCHASE,,S3042,19-Oct-2023,2023-11-18,GBP,20388.2,4077.64,24465.84,24465.84,CC300,PAID 
PI-2023-00757,PURCHASE,,S3042,2023-10-26,2023-11-25,GBP,1474.93,294.99,1769.92,1769.92,CC400,PAID
PI-2023-00758,PURCHASE,,S3039,27/10/2023,2023-11-26,GBP,9719.33,1943.87,11663.2,11663.2,CC400,Paid
PI-2023-00759,PURCHASE,,S3022,27-Oct-2023,2023-12-26,EUR,11468.24,0.0,11468.24,9651.42,CC400,paid
PI-2023-00760,PURCHASE,,S3028,2023-10-19,2023-11-18,GBP,1444.94,288.99,1733.93,1733.93,CC600,PAID 
PI-2023-00761,PURCHASE,,S3007,02/10/2023,2023-11-01,EUR,629.99,0.0,629.99,529.41,CC100,PAID
PI-2023-00762,PURCHASE,,S3019,06-Oct-2023,2023-11-05,EUR,11097.88,0.0,11097.88,9240.96,CC400,Paid
PI-2023-00763,PURCHASE,,S3002,2023-10-26,2023-12-25,EUR,8741.24,0.0,8741.24,7337.06,CC300,paid
PI-2023-00764,PURCHASE,,S3024,03/10/2023,2023-11-17,EUR,1625.11,0.0,1625.11,1356.64,CC600,PAID 
PI-2023-00765,PURCHASE,,S3022,20-Oct-2023,2023-12-19,EUR,4173.14,0.0,4173.14,3525.83,CC600,PAID
PI-2023-00766,PURCHASE,,S3006,2023-10-20,2023-11-19,EUR,4646.12,0.0,4646.12,3925.45,CC400,Paid
PI-2023-00767,PURCHASE,,S3018,13/10/2023,2023-11-12,USD,6672.19,0.0,6672.19,4690.86,CC200,paid
PI-2023-00768,PURCHASE,,S3043,31-Oct-2023,2023-11-14,EUR,977.87,0.0,977.87,817.76,CC100,PAID 
PI-2023-00769,PURCHASE,,S3008,2023-10-10,2023-12-09,GBP,25346.79,5069.36,30416.15,30416.15,CC400,PAID
PI-2023-00770,PURCHASE,,S3028,11/10/2023,2023-11-10,GBP,15882.73,3176.55,19059.28,19059.28,CC300,Paid
PI-2023-00771,PURCHASE,,S3027,02-Oct-2023,2023-10-16,EUR,35919.53,0.0,35919.53,30184.87,CC400,paid
PI-2023-00772,PURCHASE,,S3002,2023-10-02,2023-12-01,EUR,1035.33,0.0,1035.33,870.04,CC400,PAID 
PI-2023-00773,PURCHASE,,S3039,05/10/2023,2023-11-04,GBP,1829.72,365.94,2195.66,2195.66,CC220,PAID
PI-2023-00774,PURCHASE,,S3020,10-Oct-2023,2023-11-09,USD,10926.8,0.0,10926.8,7672.07,CC300,Paid
PI-2023-00775,PURCHASE,,S3034,2023-10-13,2023-11-12,GBP,4427.64,885.53,5313.17,5313.17,CC600,paid
PI-2023-00776,PURCHASE,,S3007,06/10/2023,2023-11-05,EUR,409.56,0.0,409.56,341.03,CC400,PAID 
PI-2023-00777,PURCHASE,,S3043,13-Oct-2023,2023-10-27,EUR,812.83,0.0,812.83,679.35,CC400,PAID
PI-2023-00778,PURCHASE,,S3033,2023-10-16,2023-12-15,GBP,1925.06,385.01,2310.07,2310.07,CC100,Paid
PI-2023-00779,PURCHASE,,S3033,24/10/2023,2023-12-23,GBP,3546.02,709.2,4255.22,4255.22,CC220,paid
PI-2023-00780,PURCHASE,,S3031,24-Oct-2023,2023-12-23,GBP,4009.83,801.97,4811.8,4811.8,CC500,PAID 
PI-2023-00781,PURCHASE,,S3002,2023-10-18,2023-12-17,EUR,1030.55,0.0,1030.55,871.92,CC300,PAID
PI-2023-00782,PURCHASE,,S3003,25/10/2023,2023-11-24,EUR,826.56,0.0,826.56,692.09,CC600,Paid
PI-2023-00783,PURCHASE,,S3018,18-Oct-2023,2023-11-17,USD,983.11,0.0,983.11,695.05,CC600,paid
PI-2023-00784,PURCHASE,,S3031,2023-10-06,2023-12-05,GBP,1888.17,377.63,2265.8,2265.8,CC100,PAID 
PI-2023-00785,PURCHASE,,S3032,04/10/2023,2023-10-18,EUR,965.27,0.0,965.27,803.31,CC400,PAID
SI-2023-01105,SALES,C2038,,23-Nov-2023,2023-12-23,GBP,12515.67,2503.13,15018.8,15018.8,CC200,Paid
SI-2023-01106,SALES,C2015,,2023-11-22,2024-01-21,GBP,17181.2,3436.24,20617.44,20617.44,CC210,paid
SI-2023-01107,SALES,C2051,,03/11/2023,2023-12-18,USD,3231.1,0.0,3231.1,2289.2,CC220,PAID 
SI-2023-01108,SALES,C2010,,03-Nov-2023,2023-12-03,GBP,4286.62,857.32,5143.94,5143.94,CC200,PAID
SI-2023-01109,SALES,C2049,,2023-11-22,2023-12-06,GBP,9046.82,1809.36,10856.18,10856.18,CC200,Paid
SI-2023-01110,SALES,C2037,,10/11/2023,2023-12-10,USD,3088.97,0.0,3088.97,2201.16,CC220,paid
SI-2023-01111,SALES,C2003,,24-Nov-2023,2024-01-08,EUR,4732.77,0.0,4732.77,3857.34,CC220,PAID 
SI-2023-01112,SALES,C2030,,2023-11-07,2023-12-07,GBP,41823.37,8364.67,50188.04,50188.04,CC200,PAID
SI-2023-01113,SALES,C2010,,13/11/2023,2023-12-13,GBP,6677.82,1335.56,8013.38,8013.38,CC200,Paid
SI-2023-01114,SALES,C2017,,10-Nov-2023,2023-12-25,EUR,11724.63,0.0,11724.63,9770.31,CC220,paid
SI-2023-01115,SALES,C2058,,2023-11-10,2024-02-08,EUR,10670.83,0.0,10670.83,8892.16,CC220,PAID 
SI-2023-01116,SALES,C2061,,15/11/2023,2023-12-15,GBP,2790.86,558.17,3349.03,3349.03,CC210,PAID
SI-2023-01117,SALES,C2034,,03-Nov-2023,2023-11-17,EUR,3530.55,0.0,3530.55,2945.76,CC220,Paid
SI-2023-01118,SALES,C2018,,2023-11-08,2023-12-23,EUR,15250.21,0.0,15250.21,12659.76,CC220,paid
SI-2023-01119,SALES,C2024,,17/11/2023,2023-12-17,GBP,2728.34,545.67,3274.01,3274.01,CC210,PAID 
SI-2023-01120,SALES,C2047,,27-Nov-2023,2023-12-11,GBP,5787.89,1157.58,6945.47,6945.47,CC200,PAID
SI-2023-01121,SALES,C2048,,2023-11-09,2023-11-23,GBP,17620.72,3524.14,21144.86,21144.86,CC200,Paid
SI-2023-01122,SALES,C2032,,17/11/2023,2023-12-17,GBP,11949.85,2389.97,14339.82,14339.82,CC200,paid
SI-2023-01123,SALES,C2012,,10-Nov-2023,2024-01-09,EUR,7074.26,0.0,7074.26,5895.09,CC220,PAID 
SI-2023-01124,SALES,C2000,,2023-11-03,2023-12-18,GBP,7034.27,1406.85,8441.12,8441.12,CC200,PAID
SI-2023-01125,SALES,C2027,,27/11/2023,2023-12-11,EUR,18128.43,0.0,18128.43,14818.41,CC220,Paid
SI-2023-01126,SALES,C2003,,28-Nov-2023,2024-01-12,EUR,3841.59,0.0,3841.59,3117.12,CC220,paid
SI-2023-01127,SALES,C2001,,2023-11-17,2023-12-17,USD,12380.41,0.0,12380.41,8904.24,CC220,PAID 
SI-2023-01128,SALES,C2008,,09/11/2023,2024-01-08,EUR,20304.91,0.0,20304.91,16916.87,CC220,PAID
SI-2023-01129,SALES,C2025,,02-Nov-2023,2024-01-31,USD,14986.98,0.0,14986.98,10617.12,CC220,Paid
SI-2023-01130,SALES,C2025,,2023-11-09,2024-02-07,USD,4084.3,0.0,4084.3,2924.67,CC220,paid
SI-2023-01131,SALES,C2002,,07/11/2023,2024-01-06,EUR,6370.93,0.0,6370.93,5311.88,CC220,PAID 
SI-2023-01132,SALES,C2049,,10-Nov-2023,2023-11-24,GBP,5522.33,1104.47,6626.8,6626.8,CC200,PAID
SI-2023-01133,SALES,C2019,,2023-11-14,2024-02-12,EUR,5747.44,0.0,5747.44,4760.92,CC220,Paid
SI-2023-01134,SALES,C2003,,13/11/2023,2023-12-28,EUR,8820.3,0.0,8820.3,7303.32,CC220,paid
SI-2023-01135,SALES,C2020,,30-Nov-2023,2024-01-14,GBP,16750.62,3350.12,20100.74,20100.74,CC210,PAID 
SI-2023-01136,SALES,C2029,,2023-11-03,2024-02-01,EUR,9347.51,0.0,9347.51,7799.21,CC220,PAID
SI-2023-01137,SALES,C2007,,28/11/2023,2023-12-28,GBP,7981.92,1596.38,9578.3,9578.3,CC200,Paid
SI-2023-01138,SALES,C2026,,03-Nov-2023,2023-12-03,GBP,13271.53,2654.31,15925.84,15925.84,CC210,paid
SI-2023-01139,SALES,C2011,,2023-11-10,2023-11-24,GBP,6396.83,1279.37,7676.2,7676.2,CC200,PAID 
SI-2023-01140,SALES,C2011,,22/11/2023,2023-12-06,GBP,3950.77,790.15,4740.92,4740.92,CC200,PAID
SI-2023-01141,SALES,C2011,,13-Nov-2023,2023-11-27,GBP,8753.41,1750.68,10504.09,10504.09,CC200,Paid
SI-2023-01142,SALES,C2059,,2023-11-20,2023-12-20,EUR,1902.57,0.0,1902.57,1566.59,CC220,paid
SI-2023-01143,SALES,C2025,,10/11/2023,2024-02-08,USD,11685.94,0.0,11685.94,8327.26,CC220,PAID 
SI-2023-01144,SALES,C2012,,29-Nov-2023,2024-01-28,EUR,9000.53,0.0,9000.53,7348.47,CC220,PAID
SI-2023-01145,SALES,C2054,,2023-11-03,2023-12-03,GBP,11784.24,2356.85,14141.09,14141.09,CC210,Paid
SI-2023-01146,SALES,C2009,,16/11/2023,2024-02-14,GBP,3198.11,639.62,3837.73,3837.73,CC200,paid
SI-2023-01147,SALES,C2047,,09-Nov-2023,2023-11-23,GBP,6131.62,1226.32,7357.94,7357.94,CC200,PAID 
SI-2023-01148,SALES,C2031,,2023-11-08,2024-01-07,GBP,27045.55,5409.11,32454.66,32454.66,CC210,PAID
SI-2023-01149,SALES,C2014,,24/11/2023,2024-01-23,EUR,10593.84,0.0,10593.84,8634.29,CC220,Paid
SI-2023-01150,SALES,C2050,,17-Nov-2023,2023-12-17,USD,2741.45,0.0,2741.45,1971.71,CC220,paid
SI-2023-01151,SALES,C2044,,2023-11-01,2023-12-31,GBP,12385.55,2477.11,14862.66,14862.66,CC200,PAID 
SI-2023-01152,SALES,C2015,,21/11/2023,2024-01-20,GBP,4745.15,949.03,5694.18,5694.18,CC210,PAID
SI-2023-01153,SALES,C2011,,06-Nov-2023,2023-11-20,GBP,9048.25,1809.65,10857.9,10857.9,CC200,Paid
SI-2023-01154,SALES,C2008,,2023-11-27,2024-01-26,EUR,4602.97,0.0,4602.97,3762.53,CC220,paid
SI-2023-01155,SALES,C2007,,27/11/2023,2023-12-27,GBP,3154.49,630.9,3785.39,3785.39,CC200,PAID 
SI-2023-01156,SALES,C2040,,06-Nov-2023,2023-12-06,GBP,14077.77,2815.55,16893.32,16893.32,CC200,PAID
SI-2023-01157,SALES,C2047,,2023-11-01,2023-11-15,GBP,23708.65,4741.73,28450.38,28450.38,CC200,Paid
SI-2023-01158,SALES,C2014,,23/11/2023,2024-01-22,EUR,13337.31,0.0,13337.31,10849.82,CC220,paid
SI-2023-01159,SALES,C2046,,20-Nov-2023,2024-01-19,GBP,1635.87,327.17,1963.04,1963.04,CC200,PAID 
SI-2023-01160,SALES,C2005,,2023-11-10,2023-12-10,EUR,15011.83,0.0,15011.83,12509.58,CC220,PAID
SI-2023-01161,SALES,C2041,,10/11/2023,2023-12-10,GBP,11641.9,2328.38,13970.28,13970.28,CC210,Paid
SI-2023-01162,SALES,C2050,,10-Nov-2023,2023-12-10,USD,4057.35,0.0,4057.35,2891.22,CC220,paid
SI-2023-01163,SALES,C2027,,2023-11-10,2023-11-24,EUR,3007.67,0.0,3007.67,2506.34,CC220,PAID 
SI-2023-01164,SALES,C2010,,23/11/2023,2023-12-23,GBP,4261.74,852.35,5114.09,5114.09,CC200,PAID
SI-2023-01165,SALES,C2000,,21-Nov-2023,2024-01-05,GBP,4641.35,928.27,5569.62,5569.62,CC200,Paid
PI-2023-00786,PURCHASE,,S3019,2023-11-10,2023-12-10,EUR,10250.07,0.0,10250.07,8541.54,CC300,paid
PI-2023-00787,PURCHASE,,S3025,01/11/2023,2023-12-01,EUR,390.08,0.0,390.08,326.21,CC220,PAID 
PI-2023-00788,PURCHASE,,S3014,10-Nov-2023,2023-11-24,GBP,19000.5,3800.1,22800.6,22800.6,CC400,PAID
PI-2023-00789,PURCHASE,,S3013,2023-11-17,2023-12-01,GBP,11065.05,2213.01,13278.06,13278.06,CC400,Paid
PI-2023-00790,PURCHASE,,S3019,17/11/2023,2023-12-17,EUR,6719.11,0.0,6719.11,5575.22,CC400,paid
PI-2023-00791,PURCHASE,,S3003,10-Nov-2023,2023-12-10,EUR,1394.28,0.0,1394.28,1161.87,CC100,PAID 
PI-2023-00792,PURCHASE,,S3023,2023-11-22,2023-12-22,USD,831.35,0.0,831.35,604.92,CC400,PAID
PI-2023-00793,PURCHASE,,S3024,03/11/2023,2023-12-18,EUR,3994.45,0.0,3994.45,3332.82,CC600,Paid
PI-2023-00794,PURCHASE,,S3027,09-Nov-2023,2023-11-23,EUR,3194.97,0.0,3194.97,2661.86,CC500,paid
PI-2023-00795,PURCHASE,,S3001,2023-11-10,2023-12-10,GBP,34431.19,6886.24,41317.43,41317.43,CC400,PAID 
PI-2023-00796,PURCHASE,,S3022,13/11/2023,2024-01-12,EUR,626.95,0.0,626.95,519.12,CC100,PAID
PI-2023-00797,PURCHASE,,S3039,08-Nov-2023,2023-12-08,GBP,12922.94,2584.59,15507.53,15507.53,CC300,Paid
PI-2023-00798,PURCHASE,,S3008,2023-11-24,2024-01-23,GBP,11601.9,2320.38,13922.28,13922.28,CC300,paid
PI-2023-00799,PURCHASE,,S3014,28/11/2023,2023-12-12,GBP,3955.6,791.12,4746.72,4746.72,CC300,PAID 
PI-2023-00800,PURCHASE,,S3001,24-Nov-2023,2023-12-24,GBP,2628.51,525.7,3154.21,3154.21,CC300,PAID
PI-2023-00801,PURCHASE,,S3020,2023-11-10,2023-12-10,USD,639.65,0.0,639.65,455.81,CC100,Paid
PI-2023-00802,PURCHASE,,S3005,10/11/2023,2023-12-25,GBP,1823.42,364.68,2188.1,2188.1,CC500,paid
PI-2023-00803,PURCHASE,,S3011,09-Nov-2023,2024-01-08,EUR,1363.41,0.0,1363.41,1135.91,CC200,PAID 
PI-2023-00804,PURCHASE,,S3022,2023-11-10,2024-01-09,EUR,4608.11,0.0,4608.11,3840.01,CC400,PAID
PI-2023-00805,PURCHASE,,S3021,23/11/2023,2024-01-07,GBP,8639.42,1727.88,10367.3,10367.3,CC300,Paid
PI-2023-00806,PURCHASE,,S3007,17-Nov-2023,2023-12-17,EUR,3790.61,0.0,3790.61,3145.28,CC210,paid
PI-2023-00807,PURCHASE,,S3006,2023-11-23,2023-12-23,EUR,13013.19,0.0,13013.19,10586.15,CC400,PAID 
PI-2023-00808,PURCHASE,,S3007,30/11/2023,2023-12-30,EUR,2010.26,0.0,2010.26,1628.53,CC400,PAID
PI-2023-00809,PURCHASE,,S3043,08-Nov-2023,2023-11-22,EUR,6258.99,0.0,6258.99,5195.82,CC400,Paid
PI-2023-00810,PURCHASE,,S3007,2023-11-24,2023-12-24,EUR,520.72,0.0,520.72,424.4,CC600,paid
PI-2023-00811,PURCHASE,,S3017,01/11/2023,2023-12-16,GBP,4452.7,890.54,5343.24,5343.24,CC210,PAID 
PI-2023-00812,PURCHASE,,S3008,10-Nov-2023,2024-01-09,GBP,4479.19,895.84,5375.03,5375.03,CC300,PAID
PI-2023-00813,PURCHASE,,S3041,2023-11-22,2023-12-22,GBP,1733.5,346.7,2080.2,2080.2,CC400,Paid
PI-2023-00814,PURCHASE,,S3040,27/11/2023,2023-12-11,EUR,21691.21,0.0,21691.21,17730.68,CC400,paid
PI-2023-00815,PURCHASE,,S3033,17-Nov-2023,2024-01-16,GBP,7146.75,1429.35,8576.1,8576.1,CC400,PAID 
PI-2023-00816,PURCHASE,,S3022,2023-11-21,2024-01-20,EUR,1074.78,0.0,1074.78,884.36,CC100,PAID
PI-2023-00817,PURCHASE,,S3027,14/11/2023,2023-11-28,EUR,11698.79,0.0,11698.79,9690.75,CC400,Paid
PI-2023-00818,PURCHASE,,S3021,24-Nov-2023,2024-01-08,GBP,24924.54,4984.91,29909.45,29909.45,CC300,paid
PI-2023-00819,PURCHASE,,S3021,2023-11-03,2023-12-18,GBP,4085.8,817.16,4902.96,4902.96,CC400,PAID 
PI-2023-00820,PURCHASE,,S3035,03/11/2023,2023-11-17,EUR,2504.99,0.0,2504.99,2090.07,CC300,PAID
PI-2023-00821,PURCHASE,,S3013,07-Nov-2023,2023-11-21,GBP,1267.07,253.41,1520.48,1520.48,CC400,Paid
PI-2023-00822,PURCHASE,,S3016,2023-11-29,2023-12-13,EUR,3049.31,0.0,3049.31,2489.61,CC300,paid
PI-2023-00823,PURCHASE,,S3012,02/11/2023,2023-12-02,GBP,1937.22,387.44,2324.66,2324.66,CC300,PAID 
PI-2023-00824,PURCHASE,,S3016,03-Nov-2023,2023-11-17,EUR,6915.66,0.0,6915.66,5770.16,CC400,PAID
SI-2023-01166,SALES,C2018,,2023-12-29,2024-02-12,EUR,6373.88,0.0,6373.88,5289.63,CC220,Paid
SI-2023-01167,SALES,C2017,,01/12/2023,2024-01-15,EUR,2432.95,0.0,2432.95,1977.55,CC220,paid
SI-2023-01168,SALES,C2047,,28-Dec-2023,2024-01-11,GBP,10469.39,2093.88,12563.27,12563.27,CC200,PAID 
SI-2023-01169,SALES,C2011,,2023-12-08,2023-12-22,GBP,5804.73,1160.95,6965.68,6965.68,CC200,PAID
SI-2023-01170,SALES,C2001,,15/12/2023,2024-01-14,USD,31088.78,0.0,31088.78,22756.99,CC220,Paid
SI-2023-01171,SALES,C2001,,06-Dec-2023,2024-01-05,USD,3773.5,0.0,3773.5,2740.3,CC220,paid
SI-2023-01172,SALES,C2020,,2023-12-01,2024-01-15,GBP,41601.01,8320.2,49921.21,49921.21,CC210,PAID 
SI-2023-01173,SALES,C2027,,27/12/2023,2024-01-10,EUR,3753.2,0.0,3753.2,3117.91,CC220,PAID
SI-2023-01174,SALES,C2002,,19-Dec-2023,2024-02-17,EUR,12182.49,0.0,12182.49,10060.03,CC220,Paid
SI-2023-01175,SALES,C2059,,2023-12-07,2024-01-06,EUR,29062.04,0.0,29062.04,23559.08,CC220,paid
SI-2023-01176,SALES,C2040,,25/12/2023,2024-01-24,GBP,10925.15,2185.03,13110.18,13110.18,CC200,PAID 
SI-2023-01177,SALES,C2031,,29-Dec-2023,2024-02-27,GBP,8025.26,1605.05,9630.31,9630.31,CC210,PAID
SI-2023-01178,SALES,C2047,,2023-12-08,2023-12-22,GBP,16114.1,3222.82,19336.92,19336.92,CC200,Paid
SI-2023-01179,SALES,C2014,,20/12/2023,2024-02-18,EUR,13583.23,0.0,13583.23,11296.96,CC220,paid
SI-2023-01180,SALES,C2013,,01-Dec-2023,2024-01-15,GBP,4626.88,925.38,5552.26,5552.26,CC200,PAID 
SI-2023-01181,SALES,C2016,,2023-12-21,2024-01-20,GBP,35952.44,7190.49,43142.93,43142.93,CC200,PAID
SI-2023-01182,SALES,C2047,,21/12/2023,2024-01-04,GBP,14414.72,2882.94,17297.66,17297.66,CC200,Paid
SI-2023-01183,SALES,C2002,,12-Dec-2023,2024-02-10,EUR,7755.38,0.0,7755.38,6348.79,CC220,paid
SI-2023-01184,SALES,C2051,,2023-12-15,2024-01-29,USD,17020.78,0.0,17020.78,12459.21,CC220,PAID 
SI-2023-01185,SALES,C2035,,20/12/2023,2024-01-19,GBP,4386.8,877.36,5264.16,5264.16,CC200,PAID
SI-2023-01186,SALES,C2004,,29-Dec-2023,2024-02-12,GBP,4702.23,940.45,5642.68,5642.68,CC210,Paid
SI-2023-01187,SALES,C2051,,2023-12-26,2024-02-09,USD,23522.04,0.0,23522.04,17216.91,CC220,paid
SI-2023-01188,SALES,C2047,,29/12/2023,2024-01-12,GBP,20351.53,4070.31,24421.84,24421.84,CC200,PAID 
SI-2023-01189,SALES,C2030,,15-Dec-2023,2024-01-14,GBP,12563.8,2512.76,15076.56,15076.56,CC200,PAID
SI-2023-01190,SALES,C2046,,2023-12-06,2024-02-04,GBP,8963.86,1792.77,10756.63,10756.63,CC200,Paid
SI-2023-01191,SALES,C2015,,15/12/2023,2024-02-13,GBP,7997.95,1599.59,9597.54,9597.54,CC210,paid
SI-2023-01192,SALES,C2043,,22-Dec-2023,2024-01-21,EUR,14206.9,0.0,14206.9,11812.09,CC220,PAID 
SI-2023-01193,SALES,C2007,,2023-12-01,2023-12-31,GBP,23882.27,4776.45,28658.72,28658.72,CC200,PAID
SI-2023-01194,SALES,C2048,,27/12/2023,2024-01-10,GBP,14805.32,2961.06,17766.38,17766.38,CC200,Paid
SI-2023-01195,SALES,C2052,,07-Dec-2023,2024-01-06,EUR,12484.16,0.0,12484.16,10120.26,CC220,paid
SI-2023-01196,SALES,C2035,,2023-12-27,2024-01-26,GBP,17538.23,3507.65,21045.88,21045.88,CC200,PAID 
SI-2023-01197,SALES,C2020,,22/12/2023,2024-02-05,GBP,10125.79,2025.16,12150.95,12150.95,CC210,PAID
SI-2023-01198,SALES,C2023,,08-Dec-2023,2024-01-07,GBP,6454.75,1290.95,7745.7,7745.7,CC200,Paid
SI-2023-01199,SALES,C2055,,2023-12-01,2024-02-29,GBP,1152.85,230.57,1383.42,1383.42,CC200,paid
SI-2023-01200,SALES,C2032,,07/12/2023,2024-01-06,GBP,6026.52,1205.3,7231.82,7231.82,CC200,PAID 
SI-2023-01201,SALES,C2034,,08-Dec-2023,2023-12-22,EUR,13822.25,0.0,13822.25,11233.98,CC220,PAID
SI-2023-01202,SALES,C2040,,2023-12-08,2024-01-07,GBP,16425.71,3285.14,19710.85,19710.85,CC200,Paid
SI-2023-01203,SALES,C2037,,15/12/2023,2024-01-14,USD,6663.69,0.0,6663.69,4877.82,CC220,paid
SI-2023-01204,SALES,C2004,,08-Dec-2023,2024-01-22,GBP,4855.24,971.05,5826.29,5826.29,CC210,PAID 
SI-2023-01205,SALES,C2018,,2023-12-29,2024-02-12,EUR,33501.97,0.0,33501.97,27802.98,CC220,PAID
SI-2023-01206,SALES,C2055,,12/12/2023,2024-03-11,GBP,8162.12,1632.42,9794.54,9794.54,CC200,Paid
SI-2023-01207,SALES,C2007,,06-Dec-2023,2024-01-05,GBP,2446.12,489.22,2935.34,2935.34,CC200,paid
SI-2023-01208,SALES,C2025,,2023-12-08,2024-03-07,USD,7691.94,0.0,7691.94,5617.91,CC220,PAID 
SI-2023-01209,SALES,C2030,,15/12/2023,2024-01-14,GBP,24223.95,4844.79,29068.74,29068.74,CC200,PAID
SI-2023-01210,SALES,C2019,,14-Dec-2023,2024-03-13,EUR,2915.93,0.0,2915.93,2386.61,CC220,Paid
SI-2023-01211,SALES,C2019,,2023-12-08,2024-03-07,EUR,12308.15,0.0,12308.15,10003.4,CC220,paid
SI-2023-01212,SALES,C2018,,13/12/2023,2024-01-27,EUR,42207.91,0.0,42207.91,34476.9,CC220,PAID 
SI-2023-01213,SALES,C2060,,22-Dec-2023,2024-01-21,EUR,3824.09,0.0,3824.09,3179.47,CC220,PAID
SI-2023-01214,SALES,C2000,,2023-12-15,2024-01-29,GBP,11437.69,2287.54,13725.23,13725.23,CC200,Paid
SI-2023-01215,SALES,C2008,,22/12/2023,2024-02-20,EUR,9279.27,0.0,9279.27,7715.09,CC220,paid
SI-2023-01216,SALES,C2047,,11-Dec-2023,2023-12-25,GBP,5315.51,1063.1,6378.61,6378.61,CC200,PAID 
SI-2023-01217,SALES,C2055,,2023-12-12,2024-03-11,GBP,6353.09,1270.62,7623.71,7623.71,CC200,PAID
SI-2023-01218,SALES,C2057,,29/12/2023,2024-03-28,USD,11625.12,0.0,11625.12,8472.47,CC220,Paid
SI-2023-01219,SALES,C2008,,26-Dec-2023,2024-02-24,EUR,18931.71,0.0,18931.71,15738.16,CC220,paid
SI-2023-01220,SALES,C2056,,2023-12-29,2024-03-28,GBP,8134.02,1626.8,9760.82,9760.82,CC210,PAID 
PI-2023-00825,PURCHASE,,S3009,11/12/2023,2024-01-10,GBP,21391.12,4278.22,25669.34,25669.34,CC300,PAID
PI-2023-00826,PURCHASE,,S3002,01-Dec-2023,2024-01-30,EUR,719.9,0.0,719.9,585.15,CC600,Paid
PI-2023-00827,PURCHASE,,S3036,2023-12-08,2024-02-06,GBP,2308.19,461.64,2769.83,2769.83,CC500,paid
PI-2023-00828,PURCHASE,,S3006,08/12/2023,2024-01-07,EUR,1115.21,0.0,1115.21,906.38,CC200,PAID 
PI-2023-00829,PURCHASE,,S3006,29-Dec-2023,2024-01-28,EUR,13911.48,0.0,13911.48,11545.01,CC400,PAID
PI-2023-00830,PURCHASE,,S3027,2023-12-08,2023-12-22,EUR,1492.32,0.0,1492.32,1212.88,CC210,Paid
PI-2023-00831,PURCHASE,,S3014,28/12/2023,2024-01-11,GBP,10825.97,2165.19,12991.16,12991.16,CC400,paid
PI-2023-00832,PURCHASE,,S3019,25-Dec-2023,2024-01-24,EUR,3657.31,0.0,3657.31,3041.78,CC400,PAID 
PI-2023-00833,PURCHASE,,S3019,2023-12-29,2024-01-28,EUR,1173.2,0.0,1173.2,973.63,CC600,PAID
PI-2023-00834,PURCHASE,,S3029,07/12/2023,2024-01-06,EUR,4003.2,0.0,4003.2,3245.19,CC100,Paid
PI-2023-00835,PURCHASE,,S3019,01-Dec-2023,2023-12-31,EUR,3835.19,0.0,3835.19,3117.32,CC500,paid
PI-2023-00836,PURCHASE,,S3015,2023-12-28,2024-01-27,EUR,481.59,0.0,481.59,399.43,CC400,PAID 
PI-2023-00837,PURCHASE,,S3038,01/12/2023,2023-12-31,GBP,3591.54,718.31,4309.85,4309.85,CC300,PAID
PI-2023-00838,PURCHASE,,S3030,20-Dec-2023,2024-01-19,GBP,499.54,99.91,599.45,599.45,CC400,Paid
PI-2023-00839,PURCHASE,,S3036,2023-12-01,2024-01-30,GBP,1928.92,385.78,2314.7,2314.7,CC100,paid
PI-2023-00840,PURCHASE,,S3043,08/12/2023,2023-12-22,EUR,9311.66,0.0,9311.66,7568.01,CC300,PAID 
PI-2023-00841,PURCHASE,,S3009,15-Dec-2023,2024-01-14,GBP,1046.02,209.2,1255.22,1255.22,CC210,PAID
PI-2023-00842,PURCHASE,,S3039,2023-12-07,2024-01-06,GBP,2544.88,508.98,3053.86,3053.86,CC220,Paid
PI-2023-00843,PURCHASE,,S3014,21/12/2023,2024-01-04,GBP,7503.89,1500.78,9004.67,9004.67,CC300,paid
PI-2023-00844,PURCHASE,,S3013,22-Dec-2023,2024-01-05,GBP,1409.05,281.81,1690.86,1690.86,CC500,PAID 
PI-2023-00845,PURCHASE,,S3028,2023-12-29,2024-01-28,GBP,1616.51,323.3,1939.81,1939.81,CC100,PAID
PI-2023-00846,PURCHASE,,S3040,01/12/2023,2023-12-15,EUR,21503.31,0.0,21503.31,17478.34,CC300,Paid
PI-2023-00847,PURCHASE,,S3030,08-Dec-2023,2024-01-07,GBP,25015.34,5003.07,30018.41,30018.41,CC300,paid
PI-2023-00848,PURCHASE,,S3011,2023-12-19,2024-02-17,EUR,8869.9,0.0,8869.9,7324.57,CC100,PAID 
PI-2023-00849,PURCHASE,,S3026,01/12/2023,2023-12-31,GBP,1178.53,235.71,1414.24,1414.24,CC200,PAID
PI-2023-00850,PURCHASE,,S3036,15-Dec-2023,2024-02-13,GBP,11691.28,2338.26,14029.54,14029.54,CC200,Paid
PI-2023-00851,PURCHASE,,S3007,2023-12-15,2024-01-14,EUR,1027.76,0.0,1027.76,841.56,CC500,paid
PI-2023-00852,PURCHASE,,S3042,21/12/2023,2024-01-20,GBP,8339.73,1667.95,10007.68,10007.68,CC400,PAID 
PI-2023-00853,PURCHASE,,S3004,01-Dec-2023,2023-12-31,GBP,5472.23,1094.45,6566.68,6566.68,CC300,PAID
PI-2023-00854,PURCHASE,,S3027,2023-12-11,2023-12-25,EUR,14278.58,0.0,14278.58,11650.48,CC400,Paid
PI-2023-00855,PURCHASE,,S3012,01/12/2023,2023-12-31,GBP,9391.06,1878.21,11269.27,11269.27,CC300,paid
PI-2023-00856,PURCHASE,,S3009,15-Dec-2023,2024-01-14,GBP,946.39,189.28,1135.67,1135.67,CC400,PAID 
PI-2023-00857,PURCHASE,,S3005,2023-12-06,2024-01-20,GBP,1394.56,278.91,1673.47,1673.47,CC200,PAID
PI-2023-00858,PURCHASE,,S3004,11/12/2023,2024-01-10,GBP,1959.09,391.82,2350.91,2350.91,CC210,Paid
PI-2023-00859,PURCHASE,,S3026,29-Dec-2023,2024-01-28,GBP,1430.79,286.16,1716.95,1716.95,CC210,paid
PI-2023-00860,PURCHASE,,S3014,2023-12-13,2023-12-27,GBP,8533.22,1706.64,10239.86,10239.86,CC400,PAID 
PI-2023-00861,PURCHASE,,S3019,28/12/2023,2024-01-27,EUR,9575.05,0.0,9575.05,7941.47,CC300,PAID
PI-2023-00862,PURCHASE,,S3044,08-Dec-2023,2024-02-06,EUR,3212.42,0.0,3212.42,2610.88,CC400,Paid
PI-2023-00863,PURCHASE,,S3035,2023-12-05,2023-12-19,EUR,10938.85,0.0,10938.85,8806.28,CC400,paid
PI-2023-00864,PURCHASE,,S3025,01/12/2023,2023-12-31,EUR,1186.35,0.0,1186.35,964.29,CC210,PAID 
SI-2024-01221,SALES,C2054,,24-Jan-2024,2024-02-23,GBP,12118.13,2423.63,14541.76,14541.76,CC210,PAID
SI-2024-01222,SALES,C2040,,2024-01-09,2024-02-08,GBP,8325.56,1665.11,9990.67,9990.67,CC200,Paid
SI-2024-01223,SALES,C2012,,19/01/2024,2024-03-19,EUR,44466.07,0.0,44466.07,36629.9,CC220,paid
SI-2024-01224,SALES,C2010,,03-Jan-2024,2024-02-02,GBP,7750.15,1550.03,9300.18,9300.18,CC200,PAID 
SI-2024-01225,SALES,C2029,,2024-01-31,2024-04-30,EUR,41934.08,0.0,41934.08,34890.16,CC220,PAID
SI-2024-01226,SALES,C2050,,16/01/2024,2024-02-15,USD,2670.86,0.0,2670.86,1944.97,CC220,Paid
SI-2024-01227,SALES,C2032,,12-Jan-2024,2024-02-11,GBP,25302.6,5060.52,30363.12,30363.12,CC200,paid
SI-2024-01228,SALES,C2013,,2024-01-05,2024-02-19,GBP,3065.34,613.07,3678.41,3678.41,CC200,PAID 
SI-2024-01229,SALES,C2031,,17/01/2024,2024-03-17,GBP,4777.84,955.57,5733.41,5733.41,CC210,PAID
SI-2024-01230,SALES,C2023,,01-Jan-2024,2024-01-31,GBP,11845.7,2369.14,14214.84,14214.84,CC200,Paid
SI-2024-01231,SALES,C2043,,2024-01-19,2024-02-18,EUR,5746.67,0.0,5746.67,4733.95,CC220,paid
SI-2024-01232,SALES,C2013,,15/01/2024,2024-02-29,GBP,6255.85,1251.17,7507.02,7507.02,CC200,PAID 
SI-2024-01233,SALES,C2056,,22-Jan-2024,2024-04-21,GBP,16894.52,3378.9,20273.42,20273.42,CC210,PAID
SI-2024-01234,SALES,C2031,,2024-01-19,2024-03-19,GBP,3800.98,760.2,4561.18,4561.18,CC210,Paid
SI-2024-01235,SALES,C2034,,11/01/2024,2024-01-25,EUR,5863.19,0.0,5863.19,4827.81,CC220,paid
SI-2024-01236,SALES,C2038,,10-Jan-2024,2024-02-09,GBP,10455.79,2091.16,12546.95,12546.95,CC200,PAID 
SI-2024-01237,SALES,C2024,,2024-01-17,2024-02-16,GBP,5549.61,1109.92,6659.53,6659.53,CC210,PAID
SI-2024-01238,SALES,C2060,,29/01/2024,2024-02-28,EUR,8271.44,0.0,8271.44,6893.13,CC220,Paid
SI-2024-01239,SALES,C2037,,19-Jan-2024,2024-02-18,USD,7026.68,0.0,7026.68,5160.44,CC220,paid
SI-2024-01240,SALES,C2013,,2024-01-19,2024-03-04,GBP,11975.84,2395.17,14371.01,14371.01,CC200,PAID 
SI-2024-01241,SALES,C2024,,19/01/2024,2024-02-18,GBP,7946.06,1589.21,9535.27,9535.27,CC210,PAID
SI-2024-01242,SALES,C2013,,26-Jan-2024,2024-03-11,GBP,10984.26,2196.85,13181.11,13181.11,CC200,Paid
SI-2024-01243,SALES,C2022,,2024-01-02,2024-02-01,GBP,7762.99,1552.6,9315.59,9315.59,CC210,paid
SI-2024-01244,SALES,C2023,,29/01/2024,2024-02-28,GBP,41202.21,8240.44,49442.65,49442.65,CC200,PAID 
SI-2024-01245,SALES,C2002,,04-Jan-2024,2024-03-04,EUR,5807.29,0.0,5807.29,4786.26,CC220,PAID
SI-2024-01246,SALES,C2009,,2024-01-30,2024-04-29,GBP,5893.34,1178.67,7072.01,7072.01,CC200,Paid
SI-2024-01247,SALES,C2057,,12/01/2024,2024-04-11,USD,7663.59,0.0,7663.59,5529.43,CC220,paid
SI-2024-01248,SALES,C2036,,15-Jan-2024,2024-02-14,GBP,3812.66,762.53,4575.19,4575.19,CC200,PAID 
SI-2024-01249,SALES,C2043,,2024-01-12,2024-02-11,EUR,3863.1,0.0,3863.1,3185.66,CC220,PAID
SI-2024-01250,SALES,C2060,,19/01/2024,2024-02-18,EUR,5501.29,0.0,5501.29,4531.81,CC220,Paid
SI-2024-01251,SALES,C2046,,19-Jan-2024,2024-03-19,GBP,3131.77,626.35,3758.12,3758.12,CC200,paid
SI-2024-01252,SALES,C2038,,2024-01-17,2024-02-16,GBP,13441.9,2688.38,16130.28,16130.28,CC200,PAID 
SI-2024-01253,SALES,C2038,,19/01/2024,2024-02-18,GBP,5017.5,1003.5,6021.0,6021.0,CC200,PAID
SI-2024-01254,SALES,C2013,,16-Jan-2024,2024-03-01,GBP,24312.4,4862.48,29174.88,29174.88,CC200,Paid
SI-2024-01255,SALES,C2005,,2024-01-01,2024-01-31,EUR,17168.27,0.0,17168.27,14275.49,CC220,paid
SI-2024-01256,SALES,C2020,,26/01/2024,2024-03-11,GBP,18338.24,3667.65,22005.89,22005.89,CC210,PAID 
SI-2024-01257,SALES,C2015,,15-Jan-2024,2024-03-15,GBP,3898.76,779.75,4678.51,4678.51,CC210,PAID
SI-2024-01258,SALES,C2000,,2024-01-04,2024-02-18,GBP,5085.44,1017.09,6102.53,6102.53,CC200,Paid
SI-2024-01259,SALES,C2058,,02/01/2024,2024-04-01,EUR,6191.19,0.0,6191.19,5147.9,CC220,paid
SI-2024-01260,SALES,C2056,,05-Jan-2024,2024-04-04,GBP,23758.02,4751.6,28509.62,28509.62,CC210,PAID 
SI-2024-01261,SALES,C2044,,2024-01-29,2024-03-29,GBP,2755.66,551.13,3306.79,3306.79,CC200,PAID
SI-2024-01262,SALES,C2012,,02/01/2024,2024-03-02,EUR,11284.81,0.0,11284.81,9383.18,CC220,Paid
SI-2024-01263,SALES,C2039,,19-Jan-2024,2024-02-02,EUR,11468.71,0.0,11468.71,9447.6,CC220,paid
SI-2024-01264,SALES,C2042,,2024-01-10,2024-03-10,GBP,5094.69,1018.94,6113.63,6113.63,CC210,PAID 
SI-2024-01265,SALES,C2034,,12/01/2024,2024-01-26,EUR,17932.51,0.0,17932.51,14787.85,CC220,PAID
SI-2024-01266,SALES,C2001,,19-Jan-2024,2024-02-18,USD,14573.11,0.0,14573.11,10702.58,CC220,Paid
SI-2024-01267,SALES,C2046,,2024-01-12,2024-03-12,GBP,10009.6,2001.92,12011.52,12011.52,CC200,paid
SI-2024-01268,SALES,C2028,,30/01/2024,2024-02-13,GBP,6819.21,1363.84,8183.05,8183.05,CC200,PAID 
SI-2024-01269,SALES,C2053,,12-Jan-2024,2024-02-11,GBP,10871.59,2174.32,13045.91,13045.91,CC200,PAID
SI-2024-01270,SALES,C2017,,2024-01-24,2024-03-09,EUR,12200.36,0.0,12200.36,10100.95,CC220,Paid
PI-2024-00865,PURCHASE,,S3009,24/01/2024,2024-02-23,GBP,10661.02,2132.2,12793.22,12793.22,CC400,paid
PI-2024-00866,PURCHASE,,S3006,12-Jan-2024,2024-02-11,EUR,18636.12,0.0,18636.12,15368.07,CC400,PAID 
PI-2024-00867,PURCHASE,,S3019,2024-01-29,2024-02-28,EUR,9285.46,0.0,9285.46,7738.18,CC300,PAID
PI-2024-00868,PURCHASE,,S3013,16/01/2024,2024-01-30,GBP,2942.06,588.41,3530.47,3530.47,CC300,Paid
PI-2024-00869,PURCHASE,,S3024,12-Jan-2024,2024-02-26,EUR,1540.59,0.0,1540.59,1270.43,CC400,paid
PI-2024-00870,PURCHASE,,S3030,2024-01-05,2024-02-04,GBP,24988.17,4997.63,29985.8,29985.8,CC300,PAID 
PI-2024-00871,PURCHASE,,S3022,16/01/2024,2024-03-16,EUR,2920.28,0.0,2920.28,2412.33,CC100,PAID
PI-2024-00872,PURCHASE,,S3038,19-Jan-2024,2024-02-18,GBP,580.09,116.02,696.11,696.11,CC100,Paid
PI-2024-00873,PURCHASE,,S3000,2024-01-29,2024-02-28,GBP,3024.97,604.99,3629.96,3629.96,CC400,paid
PI-2024-00874,PURCHASE,,S3033,24/01/2024,2024-03-24,GBP,2097.25,419.45,2516.7,2516.7,CC500,PAID 
PI-2024-00875,PURCHASE,,S3026,19-Jan-2024,2024-02-18,GBP,3753.55,750.71,4504.26,4504.26,CC400,PAID
PI-2024-00876,PURCHASE,,S3037,2024-01-29,2024-02-28,USD,11286.81,0.0,11286.81,8415.73,CC300,Paid
PI-2024-00877,PURCHASE,,S3007,29/01/2024,2024-02-28,EUR,6510.24,0.0,6510.24,5425.41,CC400,paid
PI-2024-00878,PURCHASE,,S3020,03-Jan-2024,2024-02-02,USD,604.81,0.0,604.81,439.53,CC300,PAID 
PI-2024-00879,PURCHASE,,S3018,2024-01-09,2024-02-08,USD,527.28,0.0,527.28,381.67,CC210,PAID
PI-2024-00880,PURCHASE,,S3038,19/01/2024,2024-02-18,GBP,2296.99,459.4,2756.39,2756.39,CC400,Paid
PI-2024-00881,PURCHASE,,S3001,30-Jan-2024,2024-02-29,GBP,33950.54,6790.11,40740.65,40740.65,CC400,paid
PI-2024-00882,PURCHASE,,S3012,2024-01-23,2024-02-22,GBP,15428.97,3085.79,18514.76,18514.76,CC400,PAID 
PI-2024-00883,PURCHASE,,S3028,26/01/2024,2024-02-25,GBP,4939.04,987.81,5926.85,5926.85,CC400,PAID
PI-2024-00884,PURCHASE,,S3012,12-Jan-2024,2024-02-11,GBP,865.46,173.09,1038.55,1038.55,CC400,Paid
PI-2024-00885,PURCHASE,,S3007,2024-01-31,2024-03-01,EUR,3220.86,0.0,3220.86,2679.83,CC100,paid
PI-2024-00886,PURCHASE,,S3000,12/01/2024,2024-02-11,GBP,982.04,196.41,1178.45,1178.45,CC600,PAID 
PI-2024-00887,PURCHASE,,S3000,05-Jan-2024,2024-02-04,GBP,514.76,102.95,617.71,617.71,CC600,PAID
PI-2024-00888,PURCHASE,,S3026,2024-01-09,2024-02-08,GBP,2340.8,468.16,2808.96,2808.96,CC100,Paid
PI-2024-00889,PURCHASE,,S3014,09/01/2024,2024-01-23,GBP,26332.36,5266.47,31598.83,31598.83,CC300,paid
PI-2024-00890,PURCHASE,,S3043,22-Jan-2024,2024-02-05,EUR,11330.35,0.0,11330.35,9377.22,CC300,PAID 
PI-2024-00891,PURCHASE,,S3037,2024-01-26,2024-02-25,USD,20274.22,0.0,20274.22,15071.88,CC400,PAID
PI-2024-00892,PURCHASE,,S3038,15/01/2024,2024-02-14,GBP,473.92,94.78,568.7,568.7,CC100,Paid
PI-2024-00893,PURCHASE,,S3001,10-Jan-2024,2024-02-09,GBP,1717.37,343.47,2060.84,2060.84,CC100,paid
PI-2024-00894,PURCHASE,,S3039,2024-01-09,2024-02-08,GBP,1465.91,293.18,1759.09,1759.09,CC300,PAID 
PI-2024-00895,PURCHASE,,S3008,19/01/2024,2024-03-19,GBP,3124.25,624.85,3749.1,3749.1,CC100,PAID
PI-2024-00896,PURCHASE,,S3023,05-Jan-2024,2024-02-04,USD,3966.18,0.0,3966.18,2863.41,CC400,Paid
PI-2024-00897,PURCHASE,,S3024,2024-01-19,2024-03-04,EUR,2884.36,0.0,2884.36,2376.06,CC500,paid
PI-2024-00898,PURCHASE,,S3014,05/01/2024,2024-01-19,GBP,9144.44,1828.89,10973.33,10973.33,CC400,PAID 
PI-2024-00899,PURCHASE,,S3044,30-Jan-2024,2024-03-30,EUR,29565.05,0.0,29565.05,24542.21,CC400,PAID
PI-2024-00900,PURCHASE,,S3008,2024-01-16,2024-03-16,GBP,12700.19,2540.04,15240.23,15240.23,CC300,Paid
SI-2024-01271,SALES,C2028,,13/02/2024,2024-02-27,GBP,6206.86,1241.37,7448.23,7448.23,CC200,paid
SI-2024-01272,SALES,C2042,,15-Feb-2024,2024-04-15,GBP,12259.7,2451.94,14711.64,14711.64,CC210,PAID 
SI-2024-01273,SALES,C2038,,2024-02-14,2024-03-15,GBP,16472.95,3294.59,19767.54,19767.54,CC200,PAID
SI-2024-01274,SALES,C2042,,16/02/2024,2024-04-16,GBP,5448.56,1089.71,6538.27,6538.27,CC210,Paid
SI-2024-01275,SALES,C2020,,28-Feb-2024,2024-04-13,GBP,8273.28,1654.66,9927.94,9927.94,CC210,paid
SI-2024-01276,SALES,C2003,,2024-02-26,2024-04-11,EUR,26211.99,0.0,26211.99,22564.98,CC220,PAID 
SI-2024-01277,SALES,C2046,,02/02/2024,2024-04-02,GBP,12391.8,2478.36,14870.16,14870.16,CC200,PAID
SI-2024-01278,SALES,C2003,,26-Feb-2024,2024-04-11,EUR,4416.11,0.0,4416.11,3801.67,CC220,Paid
SI-2024-01279,SALES,C2049,,2024-02-14,2024-02-28,GBP,35723.6,7144.72,42868.32,42868.32,CC200,paid
SI-2024-01280,SALES,C2050,,21/02/2024,2024-03-22,USD,49837.34,0.0,49837.34,36835.23,CC220,PAID 
SI-2024-01281,SALES,C2009,,14-Feb-2024,2024-05-14,GBP,21424.37,4284.87,25709.24,25709.24,CC200,PAID
SI-2024-01282,SALES,C2046,,2024-02-06,2024-04-06,GBP,5394.17,1078.83,6473.0,6473.0,CC200,Paid
SI-2024-01283,SALES,C2060,,21/02/2024,2024-03-22,EUR,5892.56,0.0,5892.56,5031.72,CC220,paid
SI-2024-01284,SALES,C2016,,23-Feb-2024,2024-03-24,GBP,27718.84,5543.77,33262.61,33262.61,CC200,PAID 
SI-2024-01285,SALES,C2021,,2024-02-19,2024-05-19,GBP,5146.5,1029.3,6175.8,6175.8,CC210,PAID
SI-2024-01286,SALES,C2003,,20/02/2024,2024-04-05,EUR,13586.33,0.0,13586.33,11689.71,CC220,Paid
SI-2024-01287,SALES,C2010,,12-Feb-2024,2024-03-13,GBP,17739.02,3547.8,21286.82,21286.82,CC200,paid
SI-2024-01288,SALES,C2010,,2024-02-23,2024-03-24,GBP,24013.68,4802.74,28816.42,28816.42,CC200,PAID 
SI-2024-01289,SALES,C2014,,19/02/2024,2024-04-19,EUR,4554.73,0.0,4554.73,3907.81,CC220,PAID
SI-2024-01290,SALES,C2018,,07-Feb-2024,2024-03-23,EUR,30891.25,0.0,30891.25,25655.31,CC220,Paid
SI-2024-01291,SALES,C2049,,2024-02-23,2024-03-08,GBP,4909.47,981.89,5891.36,5891.36,CC200,paid
SI-2024-01292,SALES,C2041,,27/02/2024,2024-03-28,GBP,5527.89,1105.58,6633.47,6633.47,CC210,PAID 
SI-2024-01293,SALES,C2045,,09-Feb-2024,2024-03-25,GBP,7498.45,1499.69,8998.14,8998.14,CC200,PAID
SI-2024-01294,SALES,C2026,,2024-02-21,2024-03-22,GBP,11980.08,2396.02,14376.1,14376.1,CC210,Paid
SI-2024-01295,SALES,C2012,,16/02/2024,2024-04-16,EUR,16214.66,0.0,16214.66,13694.46,CC220,paid
SI-2024-01296,SALES,C2049,,12-Feb-2024,2024-02-26,GBP,3803.56,760.71,4564.27,4564.27,CC200,PAID 
SI-2024-01297,SALES,C2031,,2024-02-16,2024-04-16,GBP,3915.69,783.14,4698.83,4698.83,CC210,PAID
SI-2024-01298,SALES,C2014,,16/02/2024,2024-04-16,EUR,20531.29,0.0,20531.29,17340.17,CC220,Paid
SI-2024-01299,SALES,C2018,,15-Feb-2024,2024-03-31,EUR,21442.83,0.0,21442.83,18077.64,CC220,paid
SI-2024-01300,SALES,C2021,,2024-02-28,2024-05-28,GBP,6015.96,1203.19,7219.15,7219.15,CC210,PAID 
SI-2024-01301,SALES,C2019,,02/02/2024,2024-05-02,EUR,10720.43,0.0,10720.43,8905.91,CC220,PAID
SI-2024-01302,SALES,C2010,,23-Feb-2024,2024-03-24,GBP,7117.12,1423.42,8540.54,8540.54,CC200,Paid
SI-2024-01303,SALES,C2041,,2024-02-23,2024-03-24,GBP,5797.24,1159.45,6956.69,6956.69,CC210,paid
SI-2024-01304,SALES,C2038,,27/02/2024,2024-03-28,GBP,4017.71,803.54,4821.25,4821.25,CC200,PAID 
SI-2024-01305,SALES,C2029,,23-Feb-2024,2024-05-23,EUR,25902.89,0.0,25902.89,22245.22,CC220,PAID
SI-2024-01306,SALES,C2004,,2024-02-16,2024-04-01,GBP,1159.05,231.81,1390.86,1390.86,CC210,Paid
SI-2024-01307,SALES,C2029,,13/02/2024,2024-05-13,EUR,10158.27,0.0,10158.27,8506.81,CC220,paid
SI-2024-01308,SALES,C2047,,23-Feb-2024,2024-03-08,GBP,8911.35,1782.27,10693.62,10693.62,CC200,PAID 
SI-2024-01309,SALES,C2038,,2024-02-02,2024-03-03,GBP,23718.4,4743.68,28462.08,28462.08,CC200,PAID
SI-2024-01310,SALES,C2023,,28/02/2024,2024-03-29,GBP,17350.34,3470.07,20820.41,20820.41,CC200,Paid
SI-2024-01311,SALES,C2009,,09-Feb-2024,2024-05-09,GBP,10160.17,2032.03,12192.2,12192.2,CC200,paid
SI-2024-01312,SALES,C2021,,2024-02-27,2024-05-27,GBP,7734.83,1546.97,9281.8,9281.8,CC210,PAID 
SI-2024-01313,SALES,C2009,,08/02/2024,2024-05-08,GBP,9569.53,1913.91,11483.44,11483.44,CC200,PAID
SI-2024-01314,SALES,C2029,,23-Feb-2024,2024-05-23,EUR,7256.55,0.0,7256.55,6231.87,CC220,Paid
SI-2024-01315,SALES,C2035,,2024-02-16,2024-03-17,GBP,28115.52,5623.1,33738.62,33738.62,CC200,paid
SI-2024-01316,SALES,C2031,,23/02/2024,2024-04-23,GBP,7159.81,1431.96,8591.77,8591.77,CC210,PAID 
SI-2024-01317,SALES,C2052,,26-Feb-2024,2024-03-27,EUR,49884.22,0.0,49884.22,42943.58,CC220,PAID
SI-2024-01318,SALES,C2042,,2024-02-06,2024-04-06,GBP,4574.67,914.93,5489.6,5489.6,CC210,Paid
SI-2024-01319,SALES,C2038,,21/02/2024,2024-03-22,GBP,5089.37,1017.87,6107.24,6107.24,CC200,paid
SI-2024-01320,SALES,C2039,,02-Feb-2024,2024-02-16,EUR,7223.93,0.0,7223.93,6001.22,CC220,PAID 
SI-2024-01321,SALES,C2042,,2024-02-09,2024-04-09,GBP,9566.01,1913.2,11479.21,11479.21,CC210,PAID
SI-2024-01322,SALES,C2011,,02/02/2024,2024-02-16,GBP,29017.92,5803.58,34821.5,34821.5,CC200,Paid
PI-2024-00901,PURCHASE,,S3032,05-Feb-2024,2024-02-19,EUR,11436.57,0.0,11436.57,9470.81,CC400,paid
PI-2024-00902,PURCHASE,,S3011,2024-02-07,2024-04-07,EUR,4725.25,0.0,4725.25,3924.34,CC210,PAID 
PI-2024-00903,PURCHASE,,S3041,02/02/2024,2024-03-03,GBP,130.24,26.05,156.29,156.29,CC210,PAID
PI-2024-00904,PURCHASE,,S3016,14-Feb-2024,2024-02-28,EUR,15393.87,0.0,15393.87,12943.41,CC300,Paid
PI-2024-00905,PURCHASE,,S3012,2024-02-06,2024-03-07,GBP,905.02,181.0,1086.02,1086.02,CC210,paid
PI-2024-00906,PURCHASE,,S3035,16/02/2024,2024-03-01,EUR,1686.33,0.0,1686.33,1424.23,CC500,PAID 
PI-2024-00907,PURCHASE,,S3008,05-Feb-2024,2024-04-05,GBP,11634.6,2326.92,13961.52,13961.52,CC100,PAID
PI-2024-00908,PURCHASE,,S3043,2024-02-19,2024-03-04,EUR,3329.97,0.0,3329.97,2857.0,CC100,Paid
PI-2024-00909,PURCHASE,,S3026,22/02/2024,2024-03-23,GBP,1486.74,297.35,1784.09,1784.09,CC200,paid
PI-2024-00910,PURCHASE,,S3031,14-Feb-2024,2024-04-14,GBP,27032.91,5406.58,32439.49,32439.49,CC300,PAID 
PI-2024-00911,PURCHASE,,S3016,2024-02-09,2024-02-23,EUR,827.61,0.0,827.61,688.75,CC400,PAID
PI-2024-00912,PURCHASE,,S3021,14/02/2024,2024-03-30,GBP,1929.78,385.96,2315.74,2315.74,CC400,Paid
PI-2024-00913,PURCHASE,,S3006,16-Feb-2024,2024-03-17,EUR,29132.85,0.0,29132.85,24604.82,CC400,paid
PI-2024-00914,PURCHASE,,S3045,2024-02-05,2024-03-21,GBP,8311.33,1662.27,9973.6,9973.6,CC300,PAID 
PI-2024-00915,PURCHASE,,S3024,02/02/2024,2024-03-18,EUR,2622.91,0.0,2622.91,2178.96,CC400,PAID
PI-2024-00916,PURCHASE,,S3030,01-Feb-2024,2024-03-02,GBP,8346.52,1669.3,10015.82,10015.82,CC300,Paid
PI-2024-00917,PURCHASE,,S3016,2024-02-02,2024-02-16,EUR,17857.27,0.0,17857.27,14834.78,CC300,paid
PI-2024-00918,PURCHASE,,S3017,23/02/2024,2024-04-08,GBP,806.06,161.21,967.27,967.27,CC400,PAID 
PI-2024-00919,PURCHASE,,S3044,05-Feb-2024,2024-04-05,EUR,8155.3,0.0,8155.3,6753.53,CC400,PAID
PI-2024-00920,PURCHASE,,S3032,2024-02-22,2024-03-07,EUR,2710.13,0.0,2710.13,2322.08,CC100,Paid
PI-2024-00921,PURCHASE,,S3021,08/02/2024,2024-03-24,GBP,2661.86,532.37,3194.23,3194.23,CC220,paid
PI-2024-00922,PURCHASE,,S3030,13-Feb-2024,2024-03-14,GBP,538.8,107.76,646.56,646.56,CC400,PAID 
PI-2024-00923,PURCHASE,,S3037,2024-02-20,2024-03-21,USD,11687.52,0.0,11687.52,8648.66,CC300,PAID
PI-2024-00924,PURCHASE,,S3005,01/02/2024,2024-03-17,GBP,1315.46,263.09,1578.55,1578.55,CC600,Paid
PI-2024-00925,PURCHASE,,S3022,08-Feb-2024,2024-04-08,EUR,778.91,0.0,778.91,646.23,CC100,paid
PI-2024-00926,PURCHASE,,S3037,2024-02-02,2024-03-03,USD,403.69,0.0,403.69,299.1,CC100,PAID 
PI-2024-00927,PURCHASE,,S3021,06/02/2024,2024-03-22,GBP,984.04,196.81,1180.85,1180.85,CC400,PAID
PI-2024-00928,PURCHASE,,S3039,08-Feb-2024,2024-03-09,GBP,2443.22,488.64,2931.86,2931.86,CC600,Paid
PI-2024-00929,PURCHASE,,S3018,2024-02-21,2024-03-22,USD,2222.85,0.0,2222.85,1642.93,CC600,paid
PI-2024-00930,PURCHASE,,S3044,09/02/2024,2024-04-09,EUR,6803.41,0.0,6803.41,5661.91,CC300,PAID 
PI-2024-00931,PURCHASE,,S3020,23-Feb-2024,2024-03-24,USD,18174.46,0.0,18174.46,13420.49,CC300,PAID
PI-2024-00932,PURCHASE,,S3026,2024-02-28,2024-03-29,GBP,10183.59,2036.72,12220.31,12220.31,CC100,Paid
PI-2024-00933,PURCHASE,,S3032,16/02/2024,2024-03-01,EUR,18939.19,0.0,18939.19,15995.53,CC400,paid
PI-2024-00934,PURCHASE,,S3013,16-Feb-2024,2024-03-01,GBP,6401.53,1280.31,7681.84,7681.84,CC100,PAID 
PI-2024-00935,PURCHASE,,S3026,2024-02-23,2024-03-24,GBP,2408.49,481.7,2890.19,2890.19,CC400,PAID
PI-2024-00936,PURCHASE,,S3043,09/02/2024,2024-02-23,EUR,3581.83,0.0,3581.83,2980.86,CC210,Paid
PI-2024-00937,PURCHASE,,S3014,08-Feb-2024,2024-02-22,GBP,4021.8,804.36,4826.16,4826.16,CC100,paid
SI-2024-01323,SALES,C2002,,2024-03-08,2024-05-07,EUR,14379.16,0.0,14379.16,12540.57,CC220,PAID 
SI-2024-01324,SALES,C2059,,07/03/2024,2024-04-06,EUR,16307.7,0.0,16307.7,14215.98,CC220,PAID
SI-2024-01325,SALES,C2003,,01-Mar-2024,2024-04-15,EUR,8078.12,0.0,8078.12,6951.08,CC220,Paid
SI-2024-01326,SALES,C2044,,2024-03-08,2024-05-07,GBP,3145.97,629.19,3775.16,3775.16,CC200,paid
SI-2024-01327,SALES,C2000,,25/03/2024,2024-05-09,GBP,11948.2,2389.64,14337.84,14337.84,CC200,PAID 
SI-2024-01328,SALES,C2002,,06-Mar-2024,2024-05-05,EUR,7678.47,0.0,7678.47,6701.56,CC220,PAID
SI-2024-01329,SALES,C2026,,2024-03-18,2024-04-17,GBP,6366.73,1273.35,7640.08,7640.08,CC210,Paid
SI-2024-01330,SALES,C2053,,12/03/2024,2024-04-11,GBP,5167.61,1033.52,6201.13,6201.13,CC200,paid
SI-2024-01331,SALES,C2013,,04-Mar-2024,2024-04-18,GBP,7118.1,1423.62,8541.72,8541.72,CC200,PAID 
SI-2024-01332,SALES,C2032,,2024-03-08,2024-04-07,GBP,5932.21,1186.44,7118.65,7118.65,CC200,PAID
SI-2024-01333,SALES,C2018,,15/03/2024,2024-04-29,EUR,22103.46,0.0,22103.46,19397.84,CC220,Paid
SI-2024-01334,SALES,C2006,,20-Mar-2024,2024-04-19,GBP,36278.24,7255.65,43533.89,43533.89,CC200,paid
SI-2024-01335,SALES,C2027,,2024-03-08,2024-03-22,EUR,3302.35,0.0,3302.35,2880.1,CC220,PAID 
SI-2024-01336,SALES,C2044,,05/03/2024,2024-05-04,GBP,7973.14,1594.63,9567.77,9567.77,CC200,PAID
SI-2024-01337,SALES,C2022,,19-Mar-2024,2024-04-18,GBP,15359.89,3071.98,18431.87,18431.87,CC210,Paid
SI-2024-01338,SALES,C2029,,2024-03-06,2024-06-04,EUR,2172.77,0.0,2172.77,1896.33,CC220,paid
SI-2024-01339,SALES,C2007,,01/03/2024,2024-03-31,GBP,25548.82,5109.76,30658.58,30658.58,CC200,PAID 
SI-2024-01340,SALES,C2000,,14-Mar-2024,2024-04-28,GBP,5399.29,1079.86,6479.15,6479.15,CC200,PAID
SI-2024-01341,SALES,C2028,,2024-03-25,2024-04-08,GBP,42882.69,8576.54,51459.23,51459.23,CC200,Paid
SI-2024-01342,SALES,C2009,,01/03/2024,2024-05-30,GBP,7463.82,1492.76,8956.58,8956.58,CC200,paid
SI-2024-01343,SALES,C2009,,27-Mar-2024,2024-06-25,GBP,9604.65,1920.93,11525.58,11525.58,CC200,PAID 
SI-2024-01344,SALES,C2007,,2024-03-12,2024-04-11,GBP,6956.01,1391.2,8347.21,8347.21,CC200,PAID
SI-2024-01345,SALES,C2015,,29/03/2024,2024-05-28,GBP,23766.7,4753.34,28520.04,28520.04,CC210,Paid
SI-2024-01346,SALES,C2009,,29-Mar-2024,2024-06-27,GBP,14477.71,2895.54,17373.25,17373.25,CC200,paid
SI-2024-01347,SALES,C2009,,2024-03-15,2024-06-13,GBP,10876.14,2175.23,13051.37,13051.37,CC200,PAID 
SI-2024-01348,SALES,C2008,,08/03/2024,2024-05-07,EUR,11857.96,0.0,11857.96,10341.74,CC220,PAID
SI-2024-01349,SALES,C2002,,26-Mar-2024,2024-05-25,EUR,6296.31,0.0,6296.31,5549.6,CC220,Paid
SI-2024-01350,SALES,C2058,,2024-03-15,2024-06-13,EUR,6068.88,0.0,6068.88,5326.01,CC220,paid
SI-2024-01351,SALES,C2043,,26/03/2024,2024-04-25,EUR,14803.07,0.0,14803.07,13047.5,CC220,PAID 
SI-2024-01352,SALES,C2037,,01-Mar-2024,2024-03-31,USD,8252.33,0.0,8252.33,6060.71,CC220,PAID
SI-2024-01353,SALES,C2020,,2024-03-01,2024-04-15,GBP,29238.84,5847.77,35086.61,35086.61,CC210,Paid
SI-2024-01354,SALES,C2028,,22/03/2024,2024-04-05,GBP,15331.28,3066.26,18397.54,18397.54,CC200,paid
SI-2024-01355,SALES,C2017,,14-Mar-2024,2024-04-28,EUR,4515.18,0.0,4515.18,3988.65,CC220,PAID 
SI-2024-01356,SALES,C2036,,2024-03-18,2024-04-17,GBP,6099.44,1219.89,7319.33,7319.33,CC200,PAID
SI-2024-01357,SALES,C2004,,22/03/2024,2024-05-06,GBP,8355.52,1671.1,10026.62,10026.62,CC210,Paid
SI-2024-01358,SALES,C2052,,15-Mar-2024,2024-04-14,EUR,9846.76,0.0,9846.76,8641.45,CC220,paid
SI-2024-01359,SALES,C2061,,2024-03-27,2024-04-26,GBP,6475.18,1295.04,7770.22,7770.22,CC210,PAID 
SI-2024-01360,SALES,C2029,,29/03/2024,2024-06-27,EUR,5091.84,0.0,5091.84,4505.09,CC220,PAID
SI-2024-01361,SALES,C2031,,20-Mar-2024,2024-05-19,GBP,10708.35,2141.67,12850.02,12850.02,CC210,Paid
SI-2024-01362,SALES,C2009,,2024-03-11,2024-06-09,GBP,6031.26,1206.25,7237.51,7237.51,CC200,paid
SI-2024-01363,SALES,C2028,,13/03/2024,2024-03-27,GBP,18916.17,3783.23,22699.4,22699.4,CC200,PAID 
SI-2024-01364,SALES,C2008,,27-Mar-2024,2024-05-26,EUR,8171.19,0.0,8171.19,7186.99,CC220,PAID
SI-2024-01365,SALES,C2000,,2024-03-22,2024-05-06,GBP,3936.5,787.3,4723.8,4723.8,CC200,Paid
SI-2024-01366,SALES,C2015,,08/03/2024,2024-05-07,GBP,3739.75,747.95,4487.7,4487.7,CC210,paid
SI-2024-01367,SALES,C2019,,12-Mar-2024,2024-06-10,EUR,26604.94,0.0,26604.94,23289.57,CC220,PAID 
SI-2024-01368,SALES,C2031,,2024-03-01,2024-04-30,GBP,39873.64,7974.73,47848.37,47848.37,CC210,PAID
SI-2024-01369,SALES,C2040,,15/03/2024,2024-04-14,GBP,25502.42,5100.48,30602.9,30602.9,CC200,Paid
SI-2024-01370,SALES,C2023,,22-Mar-2024,2024-04-21,GBP,6195.71,1239.14,7434.85,7434.85,CC200,paid
SI-2024-01371,SALES,C2021,,2024-03-11,2024-06-09,GBP,6045.75,1209.15,7254.9,7254.9,CC210,PAID 
SI-2024-01372,SALES,C2007,,08/03/2024,2024-04-07,GBP,2532.29,506.46,3038.75,3038.75,CC200,PAID
SI-2024-01373,SALES,C2011,,29-Mar-2024,2024-04-12,GBP,12068.89,2413.78,14482.67,14482.67,CC200,Paid
SI-2024-01374,SALES,C2017,,2024-03-13,2024-04-27,EUR,9960.66,0.0,9960.66,8750.02,CC220,paid
SI-2024-01375,SALES,C2019,,01/03/2024,2024-05-30,EUR,14705.01,0.0,14705.01,12653.41,CC220,PAID 
SI-2024-01376,SALES,C2016,,15-Mar-2024,2024-04-14,GBP,15639.12,3127.82,18766.94,18766.94,CC200,PAID
SI-2024-01377,SALES,C2000,,2024-03-22,2024-05-06,GBP,9258.56,1851.71,11110.27,11110.27,CC200,Paid
SI-2024-01378,SALES,C2006,,01/03/2024,2024-03-31,GBP,3359.91,671.98,4031.89,4031.89,CC200,paid
SI-2024-01379,SALES,C2009,,08-Mar-2024,2024-06-06,GBP,9227.4,1845.48,11072.88,11072.88,CC200,PAID 
SI-2024-01380,SALES,C2020,,2024-03-18,2024-05-02,GBP,8847.13,1769.43,10616.56,10616.56,CC210,PAID
SI-2024-01381,SALES,C2037,,25/03/2024,2024-04-24,USD,25189.38,0.0,25189.38,18219.65,CC220,Paid
PI-2024-00938,PURCHASE,,S3003,29-Mar-2024,2024-04-28,EUR,2223.14,0.0,2223.14,1966.96,CC300,paid
PI-2024-00939,PURCHASE,,S3007,2024-03-14,2024-04-13,EUR,815.47,0.0,815.47,720.37,CC500,PAID 
PI-2024-00940,PURCHASE,,S3002,29/03/2024,2024-05-28,EUR,2807.92,0.0,2807.92,2484.35,CC100,PAID
PI-2024-00941,PURCHASE,,S3033,07-Mar-2024,2024-05-06,GBP,4119.19,823.84,4943.03,4943.03,CC300,Paid
PI-2024-00942,PURCHASE,,S3015,2024-03-27,2024-04-26,EUR,3482.4,0.0,3482.4,3062.96,CC300,paid
PI-2024-00943,PURCHASE,,S3026,29/03/2024,2024-04-28,GBP,1569.89,313.98,1883.87,1883.87,CC300,PAID 
PI-2024-00944,PURCHASE,,S3005,22-Mar-2024,2024-05-06,GBP,9931.58,1986.32,11917.9,11917.9,CC500,PAID
PI-2024-00945,PURCHASE,,S3027,2024-03-01,2024-03-15,EUR,16903.06,0.0,16903.06,14544.8,CC300,Paid
PI-2024-00946,PURCHASE,,S3019,18/03/2024,2024-04-17,EUR,29230.61,0.0,29230.61,25585.0,CC400,paid
PI-2024-00947,PURCHASE,,S3034,26-Mar-2024,2024-04-25,GBP,5987.58,1197.52,7185.1,7185.1,CC400,PAID 
PI-2024-00948,PURCHASE,,S3029,2024-03-05,2024-04-04,EUR,16164.29,0.0,16164.29,14020.29,CC300,PAID
PI-2024-00949,PURCHASE,,S3045,13/03/2024,2024-04-27,GBP,1472.65,294.53,1767.18,1767.18,CC100,Paid
PI-2024-00950,PURCHASE,,S3023,21-Mar-2024,2024-04-20,USD,2065.57,0.0,2065.57,1509.17,CC400,paid
PI-2024-00951,PURCHASE,,S3009,2024-03-11,2024-04-10,GBP,637.2,127.44,764.64,764.64,CC200,PAID 
PI-2024-00952,PURCHASE,,S3006,20/03/2024,2024-04-19,EUR,9424.67,0.0,9424.67,8253.08,CC400,PAID
PI-2024-00953,PURCHASE,,S3028,12-Mar-2024,2024-04-11,GBP,598.29,119.66,717.95,717.95,CC300,Paid
PI-2024-00954,PURCHASE,,S3044,2024-03-01,2024-04-30,EUR,706.68,0.0,706.68,608.09,CC300,paid
PI-2024-00955,PURCHASE,,S3021,20/03/2024,2024-05-04,GBP,32060.98,6412.2,38473.18,38473.18,CC400,PAID 
PI-2024-00956,PURCHASE,,S3021,22-Mar-2024,2024-05-06,GBP,1363.28,272.66,1635.94,1635.94,CC220,PAID
PI-2024-00957,PURCHASE,,S3034,2024-03-12,2024-04-11,GBP,16067.18,3213.44,19280.62,19280.62,CC400,Paid
PI-2024-00958,PURCHASE,,S3038,18/03/2024,2024-04-17,GBP,1892.67,378.53,2271.2,2271.2,CC500,paid
PI-2024-00959,PURCHASE,,S3028,18-Mar-2024,2024-04-17,GBP,1610.81,322.16,1932.97,1932.97,CC300,PAID 
PI-2024-00960,PURCHASE,,S3001,2024-03-28,2024-04-27,GBP,568.95,113.79,682.74,682.74,CC600,PAID
PI-2024-00961,PURCHASE,,S3025,29/03/2024,2024-04-28,EUR,3966.67,0.0,3966.67,3509.57,CC300,Paid
PI-2024-00962,PURCHASE,,S3035,29-Mar-2024,2024-04-12,EUR,2067.9,0.0,2067.9,1829.61,CC300,paid
PI-2024-00963,PURCHASE,,S3028,2024-03-12,2024-04-11,GBP,710.0,142.0,852.0,852.0,CC100,PAID 
PI-2024-00964,PURCHASE,,S3012,25/03/2024,2024-04-24,GBP,1130.53,226.11,1356.64,1356.64,CC400,PAID
PI-2024-00965,PURCHASE,,S3028,15-Mar-2024,2024-04-14,GBP,6173.66,1234.73,7408.39,7408.39,CC400,Paid
PI-2024-00966,PURCHASE,,S3009,2024-03-25,2024-04-24,GBP,2668.4,533.68,3202.08,3202.08,CC400,paid
PI-2024-00967,PURCHASE,,S3044,08/03/2024,2024-05-07,EUR,10953.4,0.0,10953.4,9552.84,CC400,PAID 
PI-2024-00968,PURCHASE,,S3009,01-Mar-2024,2024-03-31,GBP,1409.72,281.94,1691.66,1691.66,CC300,PAID
PI-2024-00969,PURCHASE,,S3041,2024-03-15,2024-04-14,GBP,308.17,61.63,369.8,369.8,CC300,Paid
PI-2024-00970,PURCHASE,,S3000,22/03/2024,2024-04-21,GBP,882.56,176.51,1059.07,1059.07,CC210,paid
PI-2024-00971,PURCHASE,,S3030,22-Mar-2024,2024-04-21,GBP,7334.02,1466.8,8800.82,8800.82,CC300,PAID 
PI-2024-00972,PURCHASE,,S3004,2024-03-01,2024-03-31,GBP,1250.99,250.2,1501.19,1501.19,CC300,PAID
PI-2024-00973,PURCHASE,,S3035,08/03/2024,2024-03-22,EUR,1210.84,0.0,1210.84,1056.02,CC210,Paid
PI-2024-00974,PURCHASE,,S3022,14-Mar-2024,2024-05-13,EUR,27581.93,0.0,27581.93,24365.49,CC300,paid
PI-2024-00975,PURCHASE,,S3014,2024-03-22,2024-04-05,GBP,18260.1,3652.02,21912.12,21912.12,CC400,PAID 
PI-2024-00976,PURCHASE,,S3041,01/03/2024,2024-03-31,GBP,1552.92,310.58,1863.5,1863.5,CC100,PAID
PI-2024-00977,PURCHASE,,S3003,08-Mar-2024,2024-04-07,EUR,5609.83,0.0,5609.83,4892.53,CC300,Paid
PI-2024-00978,PURCHASE,,S3000,2024-03-22,2024-04-21,GBP,4756.25,951.25,5707.5,5707.5,CC220,paid
PI-2024-00979,PURCHASE,,S3045,22/03/2024,2024-05-06,GBP,1908.31,381.66,2289.97,2289.97,CC400,PAID 
SI-2024-01382,SALES,C2022,,18-Apr-2024,2024-05-18,GBP,12183.75,2436.75,14620.5,14620.5,CC210,PAID
SI-2024-01383,SALES,C2045,,2024-04-22,2024-06-06,GBP,33735.93,6747.19,40483.12,40483.12,CC200,Paid
SI-2024-01384,SALES,C2015,,26/04/2024,2024-06-25,GBP,2560.85,512.17,3073.02,3073.02,CC210,paid
SI-2024-01385,SALES,C2000,,12-Apr-2024,2024-05-27,GBP,4634.88,926.98,5561.86,5561.86,CC200,PAID 
SI-2024-01386,SALES,C2024,,2024-04-23,2024-05-23,GBP,3135.33,627.07,3762.4,3762.4,CC210,PAID
SI-2024-01387,SALES,C2021,,25/04/2024,2024-07-24,GBP,10504.18,2100.84,12605.02,12605.02,CC210,Paid
SI-2024-01388,SALES,C2035,,08-Apr-2024,2024-05-08,GBP,19838.04,3967.61,23805.65,23805.65,CC200,paid
SI-2024-01389,SALES,C2015,,2024-04-23,2024-06-22,GBP,4480.92,896.18,5377.1,5377.1,CC210,PAID 
SI-2024-01390,SALES,C2032,,01/04/2024,2024-05-01,GBP,3245.68,649.14,3894.82,3894.82,CC200,PAID
SI-2024-01391,SALES,C2057,,26-Apr-2024,2024-07-25,USD,57172.87,0.0,57172.87,42215.7,CC220,Paid
SI-2024-01392,SALES,C2014,,2024-04-12,2024-06-11,EUR,9317.85,0.0,9317.85,8343.45,CC220,paid
SI-2024-01393,SALES,C2001,,22/04/2024,2024-05-22,USD,4570.17,0.0,4570.17,3329.62,CC220,PAID 
SI-2024-01394,SALES,C2006,,05-Apr-2024,2024-05-05,GBP,3276.65,655.33,3931.98,3931.98,CC200,PAID
SI-2024-01395,SALES,C2032,,2024-04-18,2024-05-18,GBP,12476.05,2495.21,14971.26,14971.26,CC200,Paid
SI-2024-01396,SALES,C2046,,26/04/2024,2024-06-25,GBP,13817.24,2763.45,16580.69,16580.69,CC200,paid
SI-2024-01397,SALES,C2005,,12-Apr-2024,2024-05-12,EUR,2374.33,0.0,2374.33,2126.04,CC220,PAID 
SI-2024-01398,SALES,C2008,,2024-04-17,2024-06-16,EUR,10271.16,0.0,10271.16,9090.27,CC220,PAID
SI-2024-01399,SALES,C2010,,05/04/2024,2024-05-05,GBP,9295.79,1859.16,11154.95,11154.95,CC200,Paid
SI-2024-01400,SALES,C2002,,03-Apr-2024,2024-06-02,EUR,6695.27,0.0,6695.27,5953.43,CC220,paid
SI-2024-01401,SALES,C2042,,2024-04-19,2024-06-18,GBP,5905.8,1181.16,7086.96,7086.96,CC210,PAID 
SI-2024-01402,SALES,C2035,,11/04/2024,2024-05-11,GBP,8419.62,1683.92,10103.54,10103.54,CC200,PAID
SI-2024-01403,SALES,C2035,,19-Apr-2024,2024-05-19,GBP,8908.49,1781.7,10690.19,10690.19,CC200,Paid
SI-2024-01404,SALES,C2032,,2024-04-12,2024-05-12,GBP,4896.03,979.21,5875.24,5875.24,CC200,paid
SI-2024-01405,SALES,C2012,,19/04/2024,2024-06-18,EUR,13513.97,0.0,13513.97,11893.81,CC220,PAID 
SI-2024-01406,SALES,C2004,,18-Apr-2024,2024-06-02,GBP,5503.57,1100.71,6604.28,6604.28,CC210,PAID
SI-2024-01407,SALES,C2021,,2024-04-11,2024-07-10,GBP,6302.72,1260.54,7563.26,7563.26,CC210,Paid
SI-2024-01408,SALES,C2043,,04/04/2024,2024-05-04,EUR,22542.42,0.0,22542.42,19973.64,CC220,paid
SI-2024-01409,SALES,C2053,,04-Apr-2024,2024-05-04,GBP,20479.62,4095.92,24575.54,24575.54,CC200,PAID 
SI-2024-01410,SALES,C2017,,2024-04-02,2024-05-17,EUR,2239.03,0.0,2239.03,1973.63,CC220,PAID
SI-2024-01411,SALES,C2039,,25/04/2024,2024-05-09,EUR,15102.33,0.0,15102.33,13266.16,CC220,Paid
SI-2024-01412,SALES,C2014,,12-Apr-2024,2024-06-11,EUR,12257.58,0.0,12257.58,10975.77,CC220,paid
SI-2024-01413,SALES,C2010,,2024-04-11,2024-05-11,GBP,29859.48,5971.9,35831.38,35831.38,CC200,PAID 
SI-2024-01414,SALES,C2026,,08/04/2024,2024-05-08,GBP,4950.86,990.17,5941.03,5941.03,CC210,PAID
SI-2024-01415,SALES,C2030,,29-Apr-2024,2024-05-29,GBP,6618.67,1323.73,7942.4,7942.4,CC200,Paid
SI-2024-01416,SALES,C2034,,2024-04-05,2024-04-19,EUR,11466.35,0.0,11466.35,10128.14,CC220,paid
SI-2024-01417,SALES,C2015,,12/04/2024,2024-06-11,GBP,10115.42,2023.08,12138.5,12138.5,CC210,PAID 
SI-2024-01418,SALES,C2051,,05-Apr-2024,2024-05-20,USD,5184.29,0.0,5184.29,3757.89,CC220,PAID
SI-2024-01419,SALES,C2014,,2024-04-16,2024-06-15,EUR,37512.07,0.0,37512.07,33381.73,CC220,Paid
SI-2024-01420,SALES,C2022,,02/04/2024,2024-05-02,GBP,9738.7,1947.74,11686.44,11686.44,CC210,paid
SI-2024-01421,SALES,C2002,,19-Apr-2024,2024-06-18,EUR,11907.27,0.0,11907.27,10479.73,CC220,PAID 
SI-2024-01422,SALES,C2006,,2024-04-04,2024-05-04,GBP,8644.14,1728.83,10372.97,10372.97,CC200,PAID
SI-2024-01423,SALES,C2021,,19/04/2024,2024-07-18,GBP,16340.23,3268.05,19608.28,19608.28,CC210,Paid
SI-2024-01424,SALES,C2034,,26-Apr-2024,2024-05-10,EUR,30727.3,0.0,30727.3,27047.83,CC220,paid
SI-2024-01425,SALES,C2000,,2024-04-03,2024-05-18,GBP,2258.36,451.67,2710.03,2710.03,CC200,PAID 
SI-2024-01426,SALES,C2058,,08/04/2024,2024-07-07,EUR,2309.11,0.0,2309.11,2064.11,CC220,PAID
SI-2024-01427,SALES,C2022,,05-Apr-2024,2024-05-05,GBP,5884.1,1176.82,7060.92,7060.92,CC210,Paid
SI-2024-01428,SALES,C2014,,2024-04-19,2024-06-18,EUR,11765.52,0.0,11765.52,10354.98,CC220,paid
SI-2024-01429,SALES,C2045,,15/04/2024,2024-05-30,GBP,16289.12,3257.82,19546.94,19546.94,CC200,PAID 
SI-2024-01430,SALES,C2007,,12-Apr-2024,2024-05-12,GBP,16403.97,3280.79,19684.76,19684.76,CC200,PAID
SI-2024-01431,SALES,C2025,,2024-04-30,2024-07-29,USD,5701.98,0.0,5701.98,4165.28,CC220,Paid
SI-2024-01432,SALES,C2000,,08/04/2024,2024-05-23,GBP,26773.74,5354.75,32128.49,32128.49,CC200,paid
SI-2024-01433,SALES,C2026,,26-Apr-2024,2024-05-26,GBP,22301.45,4460.29,26761.74,26761.74,CC210,PAID 
SI-2024-01434,SALES,C2037,,2024-04-03,2024-05-03,USD,9105.56,0.0,9105.56,6594.4,CC220,PAID
SI-2024-01435,SALES,C2039,,05/04/2024,2024-04-19,EUR,8607.08,0.0,8607.08,7602.56,CC220,Paid
PI-2024-00980,PURCHASE,,S3026,19-Apr-2024,2024-05-19,GBP,8201.22,1640.24,9841.46,9841.46,CC400,paid
PI-2024-00981,PURCHASE,,S3003,2024-04-19,2024-05-19,EUR,1706.59,0.0,1706.59,1501.99,CC210,PAID 
PI-2024-00982,PURCHASE,,S3002,18/04/2024,2024-06-17,EUR,2470.69,0.0,2470.69,2178.38,CC400,PAID
PI-2024-00983,PURCHASE,,S3008,19-Apr-2024,2024-06-18,GBP,3718.88,743.78,4462.66,4462.66,CC400,Paid
PI-2024-00984,PURCHASE,,S3027,2024-04-19,2024-05-03,EUR,86622.91,0.0,86622.91,76237.86,CC400,paid
PI-2024-00985,PURCHASE,,S3014,12/04/2024,2024-04-26,GBP,6461.14,1292.23,7753.37,7753.37,CC200,PAID 
PI-2024-00986,PURCHASE,,S3044,15-Apr-2024,2024-06-14,EUR,1054.96,0.0,1054.96,936.55,CC500,PAID
PI-2024-00987,PURCHASE,,S3021,2024-04-19,2024-06-03,GBP,274.69,54.94,329.63,329.63,CC600,Paid
PI-2024-00988,PURCHASE,,S3005,08/04/2024,2024-05-23,GBP,15131.72,3026.34,18158.06,18158.06,CC400,paid
PI-2024-00989,PURCHASE,,S3001,18-Apr-2024,2024-05-18,GBP,9141.78,1828.36,10970.14,10970.14,CC400,PAID 
PI-2024-00990,PURCHASE,,S3003,2024-04-05,2024-05-05,EUR,967.82,0.0,967.82,854.87,CC100,PAID
PI-2024-00991,PURCHASE,,S3009,09/04/2024,2024-05-09,GBP,4561.67,912.33,5474.0,5474.0,CC300,Paid
PI-2024-00992,PURCHASE,,S3032,12-Apr-2024,2024-04-26,EUR,4605.31,0.0,4605.31,4123.72,CC400,paid
PI-2024-00993,PURCHASE,,S3029,2024-04-26,2024-05-26,EUR,4998.43,0.0,4998.43,4399.89,CC200,PAID 
PI-2024-00994,PURCHASE,,S3022,04/04/2024,2024-06-03,EUR,3103.51,0.0,3103.51,2749.86,CC600,PAID
PI-2024-00995,PURCHASE,,S3025,10-Apr-2024,2024-05-10,EUR,1642.78,0.0,1642.78,1472.68,CC200,Paid
PI-2024-00996,PURCHASE,,S3045,2024-04-09,2024-05-24,GBP,799.7,159.94,959.64,959.64,CC400,paid
PI-2024-00997,PURCHASE,,S3022,05/04/2024,2024-06-04,EUR,1600.04,0.0,1600.04,1413.3,CC100,PAID 
PI-2024-00998,PURCHASE,,S3017,05-Apr-2024,2024-05-20,GBP,655.33,131.07,786.4,786.4,CC100,PAID
PI-2024-00999,PURCHASE,,S3003,2024-04-05,2024-05-05,EUR,1512.23,0.0,1512.23,1335.74,CC300,Paid
PI-2024-01000,PURCHASE,,S3001,01/04/2024,2024-05-01,GBP,1821.28,364.26,2185.54,2185.54,CC400,paid
PI-2024-01001,PURCHASE,,S3016,02-Apr-2024,2024-04-16,EUR,1791.96,0.0,1791.96,1579.55,CC300,PAID 
PI-2024-01002,PURCHASE,,S3011,2024-04-24,2024-06-23,EUR,58059.87,0.0,58059.87,51018.43,CC400,PAID
PI-2024-01003,PURCHASE,,S3039,10/04/2024,2024-05-10,GBP,5272.52,1054.5,6327.02,6327.02,CC300,Paid
PI-2024-01004,PURCHASE,,S3007,19-Apr-2024,2024-05-19,EUR,3951.74,0.0,3951.74,3477.97,CC210,paid
PI-2024-01005,PURCHASE,,S3007,2024-04-05,2024-05-05,EUR,2301.32,0.0,2301.32,2032.74,CC220,PAID 
PI-2024-01006,PURCHASE,,S3021,15/04/2024,2024-05-30,GBP,901.18,180.24,1081.42,1081.42,CC220,PAID
PI-2024-01007,PURCHASE,,S3022,05-Apr-2024,2024-06-04,EUR,1646.0,0.0,1646.0,1453.9,CC300,Paid
PI-2024-01008,PURCHASE,,S3039,2024-04-12,2024-05-12,GBP,2120.21,424.04,2544.25,2544.25,CC600,paid
PI-2024-01009,PURCHASE,,S3023,19/04/2024,2024-05-19,USD,9030.72,0.0,9030.72,6563.11,CC400,PAID 
PI-2024-01010,PURCHASE,,S3005,05-Apr-2024,2024-05-20,GBP,73237.27,14647.45,87884.72,87884.72,CC300,PAID
PI-2024-01011,PURCHASE,,S3011,2024-04-04,2024-06-03,EUR,1671.74,0.0,1671.74,1481.24,CC400,Paid
PI-2024-01012,PURCHASE,,S3017,11/04/2024,2024-05-26,GBP,1364.56,272.91,1637.47,1637.47,CC300,paid
PI-2024-01013,PURCHASE,,S3038,03-Apr-2024,2024-05-03,GBP,522.1,104.42,626.52,626.52,CC300,PAID 
PI-2024-01014,PURCHASE,,S3017,2024-04-19,2024-06-03,GBP,1972.82,394.56,2367.38,2367.38,CC220,PAID
PI-2024-01015,PURCHASE,,S3039,12/04/2024,2024-05-12,GBP,980.74,196.15,1176.89,1176.89,CC100,Paid
PI-2024-01016,PURCHASE,,S3019,01-Apr-2024,2024-05-01,EUR,12436.42,0.0,12436.42,10977.79,CC400,paid
PI-2024-01017,PURCHASE,,S3013,2024-04-24,2024-05-08,GBP,7311.86,1462.37,8774.23,8774.23,CC300,PAID 
SI-2024-01436,SALES,C2058,,22/05/2024,2024-08-20,EUR,6659.7,0.0,6659.7,5957.85,CC220,PAID
SI-2024-01437,SALES,C2053,,03-May-2024,2024-06-02,GBP,4841.36,968.27,5809.63,5809.63,CC200,Paid
SI-2024-01438,SALES,C2025,,2024-05-20,2024-08-18,USD,5389.06,0.0,5389.06,3868.32,CC220,paid
SI-2024-01439,SALES,C2047,,24/05/2024,2024-06-07,GBP,28617.88,5723.58,34341.46,34341.46,CC200,PAID 
SI-2024-01440,SALES,C2060,,02-May-2024,2024-06-01,EUR,3467.65,0.0,3467.65,3039.23,CC220,PAID
SI-2024-01441,SALES,C2022,,2024-05-20,2024-06-19,GBP,6104.21,1220.84,7325.05,7325.05,CC210,Paid
SI-2024-01442,SALES,C2020,,10/05/2024,2024-06-24,GBP,24187.71,4837.54,29025.25,29025.25,CC210,paid
SI-2024-01443,SALES,C2027,,27-May-2024,2024-06-10,EUR,18158.57,0.0,18158.57,16266.81,CC220,PAID 
SI-2024-01444,SALES,C2010,,2024-05-17,2024-06-16,GBP,4022.38,804.48,4826.86,4826.86,CC200,PAID
SI-2024-01445,SALES,C2029,,24/05/2024,2024-08-22,EUR,1199.68,0.0,1199.68,1078.83,CC220,Paid
SI-2024-01446,SALES,C2039,,31-May-2024,2024-06-14,EUR,22211.64,0.0,22211.64,19995.05,CC220,paid
SI-2024-01447,SALES,C2012,,2024-05-30,2024-07-29,EUR,18670.15,0.0,18670.15,16826.88,CC220,PAID 
SI-2024-01448,SALES,C2031,,24/05/2024,2024-07-23,GBP,5450.24,1090.05,6540.29,6540.29,CC210,PAID
SI-2024-01449,SALES,C2055,,09-May-2024,2024-08-07,GBP,5723.87,1144.77,6868.64,6868.64,CC200,Paid
SI-2024-01450,SALES,C2053,,2024-05-01,2024-05-31,GBP,8878.68,1775.74,10654.42,10654.42,CC200,paid
SI-2024-01451,SALES,C2039,,30/05/2024,2024-06-13,EUR,28106.01,0.0,28106.01,25331.16,CC220,PAID 
SI-2024-01452,SALES,C2057,,28-May-2024,2024-08-26,USD,25625.96,0.0,25625.96,18333.48,CC220,PAID
SI-2024-01453,SALES,C2013,,2024-05-03,2024-06-17,GBP,7587.25,1517.45,9104.7,9104.7,CC200,Paid
SI-2024-01454,SALES,C2014,,06/05/2024,2024-07-05,EUR,19035.32,0.0,19035.32,16894.53,CC220,paid
SI-2024-01455,SALES,C2047,,03-May-2024,2024-05-17,GBP,10382.63,2076.53,12459.16,12459.16,CC200,PAID 
SI-2024-01456,SALES,C2058,,2024-05-17,2024-08-15,EUR,9076.65,0.0,9076.65,8061.94,CC220,PAID
SI-2024-01457,SALES,C2014,,17/05/2024,2024-07-16,EUR,10310.63,0.0,10310.63,9157.97,CC220,Paid
SI-2024-01458,SALES,C2007,,02-May-2024,2024-06-01,GBP,10811.45,2162.29,12973.74,12973.74,CC200,paid
SI-2024-01459,SALES,C2044,,2024-05-24,2024-07-23,GBP,2849.07,569.81,3418.88,3418.88,CC200,PAID 
SI-2024-01460,SALES,C2010,,01/05/2024,2024-05-31,GBP,18513.57,3702.71,22216.28,22216.28,CC200,PAID
SI-2024-01461,SALES,C2015,,22-May-2024,2024-07-21,GBP,4936.47,987.29,5923.76,5923.76,CC210,Paid
SI-2024-01462,SALES,C2024,,2024-05-03,2024-06-02,GBP,4414.64,882.93,5297.57,5297.57,CC210,paid
SI-2024-01463,SALES,C2010,,28/05/2024,2024-06-27,GBP,4243.22,848.64,5091.86,5091.86,CC200,PAID 
SI-2024-01464,SALES,C2043,,10-May-2024,2024-06-09,EUR,8267.73,0.0,8267.73,7356.73,CC220,PAID
SI-2024-01465,SALES,C2016,,2024-05-03,2024-06-02,GBP,4993.34,998.67,5992.01,5992.01,CC200,Paid
SI-2024-01466,SALES,C2051,,07/05/2024,2024-06-21,USD,5511.32,0.0,5511.32,3984.83,CC220,paid
SI-2024-01467,SALES,C2056,,08-May-2024,2024-08-06,GBP,13301.23,2660.25,15961.48,15961.48,CC210,PAID 
SI-2024-01468,SALES,C2052,,2024-05-16,2024-06-15,EUR,3224.82,0.0,3224.82,2869.91,CC220,PAID
SI-2024-01469,SALES,C2053,,13/05/2024,2024-06-12,GBP,23273.14,4654.63,27927.77,27927.77,CC200,Paid
SI-2024-01470,SALES,C2035,,10-May-2024,2024-06-09,GBP,1979.61,395.92,2375.53,2375.53,CC200,paid
SI-2024-01471,SALES,C2015,,2024-05-30,2024-07-29,GBP,11286.67,2257.33,13544.0,13544.0,CC210,PAID 
SI-2024-01472,SALES,C2037,,15/05/2024,2024-06-14,USD,11132.72,0.0,11132.72,7934.11,CC220,PAID
SI-2024-01473,SALES,C2032,,17-May-2024,2024-06-16,GBP,10989.44,2197.89,13187.33,13187.33,CC200,Paid
SI-2024-01474,SALES,C2028,,2024-05-16,2024-05-30,GBP,38316.69,7663.34,45980.03,45980.03,CC200,paid
SI-2024-01475,SALES,C2006,,03/05/2024,2024-06-02,GBP,27196.43,5439.29,32635.72,32635.72,CC200,PAID 
SI-2024-01476,SALES,C2052,,17-May-2024,2024-06-16,EUR,13088.51,0.0,13088.51,11625.31,CC220,PAID
SI-2024-01477,SALES,C2054,,2024-05-24,2024-06-23,GBP,3160.88,632.18,3793.06,3793.06,CC210,Paid
SI-2024-01478,SALES,C2022,,17/05/2024,2024-06-16,GBP,9727.29,1945.46,11672.75,11672.75,CC210,paid
SI-2024-01479,SALES,C2024,,10-May-2024,2024-06-09,GBP,13314.0,2662.8,15976.8,15976.8,CC210,PAID 
SI-2024-01480,SALES,C2044,,2024-05-17,2024-07-16,GBP,4832.04,966.41,5798.45,5798.45,CC200,PAID
SI-2024-01481,SALES,C2038,,15/05/2024,2024-06-14,GBP,4746.83,949.37,5696.2,5696.2,CC200,Paid
SI-2024-01482,SALES,C2011,,02-May-2024,2024-05-16,GBP,9922.68,1984.54,11907.22,11907.22,CC200,paid
SI-2024-01483,SALES,C2045,,2024-05-07,2024-06-21,GBP,5775.65,1155.13,6930.78,6930.78,CC200,PAID 
SI-2024-01484,SALES,C2054,,24/05/2024,2024-06-23,GBP,12931.46,2586.29,15517.75,15517.75,CC210,PAID
SI-2024-01485,SALES,C2029,,02-May-2024,2024-07-31,EUR,9637.77,0.0,9637.77,8447.03,CC220,Paid
SI-2024-01486,SALES,C2041,,2024-05-13,2024-06-12,GBP,5680.93,1136.19,6817.12,6817.12,CC210,paid
SI-2024-01487,SALES,C2027,,24/05/2024,2024-06-07,EUR,16985.2,0.0,16985.2,15274.2,CC220,PAID 
SI-2024-01488,SALES,C2050,,30-May-2024,2024-06-29,USD,12254.4,0.0,12254.4,8862.15,CC220,PAID
SI-2024-01489,SALES,C2040,,2024-05-16,2024-06-15,GBP,2018.04,403.61,2421.65,2421.65,CC200,Paid
SI-2024-01490,SALES,C2003,,15/05/2024,2024-06-29,EUR,14382.94,0.0,14382.94,12809.73,CC220,paid
SI-2024-01491,SALES,C2025,,17-May-2024,2024-08-15,USD,6460.71,0.0,6460.71,4617.66,CC220,PAID 
PI-2024-01018,PURCHASE,,S3017,2024-05-13,2024-06-27,GBP,1552.9,310.58,1863.48,1863.48,CC300,PAID
PI-2024-01019,PURCHASE,,S3000,09/05/2024,2024-06-08,GBP,8285.17,1657.03,9942.2,9942.2,CC300,Paid
PI-2024-01020,PURCHASE,,S3021,23-May-2024,2024-07-07,GBP,2107.51,421.5,2529.01,2529.01,CC400,paid
PI-2024-01021,PURCHASE,,S3000,2024-05-08,2024-06-07,GBP,1500.03,300.01,1800.04,1800.04,CC210,PAID 
PI-2024-01022,PURCHASE,,S3031,17/05/2024,2024-07-16,GBP,72002.73,14400.55,86403.28,86403.28,CC300,PAID
PI-2024-01023,PURCHASE,,S3034,06-May-2024,2024-06-05,GBP,18350.5,3670.1,22020.6,22020.6,CC300,Paid
PI-2024-01024,PURCHASE,,S3043,2024-05-02,2024-05-16,EUR,11937.2,0.0,11937.2,10462.37,CC300,paid
PI-2024-01025,PURCHASE,,S3045,31/05/2024,2024-07-15,GBP,3894.95,778.99,4673.94,4673.94,CC300,PAID 
PI-2024-01026,PURCHASE,,S3002,29-May-2024,2024-07-28,EUR,716.48,0.0,716.48,645.59,CC400,PAID
PI-2024-01027,PURCHASE,,S3001,2024-05-15,2024-06-14,GBP,8099.24,1619.85,9719.09,9719.09,CC400,Paid
PI-2024-01028,PURCHASE,,S3022,08/05/2024,2024-07-07,EUR,8547.48,0.0,8547.48,7640.48,CC400,paid
PI-2024-01029,PURCHASE,,S3015,10-May-2024,2024-06-09,EUR,1977.36,0.0,1977.36,1759.48,CC220,PAID 
PI-2024-01030,PURCHASE,,S3039,2024-05-10,2024-06-09,GBP,2363.56,472.71,2836.27,2836.27,CC400,PAID
PI-2024-01031,PURCHASE,,S3033,22/05/2024,2024-07-21,GBP,5181.45,1036.29,6217.74,6217.74,CC500,Paid
PI-2024-01032,PURCHASE,,S3002,08-May-2024,2024-07-07,EUR,3004.79,0.0,3004.79,2685.94,CC300,paid
PI-2024-01033,PURCHASE,,S3032,2024-05-17,2024-05-31,EUR,2777.77,0.0,2777.77,2467.23,CC200,PAID 
PI-2024-01034,PURCHASE,,S3002,22/05/2024,2024-07-21,EUR,850.01,0.0,850.01,760.43,CC300,PAID
PI-2024-01035,PURCHASE,,S3045,24-May-2024,2024-07-08,GBP,4435.26,887.05,5322.31,5322.31,CC200,Paid
PI-2024-01036,PURCHASE,,S3002,2024-05-03,2024-07-02,EUR,813.89,0.0,813.89,714.0,CC400,paid
PI-2024-01037,PURCHASE,,S3003,27/05/2024,2024-06-26,EUR,2535.23,0.0,2535.23,2271.11,CC100,PAID 
PI-2024-01038,PURCHASE,,S3020,14-May-2024,2024-06-13,USD,334.98,0.0,334.98,238.18,CC400,PAID
PI-2024-01039,PURCHASE,,S3027,2024-05-17,2024-05-31,EUR,3873.26,0.0,3873.26,3440.26,CC220,Paid
PI-2024-01040,PURCHASE,,S3021,31/05/2024,2024-07-15,GBP,2644.94,528.99,3173.93,3173.93,CC400,paid
PI-2024-01041,PURCHASE,,S3024,28-May-2024,2024-07-12,EUR,1071.14,0.0,1071.14,965.28,CC100,PAID 
PI-2024-01042,PURCHASE,,S3045,2024-05-02,2024-06-16,GBP,2393.31,478.66,2871.97,2871.97,CC100,PAID
PI-2024-01043,PURCHASE,,S3035,03/05/2024,2024-05-17,EUR,9878.74,0.0,9878.74,8666.34,CC300,Paid
PI-2024-01044,PURCHASE,,S3007,16-May-2024,2024-06-15,EUR,1435.08,0.0,1435.08,1277.14,CC220,paid
PI-2024-01045,PURCHASE,,S3037,2024-05-24,2024-06-23,USD,4240.26,0.0,4240.26,3059.03,CC400,PAID 
PI-2024-01046,PURCHASE,,S3026,03/05/2024,2024-06-02,GBP,1179.8,235.96,1415.76,1415.76,CC200,PAID
PI-2024-01047,PURCHASE,,S3025,03-May-2024,2024-06-02,EUR,10527.73,0.0,10527.73,9235.68,CC300,Paid
PI-2024-01048,PURCHASE,,S3034,2024-05-03,2024-06-02,GBP,1522.14,304.43,1826.57,1826.57,CC210,paid
PI-2024-01049,PURCHASE,,S3026,08/05/2024,2024-06-07,GBP,1889.62,377.92,2267.54,2267.54,CC100,PAID 
PI-2024-01050,PURCHASE,,S3035,24-May-2024,2024-06-07,EUR,14655.35,0.0,14655.35,13179.04,CC400,PAID
PI-2024-01051,PURCHASE,,S3035,2024-05-31,2024-06-14,EUR,4117.02,0.0,4117.02,3706.17,CC100,Paid
PI-2024-01052,PURCHASE,,S3030,27/05/2024,2024-06-26,GBP,2051.92,410.38,2462.3,2462.3,CC500,paid
PI-2024-01053,PURCHASE,,S3028,10-May-2024,2024-06-09,GBP,2263.03,452.61,2715.64,2715.64,CC100,PAID 
PI-2024-01054,PURCHASE,,S3024,2024-05-03,2024-06-17,EUR,1042.24,0.0,1042.24,914.33,CC100,PAID
PI-2024-01055,PURCHASE,,S3032,10/05/2024,2024-05-24,EUR,1352.7,0.0,1352.7,1203.65,CC100,Paid
SI-2024-01492,SALES,C2018,,14-Jun-2024,2024-07-29,EUR,28246.93,0.0,28246.93,25190.87,CC220,paid
SI-2024-01493,SALES,C2018,,2024-06-07,2024-07-22,EUR,7153.97,0.0,7153.97,6393.47,CC220,PAID 
SI-2024-01494,SALES,C2043,,17/06/2024,2024-07-17,EUR,5652.94,0.0,5652.94,5059.77,CC220,PAID
SI-2024-01495,SALES,C2055,,06-Jun-2024,2024-09-04,GBP,13940.77,2788.15,16728.92,16728.92,CC200,Paid
SI-2024-01496,SALES,C2025,,2024-06-07,2024-09-05,USD,3995.03,0.0,3995.03,2890.62,CC220,paid
SI-2024-01497,SALES,C2041,,19/06/2024,2024-07-19,GBP,6997.43,1399.49,8396.92,8396.92,CC210,PAID 
SI-2024-01498,SALES,C2049,,21-Jun-2024,2024-07-05,GBP,1811.01,362.2,2173.21,2173.21,CC200,PAID
SI-2024-01499,SALES,C2026,,2024-06-28,2024-07-28,GBP,19286.28,3857.26,23143.54,23143.54,CC210,Paid
SI-2024-01500,SALES,C2000,,07/06/2024,2024-07-22,GBP,15888.74,3177.75,19066.49,19066.49,CC200,paid
SI-2024-01501,SALES,C2044,,21-Jun-2024,2024-08-20,GBP,7816.35,1563.27,9379.62,9379.62,CC200,PAID 
SI-2024-01502,SALES,C2053,,2024-06-14,2024-07-14,GBP,8554.38,1710.88,10265.26,10265.26,CC200,PAID
SI-2024-01503,SALES,C2022,,21/06/2024,2024-07-21,GBP,6144.26,1228.85,7373.11,7373.11,CC210,Paid
SI-2024-01504,SALES,C2060,,07-Jun-2024,2024-07-07,EUR,5613.7,0.0,5613.7,5016.94,CC220,paid
SI-2024-01505,SALES,C2053,,2024-06-06,2024-07-06,GBP,11428.14,2285.63,13713.77,13713.77,CC200,PAID 
SI-2024-01506,SALES,C2029,,20/06/2024,2024-09-18,EUR,8494.89,0.0,8494.89,7595.91,CC220,PAID
SI-2024-01507,SALES,C2012,,21-Jun-2024,2024-08-20,EUR,14597.8,0.0,14597.8,12970.57,CC220,Paid
SI-2024-01508,SALES,C2006,,2024-06-21,2024-07-21,GBP,4210.58,842.12,5052.7,5052.7,CC200,paid
SI-2024-01509,SALES,C2028,,19/06/2024,2024-07-03,GBP,4718.03,943.61,5661.64,5661.64,CC200,PAID 
SI-2024-01510,SALES,C2009,,21-Jun-2024,2024-09-19,GBP,5707.91,1141.58,6849.49,6849.49,CC200,PAID
SI-2024-01511,SALES,C2043,,2024-06-21,2024-07-21,EUR,9247.83,0.0,9247.83,8216.97,CC220,Paid
SI-2024-01512,SALES,C2017,,07/06/2024,2024-07-22,EUR,5229.66,0.0,5229.66,4673.72,CC220,paid
SI-2024-01513,SALES,C2036,,31-May-2024,2024-06-30,GBP,7868.69,1573.74,9442.43,9442.43,CC200,PAID 
SI-2024-01514,SALES,C2019,,2024-06-28,2024-09-26,EUR,11800.25,0.0,11800.25,10586.38,CC220,PAID
SI-2024-01515,SALES,C2051,,05/06/2024,2024-07-20,USD,10829.24,0.0,10829.24,7774.87,CC220,Paid
SI-2024-01516,SALES,C2045,,12-Jun-2024,2024-07-27,GBP,28327.94,5665.59,33993.53,33993.53,CC200,paid
SI-2024-01517,SALES,C2010,,2024-05-31,2024-06-30,GBP,11744.08,2348.82,14092.9,14092.9,CC200,PAID 
SI-2024-01518,SALES,C2042,,05/06/2024,2024-08-04,GBP,15203.86,3040.77,18244.63,18244.63,CC210,PAID
SI-2024-01519,SALES,C2021,,14-Jun-2024,2024-09-12,GBP,14842.11,2968.42,17810.53,17810.53,CC210,Paid
SI-2024-01520,SALES,C2035,,2024-06-28,2024-07-28,GBP,2682.27,536.45,3218.72,3218.72,CC200,paid
SI-2024-01521,SALES,C2018,,28/06/2024,2024-08-12,EUR,12706.0,0.0,12706.0,11398.96,CC220,PAID 
SI-2024-01522,SALES,C2001,,07-Jun-2024,2024-07-07,USD,3619.85,0.0,3619.85,2619.16,CC220,PAID
SI-2024-01523,SALES,C2031,,2024-06-24,2024-08-23,GBP,6680.14,1336.03,8016.17,8016.17,CC210,Paid
SI-2024-01524,SALES,C2012,,27/06/2024,2024-08-26,EUR,5454.4,0.0,5454.4,4872.57,CC220,paid
SI-2024-01525,SALES,C2042,,17-Jun-2024,2024-08-16,GBP,4386.15,877.23,5263.38,5263.38,CC210,PAID 
SI-2024-01526,SALES,C2041,,2024-06-05,2024-07-05,GBP,32841.71,6568.34,39410.05,39410.05,CC210,PAID
SI-2024-01527,SALES,C2061,,24/06/2024,2024-07-24,GBP,12823.72,2564.74,15388.46,15388.46,CC210,Paid
SI-2024-01528,SALES,C2016,,25-Jun-2024,2024-07-25,GBP,30642.34,6128.47,36770.81,36770.81,CC200,paid
SI-2024-01529,SALES,C2054,,2024-06-18,2024-07-18,GBP,12318.32,2463.66,14781.98,14781.98,CC210,PAID 
SI-2024-01530,SALES,C2055,,18/06/2024,2024-09-16,GBP,5460.22,1092.04,6552.26,6552.26,CC200,PAID
SI-2024-01531,SALES,C2006,,25-Jun-2024,2024-07-25,GBP,43372.0,8674.4,52046.4,52046.4,CC200,Paid
SI-2024-01532,SALES,C2043,,2024-06-28,2024-07-28,EUR,11523.5,0.0,11523.5,10338.1,CC220,paid
SI-2024-01533,SALES,C2011,,06/06/2024,2024-06-20,GBP,10881.95,2176.39,13058.34,13058.34,CC200,PAID 
SI-2024-01534,SALES,C2018,,12-Jun-2024,2024-07-27,EUR,7338.54,0.0,7338.54,6592.64,CC220,PAID
SI-2024-01535,SALES,C2027,,2024-06-03,2024-06-17,EUR,2010.09,0.0,2010.09,1805.22,CC220,Paid
SI-2024-01536,SALES,C2057,,26/06/2024,2024-09-24,USD,21012.86,0.0,21012.86,15165.93,CC220,paid
SI-2024-01537,SALES,C2055,,27-Jun-2024,2024-09-25,GBP,10395.08,2079.02,12474.1,12474.1,CC200,PAID 
SI-2024-01538,SALES,C2024,,2024-06-14,2024-07-14,GBP,34863.86,6972.77,41836.63,41836.63,CC210,PAID
SI-2024-01539,SALES,C2053,,13/06/2024,2024-07-13,GBP,32239.96,6447.99,38687.95,38687.95,CC200,Paid
SI-2024-01540,SALES,C2012,,14-Jun-2024,2024-08-13,EUR,5651.3,0.0,5651.3,5039.88,CC220,paid
SI-2024-01541,SALES,C2058,,2024-06-14,2024-09-12,EUR,46551.5,0.0,46551.5,41515.05,CC220,PAID 
SI-2024-01542,SALES,C2003,,14/06/2024,2024-07-29,EUR,4977.31,0.0,4977.31,4438.81,CC220,PAID
SI-2024-01543,SALES,C2022,,25-Jun-2024,2024-07-25,GBP,37036.36,7407.27,44443.63,44443.63,CC210,Paid
SI-2024-01544,SALES,C2001,,2024-06-04,2024-07-04,USD,50046.67,0.0,50046.67,35974.85,CC220,paid
SI-2024-01545,SALES,C2013,,24/06/2024,2024-08-08,GBP,11895.48,2379.1,14274.58,14274.58,CC200,PAID 
SI-2024-01546,SALES,C2049,,11-Jun-2024,2024-06-25,GBP,7884.72,1576.94,9461.66,9461.66,CC200,PAID
SI-2024-01547,SALES,C2053,,2024-06-27,2024-07-27,GBP,8180.84,1636.17,9817.01,9817.01,CC200,Paid
SI-2024-01548,SALES,C2058,,10/06/2024,2024-09-08,EUR,11194.62,0.0,11194.62,10059.92,CC220,paid
SI-2024-01549,SALES,C2002,,21-Jun-2024,2024-08-20,EUR,5420.68,0.0,5420.68,4816.43,CC220,PAID 
PI-2024-01056,PURCHASE,,S3005,2024-06-19,2024-08-03,GBP,709.98,142.0,851.98,851.98,CC100,PAID
PI-2024-01057,PURCHASE,,S3003,07/06/2024,2024-07-07,EUR,9146.6,0.0,9146.6,8174.27,CC300,Paid
PI-2024-01058,PURCHASE,,S3045,07-Jun-2024,2024-07-22,GBP,900.78,180.16,1080.94,1080.94,CC200,paid
PI-2024-01059,PURCHASE,,S3038,2024-06-12,2024-07-12,GBP,666.5,133.3,799.8,799.8,CC100,PAID 
PI-2024-01060,PURCHASE,,S3015,12/06/2024,2024-07-12,EUR,3295.06,0.0,3295.06,2960.14,CC400,PAID
PI-2024-01061,PURCHASE,,S3045,06-Jun-2024,2024-07-21,GBP,3566.92,713.38,4280.3,4280.3,CC600,Paid
PI-2024-01062,PURCHASE,,S3015,2024-06-07,2024-07-07,EUR,1629.38,0.0,1629.38,1456.17,CC100,paid
PI-2024-01063,PURCHASE,,S3045,21/06/2024,2024-08-05,GBP,929.06,185.81,1114.87,1114.87,CC600,PAID 
PI-2024-01064,PURCHASE,,S3034,11-Jun-2024,2024-07-11,GBP,489.22,97.84,587.06,587.06,CC100,PAID
PI-2024-01065,PURCHASE,,S3013,2024-06-10,2024-06-24,GBP,21285.41,4257.08,25542.49,25542.49,CC400,Paid
PI-2024-01066,PURCHASE,,S3015,06/06/2024,2024-07-06,EUR,1166.03,0.0,1166.03,1044.48,CC400,paid
PI-2024-01067,PURCHASE,,S3007,11-Jun-2024,2024-07-11,EUR,11704.69,0.0,11704.69,10508.07,CC400,PAID 
PI-2024-01068,PURCHASE,,S3023,2024-05-31,2024-06-30,USD,1642.57,0.0,1642.57,1185.56,CC200,PAID
PI-2024-01069,PURCHASE,,S3006,27/06/2024,2024-07-27,EUR,20749.75,0.0,20749.75,18536.33,CC400,Paid
PI-2024-01070,PURCHASE,,S3037,07-Jun-2024,2024-07-07,USD,447.4,0.0,447.4,323.72,CC500,paid
PI-2024-01071,PURCHASE,,S3035,2024-06-07,2024-06-21,EUR,915.94,0.0,915.94,818.57,CC200,PAID 
PI-2024-01072,PURCHASE,,S3016,28/06/2024,2024-07-12,EUR,2388.75,0.0,2388.75,2143.02,CC400,PAID
PI-2024-01073,PURCHASE,,S3013,14-Jun-2024,2024-06-28,GBP,971.25,194.25,1165.5,1165.5,CC100,Paid
PI-2024-01074,PURCHASE,,S3002,2024-06-07,2024-08-06,EUR,1327.79,0.0,1327.79,1186.64,CC400,paid
PI-2024-01075,PURCHASE,,S3004,06/06/2024,2024-07-06,GBP,4846.34,969.27,5815.61,5815.61,CC210,PAID 
PI-2024-01076,PURCHASE,,S3035,14-Jun-2024,2024-06-28,EUR,378.1,0.0,378.1,337.19,CC100,PAID
PI-2024-01077,PURCHASE,,S3030,2024-06-24,2024-07-24,GBP,1032.57,206.51,1239.08,1239.08,CC500,Paid
PI-2024-01078,PURCHASE,,S3013,10/06/2024,2024-06-24,GBP,506.87,101.37,608.24,608.24,CC210,paid
PI-2024-01079,PURCHASE,,S3021,27-Jun-2024,2024-08-11,GBP,1118.04,223.61,1341.65,1341.65,CC220,PAID 
PI-2024-01080,PURCHASE,,S3043,2024-06-19,2024-07-03,EUR,18903.8,0.0,18903.8,16876.54,CC400,PAID
PI-2024-01081,PURCHASE,,S3044,17/06/2024,2024-08-16,EUR,4611.51,0.0,4611.51,4127.62,CC300,Paid
PI-2024-01082,PURCHASE,,S3041,14-Jun-2024,2024-07-14,GBP,4049.03,809.81,4858.84,4858.84,CC220,paid
PI-2024-01083,PURCHASE,,S3028,2024-06-10,2024-07-10,GBP,3214.48,642.9,3857.38,3857.38,CC300,PAID 
PI-2024-01084,PURCHASE,,S3011,03/06/2024,2024-08-02,EUR,4543.73,0.0,4543.73,4080.64,CC400,PAID
PI-2024-01085,PURCHASE,,S3002,28-Jun-2024,2024-08-27,EUR,10168.22,0.0,10168.22,9122.24,CC400,Paid
PI-2024-01086,PURCHASE,,S3045,2024-06-14,2024-07-29,GBP,5010.18,1002.04,6012.22,6012.22,CC300,paid
PI-2024-01087,PURCHASE,,S3031,07/06/2024,2024-08-06,GBP,9777.41,1955.48,11732.89,11732.89,CC300,PAID 
PI-2024-01088,PURCHASE,,S3018,19-Jun-2024,2024-07-19,USD,1946.44,0.0,1946.44,1413.31,CC400,PAID
PI-2024-01089,PURCHASE,,S3021,2024-06-10,2024-07-25,GBP,1289.21,257.84,1547.05,1547.05,CC100,Paid
PI-2024-01090,PURCHASE,,S3020,21/06/2024,2024-07-21,USD,1151.39,0.0,1151.39,835.82,CC400,paid
PI-2024-01091,PURCHASE,,S3013,21-Jun-2024,2024-07-05,GBP,4694.94,938.99,5633.93,5633.93,CC400,PAID 
PI-2024-01092,PURCHASE,,S3015,2024-06-04,2024-07-04,EUR,1119.0,0.0,1119.0,1004.49,CC100,PAID
PI-2024-01093,PURCHASE,,S3020,13/06/2024,2024-07-13,USD,3068.25,0.0,3068.25,2211.55,CC300,Paid
SI-2024-01550,SALES,C2049,,05-Jul-2024,2024-07-19,GBP,7326.23,1465.25,8791.48,8791.48,CC200,paid
SI-2024-01551,SALES,C2001,,2024-07-25,2024-08-24,USD,8651.2,0.0,8651.2,6166.0,CC220,PAID 
SI-2024-01552,SALES,C2015,,26/07/2024,2024-09-24,GBP,28938.14,5787.63,34725.77,34725.77,CC210,PAID
SI-2024-01553,SALES,C2012,,26-Jul-2024,2024-09-24,EUR,8423.83,0.0,8423.83,7451.95,CC220,Paid
SI-2024-01554,SALES,C2038,,2024-07-10,2024-08-09,GBP,16673.03,3334.61,20007.64,20007.64,CC200,paid
SI-2024-01555,SALES,C2003,,16/07/2024,2024-08-30,EUR,9402.0,0.0,9402.0,8403.55,CC220,PAID 
SI-2024-01556,SALES,C2039,,02-Jul-2024,2024-07-16,EUR,17924.96,0.0,17924.96,15976.1,CC220,PAID
SI-2024-01557,SALES,C2046,,2024-07-01,2024-08-30,GBP,5471.78,1094.36,6566.14,6566.14,CC200,Paid
SI-2024-01558,SALES,C2006,,09/07/2024,2024-08-08,GBP,8890.46,1778.09,10668.55,10668.55,CC200,paid
SI-2024-01559,SALES,C2021,,09-Jul-2024,2024-10-07,GBP,5868.05,1173.61,7041.66,7041.66,CC210,PAID 
SI-2024-01560,SALES,C2032,,2024-07-19,2024-08-18,GBP,10506.4,2101.28,12607.68,12607.68,CC200,PAID
SI-2024-01561,SALES,C2060,,23/07/2024,2024-08-22,EUR,35797.48,0.0,35797.48,31876.8,CC220,Paid
SI-2024-01562,SALES,C2007,,26-Jul-2024,2024-08-25,GBP,10199.84,2039.97,12239.81,12239.81,CC200,paid
SI-2024-01563,SALES,C2006,,2024-07-19,2024-08-18,GBP,7734.52,1546.9,9281.42,9281.42,CC200,PAID 
SI-2024-01564,SALES,C2034,,26/07/2024,2024-08-09,EUR,7595.26,0.0,7595.26,6718.97,CC220,PAID
SI-2024-01565,SALES,C2052,,11-Jul-2024,2024-08-10,EUR,13824.08,0.0,13824.08,12240.16,CC220,Paid
SI-2024-01566,SALES,C2038,,2024-07-03,2024-08-02,GBP,16863.24,3372.65,20235.89,20235.89,CC200,paid
SI-2024-01567,SALES,C2011,,23/07/2024,2024-08-06,GBP,6962.49,1392.5,8354.99,8354.99,CC200,PAID 
SI-2024-01568,SALES,C2026,,18-Jul-2024,2024-08-17,GBP,5292.43,1058.49,6350.92,6350.92,CC210,PAID
SI-2024-01569,SALES,C2016,,2024-07-19,2024-08-18,GBP,13333.9,2666.78,16000.68,16000.68,CC200,Paid
SI-2024-01570,SALES,C2006,,01/07/2024,2024-07-31,GBP,8568.34,1713.67,10282.01,10282.01,CC200,paid
SI-2024-01571,SALES,C2024,,19-Jul-2024,2024-08-18,GBP,13811.77,2762.35,16574.12,16574.12,CC210,PAID 
SI-2024-01572,SALES,C2003,,2024-07-05,2024-08-19,EUR,18726.69,0.0,18726.69,16769.23,CC220,PAID
SI-2024-01573,SALES,C2036,,25/07/2024,2024-08-24,GBP,9984.77,1996.95,11981.72,11981.72,CC200,Paid
SI-2024-01574,SALES,C2050,,02-Jul-2024,2024-08-01,USD,21977.57,0.0,21977.57,15918.77,CC220,paid
SI-2024-01575,SALES,C2044,,2024-07-19,2024-09-17,GBP,4188.91,837.78,5026.69,5026.69,CC200,PAID 
SI-2024-01576,SALES,C2003,,08/07/2024,2024-08-22,EUR,7919.26,0.0,7919.26,7022.99,CC220,PAID
SI-2024-01577,SALES,C2011,,10-Jul-2024,2024-07-24,GBP,15434.05,3086.81,18520.86,18520.86,CC200,Paid
SI-2024-01578,SALES,C2039,,2024-07-26,2024-08-09,EUR,10239.05,0.0,10239.05,9057.74,CC220,paid
SI-2024-01579,SALES,C2044,,15/07/2024,2024-09-13,GBP,10061.48,2012.3,12073.78,12073.78,CC200,PAID 
SI-2024-01580,SALES,C2019,,19-Jul-2024,2024-10-17,EUR,2782.89,0.0,2782.89,2477.93,CC220,PAID
SI-2024-01581,SALES,C2008,,2024-07-26,2024-09-24,EUR,2511.61,0.0,2511.61,2221.84,CC220,Paid
SI-2024-01582,SALES,C2053,,18/07/2024,2024-08-17,GBP,8892.67,1778.53,10671.2,10671.2,CC200,paid
SI-2024-01583,SALES,C2026,,19-Jul-2024,2024-08-18,GBP,8911.65,1782.33,10693.98,10693.98,CC210,PAID 
SI-2024-01584,SALES,C2038,,2024-07-05,2024-08-04,GBP,4730.47,946.09,5676.56,5676.56,CC200,PAID
SI-2024-01585,SALES,C2025,,05/07/2024,2024-10-03,USD,8483.17,0.0,8483.17,6138.9,CC220,Paid
SI-2024-01586,SALES,C2023,,29-Jul-2024,2024-08-28,GBP,3142.41,628.48,3770.89,3770.89,CC200,paid
SI-2024-01587,SALES,C2005,,2024-07-19,2024-08-18,EUR,3889.56,0.0,3889.56,3463.33,CC220,PAID 
SI-2024-01588,SALES,C2015,,19/07/2024,2024-09-17,GBP,8588.42,1717.68,10306.1,10306.1,CC210,PAID
SI-2024-01589,SALES,C2027,,02-Jul-2024,2024-07-16,EUR,1571.97,0.0,1571.97,1401.06,CC220,Paid
SI-2024-01590,SALES,C2031,,2024-07-26,2024-09-24,GBP,9757.1,1951.42,11708.52,11708.52,CC210,paid
SI-2024-01591,SALES,C2017,,19/07/2024,2024-09-02,EUR,3504.47,0.0,3504.47,3120.44,CC220,PAID 
SI-2024-01592,SALES,C2040,,31-Jul-2024,2024-08-30,GBP,6388.69,1277.74,7666.43,7666.43,CC200,PAID
SI-2024-01593,SALES,C2016,,2024-07-01,2024-07-31,GBP,4799.3,959.86,5759.16,5759.16,CC200,Paid
SI-2024-01594,SALES,C2007,,02/07/2024,2024-08-01,GBP,3280.69,656.14,3936.83,3936.83,CC200,paid
SI-2024-01595,SALES,C2032,,26-Jul-2024,2024-08-25,GBP,6318.33,1263.67,7582.0,7582.0,CC200,PAID 
SI-2024-01596,SALES,C2027,,2024-07-02,2024-07-16,EUR,13371.51,0.0,13371.51,11917.72,CC220,PAID
SI-2024-01597,SALES,C2003,,15/07/2024,2024-08-29,EUR,30577.38,0.0,30577.38,27403.3,CC220,Paid
PI-2024-01094,PURCHASE,,S3035,26-Jul-2024,2024-08-09,EUR,1019.11,0.0,1019.11,901.53,CC400,paid
PI-2024-01095,PURCHASE,,S3027,2024-07-23,2024-08-06,EUR,744.65,0.0,744.65,663.09,CC600,PAID 
PI-2024-01096,PURCHASE,,S3014,08/07/2024,2024-07-22,GBP,3122.58,624.52,3747.1,3747.1,CC600,PAID
PI-2024-01097,PURCHASE,,S3020,05-Jul-2024,2024-08-04,USD,427.66,0.0,427.66,309.48,CC220,Paid
PI-2024-01098,PURCHASE,,S3031,2024-07-05,2024-09-03,GBP,589.98,118.0,707.98,707.98,CC220,paid
PI-2024-01099,PURCHASE,,S3033,15/07/2024,2024-09-13,GBP,11185.3,2237.06,13422.36,13422.36,CC300,PAID 
PI-2024-01100,PURCHASE,,S3033,10-Jul-2024,2024-09-08,GBP,483.56,96.71,580.27,580.27,CC600,PAID
PI-2024-01101,PURCHASE,,S3020,2024-07-18,2024-08-17,USD,1249.7,0.0,1249.7,880.77,CC500,Paid
PI-2024-01102,PURCHASE,,S3029,09/07/2024,2024-08-08,EUR,5661.28,0.0,5661.28,5033.6,CC300,paid
PI-2024-01103,PURCHASE,,S3033,26-Jul-2024,2024-09-24,GBP,2467.21,493.44,2960.65,2960.65,CC220,PAID 
PI-2024-01104,PURCHASE,,S3031,2024-07-24,2024-09-22,GBP,1098.62,219.72,1318.34,1318.34,CC300,PAID
PI-2024-01105,PURCHASE,,S3006,05/07/2024,2024-08-04,EUR,1391.57,0.0,1391.57,1246.11,CC500,Paid
PI-2024-01106,PURCHASE,,S3024,31-Jul-2024,2024-09-14,EUR,1276.13,0.0,1276.13,1126.62,CC100,paid
PI-2024-01107,PURCHASE,,S3004,2024-07-30,2024-08-29,GBP,1002.27,200.45,1202.72,1202.72,CC400,PAID 
PI-2024-01108,PURCHASE,,S3019,12/07/2024,2024-08-11,EUR,1673.3,0.0,1673.3,1485.19,CC500,PAID
PI-2024-01109,PURCHASE,,S3034,05-Jul-2024,2024-08-04,GBP,1594.2,318.84,1913.04,1913.04,CC500,Paid
PI-2024-01110,PURCHASE,,S3017,2024-07-05,2024-08-19,GBP,2535.21,507.04,3042.25,3042.25,CC100,paid
PI-2024-01111,PURCHASE,,S3001,05/07/2024,2024-08-04,GBP,554.04,110.81,664.85,664.85,CC100,PAID 
PI-2024-01112,PURCHASE,,S3000,01-Jul-2024,2024-07-31,GBP,2597.38,519.48,3116.86,3116.86,CC400,PAID
PI-2024-01113,PURCHASE,,S3015,2024-07-19,2024-08-18,EUR,19383.81,0.0,19383.81,17259.65,CC400,Paid
PI-2024-01114,PURCHASE,,S3044,24/07/2024,2024-09-22,EUR,5789.25,0.0,5789.25,5161.09,CC300,paid
PI-2024-01115,PURCHASE,,S3024,19-Jul-2024,2024-09-02,EUR,6110.74,0.0,6110.74,5441.1,CC300,PAID 
PI-2024-01116,PURCHASE,,S3027,2024-07-05,2024-07-19,EUR,1534.42,0.0,1534.42,1374.03,CC220,PAID
PI-2024-01117,PURCHASE,,S3029,11/07/2024,2024-08-10,EUR,3219.96,0.0,3219.96,2851.03,CC400,Paid
PI-2024-01118,PURCHASE,,S3022,31-Jul-2024,2024-09-29,EUR,3344.09,0.0,3344.09,2952.31,CC400,paid
PI-2024-01119,PURCHASE,,S3039,2024-07-18,2024-08-17,GBP,1283.81,256.76,1540.57,1540.57,CC100,PAID 
PI-2024-01120,PURCHASE,,S3029,08/07/2024,2024-08-07,EUR,1974.78,0.0,1974.78,1751.28,CC600,PAID
PI-2024-01121,PURCHASE,,S3037,11-Jul-2024,2024-08-10,USD,1994.36,0.0,1994.36,1416.35,CC600,Paid
PI-2024-01122,PURCHASE,,S3037,2024-07-17,2024-08-16,USD,19252.04,0.0,19252.04,13523.98,CC400,paid
PI-2024-01123,PURCHASE,,S3009,29/07/2024,2024-08-28,GBP,12662.06,2532.41,15194.47,15194.47,CC300,PAID 
PI-2024-01124,PURCHASE,,S3005,31-Jul-2024,2024-09-14,GBP,1121.92,224.38,1346.3,1346.3,CC220,PAID
PI-2024-01125,PURCHASE,,S3014,2024-07-17,2024-07-31,GBP,14054.79,2810.96,16865.75,16865.75,CC300,Paid
PI-2024-01126,PURCHASE,,S3045,26/07/2024,2024-09-09,GBP,3398.34,679.67,4078.01,4078.01,CC600,paid
PI-2024-01127,PURCHASE,,S3023,01-Jul-2024,2024-07-31,USD,3861.02,0.0,3861.02,2801.15,CC400,PAID 
PI-2024-01128,PURCHASE,,S3021,2024-07-09,2024-08-23,GBP,877.23,175.45,1052.68,1052.68,CC500,PAID
PI-2024-01129,PURCHASE,,S3023,03/07/2024,2024-08-02,USD,4086.8,0.0,4086.8,2957.07,CC400,Paid
PI-2024-01130,PURCHASE,,S3045,08-Jul-2024,2024-08-22,GBP,1021.36,204.27,1225.63,1225.63,CC300,paid
PI-2024-01131,PURCHASE,,S3043,2024-07-19,2024-08-02,EUR,2344.94,0.0,2344.94,2087.97,CC400,PAID 
PI-2024-01132,PURCHASE,,S3002,03/07/2024,2024-09-01,EUR,1266.48,0.0,1266.48,1131.44,CC100,PAID
PI-2024-01133,PURCHASE,,S3002,19-Jul-2024,2024-09-17,EUR,1736.8,0.0,1736.8,1546.47,CC210,Paid
SI-2024-01598,SALES,C2008,,2024-08-15,2024-10-14,EUR,11364.52,0.0,11364.52,9863.62,CC220,paid
SI-2024-01599,SALES,C2052,,28/08/2024,2024-09-27,EUR,3060.88,0.0,3060.88,2667.74,CC220,PAID 
SI-2024-01600,SALES,C2056,,02-Aug-2024,2024-10-31,GBP,42198.88,8439.78,50638.66,50638.66,CC210,PAID
SI-2024-01601,SALES,C2048,,2024-08-22,2024-09-05,GBP,3469.47,693.89,4163.36,4163.36,CC200,Paid
SI-2024-01602,SALES,C2005,,28/08/2024,2024-09-27,EUR,9494.76,0.0,9494.76,8275.24,CC220,paid
SI-2024-01603,SALES,C2054,,02-Aug-2024,2024-09-01,GBP,20195.62,4039.12,24234.74,24234.74,CC210,PAID 
SI-2024-01604,SALES,C2044,,2024-08-21,2024-10-20,GBP,3438.2,687.64,4125.84,4125.84,CC200,PAID
SI-2024-01605,SALES,C2002,,23/08/2024,2024-10-22,EUR,4527.85,0.0,4527.85,3884.71,CC220,Paid
SI-2024-01606,SALES,C2061,,09-Aug-2024,2024-09-08,GBP,10172.74,2034.55,12207.29,12207.29,CC210,paid
SI-2024-01607,SALES,C2006,,2024-08-15,2024-09-14,GBP,16134.42,3226.88,19361.3,19361.3,CC200,PAID 
SI-2024-01608,SALES,C2047,,20/08/2024,2024-09-03,GBP,8455.68,1691.14,10146.82,10146.82,CC200,PAID
SI-2024-01609,SALES,C2020,,09-Aug-2024,2024-09-23,GBP,7122.37,1424.47,8546.84,8546.84,CC210,Paid
SI-2024-01610,SALES,C2015,,2024-08-30,2024-10-29,GBP,22022.8,4404.56,26427.36,26427.36,CC210,paid
SI-2024-01611,SALES,C2057,,13/08/2024,2024-11-11,USD,10794.14,0.0,10794.14,7785.6,CC220,PAID 
SI-2024-01612,SALES,C2035,,01-Aug-2024,2024-08-31,GBP,12087.65,2417.53,14505.18,14505.18,CC200,PAID
SI-2024-01613,SALES,C2057,,2024-08-30,2024-11-28,USD,4926.71,0.0,4926.71,3512.17,CC220,Paid
SI-2024-01614,SALES,C2058,,02/08/2024,2024-10-31,EUR,34879.33,0.0,34879.33,30594.02,CC220,paid
SI-2024-01615,SALES,C2035,,30-Aug-2024,2024-09-29,GBP,42684.32,8536.86,51221.18,51221.18,CC200,PAID 
SI-2024-01616,SALES,C2004,,2024-08-02,2024-09-16,GBP,12602.89,2520.58,15123.47,15123.47,CC210,PAID
SI-2024-01617,SALES,C2058,,20/08/2024,2024-11-18,EUR,8834.35,0.0,8834.35,7576.99,CC220,Paid
SI-2024-01618,SALES,C2017,,12-Aug-2024,2024-09-26,EUR,17980.77,0.0,17980.77,15708.79,CC220,paid
SI-2024-01619,SALES,C2041,,2024-08-30,2024-09-29,GBP,28964.47,5792.89,34757.36,34757.36,CC210,PAID 
SI-2024-01620,SALES,C2011,,05/08/2024,2024-08-19,GBP,7996.21,1599.24,9595.45,9595.45,CC200,PAID
SI-2024-01621,SALES,C2010,,08-Aug-2024,2024-09-07,GBP,44672.21,8934.44,53606.65,53606.65,CC200,Paid
SI-2024-01622,SALES,C2021,,2024-08-21,2024-11-19,GBP,9952.67,1990.53,11943.2,11943.2,CC210,paid
SI-2024-01623,SALES,C2001,,16/08/2024,2024-09-15,USD,10269.47,0.0,10269.47,7349.81,CC220,PAID 
SI-2024-01624,SALES,C2018,,06-Aug-2024,2024-09-20,EUR,54676.7,0.0,54676.7,48115.71,CC220,PAID
SI-2024-01625,SALES,C2051,,2024-08-23,2024-10-07,USD,21359.96,0.0,21359.96,15210.28,CC220,Paid
SI-2024-01626,SALES,C2020,,23/08/2024,2024-10-07,GBP,2431.56,486.31,2917.87,2917.87,CC210,paid
SI-2024-01627,SALES,C2054,,27-Aug-2024,2024-09-26,GBP,11492.06,2298.41,13790.47,13790.47,CC210,PAID 
SI-2024-01628,SALES,C2055,,2024-08-02,2024-10-31,GBP,9910.09,1982.02,11892.11,11892.11,CC200,PAID
SI-2024-01629,SALES,C2006,,12/08/2024,2024-09-11,GBP,14020.88,2804.18,16825.06,16825.06,CC200,Paid
SI-2024-01630,SALES,C2057,,30-Aug-2024,2024-11-28,USD,12340.55,0.0,12340.55,8797.38,CC220,open
SI-2024-01631,SALES,C2016,,2024-08-23,2024-09-22,GBP,14265.88,2853.18,17119.06,17119.06,CC200,PAID 
SI-2024-01632,SALES,C2045,,02/08/2024,2024-09-16,GBP,16120.01,3224.0,19344.01,19344.01,CC200,PAID
SI-2024-01633,SALES,C2056,,27-Aug-2024,2024-11-25,GBP,18340.47,3668.09,22008.56,22008.56,CC210,Paid
SI-2024-01634,SALES,C2046,,2024-08-21,2024-10-20,GBP,7819.49,1563.9,9383.39,9383.39,CC200,paid
SI-2024-01635,SALES,C2017,,09/08/2024,2024-09-23,EUR,6208.62,0.0,6208.62,5436.63,CC220,PAID 
SI-2024-01636,SALES,C2021,,23-Aug-2024,2024-11-21,GBP,20773.33,4154.67,24928.0,24928.0,CC210,PAID
SI-2024-01637,SALES,C2012,,2024-08-14,2024-10-13,EUR,3441.96,0.0,3441.96,2988.84,CC220,Paid
SI-2024-01638,SALES,C2050,,21/08/2024,2024-09-20,USD,4774.32,0.0,4774.32,3386.79,CC220,paid
SI-2024-01639,SALES,C2025,,13-Aug-2024,2024-11-11,USD,6685.32,0.0,6685.32,4821.99,CC220,PAID 
SI-2024-01640,SALES,C2038,,2024-08-27,2024-09-26,GBP,19031.0,3806.2,22837.2,22837.2,CC200,PAID
SI-2024-01641,SALES,C2028,,23/08/2024,2024-09-06,GBP,14508.6,2901.72,17410.32,17410.32,CC200,Paid
PI-2024-01134,PURCHASE,,S3006,14-Aug-2024,2024-09-13,EUR,3297.2,0.0,3297.2,2863.14,CC400,paid
PI-2024-01135,PURCHASE,,S3017,2024-08-22,2024-10-06,GBP,508.51,101.7,610.21,610.21,CC200,PAID 
PI-2024-01136,PURCHASE,,S3008,02/08/2024,2024-10-01,GBP,748.41,149.68,898.09,898.09,CC400,PAID
PI-2024-01137,PURCHASE,,S3012,27-Aug-2024,2024-09-26,GBP,17015.59,3403.12,20418.71,20418.71,CC400,Paid
PI-2024-01138,PURCHASE,,S3010,2024-08-23,2024-09-22,GBP,4247.31,849.46,5096.77,5096.77,CC300,paid
PI-2024-01139,PURCHASE,,S3032,07/08/2024,2024-08-21,EUR,1770.69,0.0,1770.69,1554.46,CC300,PAID 
PI-2024-01140,PURCHASE,,S3038,30-Aug-2024,2024-09-29,GBP,453.97,90.79,544.76,544.76,CC600,PAID
PI-2024-01141,PURCHASE,,S3006,2024-08-06,2024-09-05,EUR,1848.5,0.0,1848.5,1626.69,CC400,Paid
PI-2024-01142,PURCHASE,,S3016,14/08/2024,2024-08-28,EUR,8817.63,0.0,8817.63,7656.83,CC300,paid
PI-2024-01143,PURCHASE,,S3032,09-Aug-2024,2024-08-23,EUR,7356.62,0.0,7356.62,6441.88,CC300,PAID 
PI-2024-01144,PURCHASE,,S3007,2024-08-13,2024-09-12,EUR,4120.78,0.0,4120.78,3587.93,CC600,PAID
PI-2024-01145,PURCHASE,,S3009,08/08/2024,2024-09-07,GBP,1206.5,241.3,1447.8,1447.8,CC100,Paid
PI-2024-01146,PURCHASE,,S3042,15-Aug-2024,2024-09-14,GBP,1111.57,222.31,1333.88,1333.88,CC300,paid
PI-2024-01147,PURCHASE,,S3013,2024-08-05,2024-08-19,GBP,7034.89,1406.98,8441.87,8441.87,CC300,PAID 
PI-2024-01148,PURCHASE,,S3002,28/08/2024,2024-10-27,EUR,837.99,0.0,837.99,730.36,CC400,PAID
PI-2024-01149,PURCHASE,,S3014,06-Aug-2024,2024-08-20,GBP,4517.4,903.48,5420.88,5420.88,CC400,Paid
PI-2024-01150,PURCHASE,,S3027,2024-08-30,2024-09-13,EUR,5279.13,0.0,5279.13,4579.08,CC300,paid
PI-2024-01151,PURCHASE,,S3036,13/08/2024,2024-10-12,GBP,2973.47,594.69,3568.16,3568.16,CC600,PAID 
PI-2024-01152,PURCHASE,,S3022,16-Aug-2024,2024-10-15,EUR,1424.72,0.0,1424.72,1233.55,CC500,PAID
PI-2024-01153,PURCHASE,,S3022,2024-08-28,2024-10-27,EUR,1524.46,0.0,1524.46,1328.66,CC200,Paid
PI-2024-01154,PURCHASE,,S3042,23/08/2024,2024-09-22,GBP,15438.31,3087.66,18525.97,18525.97,CC300,paid
PI-2024-01155,PURCHASE,,S3042,06-Aug-2024,2024-09-05,GBP,2136.8,427.36,2564.16,2564.16,CC210,PAID 
PI-2024-01156,PURCHASE,,S3025,2024-08-27,2024-09-26,EUR,8990.16,0.0,8990.16,7821.08,CC300,PAID
PI-2024-01157,PURCHASE,,S3039,23/08/2024,2024-09-22,GBP,1279.37,255.87,1535.24,1535.24,CC100,Paid
PI-2024-01158,PURCHASE,,S3002,05-Aug-2024,2024-10-04,EUR,18713.79,0.0,18713.79,16474.05,CC400,paid
PI-2024-01159,PURCHASE,,S3023,2024-08-28,2024-09-27,USD,698.27,0.0,698.27,495.36,CC210,PAID 
PI-2024-01160,PURCHASE,,S3031,28/08/2024,2024-10-27,GBP,4443.93,888.79,5332.72,5332.72,CC100,PAID
PI-2024-01161,PURCHASE,,S3045,23-Aug-2024,2024-10-07,GBP,1090.24,218.05,1308.29,1308.29,CC400,Paid
PI-2024-01162,PURCHASE,,S3001,2024-08-09,2024-09-08,GBP,3776.36,755.27,4531.63,4531.63,CC300,paid
PI-2024-01163,PURCHASE,,S3028,19/08/2024,2024-09-18,GBP,1808.41,361.68,2170.09,2170.09,CC400,PAID 
PI-2024-01164,PURCHASE,,S3021,22-Aug-2024,2024-10-06,GBP,1803.26,360.65,2163.91,2163.91,CC600,PAID
PI-2024-01165,PURCHASE,,S3024,2024-08-01,2024-09-15,EUR,502.57,0.0,502.57,440.53,CC100,Paid
PI-2024-01166,PURCHASE,,S3024,06/08/2024,2024-09-20,EUR,587.3,0.0,587.3,516.83,CC300,paid
PI-2024-01167,PURCHASE,,S3009,12-Aug-2024,2024-09-11,GBP,10112.0,2022.4,12134.4,12134.4,CC400,PAID 
PI-2024-01168,PURCHASE,,S3040,2024-08-23,2024-09-06,EUR,924.16,0.0,924.16,792.89,CC220,PAID
PI-2024-01169,PURCHASE,,S3005,01/08/2024,2024-09-15,GBP,2699.83,539.97,3239.8,3239.8,CC500,Paid
PI-2024-01170,PURCHASE,,S3010,16-Aug-2024,2024-09-15,GBP,28807.93,5761.59,34569.52,34569.52,CC400,paid
PI-2024-01171,PURCHASE,,S3038,2024-08-07,2024-09-06,GBP,920.52,184.1,1104.62,1104.62,CC400,PAID 
PI-2024-01172,PURCHASE,,S3002,26/08/2024,2024-10-25,EUR,1414.8,0.0,1414.8,1225.98,CC210,PAID
PI-2024-01173,PURCHASE,,S3007,21-Aug-2024,2024-09-20,EUR,10111.96,0.0,10111.96,8667.13,CC400,Paid
PI-2024-01174,PURCHASE,,S3006,2024-08-20,2024-09-19,EUR,590.98,0.0,590.98,506.87,CC100,paid
PI-2024-01175,PURCHASE,,S3037,01/08/2024,2024-08-31,USD,3263.76,0.0,3263.76,2323.57,CC210,PAID 
SI-2024-01642,SALES,C2038,,30-Sep-2024,2024-10-30,GBP,11561.84,2312.37,13874.21,13874.21,CC200,PAID
SI-2024-01643,SALES,C2026,,2024-09-27,2024-10-27,GBP,9024.19,1804.84,10829.03,10829.03,CC210,Paid
SI-2024-01644,SALES,C2015,,30/08/2024,2024-10-29,GBP,5294.3,1058.86,6353.16,6353.16,CC210,paid
SI-2024-01645,SALES,C2043,,26-Sep-2024,2024-10-26,EUR,9051.07,0.0,9051.07,8204.23,CC220,PAID 
SI-2024-01646,SALES,C2015,,2024-09-24,2024-11-23,GBP,11024.79,2204.96,13229.75,13229.75,CC210,PAID
SI-2024-01647,SALES,C2007,,16/09/2024,2024-10-16,GBP,4537.15,907.43,5444.58,5444.58,CC200,Paid
SI-2024-01648,SALES,C2031,,23-Sep-2024,2024-11-22,GBP,23724.32,4744.86,28469.18,28469.18,CC210,paid
SI-2024-01649,SALES,C2059,,2024-09-27,2024-10-27,EUR,23336.16,0.0,23336.16,21280.83,CC220,PAID 
SI-2024-01650,SALES,C2037,,20/09/2024,2024-10-20,USD,3256.65,0.0,3256.65,2322.71,CC220,PAID
SI-2024-01651,SALES,C2032,,04-Sep-2024,2024-10-04,GBP,4700.98,940.2,5641.18,5641.18,CC200,Paid
SI-2024-01652,SALES,C2034,,2024-09-27,2024-10-11,EUR,15255.68,0.0,15255.68,13912.04,CC220,paid
SI-2024-01653,SALES,C2049,,20/09/2024,2024-10-04,GBP,13954.02,2790.8,16744.82,16744.82,CC200,PAID 
SI-2024-01654,SALES,C2038,,12-Sep-2024,2024-10-12,GBP,3468.91,693.78,4162.69,4162.69,CC200,PAID
SI-2024-01655,SALES,C2014,,2024-09-06,2024-11-05,EUR,7531.09,0.0,7531.09,6499.49,CC220,Paid
SI-2024-01656,SALES,C2005,,30/09/2024,2024-10-30,EUR,4026.88,0.0,4026.88,3658.93,CC220,paid
SI-2024-01657,SALES,C2045,,27-Sep-2024,2024-11-11,GBP,24793.32,4958.66,29751.98,29751.98,CC200,OPEN 
SI-2024-01658,SALES,C2029,,2024-09-10,2024-12-09,EUR,780.93,0.0,780.93,680.74,CC220,PAID
SI-2024-01659,SALES,C2008,,18/09/2024,2024-11-17,EUR,13070.59,0.0,13070.59,11532.31,CC220,Paid
SI-2024-01660,SALES,C2014,,13-Sep-2024,2024-11-12,EUR,26306.22,0.0,26306.22,22897.3,CC220,paid
SI-2024-01661,SALES,C2012,,2024-09-20,2024-11-19,EUR,6846.44,0.0,6846.44,6085.97,CC220,PAID 
SI-2024-01662,SALES,C2008,,23/09/2024,2024-11-22,EUR,6496.63,0.0,6496.63,5782.96,CC220,PAID
SI-2024-01663,SALES,C2043,,27-Sep-2024,2024-10-27,EUR,7229.55,0.0,7229.55,6592.81,CC220,Paid
SI-2024-01664,SALES,C2006,,2024-09-06,2024-10-06,GBP,1158.28,231.66,1389.94,1389.94,CC200,paid
SI-2024-01665,SALES,C2011,,13/09/2024,2024-09-27,GBP,4508.04,901.61,5409.65,5409.65,CC200,PAID 
SI-2024-01666,SALES,C2052,,20-Sep-2024,2024-10-20,EUR,7819.7,0.0,7819.7,6951.13,CC220,PAID
SI-2024-01667,SALES,C2020,,2024-09-03,2024-10-18,GBP,17545.27,3509.05,21054.32,21054.32,CC210,Paid
SI-2024-01668,SALES,C2021,,27/09/2024,2024-12-26,GBP,16284.81,3256.96,19541.77,19541.77,CC210,open
SI-2024-01669,SALES,C2013,,24-Sep-2024,2024-11-08,GBP,6882.46,1376.49,8258.95,8258.95,CC200,PAID 
SI-2024-01670,SALES,C2005,,2024-09-06,2024-10-06,EUR,2022.88,0.0,2022.88,1745.79,CC220,PAID
SI-2024-01671,SALES,C2000,,27/09/2024,2024-11-11,GBP,42243.16,8448.63,50691.79,50691.79,CC200,Paid
SI-2024-01672,SALES,C2060,,23-Sep-2024,2024-10-23,EUR,2971.88,0.0,2971.88,2645.41,CC220,paid
SI-2024-01673,SALES,C2005,,2024-09-20,2024-10-20,EUR,18798.11,0.0,18798.11,16710.11,CC220,PAID 
SI-2024-01674,SALES,C2038,,03/09/2024,2024-10-03,GBP,11564.81,2312.96,13877.77,13877.77,CC200,PAID
SI-2024-01675,SALES,C2056,,05-Sep-2024,2024-12-04,GBP,7118.45,1423.69,8542.14,8542.14,CC210,Paid
SI-2024-01676,SALES,C2035,,2024-09-20,2024-10-20,GBP,8632.97,1726.59,10359.56,10359.56,CC200,paid
SI-2024-01677,SALES,C2008,,10/09/2024,2024-11-09,EUR,9734.15,0.0,9734.15,8485.25,CC220,PAID 
SI-2024-01678,SALES,C2050,,18-Sep-2024,2024-10-18,USD,12669.3,0.0,12669.3,9026.69,CC220,PAID
SI-2024-01679,SALES,C2048,,2024-09-24,2024-10-08,GBP,19234.15,3846.83,23080.98,23080.98,CC200,Paid
SI-2024-01680,SALES,C2024,,04/09/2024,2024-10-04,GBP,6879.62,1375.92,8255.54,8255.54,CC210,paid
SI-2024-01681,SALES,C2018,,26-Sep-2024,2024-11-10,EUR,3563.02,0.0,3563.02,3229.66,CC220,PAID 
SI-2024-01682,SALES,C2052,,2024-09-20,2024-10-20,EUR,2739.54,0.0,2739.54,2435.25,CC220,PAID
SI-2024-01683,SALES,C2044,,06/09/2024,2024-11-05,GBP,6409.21,1281.84,7691.05,7691.05,CC200,Paid
SI-2024-01684,SALES,C2031,,20-Sep-2024,2024-11-19,GBP,4404.53,880.91,5285.44,5285.44,CC210,paid
SI-2024-01685,SALES,C2028,,2024-09-03,2024-09-17,GBP,18917.1,3783.42,22700.52,22700.52,CC200,PAID 
SI-2024-01686,SALES,C2061,,25/09/2024,2024-10-25,GBP,3669.85,733.97,4403.82,4403.82,CC210,PAID
SI-2024-01687,SALES,C2027,,24-Sep-2024,2024-10-08,EUR,4521.62,0.0,4521.62,4048.42,CC220,Paid
SI-2024-01688,SALES,C2023,,2024-09-16,2024-10-16,GBP,10094.62,2018.92,12113.54,12113.54,CC200,paid
SI-2024-01689,SALES,C2019,,04/09/2024,2024-12-03,EUR,7428.54,0.0,7428.54,6405.7,CC220,PAID 
SI-2024-01690,SALES,C2046,,13-Sep-2024,2024-11-12,GBP,17572.17,3514.43,21086.6,21086.6,CC200,PAID
SI-2024-01691,SALES,C2052,,2024-09-12,2024-10-12,EUR,16358.51,0.0,16358.51,14246.71,CC220,Paid
SI-2024-01692,SALES,C2052,,12/09/2024,2024-10-12,EUR,8935.95,0.0,8935.95,7782.36,CC220,paid
SI-2024-01693,SALES,C2021,,26-Sep-2024,2024-12-25,GBP,32540.1,6508.02,39048.12,39048.12,CC210,OPEN 
SI-2024-01694,SALES,C2040,,2024-09-20,2024-10-20,GBP,4863.71,972.74,5836.45,5836.45,CC200,PAID
SI-2024-01695,SALES,C2019,,09/09/2024,2024-12-08,EUR,6245.25,0.0,6245.25,5446.57,CC220,Paid
SI-2024-01696,SALES,C2020,,20-Sep-2024,2024-11-04,GBP,13136.48,2627.3,15763.78,15763.78,CC210,paid
SI-2024-01697,SALES,C2055,,2024-09-27,2024-12-26,GBP,4511.0,902.2,5413.2,5413.2,CC200,OPEN 
SI-2024-01698,SALES,C2043,,20/09/2024,2024-10-20,EUR,12852.64,0.0,12852.64,11425.03,CC220,PAID
SI-2024-01699,SALES,C2027,,20-Sep-2024,2024-10-04,EUR,9094.83,0.0,9094.83,8084.62,CC220,Paid
SI-2024-01700,SALES,C2020,,2024-09-30,2024-11-14,GBP,2982.47,596.49,3578.96,3578.96,CC210,paid
SI-2024-01701,SALES,C2031,,20/09/2024,2024-11-19,GBP,2069.17,413.83,2483.0,2483.0,CC210,OPEN 
PI-2024-01176,PURCHASE,,S3009,17-Sep-2024,2024-10-17,GBP,8444.88,1688.98,10133.86,10133.86,CC300,PAID
PI-2024-01177,PURCHASE,,S3011,2024-09-12,2024-11-11,EUR,2837.89,0.0,2837.89,2471.53,CC300,Paid
PI-2024-01178,PURCHASE,,S3005,16/09/2024,2024-10-31,GBP,4691.79,938.36,5630.15,5630.15,CC400,paid
PI-2024-01179,PURCHASE,,S3045,06-Sep-2024,2024-10-21,GBP,5244.47,1048.89,6293.36,6293.36,CC400,PAID 
PI-2024-01180,PURCHASE,,S3023,2024-08-30,2024-09-29,USD,1475.89,0.0,1475.89,1052.14,CC100,PAID
PI-2024-01181,PURCHASE,,S3045,30/09/2024,2024-11-14,GBP,20349.48,4069.9,24419.38,24419.38,CC300,Paid
PI-2024-01182,PURCHASE,,S3001,10-Sep-2024,2024-10-10,GBP,25299.32,5059.86,30359.18,30359.18,CC300,paid
PI-2024-01183,PURCHASE,,S3010,2024-09-05,2024-10-05,GBP,477.26,95.45,572.71,572.71,CC100,PAID 
PI-2024-01184,PURCHASE,,S3029,10/09/2024,2024-10-10,EUR,1385.73,0.0,1385.73,1207.94,CC400,PAID
PI-2024-01185,PURCHASE,,S3010,09-Sep-2024,2024-10-09,GBP,4870.49,974.1,5844.59,5844.59,CC400,Paid
PI-2024-01186,PURCHASE,,S3013,2024-09-11,2024-09-25,GBP,2514.24,502.85,3017.09,3017.09,CC100,paid
PI-2024-01187,PURCHASE,,S3013,19/09/2024,2024-10-03,GBP,2747.81,549.56,3297.37,3297.37,CC100,PAID 
PI-2024-01188,PURCHASE,,S3026,20-Sep-2024,2024-10-20,GBP,11117.15,2223.43,13340.58,13340.58,CC400,PAID
PI-2024-01189,PURCHASE,,S3032,2024-09-05,2024-09-19,EUR,13653.44,0.0,13653.44,11759.68,CC400,Paid
PI-2024-01190,PURCHASE,,S3001,13/09/2024,2024-10-13,GBP,14651.45,2930.29,17581.74,17581.74,CC400,paid
PI-2024-01191,PURCHASE,,S3031,11-Sep-2024,2024-11-10,GBP,5700.39,1140.08,6840.47,6840.47,CC300,PAID 
PI-2024-01192,PURCHASE,,S3015,2024-09-20,2024-10-20,EUR,11255.53,0.0,11255.53,10005.32,CC300,PAID
PI-2024-01193,PURCHASE,,S3039,27/09/2024,2024-10-27,GBP,3091.29,618.26,3709.55,3709.55,CC600,Paid
PI-2024-01194,PURCHASE,,S3006,11-Sep-2024,2024-10-11,EUR,2012.08,0.0,2012.08,1752.69,CC400,paid
PI-2024-01195,PURCHASE,,S3019,2024-09-11,2024-10-11,EUR,473.57,0.0,473.57,412.52,CC220,PAID 
PI-2024-01196,PURCHASE,,S3022,24/09/2024,2024-11-23,EUR,1407.78,0.0,1407.78,1260.45,CC100,PAID
PI-2024-01197,PURCHASE,,S3025,27-Sep-2024,2024-10-27,EUR,5125.33,0.0,5125.33,4673.92,CC400,Paid
PI-2024-01198,PURCHASE,,S3014,2024-09-13,2024-09-27,GBP,274.54,54.91,329.45,329.45,CC400,paid
PI-2024-01199,PURCHASE,,S3027,13/09/2024,2024-09-27,EUR,2433.54,0.0,2433.54,2118.19,CC100,PAID 
PI-2024-01200,PURCHASE,,S3025,20-Sep-2024,2024-10-20,EUR,1236.91,0.0,1236.91,1099.52,CC300,PAID
PI-2024-01201,PURCHASE,,S3045,2024-09-17,2024-11-01,GBP,885.13,177.03,1062.16,1062.16,CC100,Paid
PI-2024-01202,PURCHASE,,S3018,09/09/2024,2024-10-09,USD,897.5,0.0,897.5,645.06,CC600,paid
PI-2024-01203,PURCHASE,,S3012,13-Sep-2024,2024-10-13,GBP,1372.89,274.58,1647.47,1647.47,CC100,PAID 
PI-2024-01204,PURCHASE,,S3016,2024-09-04,2024-09-18,EUR,7095.13,0.0,7095.13,6118.2,CC500,PAID
PI-2024-01205,PURCHASE,,S3001,27/09/2024,2024-10-27,GBP,4265.23,853.05,5118.28,5118.28,CC100,Paid
PI-2024-01206,PURCHASE,,S3044,17-Sep-2024,2024-11-16,EUR,4803.09,0.0,4803.09,4242.25,CC300,paid
PI-2024-01207,PURCHASE,,S3037,2024-09-18,2024-10-18,USD,11269.67,0.0,11269.67,8029.47,CC400,PAID 
PI-2024-01208,PURCHASE,,S3034,13/09/2024,2024-10-13,GBP,5815.59,1163.12,6978.71,6978.71,CC400,PAID
PI-2024-01209,PURCHASE,,S3041,12-Sep-2024,2024-10-12,GBP,34976.62,6995.32,41971.94,41971.94,CC300,Paid
PI-2024-01210,PURCHASE,,S3029,2024-09-09,2024-10-09,EUR,16079.98,0.0,16079.98,14023.58,CC300,paid
PI-2024-01211,PURCHASE,,S3017,10/09/2024,2024-10-25,GBP,1113.69,222.74,1336.43,1336.43,CC400,PAID 
PI-2024-01212,PURCHASE,,S3035,30-Sep-2024,2024-10-14,EUR,743.51,0.0,743.51,675.57,CC100,PAID
PI-2024-01213,PURCHASE,,S3012,2024-09-27,2024-10-27,GBP,3961.63,792.33,4753.96,4753.96,CC100,Paid
SI-2024-01702,SALES,C2021,,24/10/2024,2025-01-22,GBP,4925.45,985.09,5910.54,5910.54,CC210,open
SI-2024-01703,SALES,C2027,,18-Oct-2024,2024-11-01,EUR,2691.63,0.0,2691.63,2477.24,CC220,PAID 
SI-2024-01704,SALES,C2008,,2024-10-23,2024-12-22,EUR,8732.07,0.0,8732.07,8034.29,CC220,PAID
SI-2024-01705,SALES,C2011,,10/10/2024,2024-10-24,GBP,4052.52,810.5,4863.02,4863.02,CC200,Paid
SI-2024-01706,SALES,C2061,,11-Oct-2024,2024-11-10,GBP,4536.45,907.29,5443.74,5443.74,CC210,paid
SI-2024-01707,SALES,C2047,,2024-10-14,2024-10-28,GBP,14390.35,2878.07,17268.42,17268.42,CC200,PAID 
SI-2024-01708,SALES,C2001,,01/10/2024,2024-10-31,USD,112457.57,0.0,112457.57,80792.1,CC220,PAID
SI-2024-01709,SALES,C2011,,24-Oct-2024,2024-11-07,GBP,27395.89,5479.18,32875.07,32875.07,CC200,Paid
SI-2024-01710,SALES,C2051,,2024-10-18,2024-12-02,USD,6667.34,0.0,6667.34,4793.38,CC220,open
SI-2024-01711,SALES,C2006,,24/10/2024,2024-11-23,GBP,6948.85,1389.77,8338.62,8338.62,CC200,PAID 
SI-2024-01712,SALES,C2013,,11-Oct-2024,2024-11-25,GBP,10035.59,2007.12,12042.71,12042.71,CC200,PAID
SI-2024-01713,SALES,C2030,,2024-10-09,2024-11-08,GBP,24090.64,4818.13,28908.77,28908.77,CC200,Paid
SI-2024-01714,SALES,C2006,,11/10/2024,2024-11-10,GBP,4672.59,934.52,5607.11,5607.11,CC200,paid
SI-2024-01715,SALES,C2001,,21-Oct-2024,2024-11-20,USD,9081.75,0.0,9081.75,6501.59,CC220,PAID 
SI-2024-01716,SALES,C2034,,2024-10-15,2024-10-29,EUR,10917.46,0.0,10917.46,9954.5,CC220,PAID
SI-2024-01717,SALES,C2015,,11/10/2024,2024-12-10,GBP,9761.96,1952.39,11714.35,11714.35,CC210,Open
SI-2024-01718,SALES,C2051,,30-Oct-2024,2024-12-14,USD,10092.11,0.0,10092.11,7180.08,CC220,open
SI-2024-01719,SALES,C2022,,2024-10-14,2024-11-13,GBP,18698.66,3739.73,22438.39,22438.39,CC210,PAID 
SI-2024-01720,SALES,C2031,,07/10/2024,2024-12-06,GBP,3872.57,774.51,4647.08,4647.08,CC210,PAID
SI-2024-01721,SALES,C2035,,08-Oct-2024,2024-11-07,GBP,17136.19,3427.24,20563.43,20563.43,CC200,Paid
SI-2024-01722,SALES,C2017,,2024-10-09,2024-11-23,EUR,8407.5,0.0,8407.5,7613.91,CC220,paid
SI-2024-01723,SALES,C2012,,21/10/2024,2024-12-20,EUR,9426.1,0.0,9426.1,8643.32,CC220,OPEN 
SI-2024-01724,SALES,C2045,,03-Oct-2024,2024-11-17,GBP,4608.62,921.72,5530.34,5530.34,CC200,PAID
SI-2024-01725,SALES,C2005,,2024-10-28,2024-11-27,EUR,23013.28,0.0,23013.28,20998.67,CC220,Paid
SI-2024-01726,SALES,C2013,,23/10/2024,2024-12-07,GBP,20428.26,4085.65,24513.91,24513.91,CC200,paid
SI-2024-01727,SALES,C2000,,11-Oct-2024,2024-11-25,GBP,13959.61,2791.92,16751.53,16751.53,CC200,PAID 
SI-2024-01728,SALES,C2032,,2024-10-24,2024-11-23,GBP,19302.34,3860.47,23162.81,23162.81,CC200,PAID
SI-2024-01729,SALES,C2010,,21/10/2024,2024-11-20,GBP,12830.29,2566.06,15396.35,15396.35,CC200,Paid
SI-2024-01730,SALES,C2019,,24-Oct-2024,2025-01-22,EUR,29151.32,0.0,29151.32,26698.82,CC220,open
SI-2024-01731,SALES,C2027,,2024-10-25,2024-11-08,EUR,10756.62,0.0,10756.62,9835.85,CC220,PAID 
SI-2024-01732,SALES,C2056,,08/10/2024,2025-01-06,GBP,21513.71,4302.74,25816.45,25816.45,CC210,OPEN
SI-2024-01733,SALES,C2004,,18-Oct-2024,2024-12-02,GBP,6879.91,1375.98,8255.89,8255.89,CC210,Paid
SI-2024-01734,SALES,C2023,,2024-10-22,2024-11-21,GBP,8303.33,1660.67,9964.0,9964.0,CC200,paid
SI-2024-01735,SALES,C2005,,01/10/2024,2024-10-31,EUR,18310.88,0.0,18310.88,16607.0,CC220,PAID 
SI-2024-01736,SALES,C2004,,10-Oct-2024,2024-11-24,GBP,3111.69,622.34,3734.03,3734.03,CC210,PAID
SI-2024-01737,SALES,C2009,,2024-10-07,2025-01-05,GBP,3074.86,614.97,3689.83,3689.83,CC200,Open
SI-2024-01738,SALES,C2046,,02/10/2024,2024-12-01,GBP,9221.56,1844.31,11065.87,11065.87,CC200,paid
SI-2024-01739,SALES,C2061,,11-Oct-2024,2024-11-10,GBP,12363.87,2472.77,14836.64,14836.64,CC210,PAID 
SI-2024-01740,SALES,C2005,,2024-10-11,2024-11-10,EUR,27801.64,0.0,27801.64,25151.84,CC220,PAID
SI-2024-01741,SALES,C2030,,04/10/2024,2024-11-03,GBP,8182.14,1636.43,9818.57,9818.57,CC200,Paid
SI-2024-01742,SALES,C2039,,15-Oct-2024,2024-10-29,EUR,5825.45,0.0,5825.45,5311.62,CC220,paid
SI-2024-01743,SALES,C2004,,2024-10-25,2024-12-09,GBP,1854.14,370.83,2224.97,2224.97,CC210,OPEN 
SI-2024-01744,SALES,C2007,,01/10/2024,2024-10-31,GBP,7362.46,1472.49,8834.95,8834.95,CC200,PAID
SI-2024-01745,SALES,C2056,,02-Oct-2024,2024-12-31,GBP,6649.34,1329.87,7979.21,7979.21,CC210,Paid
SI-2024-01746,SALES,C2000,,2024-10-29,2024-12-13,GBP,15727.36,3145.47,18872.83,18872.83,CC200,paid
SI-2024-01747,SALES,C2040,,03/10/2024,2024-11-02,GBP,4072.66,814.53,4887.19,4887.19,CC200,PAID 
SI-2024-01748,SALES,C2001,,11-Oct-2024,2024-11-10,USD,5373.32,0.0,5373.32,3873.99,CC220,PAID
SI-2024-01749,SALES,C2009,,2024-10-10,2025-01-08,GBP,6261.19,1252.24,7513.43,7513.43,CC200,Open
SI-2024-01750,SALES,C2023,,24/10/2024,2024-11-23,GBP,8780.47,1756.09,10536.56,10536.56,CC200,paid
SI-2024-01751,SALES,C2024,,14-Oct-2024,2024-11-13,GBP,14641.22,2928.24,17569.46,17569.46,CC210,PAID 
SI-2024-01752,SALES,C2035,,2024-10-21,2024-11-20,GBP,3469.08,693.82,4162.9,4162.9,CC200,PAID
SI-2024-01753,SALES,C2034,,11/10/2024,2024-10-25,EUR,20154.86,0.0,20154.86,18233.88,CC220,Paid
SI-2024-01754,SALES,C2018,,18-Oct-2024,2024-12-02,EUR,3661.08,0.0,3661.08,3369.47,CC220,paid
SI-2024-01755,SALES,C2043,,2024-10-04,2024-11-03,EUR,9409.52,0.0,9409.52,8512.86,CC220,PAID 
SI-2024-01756,SALES,C2012,,31/10/2024,2024-12-30,EUR,23131.63,0.0,23131.63,21059.17,CC220,OPEN
SI-2024-01757,SALES,C2055,,01-Oct-2024,2024-12-30,GBP,16885.78,3377.16,20262.94,20262.94,CC200,Paid
SI-2024-01758,SALES,C2028,,2024-10-31,2024-11-14,GBP,8677.05,1735.41,10412.46,10412.46,CC200,open
SI-2024-01759,SALES,C2048,,21/10/2024,2024-11-04,GBP,12320.4,2464.08,14784.48,14784.48,CC200,PAID 
SI-2024-01760,SALES,C2019,,24-Oct-2024,2025-01-22,EUR,3292.51,0.0,3292.51,3015.51,CC220,OPEN
SI-2024-01761,SALES,C2013,,2024-10-21,2024-12-05,GBP,7824.83,1564.97,9389.8,9389.8,CC200,Paid
SI-2024-01762,SALES,C2025,,04/10/2024,2025-01-02,USD,2067.33,0.0,2067.33,1485.33,CC220,open
SI-2024-01763,SALES,C2032,,29-Oct-2024,2024-11-28,GBP,22138.64,4427.73,26566.37,26566.37,CC200,PAID 
PI-2024-01214,PURCHASE,,S3000,2024-10-29,2024-11-28,GBP,29741.89,5948.38,35690.27,35690.27,CC300,PAID
PI-2024-01215,PURCHASE,,S3002,01/10/2024,2024-11-30,EUR,529.07,0.0,529.07,479.84,CC600,Paid
PI-2024-01216,PURCHASE,,S3045,04-Oct-2024,2024-11-18,GBP,7009.72,1401.94,8411.66,8411.66,CC300,paid
PI-2024-01217,PURCHASE,,S3038,2024-10-03,2024-11-02,GBP,1571.25,314.25,1885.5,1885.5,CC210,PAID 
PI-2024-01218,PURCHASE,,S3031,28/10/2024,2024-12-27,GBP,6014.81,1202.96,7217.77,7217.77,CC400,OPEN
PI-2024-01219,PURCHASE,,S3026,11-Oct-2024,2024-11-10,GBP,1579.07,315.81,1894.88,1894.88,CC400,Paid
PI-2024-01220,PURCHASE,,S3020,2024-10-25,2024-11-24,USD,30020.6,0.0,30020.6,21473.46,CC300,paid
PI-2024-01221,PURCHASE,,S3025,31/10/2024,2024-11-30,EUR,9901.93,0.0,9901.93,9014.78,CC400,PAID 
PI-2024-01222,PURCHASE,,S3017,15-Oct-2024,2024-11-29,GBP,7192.19,1438.44,8630.63,8630.63,CC500,PAID
PI-2024-01223,PURCHASE,,S3026,2024-10-30,2024-11-29,GBP,3001.3,600.26,3601.56,3601.56,CC400,Paid
PI-2024-01224,PURCHASE,,S3024,31/10/2024,2024-12-15,EUR,9365.52,0.0,9365.52,8526.43,CC300,paid
PI-2024-01225,PURCHASE,,S3036,18-Oct-2024,2024-12-17,GBP,1585.67,317.13,1902.8,1902.8,CC100,PAID 
PI-2024-01226,PURCHASE,,S3044,2024-10-10,2024-12-09,EUR,3329.99,0.0,3329.99,3022.78,CC400,PAID
PI-2024-01227,PURCHASE,,S3028,22/10/2024,2024-11-21,GBP,4186.85,837.37,5024.22,5024.22,CC100,Paid
PI-2024-01228,PURCHASE,,S3004,11-Oct-2024,2024-11-10,GBP,24504.7,4900.94,29405.64,29405.64,CC400,paid
PI-2024-01229,PURCHASE,,S3030,2024-10-11,2024-11-10,GBP,777.46,155.49,932.95,932.95,CC200,PAID 
PI-2024-01230,PURCHASE,,S3019,23/10/2024,2024-11-22,EUR,1976.05,0.0,1976.05,1818.14,CC300,PAID
PI-2024-01231,PURCHASE,,S3038,30-Oct-2024,2024-11-29,GBP,4241.7,848.34,5090.04,5090.04,CC400,Paid
PI-2024-01232,PURCHASE,,S3018,2024-10-02,2024-11-01,USD,26570.87,0.0,26570.87,19179.73,CC300,paid
PI-2024-01233,PURCHASE,,S3025,14/10/2024,2024-11-13,EUR,1148.06,0.0,1148.06,1043.44,CC100,PAID 
PI-2024-01234,PURCHASE,,S3035,10-Oct-2024,2024-10-24,EUR,428.37,0.0,428.37,388.85,CC600,PAID
PI-2024-01235,PURCHASE,,S3022,2024-10-18,2024-12-17,EUR,935.16,0.0,935.16,860.67,CC600,Paid
PI-2024-01236,PURCHASE,,S3039,17/10/2024,2024-11-16,GBP,1933.36,386.67,2320.03,2320.03,CC100,paid
PI-2024-01237,PURCHASE,,S3023,03-Oct-2024,2024-11-02,USD,2750.87,0.0,2750.87,1988.7,CC210,PAID 
PI-2024-01238,PURCHASE,,S3041,2024-10-04,2024-11-03,GBP,879.02,175.8,1054.82,1054.82,CC500,PAID
PI-2024-01239,PURCHASE,,S3023,07/10/2024,2024-11-06,USD,412.81,0.0,412.81,297.71,CC300,Paid
PI-2024-01240,PURCHASE,,S3040,11-Oct-2024,2024-10-25,EUR,3045.85,0.0,3045.85,2755.55,CC100,paid
PI-2024-01241,PURCHASE,,S3001,2024-10-31,2024-11-30,GBP,5744.28,1148.86,6893.14,6893.14,CC400,PAID 
PI-2024-01242,PURCHASE,,S3022,10/10/2024,2024-12-09,EUR,5356.73,0.0,5356.73,4862.54,CC400,PAID
PI-2024-01243,PURCHASE,,S3023,28-Oct-2024,2024-11-27,USD,632.64,0.0,632.64,450.67,CC500,Paid
PI-2024-01244,PURCHASE,,S3005,2024-10-14,2024-11-28,GBP,1448.79,289.76,1738.55,1738.55,CC220,paid
PI-2024-01245,PURCHASE,,S3018,15/10/2024,2024-11-14,USD,81720.76,0.0,81720.76,58741.78,CC300,PAID 
PI-2024-01246,PURCHASE,,S3041,24-Oct-2024,2024-11-23,GBP,7595.0,1519.0,9114.0,9114.0,CC400,PAID
PI-2024-01247,PURCHASE,,S3041,2024-10-21,2024-11-20,GBP,17729.13,3545.83,21274.96,21274.96,CC300,Paid
PI-2024-01248,PURCHASE,,S3030,17/10/2024,2024-11-16,GBP,30637.61,6127.52,36765.13,36765.13,CC300,paid
PI-2024-01249,PURCHASE,,S3019,02-Oct-2024,2024-11-01,EUR,4562.76,0.0,4562.76,4128.29,CC300,PAID 
PI-2024-01250,PURCHASE,,S3008,2024-10-11,2024-12-10,GBP,112.31,22.46,134.77,134.77,CC600,PAID
PI-2024-01251,PURCHASE,,S3043,25/10/2024,2024-11-08,EUR,1496.7,0.0,1496.7,1368.58,CC300,Paid
PI-2024-01252,PURCHASE,,S3021,03-Oct-2024,2024-11-17,GBP,1632.35,326.47,1958.82,1958.82,CC200,paid
PI-2024-01253,PURCHASE,,S3030,2024-10-29,2024-11-28,GBP,3845.37,769.07,4614.44,4614.44,CC210,PAID 
PI-2024-01254,PURCHASE,,S3035,08/10/2024,2024-10-22,EUR,1063.16,0.0,1063.16,964.71,CC600,PAID
SI-2024-01764,SALES,C2003,,22-Nov-2024,2025-01-06,EUR,24374.39,0.0,24374.39,22330.3,CC220,Open
SI-2024-01765,SALES,C2057,,2024-11-14,2025-02-12,USD,43793.35,0.0,43793.35,31287.33,CC220,open
SI-2024-01766,SALES,C2049,,22/11/2024,2024-12-06,GBP,2873.13,574.63,3447.76,3447.76,CC200,PAID 
SI-2024-01767,SALES,C2018,,25-Nov-2024,2025-01-09,EUR,7977.25,0.0,7977.25,7328.64,CC220,OPEN
SI-2024-01768,SALES,C2036,,2024-11-06,2024-12-06,GBP,5289.31,1057.86,6347.17,6347.17,CC200,Paid
SI-2024-01769,SALES,C2009,,06/11/2024,2025-02-04,GBP,31205.96,6241.19,37447.15,37447.15,CC200,open
SI-2024-01770,SALES,C2012,,12-Nov-2024,2025-01-11,EUR,9335.67,0.0,9335.67,8690.63,CC220,OPEN 
SI-2024-01771,SALES,C2037,,2024-11-21,2024-12-21,USD,5034.78,0.0,5034.78,3618.48,CC220,OPEN
SI-2024-01772,SALES,C2021,,25/11/2024,2025-02-23,GBP,4725.05,945.01,5670.06,5670.06,CC210,Open
SI-2024-01773,SALES,C2057,,08-Nov-2024,2025-02-06,USD,39228.92,0.0,39228.92,27981.71,CC220,open
SI-2024-01774,SALES,C2036,,2024-11-20,2024-12-20,GBP,20866.65,4173.33,25039.98,25039.98,CC200,PAID 
SI-2024-01775,SALES,C2010,,12/11/2024,2024-12-12,GBP,4278.78,855.76,5134.54,5134.54,CC200,PAID
SI-2024-01776,SALES,C2009,,01-Nov-2024,2025-01-30,GBP,10585.09,2117.02,12702.11,12702.11,CC200,Open
SI-2024-01777,SALES,C2005,,2024-11-11,2024-12-11,EUR,8467.74,0.0,8467.74,7878.17,CC220,paid
SI-2024-01778,SALES,C2011,,28/11/2024,2024-12-12,GBP,15460.14,3092.03,18552.17,18552.17,CC200,OPEN 
SI-2024-01779,SALES,C2060,,14-Nov-2024,2024-12-14,EUR,5098.28,0.0,5098.28,4713.45,CC220,PAID
SI-2024-01780,SALES,C2018,,2024-11-29,2025-01-13,EUR,12210.08,0.0,12210.08,11149.11,CC220,Open
SI-2024-01781,SALES,C2025,,05/11/2024,2025-02-03,USD,7464.35,0.0,7464.35,5292.47,CC220,open
SI-2024-01782,SALES,C2020,,15-Nov-2024,2024-12-30,GBP,15999.94,3199.99,19199.93,19199.93,CC210,OPEN 
SI-2024-01783,SALES,C2048,,2024-11-27,2024-12-11,GBP,8527.81,1705.56,10233.37,10233.37,CC200,PAID
SI-2024-01784,SALES,C2005,,08/11/2024,2024-12-08,EUR,5759.24,0.0,5759.24,5320.88,CC220,Paid
SI-2024-01785,SALES,C2055,,15-Nov-2024,2025-02-13,GBP,15008.16,3001.63,18009.79,18009.79,CC200,open
SI-2024-01786,SALES,C2025,,2024-11-28,2025-02-26,USD,7076.17,0.0,7076.17,5081.65,CC220,OPEN 
SI-2024-01787,SALES,C2019,,13/11/2024,2025-02-11,EUR,9598.23,0.0,9598.23,8935.4,CC220,OPEN
SI-2024-01788,SALES,C2030,,15-Nov-2024,2024-12-15,GBP,5513.98,1102.8,6616.78,6616.78,CC200,Paid
SI-2024-01789,SALES,C2031,,2024-11-15,2025-01-14,GBP,10918.59,2183.72,13102.31,13102.31,CC210,open
SI-2024-01790,SALES,C2037,,01/11/2024,2024-12-01,USD,8088.77,0.0,8088.77,5748.29,CC220,OPEN 
SI-2024-01791,SALES,C2058,,15-Nov-2024,2025-02-13,EUR,3154.43,0.0,3154.43,2911.88,CC220,OPEN
SI-2024-01792,SALES,C2056,,2024-11-22,2025-02-20,GBP,46850.66,9370.13,56220.79,56220.79,CC210,Open
SI-2024-01793,SALES,C2059,,25/11/2024,2024-12-25,EUR,14422.21,0.0,14422.21,13249.58,CC220,open
SI-2024-01794,SALES,C2003,,14-Nov-2024,2024-12-29,EUR,24215.35,0.0,24215.35,22387.5,CC220,PAID 
SI-2024-01795,SALES,C2052,,2024-11-05,2024-12-05,EUR,8585.56,0.0,8585.56,7896.37,CC220,OPEN
SI-2024-01796,SALES,C2018,,01/11/2024,2024-12-16,EUR,12055.77,0.0,12055.77,10945.73,CC220,Open
SI-2024-01797,SALES,C2041,,14-Nov-2024,2024-12-14,GBP,14932.32,2986.46,17918.78,17918.78,CC210,open
SI-2024-01798,SALES,C2057,,2024-11-04,2025-02-02,USD,8255.26,0.0,8255.26,5844.21,CC220,OPEN 
SI-2024-01799,SALES,C2018,,22/11/2024,2025-01-06,EUR,6092.61,0.0,6092.61,5581.67,CC220,OPEN
SI-2024-01800,SALES,C2050,,20-Nov-2024,2024-12-20,USD,3398.67,0.0,3398.67,2434.98,CC220,Paid
SI-2024-01801,SALES,C2003,,2024-11-08,2024-12-23,EUR,4149.32,0.0,4149.32,3833.49,CC220,paid
SI-2024-01802,SALES,C2014,,22/11/2024,2025-01-21,EUR,5048.31,0.0,5048.31,4624.95,CC220,OPEN 
SI-2024-01803,SALES,C2058,,11-Nov-2024,2025-02-09,EUR,7916.35,0.0,7916.35,7365.17,CC220,OPEN
SI-2024-01804,SALES,C2028,,2024-11-12,2024-11-26,GBP,9254.16,1850.83,11104.99,11104.99,CC200,Paid
SI-2024-01805,SALES,C2043,,08/11/2024,2024-12-08,EUR,12780.81,0.0,12780.81,11808.0,CC220,paid
SI-2024-01806,SALES,C2018,,14-Nov-2024,2024-12-29,EUR,8235.14,0.0,8235.14,7613.53,CC220,PAID 
SI-2024-01807,SALES,C2015,,2024-11-05,2025-01-04,GBP,8174.33,1634.87,9809.2,9809.2,CC210,OPEN
SI-2024-01808,SALES,C2002,,15/11/2024,2025-01-14,EUR,12417.93,0.0,12417.93,11463.09,CC220,Open
SI-2024-01809,SALES,C2004,,04-Nov-2024,2024-12-19,GBP,10013.22,2002.64,12015.86,12015.86,CC210,paid
SI-2024-01810,SALES,C2007,,2024-11-21,2024-12-21,GBP,13148.78,2629.76,15778.54,15778.54,CC200,PAID 
SI-2024-01811,SALES,C2028,,29/11/2024,2024-12-13,GBP,2411.2,482.24,2893.44,2893.44,CC200,PAID
SI-2024-01812,SALES,C2044,,01-Nov-2024,2024-12-31,GBP,5988.66,1197.73,7186.39,7186.39,CC200,Open
SI-2024-01813,SALES,C2002,,2024-11-08,2025-01-07,EUR,14928.26,0.0,14928.26,13792.0,CC220,open
SI-2024-01814,SALES,C2061,,13/11/2024,2024-12-13,GBP,14027.55,2805.51,16833.06,16833.06,CC210,OPEN 
SI-2024-01815,SALES,C2034,,26-Nov-2024,2024-12-10,EUR,11726.39,0.0,11726.39,10730.83,CC220,PAID
SI-2024-01816,SALES,C2044,,2024-11-25,2025-01-24,GBP,15954.56,3190.91,19145.47,19145.47,CC200,Open
SI-2024-01817,SALES,C2041,,04/11/2024,2024-12-04,GBP,38816.34,7763.27,46579.61,46579.61,CC210,paid
SI-2024-01818,SALES,C2054,,15-Nov-2024,2024-12-15,GBP,7188.56,1437.71,8626.27,8626.27,CC210,OPEN 
SI-2024-01819,SALES,C2058,,2024-11-01,2025-01-30,EUR,7446.77,0.0,7446.77,6761.11,CC220,OPEN
SI-2024-01820,SALES,C2012,,08/11/2024,2025-01-07,EUR,2655.68,0.0,2655.68,2453.54,CC220,Open
SI-2024-01821,SALES,C2009,,12-Nov-2024,2025-02-10,GBP,22110.42,4422.08,26532.5,26532.5,CC200,open
SI-2024-01822,SALES,C2047,,2024-11-22,2024-12-06,GBP,20214.03,4042.81,24256.84,24256.84,CC200,OPEN 
SI-2024-01823,SALES,C2048,,25/11/2024,2024-12-09,GBP,9693.93,1938.79,11632.72,11632.72,CC200,PAID
SI-2024-01824,SALES,C2061,,22-Nov-2024,2024-12-22,GBP,9815.83,1963.17,11779.0,11779.0,CC210,Paid
SI-2024-01825,SALES,C2053,,2024-11-14,2024-12-14,GBP,3135.26,627.05,3762.31,3762.31,CC200,paid
SI-2024-01826,SALES,C2017,,08/11/2024,2024-12-23,EUR,2479.99,0.0,2479.99,2291.23,CC220,OPEN 
SI-2024-01827,SALES,C2055,,22-Nov-2024,2025-02-20,GBP,10137.65,2027.53,12165.18,12165.18,CC200,OPEN
SI-2024-01828,SALES,C2057,,2024-11-01,2025-01-30,USD,10158.43,0.0,10158.43,7219.1,CC220,Open
PI-2024-01255,PURCHASE,,S3034,08/11/2024,2024-12-08,GBP,1138.95,227.79,1366.74,1366.74,CC600,paid
PI-2024-01256,PURCHASE,,S3005,25-Nov-2024,2025-01-09,GBP,1243.64,248.73,1492.37,1492.37,CC400,OPEN 
PI-2024-01257,PURCHASE,,S3022,2024-11-04,2025-01-03,EUR,952.04,0.0,952.04,866.5,CC600,OPEN
PI-2024-01258,PURCHASE,,S3038,25/11/2024,2024-12-25,GBP,6587.59,1317.52,7905.11,7905.11,CC500,Paid
PI-2024-01259,PURCHASE,,S3007,19-Nov-2024,2024-12-19,EUR,2116.64,0.0,2116.64,1956.04,CC200,paid
PI-2024-01260,PURCHASE,,S3011,2024-11-22,2025-01-21,EUR,41929.82,0.0,41929.82,38413.5,CC300,OPEN 
PI-2024-01261,PURCHASE,,S3037,07/11/2024,2024-12-07,USD,1583.46,0.0,1583.46,1139.38,CC100,PAID
PI-2024-01262,PURCHASE,,S3028,29-Nov-2024,2024-12-29,GBP,4425.2,885.04,5310.24,5310.24,CC400,Paid
PI-2024-01263,PURCHASE,,S3009,2024-11-08,2024-12-08,GBP,1635.12,327.02,1962.14,1962.14,CC600,paid
PI-2024-01264,PURCHASE,,S3030,15/11/2024,2024-12-15,GBP,4191.94,838.39,5030.33,5030.33,CC400,OPEN 
PI-2024-01265,PURCHASE,,S3016,14-Nov-2024,2024-11-28,EUR,684.15,0.0,684.15,632.51,CC100,PAID
PI-2024-01266,PURCHASE,,S3001,2024-11-22,2024-12-22,GBP,6654.91,1330.98,7985.89,7985.89,CC200,Paid
PI-2024-01267,PURCHASE,,S3026,07/11/2024,2024-12-07,GBP,3010.79,602.16,3612.95,3612.95,CC220,paid
PI-2024-01268,PURCHASE,,S3004,08-Nov-2024,2024-12-08,GBP,12246.66,2449.33,14695.99,14695.99,CC400,PAID 
PI-2024-01269,PURCHASE,,S3033,2024-11-27,2025-01-26,GBP,8905.1,1781.02,10686.12,10686.12,CC300,OPEN
PI-2024-01270,PURCHASE,,S3008,07/11/2024,2025-01-06,GBP,524.16,104.83,628.99,628.99,CC220,Open
PI-2024-01271,PURCHASE,,S3030,06-Nov-2024,2024-12-06,GBP,2779.07,555.81,3334.88,3334.88,CC400,paid
PI-2024-01272,PURCHASE,,S3042,2024-11-12,2024-12-12,GBP,3570.74,714.15,4284.89,4284.89,CC500,OPEN 
PI-2024-01273,PURCHASE,,S3009,08/11/2024,2024-12-08,GBP,2546.23,509.25,3055.48,3055.48,CC500,PAID
PI-2024-01274,PURCHASE,,S3044,27-Nov-2024,2025-01-26,EUR,2607.61,0.0,2607.61,2375.35,CC300,Open
PI-2024-01275,PURCHASE,,S3014,2024-11-22,2024-12-06,GBP,567.4,113.48,680.88,680.88,CC300,paid
PI-2024-01276,PURCHASE,,S3039,12/11/2024,2024-12-12,GBP,1017.09,203.42,1220.51,1220.51,CC300,PAID 
PI-2024-01277,PURCHASE,,S3018,22-Nov-2024,2024-12-22,USD,10979.99,0.0,10979.99,7896.52,CC300,PAID
PI-2024-01278,PURCHASE,,S3042,2024-11-07,2024-12-07,GBP,2240.43,448.09,2688.52,2688.52,CC300,Paid
PI-2024-01279,PURCHASE,,S3012,27/11/2024,2024-12-27,GBP,5858.83,1171.77,7030.6,7030.6,CC300,open
PI-2024-01280,PURCHASE,,S3027,01-Nov-2024,2024-11-15,EUR,73681.91,0.0,73681.91,66897.65,CC400,PAID 
PI-2024-01281,PURCHASE,,S3014,2024-11-21,2024-12-05,GBP,1008.27,201.65,1209.92,1209.92,CC400,PAID
PI-2024-01282,PURCHASE,,S3000,05/11/2024,2024-12-05,GBP,3835.71,767.14,4602.85,4602.85,CC300,Paid
PI-2024-01283,PURCHASE,,S3029,01-Nov-2024,2024-12-01,EUR,2364.04,0.0,2364.04,2146.37,CC600,paid
PI-2024-01284,PURCHASE,,S3005,2024-11-26,2025-01-10,GBP,4140.99,828.2,4969.19,4969.19,CC300,OPEN 
PI-2024-01285,PURCHASE,,S3038,11/11/2024,2024-12-11,GBP,812.6,162.52,975.12,975.12,CC220,PAID
PI-2024-01286,PURCHASE,,S3013,15-Nov-2024,2024-11-29,GBP,1184.04,236.81,1420.85,1420.85,CC220,Paid
PI-2024-01287,PURCHASE,,S3033,2024-11-15,2025-01-14,GBP,1054.37,210.87,1265.24,1265.24,CC600,open
PI-2024-01288,PURCHASE,,S3011,05/11/2024,2025-01-04,EUR,1340.62,0.0,1340.62,1233.0,CC210,OPEN 
PI-2024-01289,PURCHASE,,S3003,11-Nov-2024,2024-12-11,EUR,32677.26,0.0,32677.26,30402.07,CC400,PAID
PI-2024-01290,PURCHASE,,S3030,2024-11-22,2024-12-22,GBP,2722.63,544.53,3267.16,3267.16,CC400,Open
PI-2024-01291,PURCHASE,,S3003,22/11/2024,2024-12-22,EUR,3185.26,0.0,3185.26,2918.14,CC220,open
PI-2024-01292,PURCHASE,,S3032,20-Nov-2024,2024-12-04,EUR,1904.78,0.0,1904.78,1753.73,CC600,PAID 
PI-2024-01293,PURCHASE,,S3018,2024-11-08,2024-12-08,USD,1490.94,0.0,1490.94,1063.48,CC300,PAID
PI-2024-01294,PURCHASE,,S3011,01/11/2024,2024-12-31,EUR,11506.7,0.0,11506.7,10447.22,CC220,Open
SI-2024-01829,SALES,C2042,,16-Dec-2024,2025-02-14,GBP,16658.28,3331.66,19989.94,19989.94,CC210,open
SI-2024-01830,SALES,C2012,,2024-12-25,2025-02-23,EUR,6679.55,0.0,6679.55,6104.56,CC220,OPEN 
SI-2024-01831,SALES,C2023,,27/12/2024,2025-01-26,GBP,1402.17,280.43,1682.6,1682.6,CC200,OPEN
SI-2024-01832,SALES,C2045,,24-Dec-2024,2025-02-07,GBP,5157.56,1031.51,6189.07,6189.07,CC200,Open
SI-2024-01833,SALES,C2030,,2024-12-17,2025-01-16,GBP,16470.06,3294.01,19764.07,19764.07,CC200,open
SI-2024-01834,SALES,C2007,,20/12/2024,2025-01-19,GBP,15369.19,3073.84,18443.03,18443.03,CC200,OPEN 
SI-2024-01835,SALES,C2004,,19-Dec-2024,2025-02-02,GBP,17775.85,3555.17,21331.02,21331.02,CC210,OPEN
SI-2024-01836,SALES,C2019,,2024-12-27,2025-03-27,EUR,5249.17,0.0,5249.17,4785.04,CC220,Open
SI-2024-01837,SALES,C2010,,29/11/2024,2024-12-29,GBP,5041.3,1008.26,6049.56,6049.56,CC200,open
SI-2024-01838,SALES,C2011,,19-Dec-2024,2025-01-02,GBP,3114.58,622.92,3737.5,3737.5,CC200,OPEN 
SI-2024-01839,SALES,C2054,,2024-12-13,2025-01-12,GBP,10933.61,2186.72,13120.33,13120.33,CC210,OPEN
SI-2024-01840,SALES,C2046,,27/12/2024,2025-02-25,GBP,11015.86,2203.17,13219.03,13219.03,CC200,Open
SI-2024-01841,SALES,C2018,,27-Dec-2024,2025-02-10,EUR,10218.8,0.0,10218.8,9315.25,CC220,open
SI-2024-01842,SALES,C2047,,2024-12-12,2024-12-26,GBP,6615.24,1323.05,7938.29,7938.29,CC200,OPEN 
SI-2024-01843,SALES,C2019,,16/12/2024,2025-03-16,EUR,15052.59,0.0,15052.59,13606.98,CC220,OPEN
SI-2024-01844,SALES,C2052,,04-Dec-2024,2025-01-03,EUR,8297.85,0.0,8297.85,7614.12,CC220,Open
SI-2024-01845,SALES,C2038,,2024-12-04,2025-01-03,GBP,55053.76,11010.75,66064.51,66064.51,CC200,open
SI-2024-01846,SALES,C2022,,16/12/2024,2025-01-15,GBP,11137.67,2227.53,13365.2,13365.2,CC210,OPEN 
SI-2024-01847,SALES,C2016,,09-Dec-2024,2025-01-08,GBP,6887.11,1377.42,8264.53,8264.53,CC200,OPEN
SI-2024-01848,SALES,C2008,,2024-12-27,2025-02-25,EUR,7068.9,0.0,7068.9,6443.87,CC220,Open
SI-2024-01849,SALES,C2060,,27/12/2024,2025-01-26,EUR,7270.01,0.0,7270.01,6627.2,CC220,open
SI-2024-01850,SALES,C2043,,18-Dec-2024,2025-01-17,EUR,22190.78,0.0,22190.78,20081.86,CC220,OPEN 
SI-2024-01851,SALES,C2026,,2024-12-04,2025-01-03,GBP,7337.74,1467.55,8805.29,8805.29,CC210,OPEN
SI-2024-01852,SALES,C2036,,09/12/2024,2025-01-08,GBP,9598.87,1919.77,11518.64,11518.64,CC200,Open
SI-2024-01853,SALES,C2010,,11-Dec-2024,2025-01-10,GBP,16474.11,3294.82,19768.93,19768.93,CC200,open
SI-2024-01854,SALES,C2010,,2024-12-31,2025-01-30,GBP,6176.02,1235.2,7411.22,7411.22,CC200,OPEN 
SI-2024-01855,SALES,C2013,,13/12/2024,2025-01-27,GBP,12020.03,2404.01,14424.04,14424.04,CC200,OPEN
SI-2024-01856,SALES,C2012,,06-Dec-2024,2025-02-04,EUR,11696.17,0.0,11696.17,10625.29,CC220,Open
SI-2024-01857,SALES,C2050,,2024-12-11,2025-01-10,USD,3664.78,0.0,3664.78,2600.92,CC220,open
SI-2024-01858,SALES,C2015,,31/12/2024,2025-03-01,GBP,4912.16,982.43,5894.59,5894.59,CC210,OPEN 
SI-2024-01859,SALES,C2019,,20-Dec-2024,2025-03-20,EUR,10847.14,0.0,10847.14,9946.93,CC220,OPEN
SI-2024-01860,SALES,C2040,,2024-12-17,2025-01-16,GBP,7207.75,1441.55,8649.3,8649.3,CC200,Open
SI-2024-01861,SALES,C2038,,24/12/2024,2025-01-23,GBP,6846.53,1369.31,8215.84,8215.84,CC200,open
SI-2024-01862,SALES,C2028,,02-Dec-2024,2024-12-16,GBP,8546.49,1709.3,10255.79,10255.79,CC200,PAID 
SI-2024-01863,SALES,C2041,,2024-12-13,2025-01-12,GBP,8236.04,1647.21,9883.25,9883.25,CC210,OPEN
SI-2024-01864,SALES,C2046,,31/12/2024,2025-03-01,GBP,3867.79,773.56,4641.35,4641.35,CC200,Open
SI-2024-01865,SALES,C2029,,05-Dec-2024,2025-03-05,EUR,15485.98,0.0,15485.98,14188.78,CC220,open
SI-2024-01866,SALES,C2036,,2024-12-12,2025-01-11,GBP,8098.2,1619.64,9717.84,9717.84,CC200,OPEN 
SI-2024-01867,SALES,C2053,,12/12/2024,2025-01-11,GBP,10072.13,2014.43,12086.56,12086.56,CC200,OPEN
SI-2024-01868,SALES,C2052,,25-Dec-2024,2025-01-24,EUR,4517.85,0.0,4517.85,4128.94,CC220,Open
SI-2024-01869,SALES,C2013,,2024-11-29,2025-01-13,GBP,4665.45,933.09,5598.54,5598.54,CC200,open
SI-2024-01870,SALES,C2056,,10/12/2024,2025-03-10,GBP,2841.7,568.34,3410.04,3410.04,CC210,OPEN 
SI-2024-01871,SALES,C2032,,13-Dec-2024,2025-01-12,GBP,7548.45,1509.69,9058.14,9058.14,CC200,OPEN
SI-2024-01872,SALES,C2037,,2024-12-19,2025-01-18,USD,20385.11,0.0,20385.11,14256.12,CC220,Open
SI-2024-01873,SALES,C2003,,09/12/2024,2025-01-23,EUR,18057.25,0.0,18057.25,16276.16,CC220,open
SI-2024-01874,SALES,C2060,,19-Dec-2024,2025-01-18,EUR,5066.09,0.0,5066.09,4626.24,CC220,OPEN 
SI-2024-01875,SALES,C2059,,2024-12-04,2025-01-03,EUR,18572.22,0.0,18572.22,17041.91,CC220,OPEN
SI-2024-01876,SALES,C2008,,06/12/2024,2025-02-04,EUR,7710.95,0.0,7710.95,7004.95,CC220,Open
SI-2024-01877,SALES,C2056,,29-Nov-2024,2025-02-27,GBP,13921.0,2784.2,16705.2,16705.2,CC210,open
SI-2024-01878,SALES,C2051,,2024-12-16,2025-01-30,USD,8620.03,0.0,8620.03,6080.35,CC220,OPEN 
SI-2024-01879,SALES,C2028,,25/12/2024,2025-01-08,GBP,15343.38,3068.68,18412.06,18412.06,CC200,OPEN
SI-2024-01880,SALES,C2035,,29-Nov-2024,2024-12-29,GBP,20100.35,4020.07,24120.42,24120.42,CC200,Open
SI-2024-01881,SALES,C2042,,2024-12-17,2025-02-15,GBP,2309.7,461.94,2771.64,2771.64,CC210,open
SI-2024-01882,SALES,C2013,,04/12/2024,2025-01-18,GBP,8656.03,1731.21,10387.24,10387.24,CC200,OPEN 
SI-2024-01883,SALES,C2040,,16-Dec-2024,2025-01-15,GBP,6453.08,1290.62,7743.7,7743.7,CC200,OPEN
SI-2024-01884,SALES,C2012,,2024-12-10,2025-02-08,EUR,36763.37,0.0,36763.37,33262.98,CC220,Open
SI-2024-01885,SALES,C2012,,09/12/2024,2025-02-07,EUR,12155.11,0.0,12155.11,10956.18,CC220,open
SI-2024-01886,SALES,C2038,,27-Dec-2024,2025-01-26,GBP,8887.79,1777.56,10665.35,10665.35,CC200,OPEN 
PI-2024-01295,PURCHASE,,S3023,2024-12-13,2025-01-12,USD,1709.3,0.0,1709.3,1205.16,CC220,OPEN
PI-2024-01296,PURCHASE,,S3042,26/12/2024,2025-01-25,GBP,283.88,56.78,340.66,340.66,CC500,Open
PI-2024-01297,PURCHASE,,S3003,13-Dec-2024,2025-01-12,EUR,1076.49,0.0,1076.49,979.37,CC600,open
PI-2024-01298,PURCHASE,,S3042,2024-12-20,2025-01-19,GBP,14777.53,2955.51,17733.04,17733.04,CC400,OPEN 
PI-2024-01299,PURCHASE,,S3037,09/12/2024,2025-01-08,USD,2017.21,0.0,2017.21,1430.34,CC400,OPEN
PI-2024-01300,PURCHASE,,S3034,02-Dec-2024,2025-01-01,GBP,7824.38,1564.88,9389.26,9389.26,CC300,Open
PI-2024-01301,PURCHASE,,S3045,2024-12-20,2025-02-03,GBP,583.43,116.69,700.12,700.12,CC300,open
PI-2024-01302,PURCHASE,,S3018,16/12/2024,2025-01-15,USD,30370.73,0.0,30370.73,21422.72,CC400,OPEN 
PI-2024-01303,PURCHASE,,S3011,16-Dec-2024,2025-02-14,EUR,2256.65,0.0,2256.65,2039.93,CC400,OPEN
PI-2024-01304,PURCHASE,,S3008,2024-12-17,2025-02-15,GBP,1712.08,342.42,2054.5,2054.5,CC300,Open
PI-2024-01305,PURCHASE,,S3010,05/12/2024,2025-01-04,GBP,21190.06,4238.01,25428.07,25428.07,CC300,open
PI-2024-01306,PURCHASE,,S3004,03-Dec-2024,2025-01-02,GBP,9242.9,1848.58,11091.48,11091.48,CC400,OPEN 
PI-2024-01307,PURCHASE,,S3011,2024-12-25,2025-02-23,EUR,3392.53,0.0,3392.53,3100.49,CC300,OPEN
PI-2024-01308,PURCHASE,,S3010,11/12/2024,2025-01-10,GBP,6397.01,1279.4,7676.41,7676.41,CC400,Open
PI-2024-01309,PURCHASE,,S3003,12-Dec-2024,2025-01-11,EUR,2186.62,0.0,2186.62,1982.53,CC500,open
PI-2024-01310,PURCHASE,,S3003,2024-12-27,2025-01-26,EUR,2071.52,0.0,2071.52,1888.36,CC220,OPEN 
PI-2024-01311,PURCHASE,,S3020,16/12/2024,2025-01-15,USD,1037.82,0.0,1037.82,732.05,CC400,OPEN
PI-2024-01312,PURCHASE,,S3023,25-Dec-2024,2025-01-24,USD,4416.19,0.0,4416.19,3087.11,CC210,Open
PI-2024-01313,PURCHASE,,S3014,2024-12-06,2024-12-20,GBP,72895.62,14579.12,87474.74,87474.74,CC400,open
PI-2024-01314,PURCHASE,,S3043,02/12/2024,2024-12-16,EUR,1040.01,0.0,1040.01,950.18,CC600,PAID 
PI-2024-01315,PURCHASE,,S3025,02-Dec-2024,2025-01-01,EUR,1139.9,0.0,1139.9,1041.44,CC220,OPEN
PI-2024-01316,PURCHASE,,S3045,2024-12-02,2025-01-16,GBP,4870.04,974.01,5844.05,5844.05,CC400,Open
PI-2024-01317,PURCHASE,,S3006,29/11/2024,2024-12-29,EUR,2893.83,0.0,2893.83,2642.38,CC600,open
PI-2024-01318,PURCHASE,,S3001,23-Dec-2024,2025-01-22,GBP,2625.93,525.19,3151.12,3151.12,CC400,OPEN 
PI-2024-01319,PURCHASE,,S3030,2024-12-20,2025-01-19,GBP,9849.92,1969.98,11819.9,11819.9,CC100,OPEN
PI-2024-01320,PURCHASE,,S3039,23/12/2024,2025-01-22,GBP,1037.65,207.53,1245.18,1245.18,CC300,Open
PI-2024-01321,PURCHASE,,S3015,12-Dec-2024,2025-01-11,EUR,2345.6,0.0,2345.6,2126.67,CC300,open
PI-2024-01322,PURCHASE,,S3018,2024-12-27,2025-01-26,USD,5147.55,0.0,5147.55,3568.51,CC300,OPEN 
PI-2024-01323,PURCHASE,,S3035,12/12/2024,2024-12-26,EUR,1048.76,0.0,1048.76,950.87,CC300,PAID
PI-2024-01324,PURCHASE,,S3028,17-Dec-2024,2025-01-16,GBP,8829.67,1765.93,10595.6,10595.6,CC400,Open
PI-2024-01325,PURCHASE,,S3038,2024-12-04,2025-01-03,GBP,3894.94,778.99,4673.93,4673.93,CC100,open
PI-2024-01326,PURCHASE,,S3008,13/12/2024,2025-02-11,GBP,3681.06,736.21,4417.27,4417.27,CC300,OPEN 
PI-2024-01327,PURCHASE,,S3005,27-Dec-2024,2025-02-10,GBP,9136.35,1827.27,10963.62,10963.62,CC300,OPEN
PI-2024-01328,PURCHASE,,S3045,2024-12-12,2025-01-26,GBP,760.09,152.02,912.11,912.11,CC300,Open
PI-2024-01329,PURCHASE,,S3026,30/12/2024,2025-01-29,GBP,1414.47,282.89,1697.36,1697.36,CC600,open
PI-2024-01330,PURCHASE,,S3005,05-Dec-2024,2025-01-19,GBP,5092.04,1018.41,6110.45,6110.45,CC400,OPEN 
PI-2024-01331,PURCHASE,,S3023,2024-12-06,2025-01-05,USD,3694.77,0.0,3694.77,2620.55,CC500,OPEN
PI-2024-01332,PURCHASE,,S3042,06/12/2024,2025-01-05,GBP,2045.61,409.12,2454.73,2454.73,CC220,Open
PI-2024-01333,PURCHASE,,S3000,20-Dec-2024,2025-01-19,GBP,3901.79,780.36,4682.15,4682.15,CC200,open
PI-2024-01334,PURCHASE,,S3003,2024-12-27,2025-01-26,EUR,310.63,0.0,310.63,283.16,CC300,OPEN 
PI-2024-01335,PURCHASE,,S3031,13/12/2024,2025-02-11,GBP,950.0,190.0,1140.0,1140.0,CC400,OPEN
PI-2024-01336,PURCHASE,,S3010,20-Dec-2024,2025-01-19,GBP,6921.73,1384.35,8306.08,8306.08,CC400,Open
SI-2022-90001,SALES,C2052,,19/01/2022,2022-02-18,EUR,-11825.12,-0.0,-11825.12,-9818.98,CC220,CREDITED
SI-2023-90002,SALES,C2999,,06-Jul-2022,2022-07-20,GBP,3127.78,625.56,3753.34,3753.34,CC200,PAID
PI-2023-90003,PURCHASE,,S3999,2022-11-21,2022-12-21,EUR,739.24,0.0,739.24,614.61,CC400,PAID
