journal_id,journal_date,posted_date,period,fiscal_year,fiscal_period,source,description,prepared_by,approved_by,status
JE-2022-00001,2022-01-14,2022-01-14,2022-01,FY2022,10,AR,Sales invoice SI-2022-00001,1072,1071,POSTED
JE-2022-00002,2022-01-05,2022-01-07,2022-01,FY2022,10,AR,Sales invoice SI-2022-00002,1072,1071,POSTED
JE-2022-00003,2022-01-03,2022-01-06,2022-01,FY2022,10,AR,Sales invoice SI-2022-00003,1072,1071,POSTED
JE-2022-00004,2022-01-21,2022-01-21,2022-01,FY2022,10,AR,Sales invoice SI-2022-00004,1072,1071,POSTED
JE-2022-00005,2022-01-03,2022-01-05,2022-01,FY2022,10,AR,Sales invoice SI-2022-00005,1072,1071,POSTED
JE-2022-00006,2022-01-07,2022-01-07,2022-01,FY2022,10,AR,Sales invoice SI-2022-00006,1072,1071,POSTED
JE-2022-00007,2022-01-07,2022-01-07,2022-01,FY2022,10,AR,Sales invoice SI-2022-00007,1072,1071,POSTED
JE-2022-00008,2022-01-21,2022-01-24,2022-01,FY2022,10,AR,Sales invoice SI-2022-00008,1072,1071,POSTED
JE-2022-00009,2022-01-06,2022-01-07,2022-01,FY2022,10,AR,Sales invoice SI-2022-00009,1072,1071,POSTED
JE-2022-00010,2022-01-03,2022-01-06,2022-01,FY2022,10,AR,Sales invoice SI-2022-00010,1072,1071,POSTED
JE-2022-00011,2022-01-21,2022-01-24,2022-01,FY2022,10,AR,Sales invoice SI-2022-00011,1072,1071,POSTED
JE-2022-00012,2022-01-18,2022-01-20,2022-01,FY2022,10,AR,Sales invoice SI-2022-00012,1072,1071,POSTED
JE-2022-00013,2022-01-12,2022-01-13,2022-01,FY2022,10,AR,Sales invoice SI-2022-00013,1072,1071,POSTED
JE-2022-00014,2022-01-28,2022-01-31,2022-01,FY2022,10,AR,Sales invoice SI-2022-00014,1072,1071,POSTED
JE-2022-00015,2022-01-28,2022-01-28,2022-01,FY2022,10,AR,Sales invoice SI-2022-00015,1072,1071,POSTED
JE-2022-00016,2022-01-24,2022-01-24,2022-01,FY2022,10,AR,Sales invoice SI-2022-00016,1072,1071,POSTED
JE-2022-00017,2022-01-03,2022-01-03,2022-01,FY2022,10,AR,Sales invoice SI-2022-00017,1072,1071,POSTED
JE-2022-00018,2022-01-14,2022-01-14,2022-01,FY2022,10,AR,Sales invoice SI-2022-00018,1072,1071,POSTED
JE-2022-00019,2022-01-07,2022-01-07,2022-01,FY2022,10,AR,Sales invoice SI-2022-00019,1072,1071,POSTED
JE-2022-00020,2022-01-21,2022-01-21,2022-01,FY2022,10,AR,Sales invoice SI-2022-00020,1072,1071,POSTED
JE-2022-00021,2022-01-07,2022-01-10,2022-01,FY2022,10,AR,Sales invoice SI-2022-00021,1072,1071,POSTED
JE-2022-00022,2022-01-06,2022-01-06,2022-01,FY2022,10,AR,Sales invoice SI-2022-00022,1072,1071,POSTED
JE-2022-00023,2022-01-14,2022-01-14,2022-01,FY2022,10,AR,Sales invoice SI-2022-00023,1072,1071,POSTED
JE-2022-00024,2022-01-06,2022-01-07,2022-01,FY2022,10,AR,Sales invoice SI-2022-00024,1072,1071,POSTED
JE-2022-00025,2022-01-04,2022-01-07,2022-01,FY2022,10,AR,Sales invoice SI-2022-00025,1072,1071,POSTED
JE-2022-00026,2022-01-03,2022-01-05,2022-01,FY2022,10,AR,Sales invoice SI-2022-00026,1072,1071,POSTED
JE-2022-00027,2022-01-07,2022-01-10,2022-01,FY2022,10,AR,Sales invoice SI-2022-00027,1072,1071,POSTED
JE-2022-00028,2022-01-20,2022-01-21,2022-01,FY2022,10,AR,Sales invoice SI-2022-00028,1072,1071,POSTED
JE-2022-00029,2022-01-21,2022-01-21,2022-01,FY2022,10,AR,Sales invoice SI-2022-00029,1072,1071,POSTED
JE-2022-00030,2022-01-04,2022-01-04,2022-01,FY2022,10,AR,Sales invoice SI-2022-00030,1072,1071,POSTED
JE-2022-00031,2022-01-12,2022-01-14,2022-01,FY2022,10,AR,Sales invoice SI-2022-00031,1072,1071,POSTED
JE-2022-00032,2022-01-07,2022-01-07,2022-01,FY2022,10,AR,Sales invoice SI-2022-00032,1072,1071,POSTED
JE-2022-00033,2022-01-17,2022-01-19,2022-01,FY2022,10,AR,Sales invoice SI-2022-00033,1072,1071,POSTED
JE-2022-00034,2022-01-14,2022-01-14,2022-01,FY2022,10,AR,Sales invoice SI-2022-00034,1072,1071,POSTED
JE-2022-00035,2022-01-07,2022-01-07,2022-01,FY2022,10,AR,Sales invoice SI-2022-00035,1072,1071,POSTED
JE-2022-00036,2022-01-18,2022-01-20,2022-01,FY2022,10,AR,Sales invoice SI-2022-00036,1072,1071,POSTED
JE-2022-00037,2022-01-31,2022-01-31,2022-01,FY2022,10,AR,Sales invoice SI-2022-00037,1072,1071,POSTED
JE-2022-00038,2022-01-14,2022-01-14,2022-01,FY2022,10,AR,Sales invoice SI-2022-00038,1072,1071,POSTED
JE-2022-00039,2022-01-28,2022-01-31,2022-01,FY2022,10,AR,Sales invoice SI-2022-00039,1072,1071,POSTED
JE-2022-00040,2022-01-12,2022-01-12,2022-01,FY2022,10,AR,Sales invoice SI-2022-00040,1072,1071,POSTED
JE-2022-00041,2022-01-19,2022-01-21,2022-01,FY2022,10,AR,Sales invoice SI-2022-00041,1072,1071,POSTED
JE-2022-00042,2022-01-21,2022-01-24,2022-01,FY2022,10,AR,Sales invoice SI-2022-00042,1072,1071,POSTED
JE-2022-00043,2022-01-04,2022-01-07,2022-01,FY2022,10,AR,Sales invoice SI-2022-00043,1072,1071,POSTED
JE-2022-00044,2022-01-14,2022-01-17,2022-01,FY2022,10,AR,Sales invoice SI-2022-00044,1072,1071,POSTED
JE-2022-00045,2022-01-24,2022-01-27,2022-01,FY2022,10,AP,Purchase invoice PI-2022-00001,1072,1071,POSTED
JE-2022-00046,2022-01-03,2022-01-05,2022-01,FY2022,10,AP,Purchase invoice PI-2022-00002,1072,1071,POSTED
JE-2022-00047,2022-01-28,2022-01-28,2022-01,FY2022,10,AP,Purchase invoice PI-2022-00003,1072,1071,POSTED
JE-2022-00048,2022-01-03,2022-01-05,2022-01,FY2022,10,AP,Purchase invoice PI-2022-00004,1072,1071,POSTED
JE-2022-00049,2022-01-27,2022-01-28,2022-01,FY2022,10,AP,Purchase invoice PI-2022-00005,1072,1071,POSTED
JE-2022-00050,2022-01-24,2022-01-25,2022-01,FY2022,10,AP,Purchase invoice PI-2022-00006,1072,1071,POSTED
JE-2022-00051,2022-01-21,2022-01-21,2022-01,FY2022,10,AP,Purchase invoice PI-2022-00007,1072,1071,POSTED
JE-2022-00052,2022-01-24,2022-01-26,2022-01,FY2022,10,AP,Purchase invoice PI-2022-00008,1072,1071,POSTED
JE-2022-00053,2022-01-04,2022-01-05,2022-01,FY2022,10,AP,Purchase invoice PI-2022-00009,1072,1071,POSTED
JE-2022-00054,2022-01-06,2022-01-07,2022-01,FY2022,10,AP,Purchase invoice PI-2022-00010,1072,1071,POSTED
JE-2022-00055,2022-01-21,2022-01-21,2022-01,FY2022,10,AP,Purchase invoice PI-2022-00011,1072,1071,POSTED
JE-2022-00056,2022-01-06,2022-01-06,2022-01,FY2022,10,AP,Purchase invoice PI-2022-00012,1072,1071,POSTED
JE-2022-00057,2022-01-28,2022-01-28,2022-01,FY2022,10,AP,Purchase invoice PI-2022-00013,1072,1071,POSTED
JE-2022-00058,2022-01-07,2022-01-07,2022-01,FY2022,10,AP,Purchase invoice PI-2022-00014,1072,1071,POSTED
JE-2022-00059,2022-01-31,2022-02-01,2022-01,FY2022,10,AP,Purchase invoice PI-2022-00015,1072,1071,POSTED
JE-2022-00060,2022-01-14,2022-01-14,2022-01,FY2022,10,AP,Purchase invoice PI-2022-00016,1072,1071,POSTED
JE-2022-00061,2022-01-31,2022-02-03,2022-01,FY2022,10,AP,Purchase invoice PI-2022-00017,1072,1071,POSTED
JE-2022-00062,2022-01-07,2022-01-10,2022-01,FY2022,10,AP,Purchase invoice PI-2022-00018,1072,1071,POSTED
JE-2022-00063,2022-01-12,2022-01-12,2022-01,FY2022,10,AP,Purchase invoice PI-2022-00019,1072,1071,POSTED
JE-2022-00064,2022-01-18,2022-01-18,2022-01,FY2022,10,AP,Purchase invoice PI-2022-00020,1072,1071,POSTED
JE-2022-00065,2022-01-04,2022-01-04,2022-01,FY2022,10,AP,Purchase invoice PI-2022-00021,1072,1071,POSTED
JE-2022-00066,2022-01-25,2022-01-25,2022-01,FY2022,10,AP,Purchase invoice PI-2022-00022,1072,1071,POSTED
JE-2022-00067,2022-01-31,2022-02-01,2022-01,FY2022,10,AP,Purchase invoice PI-2022-00023,1072,1071,POSTED
JE-2022-00068,2022-01-18,2022-01-21,2022-01,FY2022,10,AP,Purchase invoice PI-2022-00024,1072,1071,POSTED
JE-2022-00069,2022-01-21,2022-01-21,2022-01,FY2022,10,AP,Purchase invoice PI-2022-00025,1072,1071,POSTED
JE-2022-00070,2022-01-03,2022-01-03,2022-01,FY2022,10,AP,Purchase invoice PI-2022-00026,1072,1071,POSTED
JE-2022-00071,2022-01-28,2022-01-31,2022-01,FY2022,10,AP,Purchase invoice PI-2022-00027,1072,1071,POSTED
JE-2022-00072,2022-01-28,2022-01-31,2022-01,FY2022,10,AP,Purchase invoice PI-2022-00028,1072,1071,POSTED
JE-2022-00073,2022-01-12,2022-01-14,2022-01,FY2022,10,AP,Purchase invoice PI-2022-00029,1072,1071,POSTED
JE-2022-00074,2022-01-05,2022-01-07,2022-01,FY2022,10,AP,Purchase invoice PI-2022-00030,1072,1071,POSTED
JE-2022-00075,2022-01-14,2022-01-14,2022-01,FY2022,10,AP,Purchase invoice PI-2022-00031,1072,1071,POSTED
JE-2022-00076,2022-01-14,2022-01-14,2022-01,FY2022,10,AP,Purchase invoice PI-2022-00032,1072,1071,POSTED
JE-2022-00077,2022-01-18,2022-01-20,2022-01,FY2022,10,AP,Purchase invoice PI-2022-00033,1072,1071,POSTED
JE-2022-00078,2022-01-11,2022-01-12,2022-01,FY2022,10,AP,Purchase invoice PI-2022-00034,1072,1071,POSTED
JE-2022-00079,2022-01-04,2022-01-04,2022-01,FY2022,10,AP,Purchase invoice PI-2022-00035,1072,1071,POSTED
JE-2022-00080,2022-01-31,2022-02-03,2022-01,FY2022,10,CASH,Customer receipt SI-2022-00010,1072,1071,POSTED
JE-2022-00081,2022-01-25,2022-01-26,2022-01,FY2022,10,CASH,Customer receipt SI-2022-00024,1072,1071,POSTED
JE-2022-00082,2022-01-18,2022-01-19,2022-01,FY2022,10,CASH,Customer receipt SI-2022-00027,1072,1071,POSTED
JE-2022-00083,2022-01-28,2022-01-31,2022-01,FY2022,10,CASH,Customer receipt SI-2022-00044,1072,1071,POSTED
JE-2022-00084,2022-01-31,2022-02-02,2022-01,FY2022,10,CASH,Supplier payment PI-2022-00004,1072,1071,POSTED
JE-2022-00085,2022-01-19,2022-01-19,2022-01,FY2022,10,CASH,Supplier payment PI-2022-00014,1072,1071,POSTED
JE-2022-00086,2022-01-28,2022-01-31,2022-01,FY2022,10,CASH,Supplier payment PI-2022-00029,1072,1071,POSTED
JE-2022-00087,2022-01-28,2022-01-31,2022-01,FY2022,10,PAYROLL,Payroll January 2022,1072,1071,POSTED
JE-2022-00088,2022-01-31,2022-01-31,2022-01,FY2022,10,GENERAL,Depreciation Jan 2022,1072,1071,POSTED
JE-2022-00089,2022-01-31,2022-02-02,2022-01,FY2022,10,GENERAL,Bank charges and interest Jan 2022,1072,1071,POSTED
JE-2022-00090,2022-01-07,2022-01-10,2022-01,FY2022,10,GENERAL,VAT return payment,1072,1071,POSTED
JE-2022-00091,2022-02-04,2022-02-07,2022-02,FY2022,11,AR,Sales invoice SI-2022-00045,1072,1071,POSTED
JE-2022-00092,2022-02-07,2022-02-07,2022-02,FY2022,11,AR,Sales invoice SI-2022-00046,1072,1071,POSTED
JE-2022-00093,2022-02-16,2022-02-18,2022-02,FY2022,11,AR,Sales invoice SI-2022-00047,1072,1071,POSTED
JE-2022-00094,2022-02-24,2022-02-25,2022-02,FY2022,11,AR,Sales invoice SI-2022-00048,1072,1071,POSTED
JE-2022-00095,2022-02-11,2022-02-11,2022-02,FY2022,11,AR,Sales invoice SI-2022-00049,1072,1071,POSTED
JE-2022-00096,2022-02-21,2022-02-22,2022-02,FY2022,11,AR,Sales invoice SI-2022-00050,1072,1071,POSTED
JE-2022-00097,2022-02-22,2022-02-25,2022-02,FY2022,11,AR,Sales invoice SI-2022-00051,1072,1071,POSTED
JE-2022-00098,2022-02-02,2022-02-04,2022-02,FY2022,11,AR,Sales invoice SI-2022-00052,1072,1071,POSTED
JE-2022-00099,2022-02-15,2022-02-15,2022-02,FY2022,11,AR,Sales invoice SI-2022-00053,1072,1071,POSTED
JE-2022-00100,2022-02-18,2022-02-21,2022-02,FY2022,11,AR,Sales invoice SI-2022-00054,1072,1071,POSTED
JE-2022-00101,2022-02-18,2022-02-18,2022-02,FY2022,11,AR,Sales invoice SI-2022-00055,1072,1071,POSTED
JE-2022-00102,2022-02-10,2022-02-11,2022-02,FY2022,11,AR,Sales invoice SI-2022-00056,1072,1071,POSTED
JE-2022-00103,2022-02-02,2022-02-04,2022-02,FY2022,11,AR,Sales invoice SI-2022-00057,1072,1071,POSTED
JE-2022-00104,2022-02-04,2022-02-04,2022-02,FY2022,11,AR,Sales invoice SI-2022-00058,1072,1071,POSTED
JE-2022-00105,2022-02-22,2022-02-23,2022-02,FY2022,11,AR,Sales invoice SI-2022-00059,1072,1071,POSTED
JE-2022-00106,2022-02-14,2022-02-16,2022-02,FY2022,11,AR,Sales invoice SI-2022-00060,1072,1071,POSTED
JE-2022-00107,2022-02-14,2022-02-16,2022-02,FY2022,11,AR,Sales invoice SI-2022-00061,1072,1071,POSTED
JE-2022-00108,2022-02-18,2022-02-21,2022-02,FY2022,11,AR,Sales invoice SI-2022-00062,1072,1071,POSTED
JE-2022-00109,2022-02-07,2022-02-09,2022-02,FY2022,11,AR,Sales invoice SI-2022-00063,1072,1071,POSTED
JE-2022-00110,2022-02-28,2022-03-02,2022-02,FY2022,11,AR,Sales invoice SI-2022-00064,1072,1071,POSTED
JE-2022-00111,2022-02-28,2022-03-03,2022-02,FY2022,11,AR,Sales invoice SI-2022-00065,1072,1071,POSTED
JE-2022-00112,2022-02-18,2022-02-18,2022-02,FY2022,11,AR,Sales invoice SI-2022-00066,1072,1071,POSTED
JE-2022-00113,2022-02-25,2022-02-25,2022-02,FY2022,11,AR,Sales invoice SI-2022-00067,1072,1071,POSTED
JE-2022-00114,2022-02-25,2022-02-25,2022-02,FY2022,11,AR,Sales invoice SI-2022-00068,1072,1071,POSTED
JE-2022-00115,2022-02-14,2022-02-15,2022-02,FY2022,11,AR,Sales invoice SI-2022-00069,1072,1071,POSTED
JE-2022-00116,2022-02-25,2022-02-28,2022-02,FY2022,11,AR,Sales invoice SI-2022-00070,1072,1071,POSTED
JE-2022-00117,2022-02-02,2022-02-02,2022-02,FY2022,11,AR,Sales invoice SI-2022-00071,1072,1071,POSTED
JE-2022-00118,2022-02-11,2022-02-11,2022-02,FY2022,11,AR,Sales invoice SI-2022-00072,1072,1071,POSTED
JE-2022-00119,2022-02-10,2022-02-11,2022-02,FY2022,11,AR,Sales invoice SI-2022-00073,1072,1071,POSTED
JE-2022-00120,2022-02-14,2022-02-14,2022-02,FY2022,11,AR,Sales invoice SI-2022-00074,1072,1071,POSTED
JE-2022-00121,2022-02-18,2022-02-18,2022-02,FY2022,11,AR,Sales invoice SI-2022-00075,1072,1071,POSTED
JE-2022-00122,2022-02-04,2022-02-04,2022-02,FY2022,11,AR,Sales invoice SI-2022-00076,1072,1071,POSTED
JE-2022-00123,2022-02-22,2022-02-22,2022-02,FY2022,11,AR,Sales invoice SI-2022-00077,1072,1071,POSTED
JE-2022-00124,2022-02-15,2022-02-15,2022-02,FY2022,11,AR,Sales invoice SI-2022-00078,1072,1071,POSTED
JE-2022-00125,2022-02-01,2022-02-02,2022-02,FY2022,11,AR,Sales invoice SI-2022-00079,1072,1071,POSTED
JE-2022-00126,2022-02-01,2022-02-04,2022-02,FY2022,11,AR,Sales invoice SI-2022-00080,1072,1071,POSTED
JE-2022-00127,2022-02-04,2022-02-04,2022-02,FY2022,11,AR,Sales invoice SI-2022-00081,1072,1071,POSTED
JE-2022-00128,2022-02-03,2022-02-03,2022-02,FY2022,11,AR,Sales invoice SI-2022-00082,1072,1071,POSTED
JE-2022-00129,2022-02-24,2022-02-25,2022-02,FY2022,11,AR,Sales invoice SI-2022-00083,1072,1071,POSTED
JE-2022-00130,2022-02-11,2022-02-11,2022-02,FY2022,11,AR,Sales invoice SI-2022-00084,1072,1071,POSTED
JE-2022-00131,2022-02-22,2022-02-24,2022-02,FY2022,11,AR,Sales invoice SI-2022-00085,1072,1071,POSTED
JE-2022-00132,2022-02-17,2022-02-18,2022-02,FY2022,11,AR,Sales invoice SI-2022-00086,1072,1071,POSTED
JE-2022-00133,2022-02-15,2022-02-18,2022-02,FY2022,11,AR,Sales invoice SI-2022-00087,1072,1071,POSTED
JE-2022-00134,2022-02-04,2022-02-04,2022-02,FY2022,11,AR,Sales invoice SI-2022-00088,1072,1071,POSTED
JE-2022-00135,2022-02-11,2022-02-14,2022-02,FY2022,11,AR,Sales invoice SI-2022-00089,1072,1071,POSTED
JE-2022-00136,2022-02-15,2022-02-17,2022-02,FY2022,11,AR,Sales invoice SI-2022-00090,1072,1071,POSTED
JE-2022-00137,2022-02-25,2022-02-25,2022-02,FY2022,11,AP,Purchase invoice PI-2022-00036,1072,1071,POSTED
JE-2022-00138,2022-02-25,2022-02-28,2022-02,FY2022,11,AP,Purchase invoice PI-2022-00037,1072,1071,POSTED
JE-2022-00139,2022-02-21,2022-02-23,2022-02,FY2022,11,AP,Purchase invoice PI-2022-00038,1072,1071,POSTED
JE-2022-00140,2022-02-04,2022-02-07,2022-02,FY2022,11,AP,Purchase invoice PI-2022-00039,1072,1071,POSTED
JE-2022-00141,2022-02-18,2022-02-18,2022-02,FY2022,11,AP,Purchase invoice PI-2022-00040,1072,1071,POSTED
JE-2022-00142,2022-02-02,2022-02-04,2022-02,FY2022,11,AP,Purchase invoice PI-2022-00041,1072,1071,POSTED
JE-2022-00143,2022-02-11,2022-02-11,2022-02,FY2022,11,AP,Purchase invoice PI-2022-00042,1072,1071,POSTED
JE-2022-00144,2022-02-15,2022-02-18,2022-02,FY2022,11,AP,Purchase invoice PI-2022-00043,1072,1071,POSTED
JE-2022-00145,2022-02-21,2022-02-24,2022-02,FY2022,11,AP,Purchase invoice PI-2022-00044,1072,1071,POSTED
JE-2022-00146,2022-02-11,2022-02-11,2022-02,FY2022,11,AP,Purchase invoice PI-2022-00045,1072,1071,POSTED
JE-2022-00147,2022-02-28,2022-03-03,2022-02,FY2022,11,AP,Purchase invoice PI-2022-00046,1072,1071,POSTED
JE-2022-00148,2022-02-25,2022-02-25,2022-02,FY2022,11,AP,Purchase invoice PI-2022-00047,1072,1071,POSTED
JE-2022-00149,2022-02-08,2022-02-09,2022-02,FY2022,11,AP,Purchase invoice PI-2022-00048,1072,1071,POSTED
JE-2022-00150,2022-02-04,2022-02-04,2022-02,FY2022,11,AP,Purchase invoice PI-2022-00049,1072,1071,POSTED
JE-2022-00151,2022-02-28,2022-02-28,2022-02,FY2022,11,AP,Purchase invoice PI-2022-00050,1072,1071,POSTED
JE-2022-00152,2022-02-10,2022-02-11,2022-02,FY2022,11,AP,Purchase invoice PI-2022-00051,1072,1071,POSTED
JE-2022-00153,2022-02-01,2022-02-04,2022-02,FY2022,11,AP,Purchase invoice PI-2022-00052,1072,1071,POSTED
JE-2022-00154,2022-02-24,2022-02-25,2022-02,FY2022,11,AP,Purchase invoice PI-2022-00053,1072,1071,POSTED
JE-2022-00155,2022-02-09,2022-02-10,2022-02,FY2022,11,AP,Purchase invoice PI-2022-00054,1072,1071,POSTED
JE-2022-00156,2022-02-25,2022-02-25,2022-02,FY2022,11,AP,Purchase invoice PI-2022-00055,1072,1071,POSTED
JE-2022-00157,2022-02-04,2022-02-07,2022-02,FY2022,11,AP,Purchase invoice PI-2022-00056,1072,1071,POSTED
JE-2022-00158,2022-02-25,2022-02-25,2022-02,FY2022,11,AP,Purchase invoice PI-2022-00057,1072,1071,POSTED
JE-2022-00159,2022-02-25,2022-02-28,2022-02,FY2022,11,AP,Purchase invoice PI-2022-00058,1072,1071,POSTED
JE-2022-00160,2022-02-03,2022-02-03,2022-02,FY2022,11,AP,Purchase invoice PI-2022-00059,1072,1071,POSTED
JE-2022-00161,2022-02-22,2022-02-23,2022-02,FY2022,11,AP,Purchase invoice PI-2022-00060,1072,1071,POSTED
JE-2022-00162,2022-02-11,2022-02-11,2022-02,FY2022,11,AP,Purchase invoice PI-2022-00061,1072,1071,POSTED
JE-2022-00163,2022-02-18,2022-02-18,2022-02,FY2022,11,AP,Purchase invoice PI-2022-00062,1072,1071,POSTED
JE-2022-00164,2022-02-01,2022-02-04,2022-02,FY2022,11,AP,Purchase invoice PI-2022-00063,1072,1071,POSTED
JE-2022-00165,2022-02-22,2022-02-23,2022-02,FY2022,11,AP,Purchase invoice PI-2022-00064,1072,1071,POSTED
JE-2022-00166,2022-02-04,2022-02-07,2022-02,FY2022,11,AP,Purchase invoice PI-2022-00065,1072,1071,POSTED
JE-2022-00167,2022-02-22,2022-02-24,2022-02,FY2022,11,AP,Purchase invoice PI-2022-00066,1072,1071,POSTED
JE-2022-00168,2022-02-01,2022-02-02,2022-02,FY2022,11,AP,Purchase invoice PI-2022-00067,1072,1071,POSTED
JE-2022-00169,2022-02-25,2022-02-25,2022-02,FY2022,11,AP,Purchase invoice PI-2022-00068,1072,1071,POSTED
JE-2022-00170,2022-02-18,2022-02-18,2022-02,FY2022,11,AP,Purchase invoice PI-2022-00069,1072,1071,POSTED
JE-2022-00171,2022-02-22,2022-02-24,2022-02,FY2022,11,CASH,Customer receipt SI-2022-00001,1072,1071,POSTED
JE-2022-00172,2022-02-11,2022-02-11,2022-02,FY2022,11,CASH,Customer receipt SI-2022-00003,1072,1071,POSTED
JE-2022-00173,2022-02-28,2022-03-02,2022-02,FY2022,11,CASH,Customer receipt SI-2022-00006,1072,1071,POSTED
JE-2022-00174,2022-02-25,2022-02-25,2022-02,FY2022,11,CASH,Customer receipt SI-2022-00007,1072,1071,POSTED
JE-2022-00175,2022-01-28,2022-01-28,2022-01,FY2022,10,CASH,Customer receipt SI-2022-00026,1072,1071,POSTED
JE-2022-00176,2022-02-25,2022-02-28,2022-02,FY2022,11,CASH,Customer receipt SI-2022-00030,1072,1071,POSTED
JE-2022-00177,2022-02-21,2022-02-23,2022-02,FY2022,11,CASH,Customer receipt SI-2022-00033,1072,1071,POSTED
JE-2022-00178,2022-02-22,2022-02-24,2022-02,FY2022,11,CASH,Customer receipt SI-2022-00034,1072,1071,POSTED
JE-2022-00179,2022-02-03,2022-02-04,2022-02,FY2022,11,CASH,Customer receipt SI-2022-00035,1072,1071,POSTED
JE-2022-00180,2022-02-18,2022-02-18,2022-02,FY2022,11,CASH,Customer receipt SI-2022-00037,1072,1071,POSTED
JE-2022-00181,2022-02-25,2022-02-25,2022-02,FY2022,11,CASH,Customer receipt SI-2022-00041,1072,1071,POSTED
JE-2022-00182,2022-01-27,2022-01-27,2022-01,FY2022,10,CASH,Customer receipt SI-2022-00043,1072,1071,POSTED
JE-2022-00183,2022-02-24,2022-02-24,2022-02,FY2022,11,CASH,Customer receipt SI-2022-00056,1072,1071,POSTED
JE-2022-00184,2022-02-18,2022-02-18,2022-02,FY2022,11,CASH,Customer receipt SI-2022-00082,1072,1071,POSTED
JE-2022-00185,2022-02-21,2022-02-23,2022-02,FY2022,11,CASH,Supplier payment PI-2022-00001,1072,1071,POSTED
JE-2022-00186,2022-01-31,2022-02-01,2022-01,FY2022,10,CASH,Supplier payment PI-2022-00002,1072,1071,POSTED
JE-2022-00187,2022-02-24,2022-02-25,2022-02,FY2022,11,CASH,Supplier payment PI-2022-00005,1072,1071,POSTED
JE-2022-00188,2022-02-21,2022-02-21,2022-02,FY2022,11,CASH,Supplier payment PI-2022-00006,1072,1071,POSTED
JE-2022-00189,2022-02-07,2022-02-10,2022-02,FY2022,11,CASH,Supplier payment PI-2022-00008,1072,1071,POSTED
JE-2022-00190,2022-02-03,2022-02-03,2022-02,FY2022,11,CASH,Supplier payment PI-2022-00009,1072,1071,POSTED
JE-2022-00191,2022-02-03,2022-02-04,2022-02,FY2022,11,CASH,Supplier payment PI-2022-00010,1072,1071,POSTED
JE-2022-00192,2022-02-11,2022-02-11,2022-02,FY2022,11,CASH,Supplier payment PI-2022-00012,1072,1071,POSTED
JE-2022-00193,2022-02-16,2022-02-17,2022-02,FY2022,11,CASH,Supplier payment PI-2022-00016,1072,1071,POSTED
JE-2022-00194,2022-02-28,2022-03-02,2022-02,FY2022,11,CASH,Supplier payment PI-2022-00017,1072,1071,POSTED
JE-2022-00195,2022-02-21,2022-02-22,2022-02,FY2022,11,CASH,Supplier payment PI-2022-00018,1072,1071,POSTED
JE-2022-00196,2022-02-08,2022-02-10,2022-02,FY2022,11,CASH,Supplier payment PI-2022-00020,1072,1071,POSTED
JE-2022-00197,2022-02-03,2022-02-04,2022-02,FY2022,11,CASH,Supplier payment PI-2022-00021,1072,1071,POSTED
JE-2022-00198,2022-02-15,2022-02-16,2022-02,FY2022,11,CASH,Supplier payment PI-2022-00022,1072,1071,POSTED
JE-2022-00199,2022-02-11,2022-02-14,2022-02,FY2022,11,CASH,Supplier payment PI-2022-00023,1072,1071,POSTED
JE-2022-00200,2022-02-17,2022-02-18,2022-02,FY2022,11,CASH,Supplier payment PI-2022-00024,1072,1071,POSTED
JE-2022-00201,2022-02-23,2022-02-25,2022-02,FY2022,11,CASH,Supplier payment PI-2022-00025,1072,1071,POSTED
JE-2022-00202,2022-02-11,2022-02-11,2022-02,FY2022,11,CASH,Supplier payment PI-2022-00030,1072,1071,POSTED
JE-2022-00203,2022-02-18,2022-02-18,2022-02,FY2022,11,CASH,Supplier payment PI-2022-00031,1072,1071,POSTED
JE-2022-00204,2022-01-28,2022-01-28,2022-01,FY2022,10,CASH,Supplier payment PI-2022-00032,1072,1071,POSTED
JE-2022-00205,2022-02-10,2022-02-10,2022-02,FY2022,11,CASH,Supplier payment PI-2022-00034,1072,1071,POSTED
JE-2022-00206,2022-02-25,2022-02-25,2022-02,FY2022,11,CASH,Supplier payment PI-2022-00045,1072,1071,POSTED
JE-2022-00207,2022-02-18,2022-02-21,2022-02,FY2022,11,CASH,Supplier payment PI-2022-00052,1072,1071,POSTED
JE-2022-00208,2022-02-28,2022-03-01,2022-02,FY2022,11,PAYROLL,Payroll February 2022,1072,1071,POSTED
JE-2022-00209,2022-02-28,2022-02-28,2022-02,FY2022,11,GENERAL,Depreciation Feb 2022,1072,1071,POSTED
JE-2022-00210,2022-02-28,2022-03-02,2022-02,FY2022,11,GENERAL,Bank charges and interest Feb 2022,1072,1071,POSTED
JE-2022-00211,2022-03-18,2022-03-21,2022-03,FY2022,12,AR,Sales invoice SI-2022-00091,1072,1071,POSTED
JE-2022-00212,2022-03-03,2022-03-03,2022-03,FY2022,12,AR,Sales invoice SI-2022-00092,1072,1071,POSTED
JE-2022-00213,2022-03-18,2022-03-18,2022-03,FY2022,12,AR,Sales invoice SI-2022-00093,1072,1071,POSTED
JE-2022-00214,2022-03-16,2022-03-18,2022-03,FY2022,12,AR,Sales invoice SI-2022-00094,1072,1071,POSTED
JE-2022-00215,2022-03-09,2022-03-09,2022-03,FY2022,12,AR,Sales invoice SI-2022-00095,1072,1071,POSTED
JE-2022-00216,2022-03-02,2022-03-04,2022-03,FY2022,12,AR,Sales invoice SI-2022-00096,1072,1071,POSTED
JE-2022-00217,2022-03-07,2022-03-10,2022-03,FY2022,12,AR,Sales invoice SI-2022-00097,1072,1071,POSTED
JE-2022-00218,2022-03-23,2022-03-23,2022-03,FY2022,12,AR,Sales invoice SI-2022-00098,1072,1071,POSTED
JE-2022-00219,2022-03-16,2022-03-17,2022-03,FY2022,12,AR,Sales invoice SI-2022-00099,1072,1071,POSTED
JE-2022-00220,2022-03-11,2022-03-11,2022-03,FY2022,12,AR,Sales invoice SI-2022-00100,1072,1071,POSTED
JE-2022-00221,2022-03-21,2022-03-22,2022-03,FY2022,12,AR,Sales invoice SI-2022-00101,1072,1071,POSTED
JE-2022-00222,2022-03-31,2022-04-01,2022-03,FY2022,12,AR,Sales invoice SI-2022-00102,1072,1071,POSTED
JE-2022-00223,2022-03-25,2022-03-25,2022-03,FY2022,12,AR,Sales invoice SI-2022-00103,1072,1071,POSTED
JE-2022-00224,2022-03-11,2022-03-11,2022-03,FY2022,12,AR,Sales invoice SI-2022-00104,1072,1071,POSTED
JE-2022-00225,2022-03-17,2022-03-18,2022-03,FY2022,12,AR,Sales invoice SI-2022-00105,1072,1071,POSTED
JE-2022-00226,2022-03-28,2022-03-29,2022-03,FY2022,12,AR,Sales invoice SI-2022-00106,1072,1071,POSTED
JE-2022-00227,2022-03-25,2022-03-25,2022-03,FY2022,12,AR,Sales invoice SI-2022-00107,1072,1071,POSTED
JE-2022-00228,2022-03-18,2022-03-21,2022-03,FY2022,12,AR,Sales invoice SI-2022-00108,1072,1071,POSTED
JE-2022-00229,2022-03-17,2022-03-17,2022-03,FY2022,12,AR,Sales invoice SI-2022-00109,1072,1071,POSTED
JE-2022-00230,2022-03-01,2022-03-03,2022-03,FY2022,12,AR,Sales invoice SI-2022-00110,1072,1071,POSTED
JE-2022-00231,2022-03-25,2022-03-25,2022-03,FY2022,12,AR,Sales invoice SI-2022-00111,1072,1071,POSTED
JE-2022-00232,2022-03-28,2022-03-29,2022-03,FY2022,12,AR,Sales invoice SI-2022-00112,1072,1071,POSTED
JE-2022-00233,2022-03-29,2022-03-31,2022-03,FY2022,12,AR,Sales invoice SI-2022-00113,1072,1071,POSTED
JE-2022-00234,2022-03-10,2022-03-11,2022-03,FY2022,12,AR,Sales invoice SI-2022-00114,1072,1071,POSTED
JE-2022-00235,2022-03-18,2022-03-18,2022-03,FY2022,12,AR,Sales invoice SI-2022-00115,1072,1071,POSTED
JE-2022-00236,2022-03-04,2022-03-04,2022-03,FY2022,12,AR,Sales invoice SI-2022-00116,1072,1071,POSTED
JE-2022-00237,2022-03-25,2022-03-25,2022-03,FY2022,12,AR,Sales invoice SI-2022-00117,1072,1071,POSTED
JE-2022-00238,2022-03-30,2022-03-30,2022-03,FY2022,12,AR,Sales invoice SI-2022-00118,1072,1071,POSTED
JE-2022-00239,2022-03-31,2022-04-01,2022-03,FY2022,12,AR,Sales invoice SI-2022-00119,1072,1071,POSTED
JE-2022-00240,2022-03-07,2022-03-08,2022-03,FY2022,12,AR,Sales invoice SI-2022-00120,1072,1071,POSTED
JE-2022-00241,2022-03-21,2022-03-23,2022-03,FY2022,12,AR,Sales invoice SI-2022-00121,1072,1071,POSTED
JE-2022-00242,2022-03-07,2022-03-10,2022-03,FY2022,12,AR,Sales invoice SI-2022-00122,1072,1071,POSTED
JE-2022-00243,2022-03-16,2022-03-18,2022-03,FY2022,12,AR,Sales invoice SI-2022-00123,1072,1071,POSTED
JE-2022-00244,2022-03-18,2022-03-18,2022-03,FY2022,12,AR,Sales invoice SI-2022-00124,1072,1071,POSTED
JE-2022-00245,2022-03-04,2022-03-04,2022-03,FY2022,12,AR,Sales invoice SI-2022-00125,1072,1071,POSTED
JE-2022-00246,2022-03-11,2022-03-11,2022-03,FY2022,12,AR,Sales invoice SI-2022-00126,1072,1071,POSTED
JE-2022-00247,2022-03-11,2022-03-11,2022-03,FY2022,12,AR,Sales invoice SI-2022-00127,1072,1071,POSTED
JE-2022-00248,2022-03-24,2022-03-25,2022-03,FY2022,12,AR,Sales invoice SI-2022-00128,1072,1071,POSTED
JE-2022-00249,2022-03-25,2022-03-25,2022-03,FY2022,12,AR,Sales invoice SI-2022-00129,1072,1071,POSTED
JE-2022-00250,2022-03-31,2022-04-01,2022-03,FY2022,12,AR,Sales invoice SI-2022-00130,1072,1071,POSTED
JE-2022-00251,2022-03-15,2022-03-18,2022-03,FY2022,12,AR,Sales invoice SI-2022-00131,1072,1071,POSTED
JE-2022-00252,2022-03-14,2022-03-14,2022-03,FY2022,12,AR,Sales invoice SI-2022-00132,1072,1071,POSTED
JE-2022-00253,2022-03-25,2022-03-25,2022-03,FY2022,12,AR,Sales invoice SI-2022-00133,1072,1071,POSTED
JE-2022-00254,2022-03-23,2022-03-23,2022-03,FY2022,12,AR,Sales invoice SI-2022-00134,1072,1071,POSTED
JE-2022-00255,2022-03-11,2022-03-11,2022-03,FY2022,12,AR,Sales invoice SI-2022-00135,1072,1071,POSTED
JE-2022-00256,2022-03-28,2022-03-29,2022-03,FY2022,12,AR,Sales invoice SI-2022-00136,1072,1071,POSTED
JE-2022-00257,2022-03-11,2022-03-11,2022-03,FY2022,12,AR,Sales invoice SI-2022-00137,1072,1071,POSTED
JE-2022-00258,2022-03-30,2022-04-01,2022-03,FY2022,12,AR,Sales invoice SI-2022-00138,1072,1071,POSTED
JE-2022-00259,2022-03-14,2022-03-14,2022-03,FY2022,12,AR,Sales invoice SI-2022-00139,1072,1071,POSTED
JE-2022-00260,2022-03-23,2022-03-25,2022-03,FY2022,12,AR,Sales invoice SI-2022-00140,1072,1071,POSTED
JE-2022-00261,2022-03-15,2022-03-18,2022-03,FY2022,12,AR,Sales invoice SI-2022-00141,1072,1071,POSTED
JE-2022-00262,2022-03-21,2022-03-21,2022-03,FY2022,12,AR,Sales invoice SI-2022-00142,1072,1071,POSTED
JE-2022-00263,2022-03-22,2022-03-23,2022-03,FY2022,12,AP,Purchase invoice PI-2022-00070,1072,1071,POSTED
JE-2022-00264,2022-03-04,2022-03-07,2022-03,FY2022,12,AP,Purchase invoice PI-2022-00071,1072,1071,POSTED
JE-2022-00265,2022-03-23,2022-03-25,2022-03,FY2022,12,AP,Purchase invoice PI-2022-00072,1072,1071,POSTED
JE-2022-00266,2022-03-28,2022-03-28,2022-03,FY2022,12,AP,Purchase invoice PI-2022-00073,1072,1071,POSTED
JE-2022-00267,2022-03-04,2022-03-04,2022-03,FY2022,12,AP,Purchase invoice PI-2022-00074,1072,1071,POSTED
JE-2022-00268,2022-03-11,2022-03-11,2022-03,FY2022,12,AP,Purchase invoice PI-2022-00075,1072,1071,POSTED
JE-2022-00269,2022-03-22,2022-03-25,2022-03,FY2022,12,AP,Purchase invoice PI-2022-00076,1072,1071,POSTED
JE-2022-00270,2022-03-11,2022-03-11,2022-03,FY2022,12,AP,Purchase invoice PI-2022-00077,1072,1071,POSTED
JE-2022-00271,2022-03-25,2022-03-25,2022-03,FY2022,12,AP,Purchase invoice PI-2022-00078,1072,1071,POSTED
JE-2022-00272,2022-03-21,2022-03-23,2022-03,FY2022,12,AP,Purchase invoice PI-2022-00079,1072,1071,POSTED
JE-2022-00273,2022-03-31,2022-04-01,2022-03,FY2022,12,AP,Purchase invoice PI-2022-00080,1072,1071,POSTED
JE-2022-00274,2022-03-25,2022-03-25,2022-03,FY2022,12,AP,Purchase invoice PI-2022-00081,1072,1071,POSTED
JE-2022-00275,2022-03-11,2022-03-14,2022-03,FY2022,12,AP,Purchase invoice PI-2022-00082,1072,1071,POSTED
JE-2022-00276,2022-03-18,2022-03-18,2022-03,FY2022,12,AP,Purchase invoice PI-2022-00083,1072,1071,POSTED
JE-2022-00277,2022-03-04,2022-03-04,2022-03,FY2022,12,AP,Purchase invoice PI-2022-00084,1072,1071,POSTED
JE-2022-00278,2022-03-02,2022-03-04,2022-03,FY2022,12,AP,Purchase invoice PI-2022-00085,1072,1071,POSTED
JE-2022-00279,2022-03-18,2022-03-21,2022-03,FY2022,12,AP,Purchase invoice PI-2022-00086,1072,1071,POSTED
JE-2022-00280,2022-03-25,2022-03-28,2022-03,FY2022,12,AP,Purchase invoice PI-2022-00087,1072,1071,POSTED
JE-2022-00281,2022-03-04,2022-03-04,2022-03,FY2022,12,AP,Purchase invoice PI-2022-00088,1072,1071,POSTED
JE-2022-00282,2022-03-25,2022-03-28,2022-03,FY2022,12,AP,Purchase invoice PI-2022-00089,1072,1071,POSTED
JE-2022-00283,2022-03-18,2022-03-18,2022-03,FY2022,12,AP,Purchase invoice PI-2022-00090,1072,1071,POSTED
JE-2022-00284,2022-03-16,2022-03-17,2022-03,FY2022,12,AP,Purchase invoice PI-2022-00091,1072,1071,POSTED
JE-2022-00285,2022-03-04,2022-03-04,2022-03,FY2022,12,AP,Purchase invoice PI-2022-00092,1072,1071,POSTED
JE-2022-00286,2022-03-28,2022-03-28,2022-03,FY2022,12,AP,Purchase invoice PI-2022-00093,1072,1071,POSTED
JE-2022-00287,2022-03-25,2022-03-25,2022-03,FY2022,12,AP,Purchase invoice PI-2022-00094,1072,1071,POSTED
JE-2022-00288,2022-03-14,2022-03-17,2022-03,FY2022,12,AP,Purchase invoice PI-2022-00095,1072,1071,POSTED
JE-2022-00289,2022-03-15,2022-03-18,2022-03,FY2022,12,AP,Purchase invoice PI-2022-00096,1072,1071,POSTED
JE-2022-00290,2022-03-15,2022-03-16,2022-03,FY2022,12,AP,Purchase invoice PI-2022-00097,1072,1071,POSTED
JE-2022-00291,2022-03-15,2022-03-18,2022-03,FY2022,12,AP,Purchase invoice PI-2022-00098,1072,1071,POSTED
JE-2022-00292,2022-03-29,2022-03-29,2022-03,FY2022,12,AP,Purchase invoice PI-2022-00099,1072,1071,POSTED
JE-2022-00293,2022-03-11,2022-03-14,2022-03,FY2022,12,AP,Purchase invoice PI-2022-00100,1072,1071,POSTED
JE-2022-00294,2022-03-08,2022-03-09,2022-03,FY2022,12,AP,Purchase invoice PI-2022-00101,1072,1071,POSTED
JE-2022-00295,2022-03-21,2022-03-22,2022-03,FY2022,12,AP,Purchase invoice PI-2022-00102,1072,1071,POSTED
JE-2022-00296,2022-03-07,2022-03-08,2022-03,FY2022,12,AP,Purchase invoice PI-2022-00103,1072,1071,POSTED
JE-2022-00297,2022-02-09,2022-02-09,2022-02,FY2022,11,CASH,Customer receipt SI-2022-00002,1072,1071,POSTED
JE-2022-00298,2022-02-22,2022-02-22,2022-02,FY2022,11,CASH,Customer receipt SI-2022-00004,1072,1071,POSTED
JE-2022-00299,2022-03-01,2022-03-01,2022-03,FY2022,12,CASH,Customer receipt SI-2022-00005,1072,1071,POSTED
JE-2022-00300,2022-03-04,2022-03-04,2022-03,FY2022,12,CASH,Customer receipt SI-2022-00009,1072,1071,POSTED
JE-2022-00301,2022-03-16,2022-03-17,2022-03,FY2022,12,CASH,Customer receipt SI-2022-00011,1072,1071,POSTED
JE-2022-00302,2022-02-18,2022-02-18,2022-02,FY2022,11,CASH,Customer receipt SI-2022-00013,1072,1071,POSTED
JE-2022-00303,2022-03-01,2022-03-02,2022-03,FY2022,12,CASH,Customer receipt SI-2022-00014,1072,1071,POSTED
JE-2022-00304,2022-03-04,2022-03-04,2022-03,FY2022,12,CASH,Customer receipt SI-2022-00015,1072,1071,POSTED
JE-2022-00305,2022-03-30,2022-04-01,2022-03,FY2022,12,CASH,Customer receipt SI-2022-00016,1072,1071,POSTED
JE-2022-00306,2022-03-11,2022-03-11,2022-03,FY2022,12,CASH,Customer receipt SI-2022-00017,1072,1071,POSTED
JE-2022-00307,2022-02-11,2022-02-11,2022-02,FY2022,11,CASH,Customer receipt SI-2022-00018,1072,1071,POSTED
JE-2022-00308,2022-02-25,2022-02-28,2022-02,FY2022,11,CASH,Customer receipt SI-2022-00021,1072,1071,POSTED
JE-2022-00309,2022-02-28,2022-02-28,2022-02,FY2022,11,CASH,Customer receipt SI-2022-00023,1072,1071,POSTED
JE-2022-00310,2022-02-17,2022-02-18,2022-02,FY2022,11,CASH,Customer receipt SI-2022-00029,1072,1071,POSTED
JE-2022-00311,2022-03-18,2022-03-21,2022-03,FY2022,12,CASH,Customer receipt SI-2022-00031,1072,1071,POSTED
JE-2022-00312,2022-02-11,2022-02-14,2022-02,FY2022,11,CASH,Customer receipt SI-2022-00032,1072,1071,POSTED
JE-2022-00313,2022-03-04,2022-03-04,2022-03,FY2022,12,CASH,Customer receipt SI-2022-00039,1072,1071,POSTED
JE-2022-00314,2022-03-07,2022-03-10,2022-03,FY2022,12,CASH,Customer receipt SI-2022-00042,1072,1071,POSTED
JE-2022-00315,2022-03-31,2022-04-01,2022-03,FY2022,12,CASH,Customer receipt SI-2022-00046,1072,1071,POSTED
JE-2022-00316,2022-03-18,2022-03-18,2022-03,FY2022,12,CASH,Customer receipt SI-2022-00053,1072,1071,POSTED
JE-2022-00317,2022-03-25,2022-03-25,2022-03,FY2022,12,CASH,Customer receipt SI-2022-00057,1072,1071,POSTED
JE-2022-00318,2022-03-23,2022-03-25,2022-03,FY2022,12,CASH,Customer receipt SI-2022-00058,1072,1071,POSTED
JE-2022-00319,2022-03-25,2022-03-28,2022-03,FY2022,12,CASH,Customer receipt SI-2022-00059,1072,1071,POSTED
JE-2022-00320,2022-03-11,2022-03-11,2022-03,FY2022,12,CASH,Customer receipt SI-2022-00060,1072,1071,POSTED
JE-2022-00321,2022-03-14,2022-03-15,2022-03,FY2022,12,CASH,Customer receipt SI-2022-00063,1072,1071,POSTED
JE-2022-00322,2022-03-29,2022-04-01,2022-03,FY2022,12,CASH,Customer receipt SI-2022-00067,1072,1071,POSTED
JE-2022-00323,2022-03-29,2022-04-01,2022-03,FY2022,12,CASH,Customer receipt SI-2022-00068,1072,1071,POSTED
JE-2022-00324,2022-03-11,2022-03-14,2022-03,FY2022,12,CASH,Customer receipt SI-2022-00069,1072,1071,POSTED
JE-2022-00325,2022-03-08,2022-03-08,2022-03,FY2022,12,CASH,Customer receipt SI-2022-00076,1072,1071,POSTED
JE-2022-00326,2022-03-29,2022-03-29,2022-03,FY2022,12,CASH,Customer receipt SI-2022-00077,1072,1071,POSTED
JE-2022-00327,2022-03-17,2022-03-18,2022-03,FY2022,12,CASH,Customer receipt SI-2022-00078,1072,1071,POSTED
JE-2022-00328,2022-03-25,2022-03-28,2022-03,FY2022,12,CASH,Customer receipt SI-2022-00079,1072,1071,POSTED
JE-2022-00329,2022-03-08,2022-03-10,2022-03,FY2022,12,CASH,Customer receipt SI-2022-00080,1072,1071,POSTED
JE-2022-00330,2022-03-04,2022-03-04,2022-03,FY2022,12,CASH,Customer receipt SI-2022-00081,1072,1071,POSTED
JE-2022-00331,2022-03-18,2022-03-18,2022-03,FY2022,12,CASH,Customer receipt SI-2022-00084,1072,1071,POSTED
JE-2022-00332,2022-03-16,2022-03-17,2022-03,FY2022,12,CASH,Customer receipt SI-2022-00086,1072,1071,POSTED
JE-2022-00333,2022-03-15,2022-03-17,2022-03,FY2022,12,CASH,Customer receipt SI-2022-00087,1072,1071,POSTED
JE-2022-00334,2022-03-18,2022-03-21,2022-03,FY2022,12,CASH,Customer receipt SI-2022-00110,1072,1071,POSTED
JE-2022-00335,2022-03-30,2022-04-01,2022-03,FY2022,12,CASH,Customer receipt SI-2022-00135,1072,1071,POSTED
JE-2022-00336,2022-03-29,2022-03-29,2022-03,FY2022,12,CASH,Supplier payment PI-2022-00003,1072,1071,POSTED
JE-2022-00337,2022-03-07,2022-03-09,2022-03,FY2022,12,CASH,Supplier payment PI-2022-00007,1072,1071,POSTED
JE-2022-00338,2022-03-18,2022-03-18,2022-03,FY2022,12,CASH,Supplier payment PI-2022-00011,1072,1071,POSTED
JE-2022-00339,2022-03-11,2022-03-14,2022-03,FY2022,12,CASH,Supplier payment PI-2022-00013,1072,1071,POSTED
JE-2022-00340,2022-03-14,2022-03-14,2022-03,FY2022,12,CASH,Supplier payment PI-2022-00015,1072,1071,POSTED
JE-2022-00341,2022-03-11,2022-03-11,2022-03,FY2022,12,CASH,Supplier payment PI-2022-00019,1072,1071,POSTED
JE-2022-00342,2022-03-04,2022-03-04,2022-03,FY2022,12,CASH,Supplier payment PI-2022-00026,1072,1071,POSTED
JE-2022-00343,2022-03-18,2022-03-18,2022-03,FY2022,12,CASH,Supplier payment PI-2022-00028,1072,1071,POSTED
JE-2022-00344,2022-02-15,2022-02-18,2022-02,FY2022,11,CASH,Supplier payment PI-2022-00033,1072,1071,POSTED
JE-2022-00345,2022-03-04,2022-03-04,2022-03,FY2022,12,CASH,Supplier payment PI-2022-00035,1072,1071,POSTED
JE-2022-00346,2022-03-18,2022-03-18,2022-03,FY2022,12,CASH,Supplier payment PI-2022-00036,1072,1071,POSTED
JE-2022-00347,2022-03-10,2022-03-11,2022-03,FY2022,12,CASH,Supplier payment PI-2022-00038,1072,1071,POSTED
JE-2022-00348,2022-03-02,2022-03-04,2022-03,FY2022,12,CASH,Supplier payment PI-2022-00039,1072,1071,POSTED
JE-2022-00349,2022-03-02,2022-03-04,2022-03,FY2022,12,CASH,Supplier payment PI-2022-00040,1072,1071,POSTED
JE-2022-00350,2022-03-04,2022-03-04,2022-03,FY2022,12,CASH,Supplier payment PI-2022-00041,1072,1071,POSTED
JE-2022-00351,2022-03-29,2022-04-01,2022-03,FY2022,12,CASH,Supplier payment PI-2022-00043,1072,1071,POSTED
JE-2022-00352,2022-03-23,2022-03-23,2022-03,FY2022,12,CASH,Supplier payment PI-2022-00044,1072,1071,POSTED
JE-2022-00353,2022-03-04,2022-03-04,2022-03,FY2022,12,CASH,Supplier payment PI-2022-00048,1072,1071,POSTED
JE-2022-00354,2022-03-17,2022-03-18,2022-03,FY2022,12,CASH,Supplier payment PI-2022-00050,1072,1071,POSTED
JE-2022-00355,2022-02-22,2022-02-22,2022-02,FY2022,11,CASH,Supplier payment PI-2022-00051,1072,1071,POSTED
JE-2022-00356,2022-03-29,2022-04-01,2022-03,FY2022,12,CASH,Supplier payment PI-2022-00053,1072,1071,POSTED
JE-2022-00357,2022-03-25,2022-03-25,2022-03,FY2022,12,CASH,Supplier payment PI-2022-00058,1072,1071,POSTED
JE-2022-00358,2022-03-04,2022-03-04,2022-03,FY2022,12,CASH,Supplier payment PI-2022-00059,1072,1071,POSTED
JE-2022-00359,2022-03-11,2022-03-14,2022-03,FY2022,12,CASH,Supplier payment PI-2022-00061,1072,1071,POSTED
JE-2022-00360,2022-03-15,2022-03-18,2022-03,FY2022,12,CASH,Supplier payment PI-2022-00063,1072,1071,POSTED
JE-2022-00361,2022-02-18,2022-02-18,2022-02,FY2022,11,CASH,Supplier payment PI-2022-00065,1072,1071,POSTED
JE-2022-00362,2022-03-25,2022-03-25,2022-03,FY2022,12,CASH,Supplier payment PI-2022-00066,1072,1071,POSTED
JE-2022-00363,2022-03-21,2022-03-24,2022-03,FY2022,12,CASH,Supplier payment PI-2022-00067,1072,1071,POSTED
JE-2022-00364,2022-03-25,2022-03-28,2022-03,FY2022,12,CASH,Supplier payment PI-2022-00069,1072,1071,POSTED
JE-2022-00365,2022-03-28,2022-03-29,2022-03,FY2022,12,PAYROLL,Payroll March 2022,1072,1071,POSTED
JE-2022-00366,2022-03-31,2022-04-01,2022-03,FY2022,12,GENERAL,Depreciation Mar 2022,1072,1071,POSTED
JE-2022-00367,2022-03-31,2022-04-01,2022-03,FY2022,12,GENERAL,Bank charges and interest Mar 2022,1072,1071,POSTED
JE-2022-00368,2022-03-31,2022-04-01,2022-03,FY2022,12,GENERAL,Year end accruals FY2022,1072,1071,POSTED
JE-2022-00369,2022-03-31,2022-03-31,2022-03,FY2022,12,GENERAL,Corporation tax provision FY2022,1072,1071,POSTED
JE-2022-00370,2022-04-01,2022-04-04,2022-04,FY2023,1,AR,Sales invoice SI-2022-00143,1072,1071,POSTED
JE-2022-00371,2022-04-12,2022-04-14,2022-04,FY2023,1,AR,Sales invoice SI-2022-00144,1072,1071,POSTED
JE-2022-00372,2022-04-28,2022-04-28,2022-04,FY2023,1,AR,Sales invoice SI-2022-00145,1072,1071,POSTED
JE-2022-00373,2022-04-11,2022-04-11,2022-04,FY2023,1,AR,Sales invoice SI-2022-00146,1072,1071,POSTED
JE-2022-00374,2022-04-18,2022-04-19,2022-04,FY2023,1,AR,Sales invoice SI-2022-00147,1072,1071,POSTED
JE-2022-00375,2022-04-05,2022-04-06,2022-04,FY2023,1,AR,Sales invoice SI-2022-00148,1072,1071,POSTED
JE-2022-00376,2022-04-15,2022-04-15,2022-04,FY2023,1,AR,Sales invoice SI-2022-00149,1072,1071,POSTED
JE-2022-00377,2022-04-22,2022-04-22,2022-04,FY2023,1,AR,Sales invoice SI-2022-00150,1072,1071,POSTED
JE-2022-00378,2022-04-01,2022-04-01,2022-04,FY2023,1,AR,Sales invoice SI-2022-00151,1072,1071,POSTED
JE-2022-00379,2022-04-08,2022-04-08,2022-04,FY2023,1,AR,Sales invoice SI-2022-00152,1072,1071,POSTED
JE-2022-00380,2022-04-12,2022-04-14,2022-04,FY2023,1,AR,Sales invoice SI-2022-00153,1072,1071,POSTED
JE-2022-00381,2022-04-22,2022-04-25,2022-04,FY2023,1,AR,Sales invoice SI-2022-00154,1072,1071,POSTED
JE-2022-00382,2022-04-08,2022-04-11,2022-04,FY2023,1,AR,Sales invoice SI-2022-00155,1072,1071,POSTED
JE-2022-00383,2022-04-07,2022-04-08,2022-04,FY2023,1,AR,Sales invoice SI-2022-00156,1072,1071,POSTED
JE-2022-00384,2022-04-01,2022-04-01,2022-04,FY2023,1,AR,Sales invoice SI-2022-00157,1072,1071,POSTED
JE-2022-00385,2022-04-07,2022-04-08,2022-04,FY2023,1,AR,Sales invoice SI-2022-00158,1072,1071,POSTED
JE-2022-00386,2022-04-22,2022-04-22,2022-04,FY2023,1,AR,Sales invoice SI-2022-00159,1072,1071,POSTED
JE-2022-00387,2022-04-05,2022-04-08,2022-04,FY2023,1,AR,Sales invoice SI-2022-00160,1072,1071,POSTED
JE-2022-00388,2022-04-22,2022-04-22,2022-04,FY2023,1,AR,Sales invoice SI-2022-00161,1072,1071,POSTED
JE-2022-00389,2022-04-08,2022-04-11,2022-04,FY2023,1,AR,Sales invoice SI-2022-00162,1072,1071,POSTED
JE-2022-00390,2022-04-21,2022-04-21,2022-04,FY2023,1,AR,Sales invoice SI-2022-00163,1072,1071,POSTED
JE-2022-00391,2022-04-06,2022-04-08,2022-04,FY2023,1,AR,Sales invoice SI-2022-00164,1072,1071,POSTED
JE-2022-00392,2022-04-18,2022-04-21,2022-04,FY2023,1,AR,Sales invoice SI-2022-00165,1072,1071,POSTED
JE-2022-00393,2022-04-12,2022-04-12,2022-04,FY2023,1,AR,Sales invoice SI-2022-00166,1072,1071,POSTED
JE-2022-00394,2022-04-01,2022-04-04,2022-04,FY2023,1,AR,Sales invoice SI-2022-00167,1072,1071,POSTED
JE-2022-00395,2022-04-08,2022-04-11,2022-04,FY2023,1,AR,Sales invoice SI-2022-00168,1072,1071,POSTED
JE-2022-00396,2022-04-08,2022-04-08,2022-04,FY2023,1,AR,Sales invoice SI-2022-00169,1072,1071,POSTED
JE-2022-00397,2022-04-25,2022-04-28,2022-04,FY2023,1,AR,Sales invoice SI-2022-00170,1072,1071,POSTED
JE-2022-00398,2022-04-22,2022-04-25,2022-04,FY2023,1,AR,Sales invoice SI-2022-00171,1072,1071,POSTED
JE-2022-00399,2022-04-22,2022-04-22,2022-04,FY2023,1,AR,Sales invoice SI-2022-00172,1072,1071,POSTED
JE-2022-00400,2022-04-22,2022-04-25,2022-04,FY2023,1,AR,Sales invoice SI-2022-00173,1072,1071,POSTED
JE-2022-00401,2022-04-12,2022-04-12,2022-04,FY2023,1,AR,Sales invoice SI-2022-00174,1072,1071,POSTED
JE-2022-00402,2022-04-29,2022-04-29,2022-04,FY2023,1,AR,Sales invoice SI-2022-00175,1072,1071,POSTED
JE-2022-00403,2022-04-13,2022-04-13,2022-04,FY2023,1,AR,Sales invoice SI-2022-00176,1072,1071,POSTED
JE-2022-00404,2022-04-11,2022-04-12,2022-04,FY2023,1,AR,Sales invoice SI-2022-00177,1072,1071,POSTED
JE-2022-00405,2022-04-06,2022-04-07,2022-04,FY2023,1,AR,Sales invoice SI-2022-00178,1072,1071,POSTED
JE-2022-00406,2022-04-15,2022-04-15,2022-04,FY2023,1,AR,Sales invoice SI-2022-00179,1072,1071,POSTED
JE-2022-00407,2022-04-08,2022-04-08,2022-04,FY2023,1,AR,Sales invoice SI-2022-00180,1072,1071,POSTED
JE-2022-00408,2022-04-15,2022-04-15,2022-04,FY2023,1,AR,Sales invoice SI-2022-00181,1072,1071,POSTED
JE-2022-00409,2022-04-22,2022-04-22,2022-04,FY2023,1,AR,Sales invoice SI-2022-00182,1072,1071,POSTED
JE-2022-00410,2022-04-18,2022-04-18,2022-04,FY2023,1,AR,Sales invoice SI-2022-00183,1072,1071,POSTED
JE-2022-00411,2022-04-01,2022-04-01,2022-04,FY2023,1,AR,Sales invoice SI-2022-00184,1072,1071,POSTED
JE-2022-00412,2022-04-27,2022-04-29,2022-04,FY2023,1,AR,Sales invoice SI-2022-00185,1072,1071,POSTED
JE-2022-00413,2022-04-08,2022-04-08,2022-04,FY2023,1,AR,Sales invoice SI-2022-00186,1072,1071,POSTED
JE-2022-00414,2022-04-25,2022-04-28,2022-04,FY2023,1,AR,Sales invoice SI-2022-00187,1072,1071,POSTED
JE-2022-00415,2022-04-08,2022-04-08,2022-04,FY2023,1,AR,Sales invoice SI-2022-00188,1072,1071,POSTED
JE-2022-00416,2022-04-29,2022-04-29,2022-04,FY2023,1,AR,Sales invoice SI-2022-00189,1072,1071,POSTED
JE-2022-00417,2022-04-29,2022-04-29,2022-04,FY2023,1,AR,Sales invoice SI-2022-00190,1072,1071,POSTED
JE-2022-00418,2022-04-26,2022-04-28,2022-04,FY2023,1,AP,Purchase invoice PI-2022-00104,1072,1071,POSTED
JE-2022-00419,2022-04-25,2022-04-27,2022-04,FY2023,1,AP,Purchase invoice PI-2022-00105,1072,1071,POSTED
JE-2022-00420,2022-04-29,2022-04-29,2022-04,FY2023,1,AP,Purchase invoice PI-2022-00106,1072,1071,POSTED
JE-2022-00421,2022-04-01,2022-04-01,2022-04,FY2023,1,AP,Purchase invoice PI-2022-00107,1072,1071,POSTED
JE-2022-00422,2022-04-22,2022-04-25,2022-04,FY2023,1,AP,Purchase invoice PI-2022-00108,1072,1071,POSTED
JE-2022-00423,2022-04-15,2022-04-15,2022-04,FY2023,1,AP,Purchase invoice PI-2022-00109,1072,1071,POSTED
JE-2022-00424,2022-04-28,2022-04-28,2022-04,FY2023,1,AP,Purchase invoice PI-2022-00110,1072,1071,POSTED
JE-2022-00425,2022-04-29,2022-04-29,2022-04,FY2023,1,AP,Purchase invoice PI-2022-00111,1072,1071,POSTED
JE-2022-00426,2022-04-08,2022-04-08,2022-04,FY2023,1,AP,Purchase invoice PI-2022-00112,1072,1071,POSTED
JE-2022-00427,2022-04-01,2022-04-01,2022-04,FY2023,1,AP,Purchase invoice PI-2022-00113,1072,1071,POSTED
JE-2022-00428,2022-04-22,2022-04-25,2022-04,FY2023,1,AP,Purchase invoice PI-2022-00114,1072,1071,POSTED
JE-2022-00429,2022-04-29,2022-04-29,2022-04,FY2023,1,AP,Purchase invoice PI-2022-00115,1072,1071,POSTED
JE-2022-00430,2022-04-21,2022-04-22,2022-04,FY2023,1,AP,Purchase invoice PI-2022-00116,1072,1071,POSTED
JE-2022-00431,2022-04-15,2022-04-15,2022-04,FY2023,1,AP,Purchase invoice PI-2022-00117,1072,1071,POSTED
JE-2022-00432,2022-04-01,2022-04-01,2022-04,FY2023,1,AP,Purchase invoice PI-2022-00118,1072,1071,POSTED
JE-2022-00433,2022-04-21,2022-04-22,2022-04,FY2023,1,AP,Purchase invoice PI-2022-00119,1072,1071,POSTED
JE-2022-00434,2022-04-20,2022-04-22,2022-04,FY2023,1,AP,Purchase invoice PI-2022-00120,1072,1071,POSTED
JE-2022-00435,2022-04-05,2022-04-08,2022-04,FY2023,1,AP,Purchase invoice PI-2022-00121,1072,1071,POSTED
JE-2022-00436,2022-04-21,2022-04-22,2022-04,FY2023,1,AP,Purchase invoice PI-2022-00122,1072,1071,POSTED
JE-2022-00437,2022-04-26,2022-04-27,2022-04,FY2023,1,AP,Purchase invoice PI-2022-00123,1072,1071,POSTED
JE-2022-00438,2022-04-26,2022-04-27,2022-04,FY2023,1,AP,Purchase invoice PI-2022-00124,1072,1071,POSTED
JE-2022-00439,2022-04-07,2022-04-08,2022-04,FY2023,1,AP,Purchase invoice PI-2022-00125,1072,1071,POSTED
JE-2022-00440,2022-04-15,2022-04-15,2022-04,FY2023,1,AP,Purchase invoice PI-2022-00126,1072,1071,POSTED
JE-2022-00441,2022-04-13,2022-04-14,2022-04,FY2023,1,AP,Purchase invoice PI-2022-00127,1072,1071,POSTED
JE-2022-00442,2022-04-07,2022-04-08,2022-04,FY2023,1,AP,Purchase invoice PI-2022-00128,1072,1071,POSTED
JE-2022-00443,2022-04-18,2022-04-19,2022-04,FY2023,1,AP,Purchase invoice PI-2022-00129,1072,1071,POSTED
JE-2022-00444,2022-04-06,2022-04-07,2022-04,FY2023,1,AP,Purchase invoice PI-2022-00130,1072,1071,POSTED
JE-2022-00445,2022-04-08,2022-04-08,2022-04,FY2023,1,AP,Purchase invoice PI-2022-00131,1072,1071,POSTED
JE-2022-00446,2022-04-29,2022-04-29,2022-04,FY2023,1,AP,Purchase invoice PI-2022-00132,1072,1071,POSTED
JE-2022-00447,2022-04-21,2022-04-22,2022-04,FY2023,1,AP,Purchase invoice PI-2022-00133,1072,1071,POSTED
JE-2022-00448,2022-04-01,2022-04-01,2022-04,FY2023,1,AP,Purchase invoice PI-2022-00134,1072,1071,POSTED
JE-2022-00449,2022-04-01,2022-04-01,2022-04,FY2023,1,AP,Purchase invoice PI-2022-00135,1072,1071,POSTED
JE-2022-00450,2022-03-11,2022-03-11,2022-03,FY2022,12,CASH,Customer receipt SI-2022-00008,1072,1071,POSTED
JE-2022-00451,2022-02-18,2022-02-18,2022-02,FY2022,11,CASH,Customer receipt SI-2022-00012,1072,1071,POSTED
JE-2022-00452,2022-04-29,2022-04-29,2022-04,FY2023,1,CASH,Customer receipt SI-2022-00019,1072,1071,POSTED
JE-2022-00453,2022-04-01,2022-04-01,2022-04,FY2023,1,CASH,Customer receipt SI-2022-00022,1072,1071,POSTED
JE-2022-00454,2022-03-14,2022-03-17,2022-03,FY2022,12,CASH,Customer receipt SI-2022-00025,1072,1071,POSTED
JE-2022-00455,2022-02-25,2022-02-25,2022-02,FY2022,11,CASH,Customer receipt SI-2022-00038,1072,1071,POSTED
JE-2022-00456,2022-03-25,2022-03-25,2022-03,FY2022,12,CASH,Customer receipt SI-2022-00040,1072,1071,POSTED
JE-2022-00457,2022-04-15,2022-04-15,2022-04,FY2023,1,CASH,Customer receipt SI-2022-00047,1072,1071,POSTED
JE-2022-00458,2022-03-25,2022-03-25,2022-03,FY2022,12,CASH,Customer receipt SI-2022-00051,1072,1071,POSTED
JE-2022-00459,2022-04-05,2022-04-07,2022-04,FY2023,1,CASH,Customer receipt SI-2022-00052,1072,1071,POSTED
JE-2022-00460,2022-04-18,2022-04-19,2022-04,FY2023,1,CASH,Customer receipt SI-2022-00054,1072,1071,POSTED
JE-2022-00461,2022-03-18,2022-03-18,2022-03,FY2022,12,CASH,Customer receipt SI-2022-00062,1072,1071,POSTED
JE-2022-00462,2022-04-08,2022-04-08,2022-04,FY2023,1,CASH,Customer receipt SI-2022-00070,1072,1071,POSTED
JE-2022-00463,2022-03-25,2022-03-25,2022-03,FY2022,12,CASH,Customer receipt SI-2022-00073,1072,1071,POSTED
JE-2022-00464,2022-03-17,2022-03-18,2022-03,FY2022,12,CASH,Customer receipt SI-2022-00075,1072,1071,POSTED
JE-2022-00465,2022-03-28,2022-03-31,2022-03,FY2022,12,CASH,Customer receipt SI-2022-00088,1072,1071,POSTED
JE-2022-00466,2022-04-15,2022-04-15,2022-04,FY2023,1,CASH,Customer receipt SI-2022-00090,1072,1071,POSTED
JE-2022-00467,2022-04-06,2022-04-08,2022-04,FY2023,1,CASH,Customer receipt SI-2022-00091,1072,1071,POSTED
JE-2022-00468,2022-04-15,2022-04-15,2022-04,FY2023,1,CASH,Customer receipt SI-2022-00092,1072,1071,POSTED
JE-2022-00469,2022-04-22,2022-04-22,2022-04,FY2023,1,CASH,Customer receipt SI-2022-00094,1072,1071,POSTED
JE-2022-00470,2022-04-08,2022-04-11,2022-04,FY2023,1,CASH,Customer receipt SI-2022-00096,1072,1071,POSTED
JE-2022-00471,2022-04-15,2022-04-15,2022-04,FY2023,1,CASH,Customer receipt SI-2022-00099,1072,1071,POSTED
JE-2022-00472,2022-04-29,2022-04-29,2022-04,FY2023,1,CASH,Customer receipt SI-2022-00101,1072,1071,POSTED
JE-2022-00473,2022-04-29,2022-05-02,2022-04,FY2023,1,CASH,Customer receipt SI-2022-00102,1072,1071,POSTED
JE-2022-00474,2022-04-15,2022-04-15,2022-04,FY2023,1,CASH,Customer receipt SI-2022-00109,1072,1071,POSTED
JE-2022-00475,2022-04-14,2022-04-15,2022-04,FY2023,1,CASH,Customer receipt SI-2022-00114,1072,1071,POSTED
JE-2022-00476,2022-04-01,2022-04-01,2022-04,FY2023,1,CASH,Customer receipt SI-2022-00120,1072,1071,POSTED
JE-2022-00477,2022-04-29,2022-04-29,2022-04,FY2023,1,CASH,Customer receipt SI-2022-00121,1072,1071,POSTED
JE-2022-00478,2022-04-01,2022-04-01,2022-04,FY2023,1,CASH,Customer receipt SI-2022-00124,1072,1071,POSTED
JE-2022-00479,2022-04-25,2022-04-28,2022-04,FY2023,1,CASH,Customer receipt SI-2022-00125,1072,1071,POSTED
JE-2022-00480,2022-04-12,2022-04-15,2022-04,FY2023,1,CASH,Customer receipt SI-2022-00126,1072,1071,POSTED
JE-2022-00481,2022-04-15,2022-04-15,2022-04,FY2023,1,CASH,Customer receipt SI-2022-00127,1072,1071,POSTED
JE-2022-00482,2022-04-28,2022-04-29,2022-04,FY2023,1,CASH,Customer receipt SI-2022-00128,1072,1071,POSTED
JE-2022-00483,2022-04-21,2022-04-22,2022-04,FY2023,1,CASH,Customer receipt SI-2022-00129,1072,1071,POSTED
JE-2022-00484,2022-04-29,2022-04-29,2022-04,FY2023,1,CASH,Customer receipt SI-2022-00131,1072,1071,POSTED
JE-2022-00485,2022-04-19,2022-04-20,2022-04,FY2023,1,CASH,Customer receipt SI-2022-00134,1072,1071,POSTED
JE-2022-00486,2022-04-29,2022-04-29,2022-04,FY2023,1,CASH,Customer receipt SI-2022-00138,1072,1071,POSTED
JE-2022-00487,2022-04-25,2022-04-25,2022-04,FY2023,1,CASH,Customer receipt SI-2022-00139,1072,1071,POSTED
JE-2022-00488,2022-04-22,2022-04-22,2022-04,FY2023,1,CASH,Customer receipt SI-2022-00141,1072,1071,POSTED
JE-2022-00489,2022-04-20,2022-04-21,2022-04,FY2023,1,CASH,Customer receipt SI-2022-00143,1072,1071,POSTED
JE-2022-00490,2022-03-25,2022-03-25,2022-03,FY2022,12,CASH,Supplier payment PI-2022-00027,1072,1071,POSTED
JE-2022-00491,2022-04-15,2022-04-15,2022-04,FY2023,1,CASH,Supplier payment PI-2022-00037,1072,1071,POSTED
JE-2022-00492,2022-03-18,2022-03-21,2022-03,FY2022,12,CASH,Supplier payment PI-2022-00042,1072,1071,POSTED
JE-2022-00493,2022-03-25,2022-03-25,2022-03,FY2022,12,CASH,Supplier payment PI-2022-00047,1072,1071,POSTED
JE-2022-00494,2022-04-05,2022-04-05,2022-04,FY2023,1,CASH,Supplier payment PI-2022-00049,1072,1071,POSTED
JE-2022-00495,2022-04-08,2022-04-08,2022-04,FY2023,1,CASH,Supplier payment PI-2022-00054,1072,1071,POSTED
JE-2022-00496,2022-04-25,2022-04-27,2022-04,FY2023,1,CASH,Supplier payment PI-2022-00056,1072,1071,POSTED
JE-2022-00497,2022-04-18,2022-04-21,2022-04,FY2023,1,CASH,Supplier payment PI-2022-00057,1072,1071,POSTED
JE-2022-00498,2022-04-13,2022-04-15,2022-04,FY2023,1,CASH,Supplier payment PI-2022-00060,1072,1071,POSTED
JE-2022-00499,2022-03-23,2022-03-24,2022-03,FY2022,12,CASH,Supplier payment PI-2022-00062,1072,1071,POSTED
JE-2022-00500,2022-04-22,2022-04-25,2022-04,FY2023,1,CASH,Supplier payment PI-2022-00064,1072,1071,POSTED
JE-2022-00501,2022-04-22,2022-04-22,2022-04,FY2023,1,CASH,Supplier payment PI-2022-00068,1072,1071,POSTED
JE-2022-00502,2022-04-28,2022-04-29,2022-04,FY2023,1,CASH,Supplier payment PI-2022-00070,1072,1071,POSTED
JE-2022-00503,2022-04-06,2022-04-06,2022-04,FY2023,1,CASH,Supplier payment PI-2022-00071,1072,1071,POSTED
JE-2022-00504,2022-04-20,2022-04-22,2022-04,FY2023,1,CASH,Supplier payment PI-2022-00072,1072,1071,POSTED
JE-2022-00505,2022-04-15,2022-04-15,2022-04,FY2023,1,CASH,Supplier payment PI-2022-00074,1072,1071,POSTED
JE-2022-00506,2022-04-08,2022-04-08,2022-04,FY2023,1,CASH,Supplier payment PI-2022-00075,1072,1071,POSTED
JE-2022-00507,2022-04-22,2022-04-22,2022-04,FY2023,1,CASH,Supplier payment PI-2022-00077,1072,1071,POSTED
JE-2022-00508,2022-04-20,2022-04-22,2022-04,FY2023,1,CASH,Supplier payment PI-2022-00078,1072,1071,POSTED
JE-2022-00509,2022-04-27,2022-04-27,2022-04,FY2023,1,CASH,Supplier payment PI-2022-00079,1072,1071,POSTED
JE-2022-00510,2022-04-14,2022-04-15,2022-04,FY2023,1,CASH,Supplier payment PI-2022-00080,1072,1071,POSTED
JE-2022-00511,2022-04-22,2022-04-25,2022-04,FY2023,1,CASH,Supplier payment PI-2022-00082,1072,1071,POSTED
JE-2022-00512,2022-04-22,2022-04-22,2022-04,FY2023,1,CASH,Supplier payment PI-2022-00085,1072,1071,POSTED
JE-2022-00513,2022-04-08,2022-04-11,2022-04,FY2023,1,CASH,Supplier payment PI-2022-00088,1072,1071,POSTED
JE-2022-00514,2022-04-11,2022-04-13,2022-04,FY2023,1,CASH,Supplier payment PI-2022-00089,1072,1071,POSTED
JE-2022-00515,2022-04-29,2022-04-29,2022-04,FY2023,1,CASH,Supplier payment PI-2022-00090,1072,1071,POSTED
JE-2022-00516,2022-03-28,2022-03-29,2022-03,FY2022,12,CASH,Supplier payment PI-2022-00091,1072,1071,POSTED
JE-2022-00517,2022-04-08,2022-04-11,2022-04,FY2023,1,CASH,Supplier payment PI-2022-00092,1072,1071,POSTED
JE-2022-00518,2022-04-27,2022-04-28,2022-04,FY2023,1,CASH,Supplier payment PI-2022-00093,1072,1071,POSTED
JE-2022-00519,2022-04-22,2022-04-22,2022-04,FY2023,1,CASH,Supplier payment PI-2022-00094,1072,1071,POSTED
JE-2022-00520,2022-04-15,2022-04-15,2022-04,FY2023,1,CASH,Supplier payment PI-2022-00096,1072,1071,POSTED
JE-2022-00521,2022-04-26,2022-04-29,2022-04,FY2023,1,CASH,Supplier payment PI-2022-00097,1072,1071,POSTED
JE-2022-00522,2022-04-15,2022-04-15,2022-04,FY2023,1,CASH,Supplier payment PI-2022-00098,1072,1071,POSTED
JE-2022-00523,2022-04-26,2022-04-26,2022-04,FY2023,1,CASH,Supplier payment PI-2022-00099,1072,1071,POSTED
JE-2022-00524,2022-04-22,2022-04-22,2022-04,FY2023,1,CASH,Supplier payment PI-2022-00125,1072,1071,POSTED
JE-2022-00525,2022-04-29,2022-04-29,2022-04,FY2023,1,CASH,Supplier payment PI-2022-00127,1072,1071,POSTED
JE-2022-00526,2022-04-25,2022-04-25,2022-04,FY2023,1,CASH,Supplier payment PI-2022-00131,1072,1071,POSTED
JE-2022-00527,2022-04-28,2022-04-28,2022-04,FY2023,1,PAYROLL,Payroll April 2022,1072,1071,POSTED
JE-2022-00528,2022-04-30,2022-05-02,2022-04,FY2023,1,GENERAL,Depreciation Apr 2022,1072,1071,POSTED
JE-2022-00529,2022-04-30,2022-04-29,2022-04,FY2023,1,GENERAL,Bank charges and interest Apr 2022,1072,1071,POSTED
JE-2022-00530,2022-04-07,2022-04-07,2022-04,FY2023,1,GENERAL,VAT return payment,1072,1071,POSTED
JE-2022-00531,2022-05-03,2022-05-06,2022-05,FY2023,2,AR,Sales invoice SI-2022-00191,1072,1071,POSTED
JE-2022-00532,2022-05-20,2022-05-20,2022-05,FY2023,2,AR,Sales invoice SI-2022-00192,1072,1071,POSTED
JE-2022-00533,2022-05-13,2022-05-13,2022-05,FY2023,2,AR,Sales invoice SI-2022-00193,1072,1071,POSTED
JE-2022-00534,2022-05-13,2022-05-13,2022-05,FY2023,2,AR,Sales invoice SI-2022-00194,1072,1071,POSTED
JE-2022-00535,2022-05-12,2022-05-13,2022-05,FY2023,2,AR,Sales invoice SI-2022-00195,1072,1071,POSTED
JE-2022-00536,2022-05-19,2022-05-20,2022-05,FY2023,2,AR,Sales invoice SI-2022-00196,1072,1071,POSTED
JE-2022-00537,2022-05-06,2022-05-06,2022-05,FY2023,2,AR,Sales invoice SI-2022-00197,1072,1071,POSTED
JE-2022-00538,2022-05-05,2022-05-05,2022-05,FY2023,2,AR,Sales invoice SI-2022-00198,1072,1071,POSTED
JE-2022-00539,2022-05-09,2022-05-10,2022-05,FY2023,2,AR,Sales invoice SI-2022-00199,1072,1071,POSTED
JE-2022-00540,2022-05-30,2022-06-02,2022-05,FY2023,2,AR,Sales invoice SI-2022-00200,1072,1071,POSTED
JE-2022-00541,2022-05-30,2022-05-31,2022-05,FY2023,2,AR,Sales invoice SI-2022-00201,1072,1071,POSTED
JE-2022-00542,2022-05-12,2022-05-13,2022-05,FY2023,2,AR,Sales invoice SI-2022-00202,1072,1071,POSTED
JE-2022-00543,2022-05-11,2022-05-12,2022-05,FY2023,2,AR,Sales invoice SI-2022-00203,1072,1071,POSTED
JE-2022-00544,2022-05-10,2022-05-13,2022-05,FY2023,2,AR,Sales invoice SI-2022-00204,1072,1071,POSTED
JE-2022-00545,2022-05-13,2022-05-13,2022-05,FY2023,2,AR,Sales invoice SI-2022-00205,1072,1071,POSTED
JE-2022-00546,2022-05-25,2022-05-26,2022-05,FY2023,2,AR,Sales invoice SI-2022-00206,1072,1071,POSTED
JE-2022-00547,2022-05-27,2022-05-30,2022-05,FY2023,2,AR,Sales invoice SI-2022-00207,1072,1071,POSTED
JE-2022-00548,2022-05-23,2022-05-23,2022-05,FY2023,2,AR,Sales invoice SI-2022-00208,1072,1071,POSTED
JE-2022-00549,2022-05-04,2022-05-06,2022-05,FY2023,2,AR,Sales invoice SI-2022-00209,1072,1071,POSTED
JE-2022-00550,2022-05-11,2022-05-13,2022-05,FY2023,2,AR,Sales invoice SI-2022-00210,1072,1071,POSTED
JE-2022-00551,2022-05-05,2022-05-06,2022-05,FY2023,2,AR,Sales invoice SI-2022-00211,1072,1071,POSTED
JE-2022-00552,2022-05-27,2022-05-27,2022-05,FY2023,2,AR,Sales invoice SI-2022-00212,1072,1071,POSTED
JE-2022-00553,2022-05-25,2022-05-25,2022-05,FY2023,2,AR,Sales invoice SI-2022-00213,1072,1071,POSTED
JE-2022-00554,2022-05-13,2022-05-16,2022-05,FY2023,2,AR,Sales invoice SI-2022-00214,1072,1071,POSTED
JE-2022-00555,2022-05-24,2022-05-27,2022-05,FY2023,2,AR,Sales invoice SI-2022-00215,1072,1071,POSTED
JE-2022-00556,2022-05-09,2022-05-12,2022-05,FY2023,2,AR,Sales invoice SI-2022-00216,1072,1071,POSTED
JE-2022-00557,2022-05-27,2022-05-27,2022-05,FY2023,2,AR,Sales invoice SI-2022-00217,1072,1071,POSTED
JE-2022-00558,2022-05-17,2022-05-19,2022-05,FY2023,2,AR,Sales invoice SI-2022-00218,1072,1071,POSTED
JE-2022-00559,2022-05-26,2022-05-27,2022-05,FY2023,2,AR,Sales invoice SI-2022-00219,1072,1071,POSTED
JE-2022-00560,2022-05-13,2022-05-13,2022-05,FY2023,2,AR,Sales invoice SI-2022-00220,1072,1071,POSTED
JE-2022-00561,2022-05-11,2022-05-12,2022-05,FY2023,2,AR,Sales invoice SI-2022-00221,1072,1071,POSTED
JE-2022-00562,2022-05-03,2022-05-04,2022-05,FY2023,2,AR,Sales invoice SI-2022-00222,1072,1071,POSTED
JE-2022-00563,2022-05-04,2022-05-05,2022-05,FY2023,2,AR,Sales invoice SI-2022-00223,1072,1071,POSTED
JE-2022-00564,2022-04-29,2022-05-02,2022-04,FY2023,1,AR,Sales invoice SI-2022-00224,1072,1071,POSTED
JE-2022-00565,2022-05-12,2022-05-12,2022-05,FY2023,2,AR,Sales invoice SI-2022-00225,1072,1071,POSTED
JE-2022-00566,2022-05-31,2022-06-02,2022-05,FY2023,2,AR,Sales invoice SI-2022-00226,1072,1071,POSTED
JE-2022-00567,2022-05-06,2022-05-06,2022-05,FY2023,2,AR,Sales invoice SI-2022-00227,1072,1071,POSTED
JE-2022-00568,2022-05-16,2022-05-18,2022-05,FY2023,2,AR,Sales invoice SI-2022-00228,1072,1071,POSTED
JE-2022-00569,2022-05-06,2022-05-06,2022-05,FY2023,2,AR,Sales invoice SI-2022-00229,1072,1071,POSTED
JE-2022-00570,2022-05-31,2022-06-03,2022-05,FY2023,2,AR,Sales invoice SI-2022-00230,1072,1071,POSTED
JE-2022-00571,2022-05-06,2022-05-06,2022-05,FY2023,2,AR,Sales invoice SI-2022-00231,1072,1071,POSTED
JE-2022-00572,2022-05-26,2022-05-27,2022-05,FY2023,2,AR,Sales invoice SI-2022-00232,1072,1071,POSTED
JE-2022-00573,2022-05-16,2022-05-16,2022-05,FY2023,2,AR,Sales invoice SI-2022-00233,1072,1071,POSTED
JE-2022-00574,2022-05-10,2022-05-13,2022-05,FY2023,2,AR,Sales invoice SI-2022-00234,1072,1071,POSTED
JE-2022-00575,2022-05-09,2022-05-12,2022-05,FY2023,2,AR,Sales invoice SI-2022-00235,1072,1071,POSTED
JE-2022-00576,2022-05-27,2022-05-27,2022-05,FY2023,2,AR,Sales invoice SI-2022-00236,1072,1071,POSTED
JE-2022-00577,2022-05-27,2022-05-30,2022-05,FY2023,2,AR,Sales invoice SI-2022-00237,1072,1071,POSTED
JE-2022-00578,2022-05-06,2022-05-06,2022-05,FY2023,2,AR,Sales invoice SI-2022-00238,1072,1071,POSTED
JE-2022-00579,2022-05-20,2022-05-23,2022-05,FY2023,2,AR,Sales invoice SI-2022-00239,1072,1071,POSTED
JE-2022-00580,2022-05-06,2022-05-06,2022-05,FY2023,2,AR,Sales invoice SI-2022-00240,1072,1071,POSTED
JE-2022-00581,2022-05-03,2022-05-03,2022-05,FY2023,2,AP,Purchase invoice PI-2022-00136,1072,1071,POSTED
JE-2022-00582,2022-05-11,2022-05-13,2022-05,FY2023,2,AP,Purchase invoice PI-2022-00137,1072,1071,POSTED
JE-2022-00583,2022-05-05,2022-05-06,2022-05,FY2023,2,AP,Purchase invoice PI-2022-00138,1072,1071,POSTED
JE-2022-00584,2022-05-13,2022-05-13,2022-05,FY2023,2,AP,Purchase invoice PI-2022-00139,1072,1071,POSTED
JE-2022-00585,2022-05-17,2022-05-19,2022-05,FY2023,2,AP,Purchase invoice PI-2022-00140,1072,1071,POSTED
JE-2022-00586,2022-05-20,2022-05-20,2022-05,FY2023,2,AP,Purchase invoice PI-2022-00141,1072,1071,POSTED
JE-2022-00587,2022-05-27,2022-05-27,2022-05,FY2023,2,AP,Purchase invoice PI-2022-00142,1072,1071,POSTED
JE-2022-00588,2022-05-27,2022-05-27,2022-05,FY2023,2,AP,Purchase invoice PI-2022-00143,1072,1071,POSTED
JE-2022-00589,2022-05-25,2022-05-26,2022-05,FY2023,2,AP,Purchase invoice PI-2022-00144,1072,1071,POSTED
JE-2022-00590,2022-05-27,2022-05-27,2022-05,FY2023,2,AP,Purchase invoice PI-2022-00145,1072,1071,POSTED
JE-2022-00591,2022-05-20,2022-05-20,2022-05,FY2023,2,AP,Purchase invoice PI-2022-00146,1072,1071,POSTED
JE-2022-00592,2022-05-17,2022-05-20,2022-05,FY2023,2,AP,Purchase invoice PI-2022-00147,1072,1071,POSTED
JE-2022-00593,2022-05-13,2022-05-13,2022-05,FY2023,2,AP,Purchase invoice PI-2022-00148,1072,1071,POSTED
JE-2022-00594,2022-05-10,2022-05-11,2022-05,FY2023,2,AP,Purchase invoice PI-2022-00149,1072,1071,POSTED
JE-2022-00595,2022-05-13,2022-05-13,2022-05,FY2023,2,AP,Purchase invoice PI-2022-00150,1072,1071,POSTED
JE-2022-00596,2022-05-20,2022-05-20,2022-05,FY2023,2,AP,Purchase invoice PI-2022-00151,1072,1071,POSTED
JE-2022-00597,2022-05-16,2022-05-16,2022-05,FY2023,2,AP,Purchase invoice PI-2022-00152,1072,1071,POSTED
JE-2022-00598,2022-05-20,2022-05-20,2022-05,FY2023,2,AP,Purchase invoice PI-2022-00153,1072,1071,POSTED
JE-2022-00599,2022-05-13,2022-05-13,2022-05,FY2023,2,AP,Purchase invoice PI-2022-00154,1072,1071,POSTED
JE-2022-00600,2022-05-27,2022-05-27,2022-05,FY2023,2,AP,Purchase invoice PI-2022-00155,1072,1071,POSTED
JE-2022-00601,2022-05-06,2022-05-09,2022-05,FY2023,2,AP,Purchase invoice PI-2022-00156,1072,1071,POSTED
JE-2022-00602,2022-05-27,2022-05-27,2022-05,FY2023,2,AP,Purchase invoice PI-2022-00157,1072,1071,POSTED
JE-2022-00603,2022-05-09,2022-05-10,2022-05,FY2023,2,AP,Purchase invoice PI-2022-00158,1072,1071,POSTED
JE-2022-00604,2022-05-16,2022-05-19,2022-05,FY2023,2,AP,Purchase invoice PI-2022-00159,1072,1071,POSTED
JE-2022-00605,2022-05-09,2022-05-11,2022-05,FY2023,2,AP,Purchase invoice PI-2022-00160,1072,1071,POSTED
JE-2022-00606,2022-05-20,2022-05-20,2022-05,FY2023,2,AP,Purchase invoice PI-2022-00161,1072,1071,POSTED
JE-2022-00607,2022-05-27,2022-05-27,2022-05,FY2023,2,AP,Purchase invoice PI-2022-00162,1072,1071,POSTED
JE-2022-00608,2022-05-05,2022-05-06,2022-05,FY2023,2,AP,Purchase invoice PI-2022-00163,1072,1071,POSTED
JE-2022-00609,2022-05-13,2022-05-13,2022-05,FY2023,2,AP,Purchase invoice PI-2022-00164,1072,1071,POSTED
JE-2022-00610,2022-05-27,2022-05-30,2022-05,FY2023,2,AP,Purchase invoice PI-2022-00165,1072,1071,POSTED
JE-2022-00611,2022-05-20,2022-05-23,2022-05,FY2023,2,AP,Purchase invoice PI-2022-00166,1072,1071,POSTED
JE-2022-00612,2022-05-27,2022-05-30,2022-05,FY2023,2,AP,Purchase invoice PI-2022-00167,1072,1071,POSTED
JE-2022-00613,2022-04-18,2022-04-19,2022-04,FY2023,1,CASH,Customer receipt SI-2022-00020,1072,1071,POSTED
JE-2022-00614,2022-03-25,2022-03-25,2022-03,FY2022,12,CASH,Customer receipt SI-2022-00028,1072,1071,POSTED
JE-2022-00615,2022-05-23,2022-05-25,2022-05,FY2023,2,CASH,Customer receipt SI-2022-00036,1072,1071,POSTED
JE-2022-00616,2022-04-15,2022-04-15,2022-04,FY2023,1,CASH,Customer receipt SI-2022-00048,1072,1071,POSTED
JE-2022-00617,2022-05-04,2022-05-06,2022-05,FY2023,2,CASH,Customer receipt SI-2022-00049,1072,1071,POSTED
JE-2022-00618,2022-04-08,2022-04-08,2022-04,FY2023,1,CASH,Customer receipt SI-2022-00055,1072,1071,POSTED
JE-2022-00619,2022-05-04,2022-05-05,2022-05,FY2023,2,CASH,Customer receipt SI-2022-00064,1072,1071,POSTED
JE-2022-00620,2022-04-26,2022-04-29,2022-04,FY2023,1,CASH,Customer receipt SI-2022-00065,1072,1071,POSTED
JE-2022-00621,2022-05-19,2022-05-19,2022-05,FY2023,2,CASH,Customer receipt SI-2022-00066,1072,1071,POSTED
JE-2022-00622,2022-05-25,2022-05-27,2022-05,FY2023,2,CASH,Customer receipt SI-2022-00071,1072,1071,POSTED
JE-2022-00623,2022-05-27,2022-05-27,2022-05,FY2023,2,CASH,Customer receipt SI-2022-00074,1072,1071,POSTED
JE-2022-00624,2022-05-02,2022-05-03,2022-05,FY2023,2,CASH,Customer receipt SI-2022-00085,1072,1071,POSTED
JE-2022-00625,2022-04-15,2022-04-15,2022-04,FY2023,1,CASH,Customer receipt SI-2022-00089,1072,1071,POSTED
JE-2022-00626,2022-04-01,2022-04-01,2022-04,FY2023,1,CASH,Customer receipt SI-2022-00097,1072,1071,POSTED
JE-2022-00627,2022-05-16,2022-05-18,2022-05,FY2023,2,CASH,Customer receipt SI-2022-00098,1072,1071,POSTED
JE-2022-00628,2022-05-27,2022-05-27,2022-05,FY2023,2,CASH,Customer receipt SI-2022-00103,1072,1071,POSTED
JE-2022-00629,2022-04-25,2022-04-27,2022-04,FY2023,1,CASH,Customer receipt SI-2022-00104,1072,1071,POSTED
JE-2022-00630,2022-04-18,2022-04-18,2022-04,FY2023,1,CASH,Customer receipt SI-2022-00105,1072,1071,POSTED
JE-2022-00631,2022-05-24,2022-05-26,2022-05,FY2023,2,CASH,Customer receipt SI-2022-00111,1072,1071,POSTED
JE-2022-00632,2022-05-13,2022-05-16,2022-05,FY2023,2,CASH,Customer receipt SI-2022-00112,1072,1071,POSTED
JE-2022-00633,2022-05-12,2022-05-13,2022-05,FY2023,2,CASH,Customer receipt SI-2022-00116,1072,1071,POSTED
JE-2022-00634,2022-05-06,2022-05-06,2022-05,FY2023,2,CASH,Customer receipt SI-2022-00117,1072,1071,POSTED
JE-2022-00635,2022-05-02,2022-05-05,2022-05,FY2023,2,CASH,Customer receipt SI-2022-00130,1072,1071,POSTED
JE-2022-00636,2022-04-27,2022-04-29,2022-04,FY2023,1,CASH,Customer receipt SI-2022-00137,1072,1071,POSTED
JE-2022-00637,2022-05-12,2022-05-13,2022-05,FY2023,2,CASH,Customer receipt SI-2022-00142,1072,1071,POSTED
JE-2022-00638,2022-05-27,2022-05-27,2022-05,FY2023,2,CASH,Customer receipt SI-2022-00144,1072,1071,POSTED
JE-2022-00639,2022-05-13,2022-05-13,2022-05,FY2023,2,CASH,Customer receipt SI-2022-00146,1072,1071,POSTED
JE-2022-00640,2022-05-13,2022-05-13,2022-05,FY2023,2,CASH,Customer receipt SI-2022-00149,1072,1071,POSTED
JE-2022-00641,2022-05-19,2022-05-20,2022-05,FY2023,2,CASH,Customer receipt SI-2022-00150,1072,1071,POSTED
JE-2022-00642,2022-05-13,2022-05-13,2022-05,FY2023,2,CASH,Customer receipt SI-2022-00152,1072,1071,POSTED
JE-2022-00643,2022-05-13,2022-05-13,2022-05,FY2023,2,CASH,Customer receipt SI-2022-00153,1072,1071,POSTED
JE-2022-00644,2022-05-24,2022-05-26,2022-05,FY2023,2,CASH,Customer receipt SI-2022-00154,1072,1071,POSTED
JE-2022-00645,2022-05-19,2022-05-20,2022-05,FY2023,2,CASH,Customer receipt SI-2022-00159,1072,1071,POSTED
JE-2022-00646,2022-05-13,2022-05-13,2022-05,FY2023,2,CASH,Customer receipt SI-2022-00162,1072,1071,POSTED
JE-2022-00647,2022-05-03,2022-05-04,2022-05,FY2023,2,CASH,Customer receipt SI-2022-00164,1072,1071,POSTED
JE-2022-00648,2022-05-23,2022-05-23,2022-05,FY2023,2,CASH,Customer receipt SI-2022-00165,1072,1071,POSTED
JE-2022-00649,2022-05-30,2022-05-31,2022-05,FY2023,2,CASH,Customer receipt SI-2022-00170,1072,1071,POSTED
JE-2022-00650,2022-05-19,2022-05-20,2022-05,FY2023,2,CASH,Customer receipt SI-2022-00171,1072,1071,POSTED
JE-2022-00651,2022-05-27,2022-05-27,2022-05,FY2023,2,CASH,Customer receipt SI-2022-00172,1072,1071,POSTED
JE-2022-00652,2022-05-09,2022-05-12,2022-05,FY2023,2,CASH,Customer receipt SI-2022-00174,1072,1071,POSTED
JE-2022-00653,2022-05-06,2022-05-06,2022-05,FY2023,2,CASH,Customer receipt SI-2022-00180,1072,1071,POSTED
JE-2022-00654,2022-05-20,2022-05-20,2022-05,FY2023,2,CASH,Customer receipt SI-2022-00182,1072,1071,POSTED
JE-2022-00655,2022-05-23,2022-05-26,2022-05,FY2023,2,CASH,Customer receipt SI-2022-00183,1072,1071,POSTED
JE-2022-00656,2022-05-23,2022-05-23,2022-05,FY2023,2,CASH,Customer receipt SI-2022-00184,1072,1071,POSTED
JE-2022-00657,2022-05-13,2022-05-13,2022-05,FY2023,2,CASH,Customer receipt SI-2022-00186,1072,1071,POSTED
JE-2022-00658,2022-05-27,2022-05-27,2022-05,FY2023,2,CASH,Customer receipt SI-2022-00187,1072,1071,POSTED
JE-2022-00659,2022-05-06,2022-05-09,2022-05,FY2023,2,CASH,Customer receipt SI-2022-00188,1072,1071,POSTED
JE-2022-00660,2022-05-27,2022-05-30,2022-05,FY2023,2,CASH,Customer receipt SI-2022-00194,1072,1071,POSTED
JE-2022-00661,2022-05-26,2022-05-27,2022-05,FY2023,2,CASH,Customer receipt SI-2022-00195,1072,1071,POSTED
JE-2022-00662,2022-04-27,2022-04-29,2022-04,FY2023,1,CASH,Supplier payment PI-2022-00046,1072,1071,POSTED
JE-2022-00663,2022-05-06,2022-05-06,2022-05,FY2023,2,CASH,Supplier payment PI-2022-00055,1072,1071,POSTED
JE-2022-00664,2022-04-29,2022-04-29,2022-04,FY2023,1,CASH,Supplier payment PI-2022-00073,1072,1071,POSTED
JE-2022-00665,2022-04-28,2022-04-29,2022-04,FY2023,1,CASH,Supplier payment PI-2022-00076,1072,1071,POSTED
JE-2022-00666,2022-04-22,2022-04-22,2022-04,FY2023,1,CASH,Supplier payment PI-2022-00081,1072,1071,POSTED
JE-2022-00667,2022-05-20,2022-05-20,2022-05,FY2023,2,CASH,Supplier payment PI-2022-00083,1072,1071,POSTED
JE-2022-00668,2022-04-29,2022-04-29,2022-04,FY2023,1,CASH,Supplier payment PI-2022-00084,1072,1071,POSTED
JE-2022-00669,2022-05-17,2022-05-17,2022-05,FY2023,2,CASH,Supplier payment PI-2022-00086,1072,1071,POSTED
JE-2022-00670,2022-05-06,2022-05-06,2022-05,FY2023,2,CASH,Supplier payment PI-2022-00087,1072,1071,POSTED
JE-2022-00671,2022-05-25,2022-05-27,2022-05,FY2023,2,CASH,Supplier payment PI-2022-00095,1072,1071,POSTED
JE-2022-00672,2022-04-22,2022-04-22,2022-04,FY2023,1,CASH,Supplier payment PI-2022-00100,1072,1071,POSTED
JE-2022-00673,2022-05-06,2022-05-09,2022-05,FY2023,2,CASH,Supplier payment PI-2022-00101,1072,1071,POSTED
JE-2022-00674,2022-04-20,2022-04-20,2022-04,FY2023,1,CASH,Supplier payment PI-2022-00102,1072,1071,POSTED
JE-2022-00675,2022-05-09,2022-05-09,2022-05,FY2023,2,CASH,Supplier payment PI-2022-00103,1072,1071,POSTED
JE-2022-00676,2022-05-25,2022-05-27,2022-05,FY2023,2,CASH,Supplier payment PI-2022-00105,1072,1071,POSTED
JE-2022-00677,2022-05-20,2022-05-20,2022-05,FY2023,2,CASH,Supplier payment PI-2022-00107,1072,1071,POSTED
JE-2022-00678,2022-05-12,2022-05-13,2022-05,FY2023,2,CASH,Supplier payment PI-2022-00110,1072,1071,POSTED
JE-2022-00679,2022-05-04,2022-05-06,2022-05,FY2023,2,CASH,Supplier payment PI-2022-00113,1072,1071,POSTED
JE-2022-00680,2022-05-27,2022-05-30,2022-05,FY2023,2,CASH,Supplier payment PI-2022-00120,1072,1071,POSTED
JE-2022-00681,2022-04-26,2022-04-26,2022-04,FY2023,1,CASH,Supplier payment PI-2022-00121,1072,1071,POSTED
JE-2022-00682,2022-05-12,2022-05-12,2022-05,FY2023,2,CASH,Supplier payment PI-2022-00122,1072,1071,POSTED
JE-2022-00683,2022-05-26,2022-05-27,2022-05,FY2023,2,CASH,Supplier payment PI-2022-00124,1072,1071,POSTED
JE-2022-00684,2022-05-18,2022-05-18,2022-05,FY2023,2,CASH,Supplier payment PI-2022-00129,1072,1071,POSTED
JE-2022-00685,2022-05-31,2022-05-31,2022-05,FY2023,2,CASH,Supplier payment PI-2022-00135,1072,1071,POSTED
JE-2022-00686,2022-05-13,2022-05-13,2022-05,FY2023,2,CASH,Supplier payment PI-2022-00136,1072,1071,POSTED
JE-2022-00687,2022-05-31,2022-06-03,2022-05,FY2023,2,CASH,Supplier payment PI-2022-00140,1072,1071,POSTED
JE-2022-00688,2022-05-27,2022-05-27,2022-05,FY2023,2,PAYROLL,Payroll May 2022,1072,1071,POSTED
JE-2022-00689,2022-05-31,2022-05-31,2022-05,FY2023,2,GENERAL,Depreciation May 2022,1072,1071,POSTED
JE-2022-00690,2022-05-31,2022-05-31,2022-05,FY2023,2,GENERAL,Bank charges and interest May 2022,1072,1071,POSTED
JE-2022-00691,2022-06-10,2022-06-10,2022-06,FY2023,3,AR,Sales invoice SI-2022-00241,1072,1071,POSTED
JE-2022-00692,2022-06-10,2022-06-13,2022-06,FY2023,3,AR,Sales invoice SI-2022-00242,1072,1071,POSTED
JE-2022-00693,2022-06-10,2022-06-10,2022-06,FY2023,3,AR,Sales invoice SI-2022-00243,1072,1071,POSTED
JE-2022-00694,2022-06-08,2022-06-08,2022-06,FY2023,3,AR,Sales invoice SI-2022-00244,1072,1071,POSTED
JE-2022-00695,2022-06-17,2022-06-17,2022-06,FY2023,3,AR,Sales invoice SI-2022-00245,1072,1071,POSTED
JE-2022-00696,2022-06-01,2022-06-01,2022-06,FY2023,3,AR,Sales invoice SI-2022-00246,1072,1071,POSTED
JE-2022-00697,2022-06-22,2022-06-23,2022-06,FY2023,3,AR,Sales invoice SI-2022-00247,1072,1071,POSTED
JE-2022-00698,2022-06-08,2022-06-10,2022-06,FY2023,3,AR,Sales invoice SI-2022-00248,1072,1071,POSTED
JE-2022-00699,2022-06-17,2022-06-17,2022-06,FY2023,3,AR,Sales invoice SI-2022-00249,1072,1071,POSTED
JE-2022-00700,2022-06-06,2022-06-08,2022-06,FY2023,3,AR,Sales invoice SI-2022-00250,1072,1071,POSTED
JE-2022-00701,2022-06-16,2022-06-17,2022-06,FY2023,3,AR,Sales invoice SI-2022-00251,1072,1071,POSTED
JE-2022-00702,2022-06-16,2022-06-17,2022-06,FY2023,3,AR,Sales invoice SI-2022-00252,1072,1071,POSTED
JE-2022-00703,2022-06-03,2022-06-03,2022-06,FY2023,3,AR,Sales invoice SI-2022-00253,1072,1071,POSTED
JE-2022-00704,2022-06-30,2022-07-01,2022-06,FY2023,3,AR,Sales invoice SI-2022-00254,1072,1071,POSTED
JE-2022-00705,2022-06-24,2022-06-27,2022-06,FY2023,3,AR,Sales invoice SI-2022-00255,1072,1071,POSTED
JE-2022-00706,2022-06-08,2022-06-08,2022-06,FY2023,3,AR,Sales invoice SI-2022-00256,1072,1071,POSTED
JE-2022-00707,2022-06-30,2022-07-01,2022-06,FY2023,3,AR,Sales invoice SI-2022-00257,1072,1071,POSTED
JE-2022-00708,2022-06-10,2022-06-13,2022-06,FY2023,3,AR,Sales invoice SI-2022-00258,1072,1071,POSTED
JE-2022-00709,2022-06-29,2022-06-29,2022-06,FY2023,3,AR,Sales invoice SI-2022-00259,1072,1071,POSTED
JE-2022-00710,2022-06-03,2022-06-03,2022-06,FY2023,3,AR,Sales invoice SI-2022-00260,1072,1071,POSTED
JE-2022-00711,2022-06-24,2022-06-27,2022-06,FY2023,3,AR,Sales invoice SI-2022-00261,1072,1071,POSTED
JE-2022-00712,2022-06-21,2022-06-21,2022-06,FY2023,3,AR,Sales invoice SI-2022-00262,1072,1071,POSTED
JE-2022-00713,2022-06-03,2022-06-03,2022-06,FY2023,3,AR,Sales invoice SI-2022-00263,1072,1071,POSTED
JE-2022-00714,2022-06-06,2022-06-09,2022-06,FY2023,3,AR,Sales invoice SI-2022-00264,1072,1071,POSTED
JE-2022-00715,2022-06-09,2022-06-09,2022-06,FY2023,3,AR,Sales invoice SI-2022-00265,1072,1071,POSTED
JE-2022-00716,2022-06-08,2022-06-08,2022-06,FY2023,3,AR,Sales invoice SI-2022-00266,1072,1071,POSTED
JE-2022-00717,2022-06-10,2022-06-13,2022-06,FY2023,3,AR,Sales invoice SI-2022-00267,1072,1071,POSTED
JE-2022-00718,2022-06-03,2022-06-03,2022-06,FY2023,3,AR,Sales invoice SI-2022-00268,1072,1071,POSTED
JE-2022-00719,2022-06-14,2022-06-16,2022-06,FY2023,3,AR,Sales invoice SI-2022-00269,1072,1071,POSTED
JE-2022-00720,2022-06-30,2022-06-30,2022-06,FY2023,3,AR,Sales invoice SI-2022-00270,1072,1071,POSTED
JE-2022-00721,2022-06-23,2022-06-24,2022-06,FY2023,3,AR,Sales invoice SI-2022-00271,1072,1071,POSTED
JE-2022-00722,2022-06-17,2022-06-20,2022-06,FY2023,3,AR,Sales invoice SI-2022-00272,1072,1071,POSTED
JE-2022-00723,2022-06-03,2022-06-06,2022-06,FY2023,3,AR,Sales invoice SI-2022-00273,1072,1071,POSTED
JE-2022-00724,2022-06-13,2022-06-13,2022-06,FY2023,3,AR,Sales invoice SI-2022-00274,1072,1071,POSTED
JE-2022-00725,2022-06-20,2022-06-22,2022-06,FY2023,3,AR,Sales invoice SI-2022-00275,1072,1071,POSTED
JE-2022-00726,2022-06-29,2022-07-01,2022-06,FY2023,3,AR,Sales invoice SI-2022-00276,1072,1071,POSTED
JE-2022-00727,2022-06-07,2022-06-09,2022-06,FY2023,3,AR,Sales invoice SI-2022-00277,1072,1071,POSTED
JE-2022-00728,2022-06-20,2022-06-23,2022-06,FY2023,3,AR,Sales invoice SI-2022-00278,1072,1071,POSTED
JE-2022-00729,2022-06-24,2022-06-24,2022-06,FY2023,3,AR,Sales invoice SI-2022-00279,1072,1071,POSTED
JE-2022-00730,2022-06-24,2022-06-24,2022-06,FY2023,3,AR,Sales invoice SI-2022-00280,1072,1071,POSTED
JE-2022-00731,2022-06-10,2022-06-13,2022-06,FY2023,3,AR,Sales invoice SI-2022-00281,1072,1071,POSTED
JE-2022-00732,2022-06-24,2022-06-27,2022-06,FY2023,3,AR,Sales invoice SI-2022-00282,1072,1071,POSTED
JE-2022-00733,2022-06-03,2022-06-03,2022-06,FY2023,3,AR,Sales invoice SI-2022-00283,1072,1071,POSTED
JE-2022-00734,2022-06-03,2022-06-06,2022-06,FY2023,3,AR,Sales invoice SI-2022-00284,1072,1071,POSTED
JE-2022-00735,2022-06-24,2022-06-24,2022-06,FY2023,3,AR,Sales invoice SI-2022-00285,1072,1071,POSTED
JE-2022-00736,2022-06-13,2022-06-15,2022-06,FY2023,3,AR,Sales invoice SI-2022-00286,1072,1071,POSTED
JE-2022-00737,2022-06-10,2022-06-10,2022-06,FY2023,3,AR,Sales invoice SI-2022-00287,1072,1071,POSTED
JE-2022-00738,2022-06-03,2022-06-03,2022-06,FY2023,3,AR,Sales invoice SI-2022-00288,1072,1071,POSTED
JE-2022-00739,2022-06-23,2022-06-24,2022-06,FY2023,3,AR,Sales invoice SI-2022-00289,1072,1071,POSTED
JE-2022-00740,2022-06-20,2022-06-23,2022-06,FY2023,3,AR,Sales invoice SI-2022-00290,1072,1071,POSTED
JE-2022-00741,2022-06-10,2022-06-13,2022-06,FY2023,3,AR,Sales invoice SI-2022-00291,1072,1071,POSTED
JE-2022-00742,2022-06-23,2022-06-24,2022-06,FY2023,3,AR,Sales invoice SI-2022-00292,1072,1071,POSTED
JE-2022-00743,2022-06-24,2022-06-24,2022-06,FY2023,3,AP,Purchase invoice PI-2022-00168,1072,1071,POSTED
JE-2022-00744,2022-06-03,2022-06-03,2022-06,FY2023,3,AP,Purchase invoice PI-2022-00169,1072,1071,POSTED
JE-2022-00745,2022-06-10,2022-06-10,2022-06,FY2023,3,AP,Purchase invoice PI-2022-00170,1072,1071,POSTED
JE-2022-00746,2022-06-14,2022-06-16,2022-06,FY2023,3,AP,Purchase invoice PI-2022-00171,1072,1071,POSTED
JE-2022-00747,2022-06-17,2022-06-20,2022-06,FY2023,3,AP,Purchase invoice PI-2022-00172,1072,1071,POSTED
JE-2022-00748,2022-06-09,2022-06-10,2022-06,FY2023,3,AP,Purchase invoice PI-2022-00173,1072,1071,POSTED
JE-2022-00749,2022-06-29,2022-06-29,2022-06,FY2023,3,AP,Purchase invoice PI-2022-00174,1072,1071,POSTED
JE-2022-00750,2022-06-03,2022-06-03,2022-06,FY2023,3,AP,Purchase invoice PI-2022-00175,1072,1071,POSTED
JE-2022-00751,2022-06-17,2022-06-17,2022-06,FY2023,3,AP,Purchase invoice PI-2022-00176,1072,1071,POSTED
JE-2022-00752,2022-06-08,2022-06-09,2022-06,FY2023,3,AP,Purchase invoice PI-2022-00177,1072,1071,POSTED
JE-2022-00753,2022-06-23,2022-06-24,2022-06,FY2023,3,AP,Purchase invoice PI-2022-00178,1072,1071,POSTED
JE-2022-00754,2022-06-28,2022-06-28,2022-06,FY2023,3,AP,Purchase invoice PI-2022-00179,1072,1071,POSTED
JE-2022-00755,2022-06-02,2022-06-02,2022-06,FY2023,3,AP,Purchase invoice PI-2022-00180,1072,1071,POSTED
JE-2022-00756,2022-06-03,2022-06-03,2022-06,FY2023,3,AP,Purchase invoice PI-2022-00181,1072,1071,POSTED
JE-2022-00757,2022-06-03,2022-06-03,2022-06,FY2023,3,AP,Purchase invoice PI-2022-00182,1072,1071,POSTED
JE-2022-00758,2022-06-30,2022-06-30,2022-06,FY2023,3,AP,Purchase invoice PI-2022-00183,1072,1071,POSTED
JE-2022-00759,2022-06-21,2022-06-21,2022-06,FY2023,3,AP,Purchase invoice PI-2022-00184,1072,1071,POSTED
JE-2022-00760,2022-06-21,2022-06-24,2022-06,FY2023,3,AP,Purchase invoice PI-2022-00185,1072,1071,POSTED
JE-2022-00761,2022-06-07,2022-06-10,2022-06,FY2023,3,AP,Purchase invoice PI-2022-00186,1072,1071,POSTED
JE-2022-00762,2022-06-30,2022-07-01,2022-06,FY2023,3,AP,Purchase invoice PI-2022-00187,1072,1071,POSTED
JE-2022-00763,2022-06-24,2022-06-27,2022-06,FY2023,3,AP,Purchase invoice PI-2022-00188,1072,1071,POSTED
JE-2022-00764,2022-06-13,2022-06-16,2022-06,FY2023,3,AP,Purchase invoice PI-2022-00189,1072,1071,POSTED
JE-2022-00765,2022-06-24,2022-06-24,2022-06,FY2023,3,AP,Purchase invoice PI-2022-00190,1072,1071,POSTED
JE-2022-00766,2022-06-10,2022-06-13,2022-06,FY2023,3,AP,Purchase invoice PI-2022-00191,1072,1071,POSTED
JE-2022-00767,2022-06-20,2022-06-20,2022-06,FY2023,3,AP,Purchase invoice PI-2022-00192,1072,1071,POSTED
JE-2022-00768,2022-06-09,2022-06-10,2022-06,FY2023,3,AP,Purchase invoice PI-2022-00193,1072,1071,POSTED
JE-2022-00769,2022-06-30,2022-06-30,2022-06,FY2023,3,AP,Purchase invoice PI-2022-00194,1072,1071,POSTED
JE-2022-00770,2022-06-17,2022-06-17,2022-06,FY2023,3,AP,Purchase invoice PI-2022-00195,1072,1071,POSTED
JE-2022-00771,2022-06-03,2022-06-03,2022-06,FY2023,3,AP,Purchase invoice PI-2022-00196,1072,1071,POSTED
JE-2022-00772,2022-06-10,2022-06-13,2022-06,FY2023,3,AP,Purchase invoice PI-2022-00197,1072,1071,POSTED
JE-2022-00773,2022-06-28,2022-06-29,2022-06,FY2023,3,AP,Purchase invoice PI-2022-00198,1072,1071,POSTED
JE-2022-00774,2022-06-29,2022-06-30,2022-06,FY2023,3,AP,Purchase invoice PI-2022-00199,1072,1071,POSTED
JE-2022-00775,2022-06-17,2022-06-20,2022-06,FY2023,3,AP,Purchase invoice PI-2022-00200,1072,1071,POSTED
JE-2022-00776,2022-05-02,2022-05-02,2022-05,FY2023,2,CASH,Customer receipt SI-2022-00045,1072,1071,POSTED
JE-2022-00777,2022-05-20,2022-05-20,2022-05,FY2023,2,CASH,Customer receipt SI-2022-00050,1072,1071,POSTED
JE-2022-00778,2022-05-24,2022-05-27,2022-05,FY2023,2,CASH,Customer receipt SI-2022-00061,1072,1071,POSTED
JE-2022-00779,2022-05-20,2022-05-20,2022-05,FY2023,2,CASH,Customer receipt SI-2022-00083,1072,1071,POSTED
JE-2022-00780,2022-06-16,2022-06-17,2022-06,FY2023,3,CASH,Customer receipt SI-2022-00093,1072,1071,POSTED
JE-2022-00781,2022-05-20,2022-05-20,2022-05,FY2023,2,CASH,Customer receipt SI-2022-00095,1072,1071,POSTED
JE-2022-00782,2022-06-23,2022-06-24,2022-06,FY2023,3,CASH,Customer receipt SI-2022-00100,1072,1071,POSTED
JE-2022-00783,2022-04-22,2022-04-22,2022-04,FY2023,1,CASH,Customer receipt SI-2022-00107,1072,1071,POSTED
JE-2022-00784,2022-06-21,2022-06-23,2022-06,FY2023,3,CASH,Customer receipt SI-2022-00108,1072,1071,POSTED
JE-2022-00785,2022-06-17,2022-06-17,2022-06,FY2023,3,CASH,Customer receipt SI-2022-00113,1072,1071,POSTED
JE-2022-00786,2022-05-27,2022-05-27,2022-05,FY2023,2,CASH,Customer receipt SI-2022-00118,1072,1071,POSTED
JE-2022-00787,2022-05-30,2022-05-30,2022-05,FY2023,2,CASH,Customer receipt SI-2022-00119,1072,1071,POSTED
JE-2022-00788,2022-06-17,2022-06-17,2022-06,FY2023,3,CASH,Customer receipt SI-2022-00122,1072,1071,POSTED
JE-2022-00789,2022-04-15,2022-04-18,2022-04,FY2023,1,CASH,Customer receipt SI-2022-00123,1072,1071,POSTED
JE-2022-00790,2022-06-23,2022-06-23,2022-06,FY2023,3,CASH,Customer receipt SI-2022-00133,1072,1071,POSTED
JE-2022-00791,2022-05-20,2022-05-23,2022-05,FY2023,2,CASH,Customer receipt SI-2022-00145,1072,1071,POSTED
JE-2022-00792,2022-06-22,2022-06-23,2022-06,FY2023,3,CASH,Customer receipt SI-2022-00147,1072,1071,POSTED
JE-2022-00793,2022-05-17,2022-05-17,2022-05,FY2023,2,CASH,Customer receipt SI-2022-00148,1072,1071,POSTED
JE-2022-00794,2022-06-27,2022-06-30,2022-06,FY2023,3,CASH,Customer receipt SI-2022-00151,1072,1071,POSTED
JE-2022-00795,2022-05-30,2022-05-31,2022-05,FY2023,2,CASH,Customer receipt SI-2022-00155,1072,1071,POSTED
JE-2022-00796,2022-05-09,2022-05-11,2022-05,FY2023,2,CASH,Customer receipt SI-2022-00156,1072,1071,POSTED
JE-2022-00797,2022-05-09,2022-05-11,2022-05,FY2023,2,CASH,Customer receipt SI-2022-00158,1072,1071,POSTED
JE-2022-00798,2022-05-20,2022-05-20,2022-05,FY2023,2,CASH,Customer receipt SI-2022-00163,1072,1071,POSTED
JE-2022-00799,2022-06-29,2022-06-29,2022-06,FY2023,3,CASH,Customer receipt SI-2022-00169,1072,1071,POSTED
JE-2022-00800,2022-05-20,2022-05-20,2022-05,FY2023,2,CASH,Customer receipt SI-2022-00173,1072,1071,POSTED
JE-2022-00801,2022-06-15,2022-06-16,2022-06,FY2023,3,CASH,Customer receipt SI-2022-00177,1072,1071,POSTED
JE-2022-00802,2022-06-17,2022-06-20,2022-06,FY2023,3,CASH,Customer receipt SI-2022-00178,1072,1071,POSTED
JE-2022-00803,2022-05-13,2022-05-13,2022-05,FY2023,2,CASH,Customer receipt SI-2022-00179,1072,1071,POSTED
JE-2022-00804,2022-05-27,2022-05-30,2022-05,FY2023,2,CASH,Customer receipt SI-2022-00185,1072,1071,POSTED
JE-2022-00805,2022-06-20,2022-06-22,2022-06,FY2023,3,CASH,Customer receipt SI-2022-00189,1072,1071,POSTED
JE-2022-00806,2022-06-21,2022-06-24,2022-06,FY2023,3,CASH,Customer receipt SI-2022-00192,1072,1071,POSTED
JE-2022-00807,2022-06-09,2022-06-09,2022-06,FY2023,3,CASH,Customer receipt SI-2022-00193,1072,1071,POSTED
JE-2022-00808,2022-06-10,2022-06-10,2022-06,FY2023,3,CASH,Customer receipt SI-2022-00197,1072,1071,POSTED
JE-2022-00809,2022-06-29,2022-07-01,2022-06,FY2023,3,CASH,Customer receipt SI-2022-00200,1072,1071,POSTED
JE-2022-00810,2022-06-14,2022-06-17,2022-06,FY2023,3,CASH,Customer receipt SI-2022-00204,1072,1071,POSTED
JE-2022-00811,2022-06-03,2022-06-03,2022-06,FY2023,3,CASH,Customer receipt SI-2022-00209,1072,1071,POSTED
JE-2022-00812,2022-06-29,2022-06-30,2022-06,FY2023,3,CASH,Customer receipt SI-2022-00214,1072,1071,POSTED
JE-2022-00813,2022-06-30,2022-07-01,2022-06,FY2023,3,CASH,Customer receipt SI-2022-00216,1072,1071,POSTED
JE-2022-00814,2022-06-13,2022-06-16,2022-06,FY2023,3,CASH,Customer receipt SI-2022-00218,1072,1071,POSTED
JE-2022-00815,2022-06-27,2022-06-27,2022-06,FY2023,3,CASH,Customer receipt SI-2022-00219,1072,1071,POSTED
JE-2022-00816,2022-06-27,2022-06-30,2022-06,FY2023,3,CASH,Customer receipt SI-2022-00221,1072,1071,POSTED
JE-2022-00817,2022-06-03,2022-06-03,2022-06,FY2023,3,CASH,Customer receipt SI-2022-00223,1072,1071,POSTED
JE-2022-00818,2022-06-03,2022-06-03,2022-06,FY2023,3,CASH,Customer receipt SI-2022-00224,1072,1071,POSTED
JE-2022-00819,2022-06-27,2022-06-27,2022-06,FY2023,3,CASH,Customer receipt SI-2022-00227,1072,1071,POSTED
JE-2022-00820,2022-06-03,2022-06-03,2022-06,FY2023,3,CASH,Customer receipt SI-2022-00228,1072,1071,POSTED
JE-2022-00821,2022-06-07,2022-06-09,2022-06,FY2023,3,CASH,Customer receipt SI-2022-00229,1072,1071,POSTED
JE-2022-00822,2022-06-22,2022-06-24,2022-06,FY2023,3,CASH,Customer receipt SI-2022-00232,1072,1071,POSTED
JE-2022-00823,2022-06-03,2022-06-03,2022-06,FY2023,3,CASH,Customer receipt SI-2022-00235,1072,1071,POSTED
JE-2022-00824,2022-06-17,2022-06-17,2022-06,FY2023,3,CASH,Customer receipt SI-2022-00238,1072,1071,POSTED
JE-2022-00825,2022-05-25,2022-05-27,2022-05,FY2023,2,CASH,Customer receipt SI-2022-00240,1072,1071,POSTED
JE-2022-00826,2022-06-28,2022-06-30,2022-06,FY2023,3,CASH,Customer receipt SI-2022-00246,1072,1071,POSTED
JE-2022-00827,2022-06-24,2022-06-24,2022-06,FY2023,3,CASH,Customer receipt SI-2022-00283,1072,1071,POSTED
JE-2022-00828,2022-05-26,2022-05-27,2022-05,FY2023,2,CASH,Supplier payment PI-2022-00104,1072,1071,POSTED
JE-2022-00829,2022-06-13,2022-06-14,2022-06,FY2023,3,CASH,Supplier payment PI-2022-00106,1072,1071,POSTED
JE-2022-00830,2022-06-10,2022-06-10,2022-06,FY2023,3,CASH,Supplier payment PI-2022-00108,1072,1071,POSTED
JE-2022-00831,2022-05-20,2022-05-20,2022-05,FY2023,2,CASH,Supplier payment PI-2022-00109,1072,1071,POSTED
JE-2022-00832,2022-06-03,2022-06-03,2022-06,FY2023,3,CASH,Supplier payment PI-2022-00112,1072,1071,POSTED
JE-2022-00833,2022-06-03,2022-06-06,2022-06,FY2023,3,CASH,Supplier payment PI-2022-00116,1072,1071,POSTED
JE-2022-00834,2022-06-10,2022-06-10,2022-06,FY2023,3,CASH,Supplier payment PI-2022-00117,1072,1071,POSTED
JE-2022-00835,2022-06-07,2022-06-10,2022-06,FY2023,3,CASH,Supplier payment PI-2022-00118,1072,1071,POSTED
JE-2022-00836,2022-06-24,2022-06-24,2022-06,FY2023,3,CASH,Supplier payment PI-2022-00119,1072,1071,POSTED
JE-2022-00837,2022-05-26,2022-05-27,2022-05,FY2023,2,CASH,Supplier payment PI-2022-00123,1072,1071,POSTED
JE-2022-00838,2022-06-24,2022-06-24,2022-06,FY2023,3,CASH,Supplier payment PI-2022-00126,1072,1071,POSTED
JE-2022-00839,2022-06-17,2022-06-17,2022-06,FY2023,3,CASH,Supplier payment PI-2022-00128,1072,1071,POSTED
JE-2022-00840,2022-06-03,2022-06-06,2022-06,FY2023,3,CASH,Supplier payment PI-2022-00130,1072,1071,POSTED
JE-2022-00841,2022-06-03,2022-06-03,2022-06,FY2023,3,CASH,Supplier payment PI-2022-00132,1072,1071,POSTED
JE-2022-00842,2022-05-20,2022-05-20,2022-05,FY2023,2,CASH,Supplier payment PI-2022-00133,1072,1071,POSTED
JE-2022-00843,2022-06-07,2022-06-08,2022-06,FY2023,3,CASH,Supplier payment PI-2022-00134,1072,1071,POSTED
JE-2022-00844,2022-05-25,2022-05-26,2022-05,FY2023,2,CASH,Supplier payment PI-2022-00137,1072,1071,POSTED
JE-2022-00845,2022-06-10,2022-06-13,2022-06,FY2023,3,CASH,Supplier payment PI-2022-00139,1072,1071,POSTED
JE-2022-00846,2022-06-17,2022-06-20,2022-06,FY2023,3,CASH,Supplier payment PI-2022-00147,1072,1071,POSTED
JE-2022-00847,2022-06-10,2022-06-10,2022-06,FY2023,3,CASH,Supplier payment PI-2022-00150,1072,1071,POSTED
JE-2022-00848,2022-06-22,2022-06-24,2022-06,FY2023,3,CASH,Supplier payment PI-2022-00151,1072,1071,POSTED
JE-2022-00849,2022-06-15,2022-06-17,2022-06,FY2023,3,CASH,Supplier payment PI-2022-00152,1072,1071,POSTED
JE-2022-00850,2022-06-03,2022-06-06,2022-06,FY2023,3,CASH,Supplier payment PI-2022-00153,1072,1071,POSTED
JE-2022-00851,2022-06-10,2022-06-13,2022-06,FY2023,3,CASH,Supplier payment PI-2022-00154,1072,1071,POSTED
JE-2022-00852,2022-06-24,2022-06-24,2022-06,FY2023,3,CASH,Supplier payment PI-2022-00155,1072,1071,POSTED
JE-2022-00853,2022-06-08,2022-06-10,2022-06,FY2023,3,CASH,Supplier payment PI-2022-00156,1072,1071,POSTED
JE-2022-00854,2022-06-24,2022-06-24,2022-06,FY2023,3,CASH,Supplier payment PI-2022-00157,1072,1071,POSTED
JE-2022-00855,2022-06-03,2022-06-06,2022-06,FY2023,3,CASH,Supplier payment PI-2022-00158,1072,1071,POSTED
JE-2022-00856,2022-06-03,2022-06-06,2022-06,FY2023,3,CASH,Supplier payment PI-2022-00161,1072,1071,POSTED
JE-2022-00857,2022-06-07,2022-06-10,2022-06,FY2023,3,CASH,Supplier payment PI-2022-00163,1072,1071,POSTED
JE-2022-00858,2022-06-15,2022-06-16,2022-06,FY2023,3,CASH,Supplier payment PI-2022-00164,1072,1071,POSTED
JE-2022-00859,2022-06-10,2022-06-10,2022-06,FY2023,3,CASH,Supplier payment PI-2022-00167,1072,1071,POSTED
JE-2022-00860,2022-06-16,2022-06-17,2022-06,FY2023,3,CASH,Supplier payment PI-2022-00180,1072,1071,POSTED
JE-2022-00861,2022-06-28,2022-07-01,2022-06,FY2023,3,PAYROLL,Payroll June 2022,1072,1071,POSTED
JE-2022-00862,2022-06-30,2022-07-01,2022-06,FY2023,3,GENERAL,Depreciation Jun 2022,1072,1071,POSTED
JE-2022-00863,2022-06-30,2022-06-30,2022-06,FY2023,3,GENERAL,Bank charges and interest Jun 2022,1072,1071,POSTED
JE-2022-00864,2022-07-06,2022-07-08,2022-07,FY2023,4,AR,Sales invoice SI-2022-00293,1072,1071,POSTED
JE-2022-00865,2022-07-06,2022-07-06,2022-07,FY2023,4,AR,Sales invoice SI-2022-00294,1072,1071,POSTED
JE-2022-00866,2022-07-11,2022-07-11,2022-07,FY2023,4,AR,Sales invoice SI-2022-00295,1072,1071,POSTED
JE-2022-00867,2022-07-14,2022-07-15,2022-07,FY2023,4,AR,Sales invoice SI-2022-00296,1072,1071,POSTED
JE-2022-00868,2022-07-04,2022-07-05,2022-07,FY2023,4,AR,Sales invoice SI-2022-00297,1072,1071,POSTED
JE-2022-00869,2022-07-22,2022-07-22,2022-07,FY2023,4,AR,Sales invoice SI-2022-00298,1072,1071,POSTED
JE-2022-00870,2022-07-15,2022-07-18,2022-07,FY2023,4,AR,Sales invoice SI-2022-00299,1072,1071,POSTED
JE-2022-00871,2022-07-01,2022-07-01,2022-07,FY2023,4,AR,Sales invoice SI-2022-00300,1072,1071,POSTED
JE-2022-00872,2022-07-06,2022-07-06,2022-07,FY2023,4,AR,Sales invoice SI-2022-00301,1072,1071,POSTED
JE-2022-00873,2022-07-21,2022-07-22,2022-07,FY2023,4,AR,Sales invoice SI-2022-00302,1072,1071,POSTED
JE-2022-00874,2022-07-05,2022-07-07,2022-07,FY2023,4,AR,Sales invoice SI-2022-00303,1072,1071,POSTED
JE-2022-00875,2022-07-04,2022-07-04,2022-07,FY2023,4,AR,Sales invoice SI-2022-00304,1072,1071,POSTED
JE-2022-00876,2022-07-08,2022-07-08,2022-07,FY2023,4,AR,Sales invoice SI-2022-00305,1072,1071,POSTED
JE-2022-00877,2022-07-04,2022-07-06,2022-07,FY2023,4,AR,Sales invoice SI-2022-00306,1072,1071,POSTED
JE-2022-00878,2022-07-21,2022-07-22,2022-07,FY2023,4,AR,Sales invoice SI-2022-00307,1072,1071,POSTED
JE-2022-00879,2022-07-29,2022-08-01,2022-07,FY2023,4,AR,Sales invoice SI-2022-00308,1072,1071,POSTED
JE-2022-00880,2022-07-21,2022-07-22,2022-07,FY2023,4,AR,Sales invoice SI-2022-00309,1072,1071,POSTED
JE-2022-00881,2022-07-11,2022-07-12,2022-07,FY2023,4,AR,Sales invoice SI-2022-00310,1072,1071,POSTED
JE-2022-00882,2022-07-01,2022-07-01,2022-07,FY2023,4,AR,Sales invoice SI-2022-00311,1072,1071,POSTED
JE-2022-00883,2022-07-25,2022-07-26,2022-07,FY2023,4,AR,Sales invoice SI-2022-00312,1072,1071,POSTED
JE-2022-00884,2022-07-19,2022-07-20,2022-07,FY2023,4,AR,Sales invoice SI-2022-00313,1072,1071,POSTED
JE-2022-00885,2022-07-15,2022-07-15,2022-07,FY2023,4,AR,Sales invoice SI-2022-00314,1072,1071,POSTED
JE-2022-00886,2022-07-29,2022-07-29,2022-07,FY2023,4,AR,Sales invoice SI-2022-00315,1072,1071,POSTED
JE-2022-00887,2022-07-21,2022-07-22,2022-07,FY2023,4,AR,Sales invoice SI-2022-00316,1072,1071,POSTED
JE-2022-00888,2022-07-18,2022-07-19,2022-07,FY2023,4,AR,Sales invoice SI-2022-00317,1072,1071,POSTED
JE-2022-00889,2022-07-22,2022-07-22,2022-07,FY2023,4,AR,Sales invoice SI-2022-00318,1072,1071,POSTED
JE-2022-00890,2022-07-01,2022-07-04,2022-07,FY2023,4,AR,Sales invoice SI-2022-00319,1072,1071,POSTED
JE-2022-00891,2022-07-15,2022-07-15,2022-07,FY2023,4,AR,Sales invoice SI-2022-00320,1072,1071,POSTED
JE-2022-00892,2022-07-13,2022-07-15,2022-07,FY2023,4,AR,Sales invoice SI-2022-00321,1072,1071,POSTED
JE-2022-00893,2022-07-25,2022-07-26,2022-07,FY2023,4,AR,Sales invoice SI-2022-00322,1072,1071,POSTED
JE-2022-00894,2022-07-11,2022-07-13,2022-07,FY2023,4,AR,Sales invoice SI-2022-00323,1072,1071,POSTED
JE-2022-00895,2022-07-01,2022-07-01,2022-07,FY2023,4,AR,Sales invoice SI-2022-00324,1072,1071,POSTED
JE-2022-00896,2022-07-01,2022-07-04,2022-07,FY2023,4,AR,Sales invoice SI-2022-00325,1072,1071,POSTED
JE-2022-00897,2022-07-21,2022-07-22,2022-07,FY2023,4,AR,Sales invoice SI-2022-00326,1072,1071,POSTED
JE-2022-00898,2022-07-01,2022-07-01,2022-07,FY2023,4,AR,Sales invoice SI-2022-00327,1072,1071,POSTED
JE-2022-00899,2022-07-22,2022-07-22,2022-07,FY2023,4,AR,Sales invoice SI-2022-00328,1072,1071,POSTED
JE-2022-00900,2022-07-12,2022-07-15,2022-07,FY2023,4,AR,Sales invoice SI-2022-00329,1072,1071,DRAFT
JE-2022-00901,2022-07-15,2022-07-15,2022-07,FY2023,4,AR,Sales invoice SI-2022-00330,1072,1071,POSTED
JE-2022-00902,2022-07-19,2022-07-20,2022-07,FY2023,4,AR,Sales invoice SI-2022-00331,1072,1071,POSTED
JE-2022-00903,2022-07-20,2022-07-20,2022-07,FY2023,4,AR,Sales invoice SI-2022-00332,1072,1071,POSTED
JE-2022-00904,2022-07-19,2022-07-21,2022-07,FY2023,4,AR,Sales invoice SI-2022-00333,1072,1071,POSTED
JE-2022-00905,2022-07-29,2022-08-01,2022-07,FY2023,4,AR,Sales invoice SI-2022-00334,1072,1071,POSTED
JE-2022-00906,2022-07-29,2022-07-29,2022-07,FY2023,4,AR,Sales invoice SI-2022-00335,1072,1071,POSTED
JE-2022-00907,2022-07-19,2022-07-19,2022-07,FY2023,4,AP,Purchase invoice PI-2022-00201,1072,1071,POSTED
JE-2022-00908,2022-07-15,2022-07-15,2022-07,FY2023,4,AP,Purchase invoice PI-2022-00202,1072,1071,POSTED
JE-2022-00909,2022-07-22,2022-07-25,2022-07,FY2023,4,AP,Purchase invoice PI-2022-00203,1072,1071,POSTED
JE-2022-00910,2022-07-25,2022-07-25,2022-07,FY2023,4,AP,Purchase invoice PI-2022-00204,1072,1071,POSTED
JE-2022-00911,2022-07-22,2022-07-22,2022-07,FY2023,4,AP,Purchase invoice PI-2022-00205,1072,1071,POSTED
JE-2022-00912,2022-07-29,2022-08-01,2022-07,FY2023,4,AP,Purchase invoice PI-2022-00206,1072,1071,POSTED
JE-2022-00913,2022-07-08,2022-07-11,2022-07,FY2023,4,AP,Purchase invoice PI-2022-00207,1072,1071,POSTED
JE-2022-00914,2022-07-25,2022-07-28,2022-07,FY2023,4,AP,Purchase invoice PI-2022-00208,1072,1071,POSTED
JE-2022-00915,2022-07-08,2022-07-08,2022-07,FY2023,4,AP,Purchase invoice PI-2022-00209,1072,1071,POSTED
JE-2022-00916,2022-07-04,2022-07-07,2022-07,FY2023,4,AP,Purchase invoice PI-2022-00210,1072,1071,POSTED
JE-2022-00917,2022-07-22,2022-07-22,2022-07,FY2023,4,AP,Purchase invoice PI-2022-00211,1072,1071,POSTED
JE-2022-00918,2022-07-25,2022-07-28,2022-07,FY2023,4,AP,Purchase invoice PI-2022-00212,1072,1071,POSTED
JE-2022-00919,2022-07-01,2022-07-01,2022-07,FY2023,4,AP,Purchase invoice PI-2022-00213,1072,1071,POSTED
JE-2022-00920,2022-07-29,2022-07-29,2022-07,FY2023,4,AP,Purchase invoice PI-2022-00214,1072,1071,POSTED
JE-2022-00921,2022-07-12,2022-07-15,2022-07,FY2023,4,AP,Purchase invoice PI-2022-00215,1072,1071,POSTED
JE-2022-00922,2022-07-25,2022-07-28,2022-07,FY2023,4,AP,Purchase invoice PI-2022-00216,1072,1071,POSTED
JE-2022-00923,2022-07-08,2022-07-11,2022-07,FY2023,4,AP,Purchase invoice PI-2022-00217,1072,1071,POSTED
JE-2022-00924,2022-07-28,2022-07-28,2022-07,FY2023,4,AP,Purchase invoice PI-2022-00218,1072,1071,POSTED
JE-2022-00925,2022-07-06,2022-07-08,2022-07,FY2023,4,AP,Purchase invoice PI-2022-00219,1072,1071,POSTED
JE-2022-00926,2022-07-25,2022-07-25,2022-07,FY2023,4,AP,Purchase invoice PI-2022-00220,1072,1071,POSTED
JE-2022-00927,2022-07-15,2022-07-15,2022-07,FY2023,4,AP,Purchase invoice PI-2022-00221,1072,1071,POSTED
JE-2022-00928,2022-07-22,2022-07-22,2022-07,FY2023,4,AP,Purchase invoice PI-2022-00222,1072,1071,POSTED
JE-2022-00929,2022-07-01,2022-07-01,2022-07,FY2023,4,AP,Purchase invoice PI-2022-00223,1072,1071,POSTED
JE-2022-00930,2022-07-29,2022-07-29,2022-07,FY2023,4,AP,Purchase invoice PI-2022-00224,1072,1071,POSTED
JE-2022-00931,2022-07-20,2022-07-21,2022-07,FY2023,4,AP,Purchase invoice PI-2022-00225,1072,1071,POSTED
JE-2022-00932,2022-07-15,2022-07-15,2022-07,FY2023,4,AP,Purchase invoice PI-2022-00226,1072,1071,POSTED
JE-2022-00933,2022-07-20,2022-07-21,2022-07,FY2023,4,AP,Purchase invoice PI-2022-00227,1072,1071,POSTED
JE-2022-00934,2022-07-06,2022-07-08,2022-07,FY2023,4,AP,Purchase invoice PI-2022-00228,1072,1071,POSTED
JE-2022-00935,2022-07-29,2022-07-29,2022-07,FY2023,4,AP,Purchase invoice PI-2022-00229,1072,1071,POSTED
JE-2022-00936,2022-07-29,2022-07-29,2022-07,FY2023,4,AP,Purchase invoice PI-2022-00230,1072,1071,POSTED
JE-2022-00937,2022-07-01,2022-07-04,2022-07,FY2023,4,AP,Purchase invoice PI-2022-00231,1072,1071,POSTED
JE-2022-00938,2022-07-05,2022-07-08,2022-07,FY2023,4,AP,Purchase invoice PI-2022-00232,1072,1071,POSTED
JE-2022-00939,2022-07-01,2022-07-01,2022-07,FY2023,4,AP,Purchase invoice PI-2022-00233,1072,1071,POSTED
JE-2022-00940,2022-07-04,2022-07-07,2022-07,FY2023,4,AP,Purchase invoice PI-2022-00234,1072,1071,POSTED
JE-2022-00941,2022-07-11,2022-07-13,2022-07,FY2023,4,AP,Purchase invoice PI-2022-00235,1072,1071,POSTED
JE-2022-00942,2022-05-26,2022-05-26,2022-05,FY2023,2,CASH,Customer receipt SI-2022-00072,1072,1071,POSTED
JE-2022-00943,2022-07-29,2022-07-29,2022-07,FY2023,4,CASH,Customer receipt SI-2022-00106,1072,1071,POSTED
JE-2022-00944,2022-06-30,2022-07-01,2022-06,FY2023,3,CASH,Customer receipt SI-2022-00115,1072,1071,POSTED
JE-2022-00945,2022-06-24,2022-06-27,2022-06,FY2023,3,CASH,Customer receipt SI-2022-00132,1072,1071,POSTED
JE-2022-00946,2022-07-01,2022-07-04,2022-07,FY2023,4,CASH,Customer receipt SI-2022-00136,1072,1071,POSTED
JE-2022-00947,2022-07-05,2022-07-05,2022-07,FY2023,4,CASH,Customer receipt SI-2022-00157,1072,1071,POSTED
JE-2022-00948,2022-07-13,2022-07-13,2022-07,FY2023,4,CASH,Customer receipt SI-2022-00160,1072,1071,POSTED
JE-2022-00949,2022-07-29,2022-07-29,2022-07,FY2023,4,CASH,Customer receipt SI-2022-00161,1072,1071,POSTED
JE-2022-00950,2022-05-12,2022-05-12,2022-05,FY2023,2,CASH,Customer receipt SI-2022-00166,1072,1071,POSTED
JE-2022-00951,2022-07-29,2022-07-29,2022-07,FY2023,4,CASH,Customer receipt SI-2022-00175,1072,1071,POSTED
JE-2022-00952,2022-07-14,2022-07-15,2022-07,FY2023,4,CASH,Customer receipt SI-2022-00176,1072,1071,POSTED
JE-2022-00953,2022-06-17,2022-06-17,2022-06,FY2023,3,CASH,Customer receipt SI-2022-00196,1072,1071,POSTED
JE-2022-00954,2022-06-16,2022-06-17,2022-06,FY2023,3,CASH,Customer receipt SI-2022-00198,1072,1071,POSTED
JE-2022-00955,2022-06-23,2022-06-24,2022-06,FY2023,3,CASH,Customer receipt SI-2022-00199,1072,1071,POSTED
JE-2022-00956,2022-07-15,2022-07-15,2022-07,FY2023,4,CASH,Customer receipt SI-2022-00202,1072,1071,POSTED
JE-2022-00957,2022-06-07,2022-06-09,2022-06,FY2023,3,CASH,Customer receipt SI-2022-00203,1072,1071,POSTED
JE-2022-00958,2022-06-29,2022-06-30,2022-06,FY2023,3,CASH,Customer receipt SI-2022-00205,1072,1071,POSTED
JE-2022-00959,2022-07-26,2022-07-29,2022-07,FY2023,4,CASH,Customer receipt SI-2022-00207,1072,1071,POSTED
JE-2022-00960,2022-07-19,2022-07-21,2022-07,FY2023,4,CASH,Customer receipt SI-2022-00210,1072,1071,POSTED
JE-2022-00961,2022-07-26,2022-07-28,2022-07,FY2023,4,CASH,Customer receipt SI-2022-00211,1072,1071,POSTED
JE-2022-00962,2022-06-24,2022-06-27,2022-06,FY2023,3,CASH,Customer receipt SI-2022-00213,1072,1071,POSTED
JE-2022-00963,2022-07-28,2022-07-29,2022-07,FY2023,4,CASH,Customer receipt SI-2022-00215,1072,1071,POSTED
JE-2022-00964,2022-07-08,2022-07-08,2022-07,FY2023,4,CASH,Customer receipt SI-2022-00217,1072,1071,POSTED
JE-2022-00965,2022-06-07,2022-06-10,2022-06,FY2023,3,CASH,Customer receipt SI-2022-00222,1072,1071,POSTED
JE-2022-00966,2022-06-10,2022-06-10,2022-06,FY2023,3,CASH,Customer receipt SI-2022-00225,1072,1071,POSTED
JE-2022-00967,2022-07-14,2022-07-15,2022-07,FY2023,4,CASH,Customer receipt SI-2022-00230,1072,1071,POSTED
JE-2022-00968,2022-07-04,2022-07-07,2022-07,FY2023,4,CASH,Customer receipt SI-2022-00231,1072,1071,POSTED
JE-2022-00969,2022-07-22,2022-07-22,2022-07,FY2023,4,CASH,Customer receipt SI-2022-00233,1072,1071,POSTED
JE-2022-00970,2022-07-05,2022-07-06,2022-07,FY2023,4,CASH,Customer receipt SI-2022-00236,1072,1071,POSTED
JE-2022-00971,2022-07-05,2022-07-05,2022-07,FY2023,4,CASH,Customer receipt SI-2022-00237,1072,1071,POSTED
JE-2022-00972,2022-07-15,2022-07-15,2022-07,FY2023,4,CASH,Customer receipt SI-2022-00239,1072,1071,POSTED
JE-2022-00973,2022-07-08,2022-07-08,2022-07,FY2023,4,CASH,Customer receipt SI-2022-00244,1072,1071,POSTED
JE-2022-00974,2022-07-29,2022-07-29,2022-07,FY2023,4,CASH,Customer receipt SI-2022-00247,1072,1071,POSTED
JE-2022-00975,2022-07-19,2022-07-22,2022-07,FY2023,4,CASH,Customer receipt SI-2022-00249,1072,1071,POSTED
JE-2022-00976,2022-07-28,2022-07-29,2022-07,FY2023,4,CASH,Customer receipt SI-2022-00250,1072,1071,POSTED
JE-2022-00977,2022-07-01,2022-07-01,2022-07,FY2023,4,CASH,Customer receipt SI-2022-00253,1072,1071,POSTED
JE-2022-00978,2022-07-05,2022-07-07,2022-07,FY2023,4,CASH,Customer receipt SI-2022-00256,1072,1071,POSTED
JE-2022-00979,2022-07-07,2022-07-08,2022-07,FY2023,4,CASH,Customer receipt SI-2022-00258,1072,1071,POSTED
JE-2022-00980,2022-07-21,2022-07-22,2022-07,FY2023,4,CASH,Customer receipt SI-2022-00262,1072,1071,POSTED
JE-2022-00981,2022-07-01,2022-07-01,2022-07,FY2023,4,CASH,Customer receipt SI-2022-00263,1072,1071,POSTED
JE-2022-00982,2022-07-18,2022-07-21,2022-07,FY2023,4,CASH,Customer receipt SI-2022-00265,1072,1071,POSTED
JE-2022-00983,2022-07-20,2022-07-21,2022-07,FY2023,4,CASH,Customer receipt SI-2022-00268,1072,1071,POSTED
JE-2022-00984,2022-06-30,2022-07-01,2022-06,FY2023,3,CASH,Customer receipt SI-2022-00269,1072,1071,POSTED
JE-2022-00985,2022-07-26,2022-07-28,2022-07,FY2023,4,CASH,Customer receipt SI-2022-00272,1072,1071,POSTED
JE-2022-00986,2022-07-15,2022-07-15,2022-07,FY2023,4,CASH,Customer receipt SI-2022-00274,1072,1071,POSTED
JE-2022-00987,2022-07-06,2022-07-06,2022-07,FY2023,4,CASH,Customer receipt SI-2022-00275,1072,1071,POSTED
JE-2022-00988,2022-07-21,2022-07-22,2022-07,FY2023,4,CASH,Customer receipt SI-2022-00277,1072,1071,POSTED
JE-2022-00989,2022-07-22,2022-07-22,2022-07,FY2023,4,CASH,Customer receipt SI-2022-00279,1072,1071,POSTED
JE-2022-00990,2022-07-22,2022-07-22,2022-07,FY2023,4,CASH,Customer receipt SI-2022-00291,1072,1071,POSTED
JE-2022-00991,2022-07-15,2022-07-15,2022-07,FY2023,4,CASH,Customer receipt SI-2022-00306,1072,1071,POSTED
JE-2022-00992,2022-06-24,2022-06-24,2022-06,FY2023,3,CASH,Supplier payment PI-2022-00111,1072,1071,POSTED
JE-2022-00993,2022-07-11,2022-07-13,2022-07,FY2023,4,CASH,Supplier payment PI-2022-00114,1072,1071,POSTED
JE-2022-00994,2022-06-28,2022-06-28,2022-06,FY2023,3,CASH,Supplier payment PI-2022-00115,1072,1071,POSTED
JE-2022-00995,2022-07-04,2022-07-04,2022-07,FY2023,4,CASH,Supplier payment PI-2022-00138,1072,1071,POSTED
JE-2022-00996,2022-06-24,2022-06-24,2022-06,FY2023,3,CASH,Supplier payment PI-2022-00141,1072,1071,POSTED
JE-2022-00997,2022-06-29,2022-06-29,2022-06,FY2023,3,CASH,Supplier payment PI-2022-00142,1072,1071,POSTED
JE-2022-00998,2022-07-22,2022-07-22,2022-07,FY2023,4,CASH,Supplier payment PI-2022-00143,1072,1071,POSTED
JE-2022-00999,2022-07-22,2022-07-22,2022-07,FY2023,4,CASH,Supplier payment PI-2022-00144,1072,1071,POSTED
JE-2022-01000,2022-07-22,2022-07-22,2022-07,FY2023,4,CASH,Supplier payment PI-2022-00145,1072,1071,POSTED
JE-2022-01001,2022-07-04,2022-07-06,2022-07,FY2023,4,CASH,Supplier payment PI-2022-00146,1072,1071,POSTED
JE-2022-01002,2022-07-12,2022-07-12,2022-07,FY2023,4,CASH,Supplier payment PI-2022-00148,1072,1071,POSTED
JE-2022-01003,2022-07-29,2022-07-29,2022-07,FY2023,4,CASH,Supplier payment PI-2022-00149,1072,1071,POSTED
JE-2022-01004,2022-07-27,2022-07-27,2022-07,FY2023,4,CASH,Supplier payment PI-2022-00159,1072,1071,POSTED
JE-2022-01005,2022-07-08,2022-07-11,2022-07,FY2023,4,CASH,Supplier payment PI-2022-00160,1072,1071,POSTED
JE-2022-01006,2022-06-24,2022-06-27,2022-06,FY2023,3,CASH,Supplier payment PI-2022-00162,1072,1071,POSTED
JE-2022-01007,2022-06-29,2022-07-01,2022-06,FY2023,3,CASH,Supplier payment PI-2022-00165,1072,1071,POSTED
JE-2022-01008,2022-07-26,2022-07-28,2022-07,FY2023,4,CASH,Supplier payment PI-2022-00166,1072,1071,POSTED
JE-2022-01009,2022-07-01,2022-07-01,2022-07,FY2023,4,CASH,Supplier payment PI-2022-00169,1072,1071,POSTED
JE-2022-01010,2022-07-14,2022-07-15,2022-07,FY2023,4,CASH,Supplier payment PI-2022-00171,1072,1071,POSTED
JE-2022-01011,2022-07-15,2022-07-15,2022-07,FY2023,4,CASH,Supplier payment PI-2022-00172,1072,1071,POSTED
JE-2022-01012,2022-07-21,2022-07-22,2022-07,FY2023,4,CASH,Supplier payment PI-2022-00173,1072,1071,POSTED
JE-2022-01013,2022-07-06,2022-07-06,2022-07,FY2023,4,CASH,Supplier payment PI-2022-00175,1072,1071,POSTED
JE-2022-01014,2022-07-19,2022-07-22,2022-07,FY2023,4,CASH,Supplier payment PI-2022-00178,1072,1071,POSTED
JE-2022-01015,2022-07-26,2022-07-28,2022-07,FY2023,4,CASH,Supplier payment PI-2022-00179,1072,1071,POSTED
JE-2022-01016,2022-06-20,2022-06-21,2022-06,FY2023,3,CASH,Supplier payment PI-2022-00181,1072,1071,POSTED
JE-2022-01017,2022-07-22,2022-07-22,2022-07,FY2023,4,CASH,Supplier payment PI-2022-00182,1072,1071,POSTED
JE-2022-01018,2022-07-29,2022-07-29,2022-07,FY2023,4,CASH,Supplier payment PI-2022-00183,1072,1071,POSTED
JE-2022-01019,2022-07-15,2022-07-18,2022-07,FY2023,4,CASH,Supplier payment PI-2022-00184,1072,1071,POSTED
JE-2022-01020,2022-07-21,2022-07-22,2022-07,FY2023,4,CASH,Supplier payment PI-2022-00185,1072,1071,POSTED
JE-2022-01021,2022-07-21,2022-07-22,2022-07,FY2023,4,CASH,Supplier payment PI-2022-00187,1072,1071,POSTED
JE-2022-01022,2022-07-22,2022-07-22,2022-07,FY2023,4,CASH,Supplier payment PI-2022-00188,1072,1071,POSTED
JE-2022-01023,2022-07-28,2022-07-29,2022-07,FY2023,4,CASH,Supplier payment PI-2022-00189,1072,1071,POSTED
JE-2022-01024,2022-07-22,2022-07-22,2022-07,FY2023,4,CASH,Supplier payment PI-2022-00190,1072,1071,POSTED
JE-2022-01025,2022-07-13,2022-07-13,2022-07,FY2023,4,CASH,Supplier payment PI-2022-00193,1072,1071,POSTED
JE-2022-01026,2022-07-13,2022-07-15,2022-07,FY2023,4,CASH,Supplier payment PI-2022-00195,1072,1071,POSTED
JE-2022-01027,2022-07-15,2022-07-15,2022-07,FY2023,4,CASH,Supplier payment PI-2022-00196,1072,1071,POSTED
JE-2022-01028,2022-07-29,2022-07-29,2022-07,FY2023,4,CASH,Supplier payment PI-2022-00221,1072,1071,POSTED
JE-2022-01029,2022-07-29,2022-07-29,2022-07,FY2023,4,CASH,Supplier payment PI-2022-00231,1072,1071,POSTED
JE-2022-01030,2022-07-18,2022-07-21,2022-07,FY2023,4,CASH,Supplier payment PI-2022-00234,1072,1071,POSTED
JE-2022-01031,2022-07-28,2022-07-28,2022-07,FY2023,4,PAYROLL,Payroll July 2022,1072,1071,POSTED
JE-2022-01032,2022-07-31,2022-08-02,2022-07,FY2023,4,GENERAL,Depreciation Jul 2022,1072,1071,POSTED
JE-2022-01033,2022-07-31,2022-08-02,2022-07,FY2023,4,GENERAL,Bank charges and interest Jul 2022,1072,1071,POSTED
JE-2022-01034,2022-07-07,2022-07-07,2022-07,FY2023,4,GENERAL,VAT return payment,1072,1071,POSTED
JE-2022-01035,2022-08-01,2022-08-02,2022-08,FY2023,5,AR,Sales invoice SI-2022-00336,1072,1071,POSTED
JE-2022-01036,2022-08-30,2022-08-30,2022-08,FY2023,5,AR,Sales invoice SI-2022-00337,1072,1071,POSTED
JE-2022-01037,2022-08-19,2022-08-22,2022-08,FY2023,5,AR,Sales invoice SI-2022-00338,1072,1071,POSTED
JE-2022-01038,2022-08-31,2022-09-01,2022-08,FY2023,5,AR,Sales invoice SI-2022-00339,1072,1071,POSTED
JE-2022-01039,2022-08-12,2022-08-12,2022-08,FY2023,5,AR,Sales invoice SI-2022-00340,1072,1071,POSTED
JE-2022-01040,2022-08-09,2022-08-12,2022-08,FY2023,5,AR,Sales invoice SI-2022-00341,1072,1071,POSTED
JE-2022-01041,2022-08-25,2022-08-26,2022-08,FY2023,5,AR,Sales invoice SI-2022-00342,1072,1071,POSTED
JE-2022-01042,2022-08-19,2022-08-19,2022-08,FY2023,5,AR,Sales invoice SI-2022-00343,1072,1071,POSTED
JE-2022-01043,2022-08-19,2022-08-19,2022-08,FY2023,5,AR,Sales invoice SI-2022-00344,1072,1071,POSTED
JE-2022-01044,2022-08-17,2022-08-19,2022-08,FY2023,5,AR,Sales invoice SI-2022-00345,1072,1071,POSTED
JE-2022-01045,2022-08-26,2022-08-26,2022-08,FY2023,5,AR,Sales invoice SI-2022-00346,1072,1071,POSTED
JE-2022-01046,2022-08-26,2022-08-26,2022-08,FY2023,5,AR,Sales invoice SI-2022-00347,1072,1071,POSTED
JE-2022-01047,2022-08-04,2022-08-05,2022-08,FY2023,5,AR,Sales invoice SI-2022-00348,1072,1071,POSTED
JE-2022-01048,2022-08-26,2022-08-26,2022-08,FY2023,5,AR,Sales invoice SI-2022-00349,1072,1071,POSTED
JE-2022-01049,2022-08-19,2022-08-19,2022-08,FY2023,5,AR,Sales invoice SI-2022-00350,1072,1071,POSTED
JE-2022-01050,2022-08-12,2022-08-12,2022-08,FY2023,5,AR,Sales invoice SI-2022-00351,1072,1071,POSTED
JE-2022-01051,2022-08-26,2022-08-29,2022-08,FY2023,5,AR,Sales invoice SI-2022-00352,1072,1071,POSTED
JE-2022-01052,2022-08-01,2022-08-04,2022-08,FY2023,5,AR,Sales invoice SI-2022-00353,1072,1071,POSTED
JE-2022-01053,2022-08-12,2022-08-15,2022-08,FY2023,5,AR,Sales invoice SI-2022-00354,1072,1071,POSTED
JE-2022-01054,2022-08-17,2022-08-19,2022-08,FY2023,5,AR,Sales invoice SI-2022-00355,1072,1071,POSTED
JE-2022-01055,2022-08-17,2022-08-19,2022-08,FY2023,5,AR,Sales invoice SI-2022-00356,1072,1071,POSTED
JE-2022-01056,2022-08-29,2022-08-31,2022-08,FY2023,5,AR,Sales invoice SI-2022-00357,1072,1071,POSTED
JE-2022-01057,2022-08-26,2022-08-29,2022-08,FY2023,5,AR,Sales invoice SI-2022-00358,1072,1071,POSTED
JE-2022-01058,2022-08-19,2022-08-19,2022-08,FY2023,5,AR,Sales invoice SI-2022-00359,1072,1071,POSTED
JE-2022-01059,2022-08-22,2022-08-25,2022-08,FY2023,5,AR,Sales invoice SI-2022-00360,1072,1071,POSTED
JE-2022-01060,2022-08-04,2022-08-05,2022-08,FY2023,5,AR,Sales invoice SI-2022-00361,1072,1071,POSTED
JE-2022-01061,2022-08-12,2022-08-12,2022-08,FY2023,5,AR,Sales invoice SI-2022-00362,1072,1071,POSTED
JE-2022-01062,2022-08-26,2022-08-26,2022-08,FY2023,5,AR,Sales invoice SI-2022-00363,1072,1071,POSTED
JE-2022-01063,2022-08-16,2022-08-17,2022-08,FY2023,5,AR,Sales invoice SI-2022-00364,1072,1071,POSTED
JE-2022-01064,2022-08-16,2022-08-17,2022-08,FY2023,5,AR,Sales invoice SI-2022-00365,1072,1071,POSTED
JE-2022-01065,2022-08-26,2022-08-26,2022-08,FY2023,5,AR,Sales invoice SI-2022-00366,1072,1071,POSTED
JE-2022-01066,2022-08-22,2022-08-24,2022-08,FY2023,5,AR,Sales invoice SI-2022-00367,1072,1071,POSTED
JE-2022-01067,2022-08-31,2022-08-31,2022-08,FY2023,5,AR,Sales invoice SI-2022-00368,1072,1071,POSTED
JE-2022-01068,2022-08-26,2022-08-29,2022-08,FY2023,5,AR,Sales invoice SI-2022-00369,1072,1071,POSTED
JE-2022-01069,2022-08-19,2022-08-22,2022-08,FY2023,5,AR,Sales invoice SI-2022-00370,1072,1071,POSTED
JE-2022-01070,2022-08-26,2022-08-26,2022-08,FY2023,5,AR,Sales invoice SI-2022-00371,1072,1071,POSTED
JE-2022-01071,2022-08-05,2022-08-05,2022-08,FY2023,5,AR,Sales invoice SI-2022-00372,1072,1071,POSTED
JE-2022-01072,2022-08-05,2022-08-05,2022-08,FY2023,5,AR,Sales invoice SI-2022-00373,1072,1071,POSTED
JE-2022-01073,2022-08-12,2022-08-15,2022-08,FY2023,5,AR,Sales invoice SI-2022-00374,1072,1071,POSTED
JE-2022-01074,2022-08-12,2022-08-12,2022-08,FY2023,5,AP,Purchase invoice PI-2022-00236,1072,1071,POSTED
JE-2022-01075,2022-08-25,2022-08-25,2022-08,FY2023,5,AP,Purchase invoice PI-2022-00237,1072,1071,POSTED
JE-2022-01076,2022-08-01,2022-08-02,2022-08,FY2023,5,AP,Purchase invoice PI-2022-00238,1072,1071,POSTED
JE-2022-01077,2022-08-26,2022-08-26,2022-08,FY2023,5,AP,Purchase invoice PI-2022-00239,1072,1071,POSTED
JE-2022-01078,2022-08-23,2022-08-25,2022-08,FY2023,5,AP,Purchase invoice PI-2022-00240,1072,1071,POSTED
JE-2022-01079,2022-08-26,2022-08-26,2022-08,FY2023,5,AP,Purchase invoice PI-2022-00241,1072,1071,POSTED
JE-2022-01080,2022-08-08,2022-08-11,2022-08,FY2023,5,AP,Purchase invoice PI-2022-00242,1072,1071,POSTED
JE-2022-01081,2022-08-23,2022-08-24,2022-08,FY2023,5,AP,Purchase invoice PI-2022-00243,1072,1071,POSTED
JE-2022-01082,2022-08-26,2022-08-26,2022-08,FY2023,5,AP,Purchase invoice PI-2022-00244,1072,1071,POSTED
JE-2022-01083,2022-08-09,2022-08-11,2022-08,FY2023,5,AP,Purchase invoice PI-2022-00245,1072,1071,POSTED
JE-2022-01084,2022-08-29,2022-08-29,2022-08,FY2023,5,AP,Purchase invoice PI-2022-00246,1072,1071,POSTED
JE-2022-01085,2022-08-03,2022-08-03,2022-08,FY2023,5,AP,Purchase invoice PI-2022-00247,1072,1071,POSTED
JE-2022-01086,2022-08-04,2022-08-05,2022-08,FY2023,5,AP,Purchase invoice PI-2022-00248,1072,1071,POSTED
JE-2022-01087,2022-08-12,2022-08-12,2022-08,FY2023,5,AP,Purchase invoice PI-2022-00249,1072,1071,POSTED
JE-2022-01088,2022-08-03,2022-08-04,2022-08,FY2023,5,AP,Purchase invoice PI-2022-00250,1072,1071,POSTED
JE-2022-01089,2022-08-17,2022-08-19,2022-08,FY2023,5,AP,Purchase invoice PI-2022-00251,1072,1071,POSTED
JE-2022-01090,2022-08-01,2022-08-01,2022-08,FY2023,5,AP,Purchase invoice PI-2022-00252,1072,1071,POSTED
JE-2022-01091,2022-08-26,2022-08-26,2022-08,FY2023,5,AP,Purchase invoice PI-2022-00253,1072,1071,POSTED
JE-2022-01092,2022-08-09,2022-08-12,2022-08,FY2023,5,AP,Purchase invoice PI-2022-00254,1072,1071,POSTED
JE-2022-01093,2022-08-29,2022-08-31,2022-08,FY2023,5,AP,Purchase invoice PI-2022-00255,1072,1071,POSTED
JE-2022-01094,2022-08-19,2022-08-19,2022-08,FY2023,5,AP,Purchase invoice PI-2022-00256,1072,1071,POSTED
JE-2022-01095,2022-08-11,2022-08-12,2022-08,FY2023,5,AP,Purchase invoice PI-2022-00257,1072,1071,POSTED
JE-2022-01096,2022-08-26,2022-08-26,2022-08,FY2023,5,AP,Purchase invoice PI-2022-00258,1072,1071,POSTED
JE-2022-01097,2022-08-19,2022-08-19,2022-08,FY2023,5,AP,Purchase invoice PI-2022-00259,1072,1071,POSTED
JE-2022-01098,2022-08-01,2022-08-04,2022-08,FY2023,5,AP,Purchase invoice PI-2022-00260,1072,1071,POSTED
JE-2022-01099,2022-08-05,2022-08-05,2022-08,FY2023,5,AP,Purchase invoice PI-2022-00261,1072,1071,POSTED
JE-2022-01100,2022-08-17,2022-08-19,2022-08,FY2023,5,AP,Purchase invoice PI-2022-00262,1072,1071,POSTED
JE-2022-01101,2022-08-17,2022-08-19,2022-08,FY2023,5,AP,Purchase invoice PI-2022-00263,1072,1071,POSTED
JE-2022-01102,2022-08-26,2022-08-26,2022-08,FY2023,5,AP,Purchase invoice PI-2022-00264,1072,1071,POSTED
JE-2022-01103,2022-08-19,2022-08-22,2022-08,FY2023,5,AP,Purchase invoice PI-2022-00265,1072,1071,POSTED
JE-2022-01104,2022-08-26,2022-08-26,2022-08,FY2023,5,AP,Purchase invoice PI-2022-00266,1072,1071,POSTED
JE-2022-01105,2022-08-15,2022-08-16,2022-08,FY2023,5,AP,Purchase invoice PI-2022-00267,1072,1071,POSTED
JE-2022-01106,2022-08-17,2022-08-17,2022-08,FY2023,5,AP,Purchase invoice PI-2022-00268,1072,1071,POSTED
JE-2022-01107,2022-08-03,2022-08-05,2022-08,FY2023,5,AP,Purchase invoice PI-2022-00269,1072,1071,POSTED
JE-2022-01108,2022-08-25,2022-08-26,2022-08,FY2023,5,AP,Purchase invoice PI-2022-00270,1072,1071,POSTED
JE-2022-01109,2022-07-13,2022-07-14,2022-07,FY2023,4,CASH,Customer receipt SI-2022-00140,1072,1071,POSTED
JE-2022-01110,2022-07-08,2022-07-08,2022-07,FY2023,4,CASH,Customer receipt SI-2022-00167,1072,1071,POSTED
JE-2022-01111,2022-06-29,2022-07-01,2022-06,FY2023,3,CASH,Customer receipt SI-2022-00168,1072,1071,POSTED
JE-2022-01112,2022-07-22,2022-07-22,2022-07,FY2023,4,CASH,Customer receipt SI-2022-00181,1072,1071,POSTED
JE-2022-01113,2022-06-17,2022-06-17,2022-06,FY2023,3,CASH,Customer receipt SI-2022-00190,1072,1071,POSTED
JE-2022-01114,2022-08-18,2022-08-18,2022-08,FY2023,5,CASH,Customer receipt SI-2022-00201,1072,1071,POSTED
JE-2022-01115,2022-08-25,2022-08-26,2022-08,FY2023,5,CASH,Customer receipt SI-2022-00206,1072,1071,POSTED
JE-2022-01116,2022-07-22,2022-07-25,2022-07,FY2023,4,CASH,Customer receipt SI-2022-00208,1072,1071,POSTED
JE-2022-01117,2022-08-25,2022-08-26,2022-08,FY2023,5,CASH,Customer receipt SI-2022-00220,1072,1071,POSTED
JE-2022-01118,2022-08-12,2022-08-15,2022-08,FY2023,5,CASH,Customer receipt SI-2022-00234,1072,1071,POSTED
JE-2022-01119,2022-08-31,2022-08-31,2022-08,FY2023,5,CASH,Customer receipt SI-2022-00241,1072,1071,POSTED
JE-2022-01120,2022-07-27,2022-07-29,2022-07,FY2023,4,CASH,Customer receipt SI-2022-00242,1072,1071,POSTED
JE-2022-01121,2022-07-22,2022-07-22,2022-07,FY2023,4,CASH,Customer receipt SI-2022-00243,1072,1071,POSTED
JE-2022-01122,2022-08-10,2022-08-12,2022-08,FY2023,5,CASH,Customer receipt SI-2022-00245,1072,1071,POSTED
JE-2022-01123,2022-07-29,2022-07-29,2022-07,FY2023,4,CASH,Customer receipt SI-2022-00252,1072,1071,POSTED
JE-2022-01124,2022-08-18,2022-08-19,2022-08,FY2023,5,CASH,Customer receipt SI-2022-00254,1072,1071,POSTED
JE-2022-01125,2022-07-29,2022-07-29,2022-07,FY2023,4,CASH,Customer receipt SI-2022-00259,1072,1071,POSTED
JE-2022-01126,2022-08-24,2022-08-26,2022-08,FY2023,5,CASH,Customer receipt SI-2022-00260,1072,1071,POSTED
JE-2022-01127,2022-07-28,2022-07-29,2022-07,FY2023,4,CASH,Customer receipt SI-2022-00264,1072,1071,POSTED
JE-2022-01128,2022-08-02,2022-08-04,2022-08,FY2023,5,CASH,Customer receipt SI-2022-00273,1072,1071,POSTED
JE-2022-01129,2022-08-22,2022-08-24,2022-08,FY2023,5,CASH,Customer receipt SI-2022-00276,1072,1071,POSTED
JE-2022-01130,2022-08-03,2022-08-05,2022-08,FY2023,5,CASH,Customer receipt SI-2022-00278,1072,1071,POSTED
JE-2022-01131,2022-07-22,2022-07-22,2022-07,FY2023,4,CASH,Customer receipt SI-2022-00282,1072,1071,POSTED
JE-2022-01132,2022-07-18,2022-07-21,2022-07,FY2023,4,CASH,Customer receipt SI-2022-00284,1072,1071,POSTED
JE-2022-01133,2022-07-27,2022-07-29,2022-07,FY2023,4,CASH,Customer receipt SI-2022-00286,1072,1071,POSTED
JE-2022-01134,2022-07-25,2022-07-25,2022-07,FY2023,4,CASH,Customer receipt SI-2022-00287,1072,1071,POSTED
JE-2022-01135,2022-08-11,2022-08-12,2022-08,FY2023,5,CASH,Customer receipt SI-2022-00289,1072,1071,POSTED
JE-2022-01136,2022-08-12,2022-08-12,2022-08,FY2023,5,CASH,Customer receipt SI-2022-00292,1072,1071,POSTED
JE-2022-01137,2022-08-05,2022-08-05,2022-08,FY2023,5,CASH,Customer receipt SI-2022-00294,1072,1071,POSTED
JE-2022-01138,2022-08-12,2022-08-12,2022-08,FY2023,5,CASH,Customer receipt SI-2022-00296,1072,1071,POSTED
JE-2022-01139,2022-08-01,2022-08-03,2022-08,FY2023,5,CASH,Customer receipt SI-2022-00297,1072,1071,POSTED
JE-2022-01140,2022-08-11,2022-08-12,2022-08,FY2023,5,CASH,Customer receipt SI-2022-00299,1072,1071,POSTED
JE-2022-01141,2022-08-29,2022-09-01,2022-08,FY2023,5,CASH,Customer receipt SI-2022-00300,1072,1071,POSTED
JE-2022-01142,2022-07-22,2022-07-22,2022-07,FY2023,4,CASH,Customer receipt SI-2022-00301,1072,1071,POSTED
JE-2022-01143,2022-08-26,2022-08-29,2022-08,FY2023,5,CASH,Customer receipt SI-2022-00304,1072,1071,POSTED
JE-2022-01144,2022-08-04,2022-08-05,2022-08,FY2023,5,CASH,Customer receipt SI-2022-00305,1072,1071,POSTED
JE-2022-01145,2022-08-19,2022-08-19,2022-08,FY2023,5,CASH,Customer receipt SI-2022-00312,1072,1071,POSTED
JE-2022-01146,2022-08-19,2022-08-19,2022-08,FY2023,5,CASH,Customer receipt SI-2022-00317,1072,1071,POSTED
JE-2022-01147,2022-08-09,2022-08-10,2022-08,FY2023,5,CASH,Customer receipt SI-2022-00321,1072,1071,POSTED
JE-2022-01148,2022-08-12,2022-08-12,2022-08,FY2023,5,CASH,Customer receipt SI-2022-00324,1072,1071,POSTED
JE-2022-01149,2022-08-12,2022-08-12,2022-08,FY2023,5,CASH,Customer receipt SI-2022-00326,1072,1071,POSTED
JE-2022-01150,2022-08-12,2022-08-12,2022-08,FY2023,5,CASH,Customer receipt SI-2022-00327,1072,1071,POSTED
JE-2022-01151,2022-08-29,2022-08-29,2022-08,FY2023,5,CASH,Customer receipt SI-2022-00330,1072,1071,POSTED
JE-2022-01152,2022-08-18,2022-08-19,2022-08,FY2023,5,CASH,Customer receipt SI-2022-00331,1072,1071,POSTED
JE-2022-01153,2022-08-19,2022-08-19,2022-08,FY2023,5,CASH,Customer receipt SI-2022-00332,1072,1071,POSTED
JE-2022-01154,2022-08-30,2022-08-31,2022-08,FY2023,5,CASH,Customer receipt SI-2022-00334,1072,1071,POSTED
JE-2022-01155,2022-08-26,2022-08-26,2022-08,FY2023,5,CASH,Customer receipt SI-2022-00335,1072,1071,POSTED
JE-2022-01156,2022-08-30,2022-09-02,2022-08,FY2023,5,CASH,Customer receipt SI-2022-00344,1072,1071,POSTED
JE-2022-01157,2022-08-19,2022-08-19,2022-08,FY2023,5,CASH,Customer receipt SI-2022-00372,1072,1071,POSTED
JE-2022-01158,2022-08-08,2022-08-08,2022-08,FY2023,5,CASH,Supplier payment PI-2022-00168,1072,1071,POSTED
JE-2022-01159,2022-08-29,2022-09-01,2022-08,FY2023,5,CASH,Supplier payment PI-2022-00170,1072,1071,POSTED
JE-2022-01160,2022-08-31,2022-09-02,2022-08,FY2023,5,CASH,Supplier payment PI-2022-00174,1072,1071,POSTED
JE-2022-01161,2022-08-16,2022-08-18,2022-08,FY2023,5,CASH,Supplier payment PI-2022-00176,1072,1071,POSTED
JE-2022-01162,2022-08-05,2022-08-05,2022-08,FY2023,5,CASH,Supplier payment PI-2022-00177,1072,1071,POSTED
JE-2022-01163,2022-08-09,2022-08-09,2022-08,FY2023,5,CASH,Supplier payment PI-2022-00186,1072,1071,POSTED
JE-2022-01164,2022-07-22,2022-07-22,2022-07,FY2023,4,CASH,Supplier payment PI-2022-00191,1072,1071,POSTED
JE-2022-01165,2022-07-22,2022-07-22,2022-07,FY2023,4,CASH,Supplier payment PI-2022-00192,1072,1071,POSTED
JE-2022-01166,2022-08-26,2022-08-26,2022-08,FY2023,5,CASH,Supplier payment PI-2022-00194,1072,1071,POSTED
JE-2022-01167,2022-08-19,2022-08-22,2022-08,FY2023,5,CASH,Supplier payment PI-2022-00197,1072,1071,POSTED
JE-2022-01168,2022-08-04,2022-08-05,2022-08,FY2023,5,CASH,Supplier payment PI-2022-00198,1072,1071,POSTED
JE-2022-01169,2022-08-19,2022-08-19,2022-08,FY2023,5,CASH,Supplier payment PI-2022-00200,1072,1071,POSTED
JE-2022-01170,2022-08-18,2022-08-18,2022-08,FY2023,5,CASH,Supplier payment PI-2022-00201,1072,1071,POSTED
JE-2022-01171,2022-08-12,2022-08-15,2022-08,FY2023,5,CASH,Supplier payment PI-2022-00202,1072,1071,POSTED
JE-2022-01172,2022-08-22,2022-08-24,2022-08,FY2023,5,CASH,Supplier payment PI-2022-00204,1072,1071,POSTED
JE-2022-01173,2022-08-12,2022-08-15,2022-08,FY2023,5,CASH,Supplier payment PI-2022-00205,1072,1071,POSTED
JE-2022-01174,2022-08-26,2022-08-29,2022-08,FY2023,5,CASH,Supplier payment PI-2022-00206,1072,1071,POSTED
JE-2022-01175,2022-08-24,2022-08-25,2022-08,FY2023,5,CASH,Supplier payment PI-2022-00208,1072,1071,POSTED
JE-2022-01176,2022-08-05,2022-08-05,2022-08,FY2023,5,CASH,Supplier payment PI-2022-00209,1072,1071,POSTED
JE-2022-01177,2022-08-23,2022-08-25,2022-08,FY2023,5,CASH,Supplier payment PI-2022-00210,1072,1071,POSTED
JE-2022-01178,2022-08-19,2022-08-19,2022-08,FY2023,5,CASH,Supplier payment PI-2022-00211,1072,1071,POSTED
JE-2022-01179,2022-08-24,2022-08-25,2022-08,FY2023,5,CASH,Supplier payment PI-2022-00212,1072,1071,POSTED
JE-2022-01180,2022-08-05,2022-08-05,2022-08,FY2023,5,CASH,Supplier payment PI-2022-00213,1072,1071,POSTED
JE-2022-01181,2022-08-03,2022-08-05,2022-08,FY2023,5,CASH,Supplier payment PI-2022-00217,1072,1071,POSTED
JE-2022-01182,2022-08-25,2022-08-25,2022-08,FY2023,5,CASH,Supplier payment PI-2022-00218,1072,1071,POSTED
JE-2022-01183,2022-08-17,2022-08-17,2022-08,FY2023,5,CASH,Supplier payment PI-2022-00219,1072,1071,POSTED
JE-2022-01184,2022-08-26,2022-08-26,2022-08,FY2023,5,CASH,Supplier payment PI-2022-00220,1072,1071,POSTED
JE-2022-01185,2022-08-05,2022-08-05,2022-08,FY2023,5,CASH,Supplier payment PI-2022-00222,1072,1071,POSTED
JE-2022-01186,2022-08-10,2022-08-12,2022-08,FY2023,5,CASH,Supplier payment PI-2022-00225,1072,1071,POSTED
JE-2022-01187,2022-08-19,2022-08-22,2022-08,FY2023,5,CASH,Supplier payment PI-2022-00227,1072,1071,POSTED
JE-2022-01188,2022-08-17,2022-08-18,2022-08,FY2023,5,CASH,Supplier payment PI-2022-00228,1072,1071,POSTED
JE-2022-01189,2022-08-26,2022-08-26,2022-08,FY2023,5,CASH,Supplier payment PI-2022-00230,1072,1071,POSTED
JE-2022-01190,2022-08-11,2022-08-12,2022-08,FY2023,5,CASH,Supplier payment PI-2022-00232,1072,1071,POSTED
JE-2022-01191,2022-08-30,2022-08-30,2022-08,FY2023,5,CASH,Supplier payment PI-2022-00233,1072,1071,POSTED
JE-2022-01192,2022-08-30,2022-09-01,2022-08,FY2023,5,CASH,Supplier payment PI-2022-00235,1072,1071,POSTED
JE-2022-01193,2022-08-31,2022-09-02,2022-08,FY2023,5,CASH,Supplier payment PI-2022-00262,1072,1071,POSTED
JE-2022-01194,2022-08-26,2022-08-26,2022-08,FY2023,5,PAYROLL,Payroll August 2022,1072,1071,POSTED
JE-2022-01195,2022-08-31,2022-08-31,2022-08,FY2023,5,GENERAL,Depreciation Aug 2022,1072,1071,POSTED
JE-2022-01196,2022-08-31,2022-09-02,2022-08,FY2023,5,GENERAL,Bank charges and interest Aug 2022,1072,1071,POSTED
JE-2022-01197,2022-09-06,2022-09-06,2022-09,FY2023,6,AR,Sales invoice SI-2022-00375,1072,1071,POSTED
JE-2022-01198,2022-09-14,2022-09-15,2022-09,FY2023,6,AR,Sales invoice SI-2022-00376,1072,1071,POSTED
JE-2022-01199,2022-09-14,2022-09-14,2022-09,FY2023,6,AR,Sales invoice SI-2022-00377,1072,1071,POSTED
JE-2022-01200,2022-09-26,2022-09-27,2022-09,FY2023,6,AR,Sales invoice SI-2022-00378,1072,1071,POSTED
JE-2022-01201,2022-09-16,2022-09-16,2022-09,FY2023,6,AR,Sales invoice SI-2022-00379,1072,1071,POSTED
JE-2022-01202,2022-09-09,2022-09-09,2022-09,FY2023,6,AR,Sales invoice SI-2022-00380,1072,1071,POSTED
JE-2022-01203,2022-09-02,2022-09-02,2022-09,FY2023,6,AR,Sales invoice SI-2022-00381,1072,1071,POSTED
JE-2022-01204,2022-09-06,2022-09-07,2022-09,FY2023,6,AR,Sales invoice SI-2022-00382,1072,1071,POSTED
JE-2022-01205,2022-09-19,2022-09-19,2022-09,FY2023,6,AR,Sales invoice SI-2022-00383,1072,1071,POSTED
JE-2022-01206,2022-09-09,2022-09-12,2022-09,FY2023,6,AR,Sales invoice SI-2022-00384,1072,1071,POSTED
JE-2022-01207,2022-09-05,2022-09-05,2022-09,FY2023,6,AR,Sales invoice SI-2022-00385,1072,1071,POSTED
JE-2022-01208,2022-09-23,2022-09-23,2022-09,FY2023,6,AR,Sales invoice SI-2022-00386,1072,1071,POSTED
JE-2022-01209,2022-09-02,2022-09-05,2022-09,FY2023,6,AR,Sales invoice SI-2022-00387,1072,1071,POSTED
JE-2022-01210,2022-09-08,2022-09-08,2022-09,FY2023,6,AR,Sales invoice SI-2022-00388,1072,1071,POSTED
JE-2022-01211,2022-09-29,2022-09-30,2022-09,FY2023,6,AR,Sales invoice SI-2022-00389,1072,1071,POSTED
JE-2022-01212,2022-09-23,2022-09-26,2022-09,FY2023,6,AR,Sales invoice SI-2022-00390,1072,1071,POSTED
JE-2022-01213,2022-09-09,2022-09-12,2022-09,FY2023,6,AR,Sales invoice SI-2022-00391,1072,1071,POSTED
JE-2022-01214,2022-09-22,2022-09-23,2022-09,FY2023,6,AR,Sales invoice SI-2022-00392,1072,1071,POSTED
JE-2022-01215,2022-09-26,2022-09-29,2022-09,FY2023,6,AR,Sales invoice SI-2022-00393,1072,1071,POSTED
JE-2022-01216,2022-09-23,2022-09-26,2022-09,FY2023,6,AR,Sales invoice SI-2022-00394,1072,1071,POSTED
JE-2022-01217,2022-09-22,2022-09-23,2022-09,FY2023,6,AR,Sales invoice SI-2022-00395,1072,1071,POSTED
JE-2022-01218,2022-09-16,2022-09-16,2022-09,FY2023,6,AR,Sales invoice SI-2022-00396,1072,1071,POSTED
JE-2022-01219,2022-09-29,2022-09-30,2022-09,FY2023,6,AR,Sales invoice SI-2022-00397,1072,1071,POSTED
JE-2022-01220,2022-09-02,2022-09-02,2022-09,FY2023,6,AR,Sales invoice SI-2022-00398,1072,1071,POSTED
JE-2022-01221,2022-09-15,2022-09-16,2022-09,FY2023,6,AR,Sales invoice SI-2022-00399,1072,1071,POSTED
JE-2022-01222,2022-09-13,2022-09-14,2022-09,FY2023,6,AR,Sales invoice SI-2022-00400,1072,1071,POSTED
JE-2022-01223,2022-09-29,2022-09-30,2022-09,FY2023,6,AR,Sales invoice SI-2022-00401,1072,1071,POSTED
JE-2022-01224,2022-09-06,2022-09-09,2022-09,FY2023,6,AR,Sales invoice SI-2022-00402,1072,1071,POSTED
JE-2022-01225,2022-09-16,2022-09-16,2022-09,FY2023,6,AR,Sales invoice SI-2022-00403,1072,1071,POSTED
JE-2022-01226,2022-09-28,2022-09-29,2022-09,FY2023,6,AR,Sales invoice SI-2022-00404,1072,1071,POSTED
JE-2022-01227,2022-09-16,2022-09-16,2022-09,FY2023,6,AR,Sales invoice SI-2022-00405,1072,1071,POSTED
JE-2022-01228,2022-09-23,2022-09-23,2022-09,FY2023,6,AR,Sales invoice SI-2022-00406,1072,1071,POSTED
JE-2022-01229,2022-09-02,2022-09-05,2022-09,FY2023,6,AR,Sales invoice SI-2022-00407,1072,1071,POSTED
JE-2022-01230,2022-09-16,2022-09-16,2022-09,FY2023,6,AR,Sales invoice SI-2022-00408,1072,1071,POSTED
JE-2022-01231,2022-09-22,2022-09-23,2022-09,FY2023,6,AR,Sales invoice SI-2022-00409,1072,1071,POSTED
JE-2022-01232,2022-09-21,2022-09-23,2022-09,FY2023,6,AR,Sales invoice SI-2022-00410,1072,1071,POSTED
JE-2022-01233,2022-09-20,2022-09-23,2022-09,FY2023,6,AR,Sales invoice SI-2022-00411,1072,1071,POSTED
JE-2022-01234,2022-09-02,2022-09-02,2022-09,FY2023,6,AR,Sales invoice SI-2022-00412,1072,1071,POSTED
JE-2022-01235,2022-09-23,2022-09-23,2022-09,FY2023,6,AR,Sales invoice SI-2022-00413,1072,1071,POSTED
JE-2022-01236,2022-09-02,2022-09-02,2022-09,FY2023,6,AR,Sales invoice SI-2022-00414,1072,1071,POSTED
JE-2022-01237,2022-09-22,2022-09-22,2022-09,FY2023,6,AR,Sales invoice SI-2022-00415,1072,1071,POSTED
JE-2022-01238,2022-09-16,2022-09-19,2022-09,FY2023,6,AR,Sales invoice SI-2022-00416,1072,1071,POSTED
JE-2022-01239,2022-09-09,2022-09-09,2022-09,FY2023,6,AR,Sales invoice SI-2022-00417,1072,1071,POSTED
JE-2022-01240,2022-09-16,2022-09-19,2022-09,FY2023,6,AR,Sales invoice SI-2022-00418,1072,1071,POSTED
JE-2022-01241,2022-09-13,2022-09-16,2022-09,FY2023,6,AR,Sales invoice SI-2022-00419,1072,1071,POSTED
JE-2022-01242,2022-09-01,2022-09-02,2022-09,FY2023,6,AR,Sales invoice SI-2022-00420,1072,1071,POSTED
JE-2022-01243,2022-09-12,2022-09-13,2022-09,FY2023,6,AR,Sales invoice SI-2022-00421,1072,1071,POSTED
JE-2022-01244,2022-09-22,2022-09-22,2022-09,FY2023,6,AR,Sales invoice SI-2022-00422,1072,1071,POSTED
JE-2022-01245,2022-09-29,2022-09-29,2022-09,FY2023,6,AR,Sales invoice SI-2022-00423,1072,1071,POSTED
JE-2022-01246,2022-09-08,2022-09-09,2022-09,FY2023,6,AR,Sales invoice SI-2022-00424,1072,1071,POSTED
JE-2022-01247,2022-09-05,2022-09-06,2022-09,FY2023,6,AR,Sales invoice SI-2022-00425,1072,1071,POSTED
JE-2022-01248,2022-09-23,2022-09-26,2022-09,FY2023,6,AR,Sales invoice SI-2022-00426,1072,1071,POSTED
JE-2022-01249,2022-09-26,2022-09-27,2022-09,FY2023,6,AR,Sales invoice SI-2022-00427,1072,1071,POSTED
JE-2022-01250,2022-09-28,2022-09-28,2022-09,FY2023,6,AP,Purchase invoice PI-2022-00271,1072,1071,POSTED
JE-2022-01251,2022-09-29,2022-09-30,2022-09,FY2023,6,AP,Purchase invoice PI-2022-00272,1072,1071,POSTED
JE-2022-01252,2022-09-15,2022-09-16,2022-09,FY2023,6,AP,Purchase invoice PI-2022-00273,1072,1071,POSTED
JE-2022-01253,2022-09-26,2022-09-29,2022-09,FY2023,6,AP,Purchase invoice PI-2022-00274,1072,1071,POSTED
JE-2022-01254,2022-09-12,2022-09-13,2022-09,FY2023,6,AP,Purchase invoice PI-2022-00275,1072,1071,POSTED
JE-2022-01255,2022-09-05,2022-09-05,2022-09,FY2023,6,AP,Purchase invoice PI-2022-00276,1072,1071,POSTED
JE-2022-01256,2022-09-23,2022-09-23,2022-09,FY2023,6,AP,Purchase invoice PI-2022-00277,1072,1071,POSTED
JE-2022-01257,2022-09-09,2022-09-09,2022-09,FY2023,6,AP,Purchase invoice PI-2022-00278,1072,1071,POSTED
JE-2022-01258,2022-09-02,2022-09-02,2022-09,FY2023,6,AP,Purchase invoice PI-2022-00279,1072,1071,POSTED
JE-2022-01259,2022-09-23,2022-09-26,2022-09,FY2023,6,AP,Purchase invoice PI-2022-00280,1072,1071,POSTED
JE-2022-01260,2022-09-16,2022-09-16,2022-09,FY2023,6,AP,Purchase invoice PI-2022-00281,1072,1071,POSTED
JE-2022-01261,2022-09-09,2022-09-09,2022-09,FY2023,6,AP,Purchase invoice PI-2022-00282,1072,1071,POSTED
JE-2022-01262,2022-09-22,2022-09-23,2022-09,FY2023,6,AP,Purchase invoice PI-2022-00283,1072,1071,POSTED
JE-2022-01263,2022-09-21,2022-09-22,2022-09,FY2023,6,AP,Purchase invoice PI-2022-00284,1072,1071,POSTED
JE-2022-01264,2022-09-23,2022-09-23,2022-09,FY2023,6,AP,Purchase invoice PI-2022-00285,1072,1071,POSTED
JE-2022-01265,2022-09-16,2022-09-16,2022-09,FY2023,6,AP,Purchase invoice PI-2022-00286,1072,1071,POSTED
JE-2022-01266,2022-09-09,2022-09-09,2022-09,FY2023,6,AP,Purchase invoice PI-2022-00287,1072,1071,POSTED
JE-2022-01267,2022-09-14,2022-09-16,2022-09,FY2023,6,AP,Purchase invoice PI-2022-00288,1072,1071,POSTED
JE-2022-01268,2022-09-16,2022-09-16,2022-09,FY2023,6,AP,Purchase invoice PI-2022-00289,1072,1071,POSTED
JE-2022-01269,2022-09-07,2022-09-07,2022-09,FY2023,6,AP,Purchase invoice PI-2022-00290,1072,1071,POSTED
JE-2022-01270,2022-09-09,2022-09-12,2022-09,FY2023,6,AP,Purchase invoice PI-2022-00291,1072,1071,POSTED
JE-2022-01271,2022-09-01,2022-09-01,2022-09,FY2023,6,AP,Purchase invoice PI-2022-00292,1072,1071,POSTED
JE-2022-01272,2022-09-05,2022-09-08,2022-09,FY2023,6,AP,Purchase invoice PI-2022-00293,1072,1071,POSTED
JE-2022-01273,2022-09-02,2022-09-02,2022-09,FY2023,6,AP,Purchase invoice PI-2022-00294,1072,1071,POSTED
JE-2022-01274,2022-09-12,2022-09-15,2022-09,FY2023,6,AP,Purchase invoice PI-2022-00295,1072,1071,POSTED
JE-2022-01275,2022-09-16,2022-09-16,2022-09,FY2023,6,AP,Purchase invoice PI-2022-00296,1072,1071,POSTED
JE-2022-01276,2022-09-21,2022-09-23,2022-09,FY2023,6,AP,Purchase invoice PI-2022-00297,1072,1071,POSTED
JE-2022-01277,2022-09-23,2022-09-23,2022-09,FY2023,6,AP,Purchase invoice PI-2022-00298,1072,1071,POSTED
JE-2022-01278,2022-09-23,2022-09-23,2022-09,FY2023,6,AP,Purchase invoice PI-2022-00299,1072,1071,POSTED
JE-2022-01279,2022-09-02,2022-09-02,2022-09,FY2023,6,AP,Purchase invoice PI-2022-00300,1072,1071,POSTED
JE-2022-01280,2022-09-16,2022-09-19,2022-09,FY2023,6,AP,Purchase invoice PI-2022-00301,1072,1071,POSTED
JE-2022-01281,2022-09-15,2022-09-15,2022-09,FY2023,6,AP,Purchase invoice PI-2022-00302,1072,1071,POSTED
JE-2022-01282,2022-09-02,2022-09-05,2022-09,FY2023,6,AP,Purchase invoice PI-2022-00303,1072,1071,POSTED
JE-2022-01283,2022-09-01,2022-09-02,2022-09,FY2023,6,AP,Purchase invoice PI-2022-00304,1072,1071,POSTED
JE-2022-01284,2022-09-30,2022-09-30,2022-09,FY2023,6,CASH,Customer receipt SI-2022-00191,1072,1071,POSTED
JE-2022-01285,2022-09-02,2022-09-02,2022-09,FY2023,6,CASH,Customer receipt SI-2022-00212,1072,1071,POSTED
JE-2022-01286,2022-09-02,2022-09-02,2022-09,FY2023,6,CASH,Customer receipt SI-2022-00226,1072,1071,POSTED
JE-2022-01287,2022-09-06,2022-09-07,2022-09,FY2023,6,CASH,Customer receipt SI-2022-00248,1072,1071,POSTED
JE-2022-01288,2022-07-28,2022-07-28,2022-07,FY2023,4,CASH,Customer receipt SI-2022-00251,1072,1071,POSTED
JE-2022-01289,2022-09-23,2022-09-23,2022-09,FY2023,6,CASH,Customer receipt SI-2022-00255,1072,1071,POSTED
JE-2022-01290,2022-09-23,2022-09-23,2022-09,FY2023,6,CASH,Customer receipt SI-2022-00257,1072,1071,POSTED
JE-2022-01291,2022-08-12,2022-08-15,2022-08,FY2023,5,CASH,Customer receipt SI-2022-00261,1072,1071,POSTED
JE-2022-01292,2022-08-03,2022-08-05,2022-08,FY2023,5,CASH,Customer receipt SI-2022-00267,1072,1071,POSTED
JE-2022-01293,2022-09-12,2022-09-13,2022-09,FY2023,6,CASH,Customer receipt SI-2022-00270,1072,1071,POSTED
JE-2022-01294,2022-09-30,2022-09-30,2022-09,FY2023,6,CASH,Customer receipt SI-2022-00271,1072,1071,POSTED
JE-2022-01295,2022-08-26,2022-08-26,2022-08,FY2023,5,CASH,Customer receipt SI-2022-00280,1072,1071,POSTED
JE-2022-01296,2022-08-23,2022-08-23,2022-08,FY2023,5,CASH,Customer receipt SI-2022-00285,1072,1071,POSTED
JE-2022-01297,2022-09-20,2022-09-20,2022-09,FY2023,6,CASH,Customer receipt SI-2022-00290,1072,1071,POSTED
JE-2022-01298,2022-09-14,2022-09-16,2022-09,FY2023,6,CASH,Customer receipt SI-2022-00295,1072,1071,POSTED
JE-2022-01299,2022-09-20,2022-09-20,2022-09,FY2023,6,CASH,Customer receipt SI-2022-00298,1072,1071,POSTED
JE-2022-01300,2022-08-17,2022-08-18,2022-08,FY2023,5,CASH,Customer receipt SI-2022-00302,1072,1071,POSTED
JE-2022-01301,2022-09-02,2022-09-02,2022-09,FY2023,6,CASH,Customer receipt SI-2022-00307,1072,1071,POSTED
JE-2022-01302,2022-09-19,2022-09-22,2022-09,FY2023,6,CASH,Customer receipt SI-2022-00308,1072,1071,POSTED
JE-2022-01303,2022-09-02,2022-09-02,2022-09,FY2023,6,CASH,Customer receipt SI-2022-00311,1072,1071,POSTED
JE-2022-01304,2022-09-06,2022-09-09,2022-09,FY2023,6,CASH,Customer receipt SI-2022-00315,1072,1071,POSTED
JE-2022-01305,2022-08-26,2022-08-26,2022-08,FY2023,5,CASH,Customer receipt SI-2022-00318,1072,1071,POSTED
JE-2022-01306,2022-09-13,2022-09-14,2022-09,FY2023,6,CASH,Customer receipt SI-2022-00320,1072,1071,POSTED
JE-2022-01307,2022-08-24,2022-08-26,2022-08,FY2023,5,CASH,Customer receipt SI-2022-00322,1072,1071,POSTED
JE-2022-01308,2022-09-09,2022-09-12,2022-09,FY2023,6,CASH,Customer receipt SI-2022-00328,1072,1071,POSTED
JE-2022-01309,2022-09-30,2022-09-30,2022-09,FY2023,6,CASH,Customer receipt SI-2022-00329,1072,1071,POSTED
JE-2022-01310,2022-09-27,2022-09-29,2022-09,FY2023,6,CASH,Customer receipt SI-2022-00336,1072,1071,POSTED
JE-2022-01311,2022-09-23,2022-09-26,2022-09,FY2023,6,CASH,Customer receipt SI-2022-00340,1072,1071,POSTED
JE-2022-01312,2022-09-08,2022-09-09,2022-09,FY2023,6,CASH,Customer receipt SI-2022-00341,1072,1071,POSTED
JE-2022-01313,2022-09-09,2022-09-09,2022-09,FY2023,6,CASH,Customer receipt SI-2022-00347,1072,1071,POSTED
JE-2022-01314,2022-09-15,2022-09-15,2022-09,FY2023,6,CASH,Customer receipt SI-2022-00348,1072,1071,POSTED
JE-2022-01315,2022-09-23,2022-09-23,2022-09,FY2023,6,CASH,Customer receipt SI-2022-00351,1072,1071,POSTED
JE-2022-01316,2022-09-27,2022-09-30,2022-09,FY2023,6,CASH,Customer receipt SI-2022-00352,1072,1071,POSTED
JE-2022-01317,2022-08-26,2022-08-29,2022-08,FY2023,5,CASH,Customer receipt SI-2022-00353,1072,1071,POSTED
JE-2022-01318,2022-09-09,2022-09-09,2022-09,FY2023,6,CASH,Customer receipt SI-2022-00354,1072,1071,POSTED
JE-2022-01319,2022-09-30,2022-10-03,2022-09,FY2023,6,CASH,Customer receipt SI-2022-00355,1072,1071,POSTED
JE-2022-01320,2022-09-15,2022-09-16,2022-09,FY2023,6,CASH,Customer receipt SI-2022-00359,1072,1071,POSTED
JE-2022-01321,2022-09-09,2022-09-09,2022-09,FY2023,6,CASH,Customer receipt SI-2022-00366,1072,1071,POSTED
JE-2022-01322,2022-09-30,2022-09-30,2022-09,FY2023,6,CASH,Customer receipt SI-2022-00369,1072,1071,POSTED
JE-2022-01323,2022-09-28,2022-09-30,2022-09,FY2023,6,CASH,Customer receipt SI-2022-00391,1072,1071,POSTED
JE-2022-01324,2022-09-23,2022-09-26,2022-09,FY2023,6,CASH,Customer receipt SI-2022-00407,1072,1071,POSTED
JE-2022-01325,2022-07-27,2022-07-29,2022-07,FY2023,4,CASH,Supplier payment PI-2022-00199,1072,1071,POSTED
JE-2022-01326,2022-09-20,2022-09-20,2022-09,FY2023,6,CASH,Supplier payment PI-2022-00203,1072,1071,POSTED
JE-2022-01327,2022-09-02,2022-09-02,2022-09,FY2023,6,CASH,Supplier payment PI-2022-00207,1072,1071,POSTED
JE-2022-01328,2022-09-08,2022-09-09,2022-09,FY2023,6,CASH,Supplier payment PI-2022-00215,1072,1071,POSTED
JE-2022-01329,2022-08-26,2022-08-26,2022-08,FY2023,5,CASH,Supplier payment PI-2022-00216,1072,1071,POSTED
JE-2022-01330,2022-08-18,2022-08-19,2022-08,FY2023,5,CASH,Supplier payment PI-2022-00223,1072,1071,POSTED
JE-2022-01331,2022-09-23,2022-09-26,2022-09,FY2023,6,CASH,Supplier payment PI-2022-00224,1072,1071,POSTED
JE-2022-01332,2022-08-26,2022-08-26,2022-08,FY2023,5,CASH,Supplier payment PI-2022-00226,1072,1071,POSTED
JE-2022-01333,2022-08-19,2022-08-22,2022-08,FY2023,5,CASH,Supplier payment PI-2022-00229,1072,1071,POSTED
JE-2022-01334,2022-09-09,2022-09-09,2022-09,FY2023,6,CASH,Supplier payment PI-2022-00236,1072,1071,POSTED
JE-2022-01335,2022-09-27,2022-09-28,2022-09,FY2023,6,CASH,Supplier payment PI-2022-00237,1072,1071,POSTED
JE-2022-01336,2022-09-02,2022-09-02,2022-09,FY2023,6,CASH,Supplier payment PI-2022-00238,1072,1071,POSTED
JE-2022-01337,2022-09-12,2022-09-12,2022-09,FY2023,6,CASH,Supplier payment PI-2022-00239,1072,1071,POSTED
JE-2022-01338,2022-09-22,2022-09-23,2022-09,FY2023,6,CASH,Supplier payment PI-2022-00240,1072,1071,POSTED
JE-2022-01339,2022-09-09,2022-09-09,2022-09,FY2023,6,CASH,Supplier payment PI-2022-00242,1072,1071,POSTED
JE-2022-01340,2022-09-29,2022-09-30,2022-09,FY2023,6,CASH,Supplier payment PI-2022-00247,1072,1071,POSTED
JE-2022-01341,2022-09-23,2022-09-26,2022-09,FY2023,6,CASH,Supplier payment PI-2022-00248,1072,1071,POSTED
JE-2022-01342,2022-09-09,2022-09-12,2022-09,FY2023,6,CASH,Supplier payment PI-2022-00249,1072,1071,POSTED
JE-2022-01343,2022-09-14,2022-09-16,2022-09,FY2023,6,CASH,Supplier payment PI-2022-00250,1072,1071,POSTED
JE-2022-01344,2022-09-23,2022-09-23,2022-09,FY2023,6,CASH,Supplier payment PI-2022-00253,1072,1071,POSTED
JE-2022-01345,2022-09-09,2022-09-12,2022-09,FY2023,6,CASH,Supplier payment PI-2022-00254,1072,1071,POSTED
JE-2022-01346,2022-09-16,2022-09-16,2022-09,FY2023,6,CASH,Supplier payment PI-2022-00256,1072,1071,POSTED
JE-2022-01347,2022-09-23,2022-09-23,2022-09,FY2023,6,CASH,Supplier payment PI-2022-00257,1072,1071,POSTED
JE-2022-01348,2022-08-19,2022-08-19,2022-08,FY2023,5,CASH,Supplier payment PI-2022-00261,1072,1071,POSTED
JE-2022-01349,2022-09-20,2022-09-20,2022-09,FY2023,6,CASH,Supplier payment PI-2022-00263,1072,1071,POSTED
JE-2022-01350,2022-09-16,2022-09-16,2022-09,FY2023,6,CASH,Supplier payment PI-2022-00266,1072,1071,POSTED
JE-2022-01351,2022-09-23,2022-09-23,2022-09,FY2023,6,CASH,Supplier payment PI-2022-00268,1072,1071,POSTED
JE-2022-01352,2022-08-31,2022-09-02,2022-08,FY2023,5,CASH,Supplier payment PI-2022-00269,1072,1071,POSTED
JE-2022-01353,2022-09-22,2022-09-22,2022-09,FY2023,6,CASH,Supplier payment PI-2022-00270,1072,1071,POSTED
JE-2022-01354,2022-09-30,2022-09-30,2022-09,FY2023,6,CASH,Supplier payment PI-2022-00287,1072,1071,POSTED
JE-2022-01355,2022-09-16,2022-09-16,2022-09,FY2023,6,CASH,Supplier payment PI-2022-00294,1072,1071,POSTED
JE-2022-01356,2022-09-28,2022-09-30,2022-09,FY2023,6,PAYROLL,Payroll September 2022,1072,1071,POSTED
JE-2022-01357,2022-09-30,2022-10-03,2022-09,FY2023,6,GENERAL,Depreciation Sep 2022,1072,1071,POSTED
JE-2022-01358,2022-09-30,2022-10-03,2022-09,FY2023,6,GENERAL,Bank charges and interest Sep 2022,1072,1071,POSTED
JE-2022-01359,2022-10-06,2022-10-07,2022-10,FY2023,7,AR,Sales invoice SI-2022-00428,1072,1071,POSTED
JE-2022-01360,2022-10-07,2022-10-07,2022-10,FY2023,7,AR,Sales invoice SI-2022-00429,1072,1071,POSTED
JE-2022-01361,2022-10-24,2022-10-24,2022-10,FY2023,7,AR,Sales invoice SI-2022-00430,1072,1071,POSTED
JE-2022-01362,2022-10-11,2022-10-12,2022-10,FY2023,7,AR,Sales invoice SI-2022-00431,1072,1071,POSTED
JE-2022-01363,2022-10-13,2022-10-14,2022-10,FY2023,7,AR,Sales invoice SI-2022-00432,1072,1071,POSTED
JE-2022-01364,2022-10-21,2022-10-21,2022-10,FY2023,7,AR,Sales invoice SI-2022-00433,1072,1071,POSTED
JE-2022-01365,2022-10-28,2022-10-28,2022-10,FY2023,7,AR,Sales invoice SI-2022-00434,1072,1071,POSTED
JE-2022-01366,2022-10-10,2022-10-11,2022-10,FY2023,7,AR,Sales invoice SI-2022-00435,1072,1071,POSTED
JE-2022-01367,2022-10-28,2022-10-31,2022-10,FY2023,7,AR,Sales invoice SI-2022-00436,1072,1071,POSTED
JE-2022-01368,2022-10-03,2022-10-06,2022-10,FY2023,7,AR,Sales invoice SI-2022-00437,1072,1071,POSTED
JE-2022-01369,2022-10-28,2022-10-31,2022-10,FY2023,7,AR,Sales invoice SI-2022-00438,1072,1071,POSTED
JE-2022-01370,2022-10-21,2022-10-24,2022-10,FY2023,7,AR,Sales invoice SI-2022-00439,1072,1071,POSTED
JE-2022-01371,2022-10-10,2022-10-12,2022-10,FY2023,7,AR,Sales invoice SI-2022-00440,1072,1071,POSTED
JE-2022-01372,2022-10-03,2022-10-05,2022-10,FY2023,7,AR,Sales invoice SI-2022-00441,1072,1071,POSTED
JE-2022-01373,2022-10-28,2022-10-31,2022-10,FY2023,7,AR,Sales invoice SI-2022-00442,1072,1071,POSTED
JE-2022-01374,2022-10-14,2022-10-14,2022-10,FY2023,7,AR,Sales invoice SI-2022-00443,1072,1071,POSTED
JE-2022-01375,2022-10-13,2022-10-14,2022-10,FY2023,7,AR,Sales invoice SI-2022-00444,1072,1071,POSTED
JE-2022-01376,2022-09-30,2022-09-30,2022-09,FY2023,6,AR,Sales invoice SI-2022-00445,1072,1071,POSTED
JE-2022-01377,2022-10-05,2022-10-06,2022-10,FY2023,7,AR,Sales invoice SI-2022-00446,1072,1071,POSTED
JE-2022-01378,2022-10-20,2022-10-20,2022-10,FY2023,7,AR,Sales invoice SI-2022-00447,1072,1071,POSTED
JE-2022-01379,2022-10-05,2022-10-05,2022-10,FY2023,7,AR,Sales invoice SI-2022-00448,1072,1071,POSTED
JE-2022-01380,2022-10-03,2022-10-04,2022-10,FY2023,7,AR,Sales invoice SI-2022-00449,1072,1071,POSTED
JE-2022-01381,2022-10-14,2022-10-14,2022-10,FY2023,7,AR,Sales invoice SI-2022-00450,1072,1071,POSTED
JE-2022-01382,2022-10-28,2022-10-31,2022-10,FY2023,7,AR,Sales invoice SI-2022-00451,1072,1071,POSTED
JE-2022-01383,2022-09-30,2022-09-30,2022-09,FY2023,6,AR,Sales invoice SI-2022-00452,1072,1071,POSTED
JE-2022-01384,2022-10-28,2022-10-31,2022-10,FY2023,7,AR,Sales invoice SI-2022-00453,1072,1071,POSTED
JE-2022-01385,2022-09-30,2022-10-03,2022-09,FY2023,6,AR,Sales invoice SI-2022-00454,1072,1071,POSTED
JE-2022-01386,2022-10-03,2022-10-04,2022-10,FY2023,7,AR,Sales invoice SI-2022-00455,1072,1071,POSTED
JE-2022-01387,2022-10-27,2022-10-28,2022-10,FY2023,7,AR,Sales invoice SI-2022-00456,1072,1071,POSTED
JE-2022-01388,2022-10-12,2022-10-14,2022-10,FY2023,7,AR,Sales invoice SI-2022-00457,1072,1071,POSTED
JE-2022-01389,2022-10-18,2022-10-21,2022-10,FY2023,7,AR,Sales invoice SI-2022-00458,1072,1071,POSTED
JE-2022-01390,2022-10-13,2022-10-13,2022-10,FY2023,7,AR,Sales invoice SI-2022-00459,1072,1071,POSTED
JE-2022-01391,2022-10-07,2022-10-07,2022-10,FY2023,7,AR,Sales invoice SI-2022-00460,1072,1071,POSTED
JE-2022-01392,2022-10-12,2022-10-14,2022-10,FY2023,7,AR,Sales invoice SI-2022-00461,1072,1071,POSTED
JE-2022-01393,2022-10-20,2022-10-21,2022-10,FY2023,7,AR,Sales invoice SI-2022-00462,1072,1071,POSTED
JE-2022-01394,2022-10-31,2022-10-31,2022-10,FY2023,7,AR,Sales invoice SI-2022-00463,1072,1071,POSTED
JE-2022-01395,2022-09-30,2022-09-30,2022-09,FY2023,6,AR,Sales invoice SI-2022-00464,1072,1071,POSTED
JE-2022-01396,2022-10-21,2022-10-21,2022-10,FY2023,7,AR,Sales invoice SI-2022-00465,1072,1071,POSTED
JE-2022-01397,2022-10-24,2022-10-25,2022-10,FY2023,7,AR,Sales invoice SI-2022-00466,1072,1071,POSTED
JE-2022-01398,2022-10-07,2022-10-10,2022-10,FY2023,7,AR,Sales invoice SI-2022-00467,1072,1071,POSTED
JE-2022-01399,2022-10-31,2022-10-31,2022-10,FY2023,7,AR,Sales invoice SI-2022-00468,1072,1071,POSTED
JE-2022-01400,2022-10-14,2022-10-14,2022-10,FY2023,7,AR,Sales invoice SI-2022-00469,1072,1071,POSTED
JE-2022-01401,2022-10-26,2022-10-28,2022-10,FY2023,7,AR,Sales invoice SI-2022-00470,1072,1071,POSTED
JE-2022-01402,2022-10-14,2022-10-14,2022-10,FY2023,7,AR,Sales invoice SI-2022-00471,1072,1071,POSTED
JE-2022-01403,2022-10-19,2022-10-19,2022-10,FY2023,7,AR,Sales invoice SI-2022-00472,1072,1071,POSTED
JE-2022-01404,2022-09-30,2022-09-30,2022-09,FY2023,6,AR,Sales invoice SI-2022-00473,1072,1071,POSTED
JE-2022-01405,2022-10-12,2022-10-13,2022-10,FY2023,7,AR,Sales invoice SI-2022-00474,1072,1071,POSTED
JE-2022-01406,2022-10-25,2022-10-27,2022-10,FY2023,7,AR,Sales invoice SI-2022-00475,1072,1071,POSTED
JE-2022-01407,2022-10-11,2022-10-14,2022-10,FY2023,7,AR,Sales invoice SI-2022-00476,1072,1071,POSTED
JE-2022-01408,2022-10-05,2022-10-07,2022-10,FY2023,7,AR,Sales invoice SI-2022-00477,1072,1071,POSTED
JE-2022-01409,2022-10-19,2022-10-21,2022-10,FY2023,7,AR,Sales invoice SI-2022-00478,1072,1071,POSTED
JE-2022-01410,2022-10-05,2022-10-07,2022-10,FY2023,7,AR,Sales invoice SI-2022-00479,1072,1071,POSTED
JE-2022-01411,2022-10-28,2022-10-28,2022-10,FY2023,7,AR,Sales invoice SI-2022-00480,1072,1071,POSTED
JE-2022-01412,2022-10-27,2022-10-27,2022-10,FY2023,7,AR,Sales invoice SI-2022-00481,1072,1071,POSTED
JE-2022-01413,2022-10-24,2022-10-27,2022-10,FY2023,7,AR,Sales invoice SI-2022-00482,1072,1071,POSTED
JE-2022-01414,2022-10-28,2022-10-31,2022-10,FY2023,7,AP,Purchase invoice PI-2022-00305,1072,1071,POSTED
JE-2022-01415,2022-10-11,2022-10-11,2022-10,FY2023,7,AP,Purchase invoice PI-2022-00306,1072,1071,POSTED
JE-2022-01416,2022-10-06,2022-10-06,2022-10,FY2023,7,AP,Purchase invoice PI-2022-00307,1072,1071,POSTED
JE-2022-01417,2022-10-28,2022-10-31,2022-10,FY2023,7,AP,Purchase invoice PI-2022-00308,1072,1071,POSTED
JE-2022-01418,2022-10-27,2022-10-28,2022-10,FY2023,7,AP,Purchase invoice PI-2022-00309,1072,1071,POSTED
JE-2022-01419,2022-09-30,2022-09-30,2022-09,FY2023,6,AP,Purchase invoice PI-2022-00310,1072,1071,POSTED
JE-2022-01420,2022-10-12,2022-10-14,2022-10,FY2023,7,AP,Purchase invoice PI-2022-00311,1072,1071,POSTED
JE-2022-01421,2022-10-06,2022-10-06,2022-10,FY2023,7,AP,Purchase invoice PI-2022-00312,1072,1071,POSTED
JE-2022-01422,2022-10-27,2022-10-28,2022-10,FY2023,7,AP,Purchase invoice PI-2022-00313,1072,1071,POSTED
JE-2022-01423,2022-10-05,2022-10-07,2022-10,FY2023,7,AP,Purchase invoice PI-2022-00314,1072,1071,POSTED
JE-2022-01424,2022-10-27,2022-10-28,2022-10,FY2023,7,AP,Purchase invoice PI-2022-00315,1072,1071,POSTED
JE-2022-01425,2022-09-30,2022-09-30,2022-09,FY2023,6,AP,Purchase invoice PI-2022-00316,1072,1071,POSTED
JE-2022-01426,2022-10-14,2022-10-14,2022-10,FY2023,7,AP,Purchase invoice PI-2022-00317,1072,1071,POSTED
JE-2022-01427,2022-10-07,2022-10-10,2022-10,FY2023,7,AP,Purchase invoice PI-2022-00318,1072,1071,POSTED
JE-2022-01428,2022-09-30,2022-09-30,2022-09,FY2023,6,AP,Purchase invoice PI-2022-00319,1072,1071,POSTED
JE-2022-01429,2022-10-13,2022-10-14,2022-10,FY2023,7,AP,Purchase invoice PI-2022-00320,1072,1071,POSTED
JE-2022-01430,2022-10-24,2022-10-26,2022-10,FY2023,7,AP,Purchase invoice PI-2022-00321,1072,1071,POSTED
JE-2022-01431,2022-10-26,2022-10-28,2022-10,FY2023,7,AP,Purchase invoice PI-2022-00322,1072,1071,POSTED
JE-2022-01432,2022-10-26,2022-10-26,2022-10,FY2023,7,AP,Purchase invoice PI-2022-00323,1072,1071,POSTED
JE-2022-01433,2022-10-11,2022-10-13,2022-10,FY2023,7,AP,Purchase invoice PI-2022-00324,1072,1071,POSTED
JE-2022-01434,2022-10-03,2022-10-05,2022-10,FY2023,7,AP,Purchase invoice PI-2022-00325,1072,1071,POSTED
JE-2022-01435,2022-09-30,2022-09-30,2022-09,FY2023,6,AP,Purchase invoice PI-2022-00326,1072,1071,POSTED
JE-2022-01436,2022-10-07,2022-10-07,2022-10,FY2023,7,AP,Purchase invoice PI-2022-00327,1072,1071,POSTED
JE-2022-01437,2022-10-20,2022-10-20,2022-10,FY2023,7,AP,Purchase invoice PI-2022-00328,1072,1071,POSTED
JE-2022-01438,2022-10-28,2022-10-28,2022-10,FY2023,7,AP,Purchase invoice PI-2022-00329,1072,1071,POSTED
JE-2022-01439,2022-10-24,2022-10-27,2022-10,FY2023,7,AP,Purchase invoice PI-2022-00330,1072,1071,POSTED
JE-2022-01440,2022-10-21,2022-10-21,2022-10,FY2023,7,AP,Purchase invoice PI-2022-00331,1072,1071,POSTED
JE-2022-01441,2022-10-21,2022-10-21,2022-10,FY2023,7,AP,Purchase invoice PI-2022-00332,1072,1071,POSTED
JE-2022-01442,2022-10-24,2022-10-26,2022-10,FY2023,7,AP,Purchase invoice PI-2022-00333,1072,1071,POSTED
JE-2022-01443,2022-10-04,2022-10-04,2022-10,FY2023,7,AP,Purchase invoice PI-2022-00334,1072,1071,POSTED
JE-2022-01444,2022-10-25,2022-10-28,2022-10,FY2023,7,AP,Purchase invoice PI-2022-00335,1072,1071,POSTED
JE-2022-01445,2022-10-18,2022-10-21,2022-10,FY2023,7,AP,Purchase invoice PI-2022-00336,1072,1071,POSTED
JE-2022-01446,2022-10-31,2022-11-02,2022-10,FY2023,7,CASH,Customer receipt SI-2022-00288,1072,1071,POSTED
JE-2022-01447,2022-10-13,2022-10-14,2022-10,FY2023,7,CASH,Customer receipt SI-2022-00293,1072,1071,POSTED
JE-2022-01448,2022-08-18,2022-08-19,2022-08,FY2023,5,CASH,Customer receipt SI-2022-00303,1072,1071,POSTED
JE-2022-01449,2022-09-02,2022-09-02,2022-09,FY2023,6,CASH,Customer receipt SI-2022-00309,1072,1071,POSTED
JE-2022-01450,2022-09-09,2022-09-12,2022-09,FY2023,6,CASH,Customer receipt SI-2022-00310,1072,1071,POSTED
JE-2022-01451,2022-09-19,2022-09-20,2022-09,FY2023,6,CASH,Customer receipt SI-2022-00313,1072,1071,POSTED
JE-2022-01452,2022-10-10,2022-10-12,2022-10,FY2023,7,CASH,Customer receipt SI-2022-00314,1072,1071,POSTED
JE-2022-01453,2022-10-13,2022-10-13,2022-10,FY2023,7,CASH,Customer receipt SI-2022-00319,1072,1071,POSTED
JE-2022-01454,2022-10-21,2022-10-21,2022-10,FY2023,7,CASH,Customer receipt SI-2022-00323,1072,1071,POSTED
JE-2022-01455,2022-09-26,2022-09-29,2022-09,FY2023,6,CASH,Customer receipt SI-2022-00325,1072,1071,POSTED
JE-2022-01456,2022-09-26,2022-09-29,2022-09,FY2023,6,CASH,Customer receipt SI-2022-00333,1072,1071,POSTED
JE-2022-01457,2022-10-31,2022-10-31,2022-10,FY2023,7,CASH,Customer receipt SI-2022-00337,1072,1071,POSTED
JE-2022-01458,2022-09-30,2022-10-03,2022-09,FY2023,6,CASH,Customer receipt SI-2022-00339,1072,1071,POSTED
JE-2022-01459,2022-10-03,2022-10-06,2022-10,FY2023,7,CASH,Customer receipt SI-2022-00342,1072,1071,POSTED
JE-2022-01460,2022-10-10,2022-10-11,2022-10,FY2023,7,CASH,Customer receipt SI-2022-00343,1072,1071,POSTED
JE-2022-01461,2022-09-30,2022-09-30,2022-09,FY2023,6,CASH,Customer receipt SI-2022-00345,1072,1071,POSTED
JE-2022-01462,2022-10-07,2022-10-07,2022-10,FY2023,7,CASH,Customer receipt SI-2022-00346,1072,1071,POSTED
JE-2022-01463,2022-10-14,2022-10-17,2022-10,FY2023,7,CASH,Customer receipt SI-2022-00356,1072,1071,POSTED
JE-2022-01464,2022-09-02,2022-09-02,2022-09,FY2023,6,CASH,Customer receipt SI-2022-00361,1072,1071,POSTED
JE-2022-01465,2022-10-26,2022-10-26,2022-10,FY2023,7,CASH,Customer receipt SI-2022-00367,1072,1071,POSTED
JE-2022-01466,2022-09-30,2022-09-30,2022-09,FY2023,6,CASH,Customer receipt SI-2022-00368,1072,1071,POSTED
JE-2022-01467,2022-09-06,2022-09-06,2022-09,FY2023,6,CASH,Customer receipt SI-2022-00373,1072,1071,POSTED
JE-2022-01468,2022-09-23,2022-09-26,2022-09,FY2023,6,CASH,Customer receipt SI-2022-00374,1072,1071,POSTED
JE-2022-01469,2022-10-19,2022-10-21,2022-10,FY2023,7,CASH,Customer receipt SI-2022-00377,1072,1071,POSTED
JE-2022-01470,2022-10-18,2022-10-21,2022-10,FY2023,7,CASH,Customer receipt SI-2022-00380,1072,1071,POSTED
JE-2022-01471,2022-10-21,2022-10-24,2022-10,FY2023,7,CASH,Customer receipt SI-2022-00381,1072,1071,POSTED
JE-2022-01472,2022-09-29,2022-09-30,2022-09,FY2023,6,CASH,Customer receipt SI-2022-00382,1072,1071,POSTED
JE-2022-01473,2022-09-30,2022-09-30,2022-09,FY2023,6,CASH,Customer receipt SI-2022-00385,1072,1071,POSTED
JE-2022-01474,2022-10-07,2022-10-07,2022-10,FY2023,7,CASH,Customer receipt SI-2022-00388,1072,1071,POSTED
JE-2022-01475,2022-10-14,2022-10-14,2022-10,FY2023,7,CASH,Customer receipt SI-2022-00393,1072,1071,POSTED
JE-2022-01476,2022-10-07,2022-10-07,2022-10,FY2023,7,CASH,Customer receipt SI-2022-00394,1072,1071,POSTED
JE-2022-01477,2022-10-14,2022-10-14,2022-10,FY2023,7,CASH,Customer receipt SI-2022-00395,1072,1071,POSTED
JE-2022-01478,2022-10-07,2022-10-07,2022-10,FY2023,7,CASH,Customer receipt SI-2022-00402,1072,1071,POSTED
JE-2022-01479,2022-09-30,2022-09-30,2022-09,FY2023,6,CASH,Customer receipt SI-2022-00403,1072,1071,POSTED
JE-2022-01480,2022-10-28,2022-10-28,2022-10,FY2023,7,CASH,Customer receipt SI-2022-00404,1072,1071,POSTED
JE-2022-01481,2022-10-21,2022-10-24,2022-10,FY2023,7,CASH,Customer receipt SI-2022-00409,1072,1071,POSTED
JE-2022-01482,2022-10-19,2022-10-19,2022-10,FY2023,7,CASH,Customer receipt SI-2022-00410,1072,1071,POSTED
JE-2022-01483,2022-10-06,2022-10-06,2022-10,FY2023,7,CASH,Customer receipt SI-2022-00411,1072,1071,POSTED
JE-2022-01484,2022-10-14,2022-10-14,2022-10,FY2023,7,CASH,Customer receipt SI-2022-00412,1072,1071,POSTED
JE-2022-01485,2022-10-27,2022-10-28,2022-10,FY2023,7,CASH,Customer receipt SI-2022-00415,1072,1071,POSTED
JE-2022-01486,2022-10-11,2022-10-12,2022-10,FY2023,7,CASH,Customer receipt SI-2022-00417,1072,1071,POSTED
JE-2022-01487,2022-10-24,2022-10-24,2022-10,FY2023,7,CASH,Customer receipt SI-2022-00440,1072,1071,POSTED
JE-2022-01488,2022-10-21,2022-10-24,2022-10,FY2023,7,CASH,Customer receipt SI-2022-00454,1072,1071,POSTED
JE-2022-01489,2022-10-27,2022-10-28,2022-10,FY2023,7,CASH,Customer receipt SI-2022-00459,1072,1071,POSTED
JE-2022-01490,2022-10-31,2022-11-01,2022-10,FY2023,7,CASH,Customer receipt SI-2022-00474,1072,1071,POSTED
JE-2022-01491,2022-10-21,2022-10-24,2022-10,FY2023,7,CASH,Customer receipt SI-2022-00476,1072,1071,POSTED
JE-2022-01492,2022-10-04,2022-10-07,2022-10,FY2023,7,CASH,Supplier payment PI-2022-00214,1072,1071,POSTED
JE-2022-01493,2022-09-30,2022-09-30,2022-09,FY2023,6,CASH,Supplier payment PI-2022-00241,1072,1071,POSTED
JE-2022-01494,2022-10-20,2022-10-21,2022-10,FY2023,7,CASH,Supplier payment PI-2022-00243,1072,1071,POSTED
JE-2022-01495,2022-09-23,2022-09-26,2022-09,FY2023,6,CASH,Supplier payment PI-2022-00244,1072,1071,POSTED
JE-2022-01496,2022-10-07,2022-10-07,2022-10,FY2023,7,CASH,Supplier payment PI-2022-00245,1072,1071,POSTED
JE-2022-01497,2022-09-28,2022-09-28,2022-09,FY2023,6,CASH,Supplier payment PI-2022-00246,1072,1071,POSTED
JE-2022-01498,2022-10-28,2022-10-28,2022-10,FY2023,7,CASH,Supplier payment PI-2022-00251,1072,1071,POSTED
JE-2022-01499,2022-09-28,2022-09-28,2022-09,FY2023,6,CASH,Supplier payment PI-2022-00252,1072,1071,POSTED
JE-2022-01500,2022-10-18,2022-10-21,2022-10,FY2023,7,CASH,Supplier payment PI-2022-00255,1072,1071,POSTED
JE-2022-01501,2022-09-30,2022-10-03,2022-09,FY2023,6,CASH,Supplier payment PI-2022-00258,1072,1071,POSTED
JE-2022-01502,2022-10-07,2022-10-07,2022-10,FY2023,7,CASH,Supplier payment PI-2022-00259,1072,1071,POSTED
JE-2022-01503,2022-10-03,2022-10-05,2022-10,FY2023,7,CASH,Supplier payment PI-2022-00260,1072,1071,POSTED
JE-2022-01504,2022-09-23,2022-09-26,2022-09,FY2023,6,CASH,Supplier payment PI-2022-00264,1072,1071,POSTED
JE-2022-01505,2022-10-03,2022-10-05,2022-10,FY2023,7,CASH,Supplier payment PI-2022-00265,1072,1071,POSTED
JE-2022-01506,2022-10-19,2022-10-21,2022-10,FY2023,7,CASH,Supplier payment PI-2022-00267,1072,1071,POSTED
JE-2022-01507,2022-10-28,2022-10-28,2022-10,FY2023,7,CASH,Supplier payment PI-2022-00272,1072,1071,POSTED
JE-2022-01508,2022-10-24,2022-10-25,2022-10,FY2023,7,CASH,Supplier payment PI-2022-00274,1072,1071,POSTED
JE-2022-01509,2022-10-07,2022-10-07,2022-10,FY2023,7,CASH,Supplier payment PI-2022-00276,1072,1071,POSTED
JE-2022-01510,2022-10-05,2022-10-07,2022-10,FY2023,7,CASH,Supplier payment PI-2022-00277,1072,1071,POSTED
JE-2022-01511,2022-10-21,2022-10-21,2022-10,FY2023,7,CASH,Supplier payment PI-2022-00278,1072,1071,POSTED
JE-2022-01512,2022-10-28,2022-10-28,2022-10,FY2023,7,CASH,Supplier payment PI-2022-00280,1072,1071,POSTED
JE-2022-01513,2022-10-14,2022-10-14,2022-10,FY2023,7,CASH,Supplier payment PI-2022-00281,1072,1071,POSTED
JE-2022-01514,2022-10-19,2022-10-19,2022-10,FY2023,7,CASH,Supplier payment PI-2022-00284,1072,1071,POSTED
JE-2022-01515,2022-10-10,2022-10-11,2022-10,FY2023,7,CASH,Supplier payment PI-2022-00290,1072,1071,POSTED
JE-2022-01516,2022-10-12,2022-10-13,2022-10,FY2023,7,CASH,Supplier payment PI-2022-00291,1072,1071,POSTED
JE-2022-01517,2022-10-17,2022-10-17,2022-10,FY2023,7,CASH,Supplier payment PI-2022-00293,1072,1071,POSTED
JE-2022-01518,2022-10-14,2022-10-14,2022-10,FY2023,7,CASH,Supplier payment PI-2022-00296,1072,1071,POSTED
JE-2022-01519,2022-10-05,2022-10-05,2022-10,FY2023,7,CASH,Supplier payment PI-2022-00297,1072,1071,POSTED
JE-2022-01520,2022-10-21,2022-10-24,2022-10,FY2023,7,CASH,Supplier payment PI-2022-00298,1072,1071,POSTED
JE-2022-01521,2022-10-17,2022-10-17,2022-10,FY2023,7,CASH,Supplier payment PI-2022-00300,1072,1071,POSTED
JE-2022-01522,2022-10-18,2022-10-20,2022-10,FY2023,7,CASH,Supplier payment PI-2022-00302,1072,1071,POSTED
JE-2022-01523,2022-09-30,2022-09-30,2022-09,FY2023,6,CASH,Supplier payment PI-2022-00303,1072,1071,POSTED
JE-2022-01524,2022-09-30,2022-09-30,2022-09,FY2023,6,CASH,Supplier payment PI-2022-00304,1072,1071,POSTED
JE-2022-01525,2022-10-19,2022-10-20,2022-10,FY2023,7,CASH,Supplier payment PI-2022-00314,1072,1071,POSTED
JE-2022-01526,2022-10-28,2022-10-28,2022-10,FY2023,7,CASH,Supplier payment PI-2022-00316,1072,1071,POSTED
JE-2022-01527,2022-10-21,2022-10-24,2022-10,FY2023,7,CASH,Supplier payment PI-2022-00318,1072,1071,DRAFT
JE-2022-01528,2022-10-28,2022-10-31,2022-10,FY2023,7,CASH,Supplier payment PI-2022-00319,1072,1071,POSTED
JE-2022-01529,2022-10-24,2022-10-24,2022-10,FY2023,7,CASH,Supplier payment PI-2022-00327,1072,1071,POSTED
JE-2022-01530,2022-10-28,2022-10-31,2022-10,FY2023,7,PAYROLL,Payroll October 2022,1072,1071,POSTED
JE-2022-01531,2022-10-31,2022-11-03,2022-10,FY2023,7,GENERAL,Depreciation Oct 2022,1072,1071,POSTED
JE-2022-01532,2022-10-31,2022-11-02,2022-10,FY2023,7,GENERAL,Bank charges and interest Oct 2022,1072,1071,POSTED
JE-2022-01533,2022-10-07,2022-10-07,2022-10,FY2023,7,GENERAL,VAT return payment,1072,1071,POSTED
JE-2022-01534,2022-11-18,2022-11-21,2022-11,FY2023,8,AR,Sales invoice SI-2022-00483,1072,1071,POSTED
JE-2022-01535,2022-11-23,2022-11-23,2022-11,FY2023,8,AR,Sales invoice SI-2022-00484,1072,1071,POSTED
JE-2022-01536,2022-11-25,2022-11-25,2022-11,FY2023,8,AR,Sales invoice SI-2022-00485,1072,1071,POSTED
JE-2022-01537,2022-11-24,2022-11-25,2022-11,FY2023,8,AR,Sales invoice SI-2022-00486,1072,1071,POSTED
JE-2022-01538,2022-11-14,2022-11-17,2022-11,FY2023,8,AR,Sales invoice SI-2022-00487,1072,1071,POSTED
JE-2022-01539,2022-11-04,2022-11-04,2022-11,FY2023,8,AR,Sales invoice SI-2022-00488,1072,1071,POSTED
JE-2022-01540,2022-11-14,2022-11-15,2022-11,FY2023,8,AR,Sales invoice SI-2022-00489,1072,1071,POSTED
JE-2022-01541,2022-11-18,2022-11-21,2022-11,FY2023,8,AR,Sales invoice SI-2022-00490,1072,1071,POSTED
JE-2022-01542,2022-11-28,2022-11-28,2022-11,FY2023,8,AR,Sales invoice SI-2022-00491,1072,1071,POSTED
JE-2022-01543,2022-11-01,2022-11-02,2022-11,FY2023,8,AR,Sales invoice SI-2022-00492,1072,1071,POSTED
JE-2022-01544,2022-11-02,2022-11-04,2022-11,FY2023,8,AR,Sales invoice SI-2022-00493,1072,1071,POSTED
JE-2022-01545,2022-11-04,2022-11-04,2022-11,FY2023,8,AR,Sales invoice SI-2022-00494,1072,1071,POSTED
JE-2022-01546,2022-11-25,2022-11-25,2022-11,FY2023,8,AR,Sales invoice SI-2022-00495,1072,1071,POSTED
JE-2022-01547,2022-11-04,2022-11-04,2022-11,FY2023,8,AR,Sales invoice SI-2022-00496,1072,1071,POSTED
JE-2022-01548,2022-11-18,2022-11-18,2022-11,FY2023,8,AR,Sales invoice SI-2022-00497,1072,1071,POSTED
JE-2022-01549,2022-11-11,2022-11-14,2022-11,FY2023,8,AR,Sales invoice SI-2022-00498,1072,1071,POSTED
JE-2022-01550,2022-11-14,2022-11-15,2022-11,FY2023,8,AR,Sales invoice SI-2022-00499,1072,1071,POSTED
JE-2022-01551,2022-11-28,2022-11-28,2022-11,FY2023,8,AR,Sales invoice SI-2022-00500,1072,1071,POSTED
JE-2022-01552,2022-11-30,2022-12-02,2022-11,FY2023,8,AR,Sales invoice SI-2022-00501,1072,1071,POSTED
JE-2022-01553,2022-11-15,2022-11-15,2022-11,FY2023,8,AR,Sales invoice SI-2022-00502,1072,1071,POSTED
JE-2022-01554,2022-11-25,2022-11-25,2022-11,FY2023,8,AR,Sales invoice SI-2022-00503,1072,1071,POSTED
JE-2022-01555,2022-11-18,2022-11-21,2022-11,FY2023,8,AR,Sales invoice SI-2022-00504,1072,1071,POSTED
JE-2022-01556,2022-11-16,2022-11-18,2022-11,FY2023,8,AR,Sales invoice SI-2022-00505,1072,1071,POSTED
JE-2022-01557,2022-11-15,2022-11-18,2022-11,FY2023,8,AR,Sales invoice SI-2022-00506,1072,1071,POSTED
JE-2022-01558,2022-11-09,2022-11-10,2022-11,FY2023,8,AR,Sales invoice SI-2022-00507,1072,1071,POSTED
JE-2022-01559,2022-11-16,2022-11-17,2022-11,FY2023,8,AR,Sales invoice SI-2022-00508,1072,1071,POSTED
JE-2022-01560,2022-11-11,2022-11-11,2022-11,FY2023,8,AR,Sales invoice SI-2022-00509,1072,1071,POSTED
JE-2022-01561,2022-11-25,2022-11-28,2022-11,FY2023,8,AR,Sales invoice SI-2022-00510,1072,1071,POSTED
JE-2022-01562,2022-11-18,2022-11-18,2022-11,FY2023,8,AR,Sales invoice SI-2022-00511,1072,1071,POSTED
JE-2022-01563,2022-11-04,2022-11-07,2022-11,FY2023,8,AR,Sales invoice SI-2022-00512,1072,1071,POSTED
JE-2022-01564,2022-11-21,2022-11-23,2022-11,FY2023,8,AR,Sales invoice SI-2022-00513,1072,1071,POSTED
JE-2022-01565,2022-11-18,2022-11-18,2022-11,FY2023,8,AR,Sales invoice SI-2022-00514,1072,1071,POSTED
JE-2022-01566,2022-11-18,2022-11-18,2022-11,FY2023,8,AR,Sales invoice SI-2022-00515,1072,1071,POSTED
JE-2022-01567,2022-11-16,2022-11-18,2022-11,FY2023,8,AR,Sales invoice SI-2022-00516,1072,1071,POSTED
JE-2022-01568,2022-11-18,2022-11-18,2022-11,FY2023,8,AR,Sales invoice SI-2022-00517,1072,1071,POSTED
JE-2022-01569,2022-11-18,2022-11-18,2022-11,FY2023,8,AR,Sales invoice SI-2022-00518,1072,1071,POSTED
JE-2022-01570,2022-11-11,2022-11-11,2022-11,FY2023,8,AR,Sales invoice SI-2022-00519,1072,1071,POSTED
JE-2022-01571,2022-11-10,2022-11-11,2022-11,FY2023,8,AR,Sales invoice SI-2022-00520,1072,1071,POSTED
JE-2022-01572,2022-11-18,2022-11-18,2022-11,FY2023,8,AR,Sales invoice SI-2022-00521,1072,1071,POSTED
JE-2022-01573,2022-11-18,2022-11-18,2022-11,FY2023,8,AR,Sales invoice SI-2022-00522,1072,1071,POSTED
JE-2022-01574,2022-11-04,2022-11-04,2022-11,FY2023,8,AR,Sales invoice SI-2022-00523,1072,1071,POSTED
JE-2022-01575,2022-11-04,2022-11-07,2022-11,FY2023,8,AR,Sales invoice SI-2022-00524,1072,1071,POSTED
JE-2022-01576,2022-11-03,2022-11-04,2022-11,FY2023,8,AR,Sales invoice SI-2022-00525,1072,1071,POSTED
JE-2022-01577,2022-11-04,2022-11-04,2022-11,FY2023,8,AR,Sales invoice SI-2022-00526,1072,1071,POSTED
JE-2022-01578,2022-11-29,2022-11-29,2022-11,FY2023,8,AR,Sales invoice SI-2022-00527,1072,1071,POSTED
JE-2022-01579,2022-11-18,2022-11-18,2022-11,FY2023,8,AR,Sales invoice SI-2022-00528,1072,1071,POSTED
JE-2022-01580,2022-11-28,2022-11-28,2022-11,FY2023,8,AR,Sales invoice SI-2022-00529,1072,1071,POSTED
JE-2022-01581,2022-11-25,2022-11-25,2022-11,FY2023,8,AR,Sales invoice SI-2022-00530,1072,1071,POSTED
JE-2022-01582,2022-11-10,2022-11-11,2022-11,FY2023,8,AR,Sales invoice SI-2022-00531,1072,1071,POSTED
JE-2022-01583,2022-11-10,2022-11-10,2022-11,FY2023,8,AR,Sales invoice SI-2022-00532,1072,1071,POSTED
JE-2022-01584,2022-11-03,2022-11-03,2022-11,FY2023,8,AR,Sales invoice SI-2022-00533,1072,1071,POSTED
JE-2022-01585,2022-11-30,2022-12-01,2022-11,FY2023,8,AR,Sales invoice SI-2022-00534,1072,1071,POSTED
JE-2022-01586,2022-11-01,2022-11-02,2022-11,FY2023,8,AR,Sales invoice SI-2022-00535,1072,1071,POSTED
JE-2022-01587,2022-11-16,2022-11-16,2022-11,FY2023,8,AR,Sales invoice SI-2022-00536,1072,1071,POSTED
JE-2022-01588,2022-11-22,2022-11-22,2022-11,FY2023,8,AR,Sales invoice SI-2022-00537,1072,1071,POSTED
JE-2022-01589,2022-11-25,2022-11-25,2022-11,FY2023,8,AR,Sales invoice SI-2022-00538,1072,1071,POSTED
JE-2022-01590,2022-11-11,2022-11-11,2022-11,FY2023,8,AR,Sales invoice SI-2022-00539,1072,1071,POSTED
JE-2022-01591,2022-11-17,2022-11-18,2022-11,FY2023,8,AR,Sales invoice SI-2022-00540,1072,1071,DRAFT
JE-2022-01592,2022-11-01,2022-11-04,2022-11,FY2023,8,AP,Purchase invoice PI-2022-00337,1072,1071,POSTED
JE-2022-01593,2022-11-09,2022-11-11,2022-11,FY2023,8,AP,Purchase invoice PI-2022-00338,1072,1071,POSTED
JE-2022-01594,2022-11-25,2022-11-28,2022-11,FY2023,8,AP,Purchase invoice PI-2022-00339,1072,1071,POSTED
JE-2022-01595,2022-11-24,2022-11-25,2022-11,FY2023,8,AP,Purchase invoice PI-2022-00340,1072,1071,POSTED
JE-2022-01596,2022-11-28,2022-11-29,2022-11,FY2023,8,AP,Purchase invoice PI-2022-00341,1072,1071,POSTED
JE-2022-01597,2022-11-17,2022-11-18,2022-11,FY2023,8,AP,Purchase invoice PI-2022-00342,1072,1071,POSTED
JE-2022-01598,2022-11-03,2022-11-04,2022-11,FY2023,8,AP,Purchase invoice PI-2022-00343,1072,1071,POSTED
JE-2022-01599,2022-11-29,2022-12-02,2022-11,FY2023,8,AP,Purchase invoice PI-2022-00344,1072,1071,POSTED
JE-2022-01600,2022-11-17,2022-11-18,2022-11,FY2023,8,AP,Purchase invoice PI-2022-00345,1072,1071,POSTED
JE-2022-01601,2022-11-08,2022-11-09,2022-11,FY2023,8,AP,Purchase invoice PI-2022-00346,1072,1071,POSTED
JE-2022-01602,2022-11-04,2022-11-04,2022-11,FY2023,8,AP,Purchase invoice PI-2022-00347,1072,1071,POSTED
JE-2022-01603,2022-11-21,2022-11-23,2022-11,FY2023,8,AP,Purchase invoice PI-2022-00348,1072,1071,POSTED
JE-2022-01604,2022-11-18,2022-11-18,2022-11,FY2023,8,AP,Purchase invoice PI-2022-00349,1072,1071,POSTED
JE-2022-01605,2022-11-25,2022-11-28,2022-11,FY2023,8,AP,Purchase invoice PI-2022-00350,1072,1071,POSTED
JE-2022-01606,2022-11-25,2022-11-25,2022-11,FY2023,8,AP,Purchase invoice PI-2022-00351,1072,1071,POSTED
JE-2022-01607,2022-11-08,2022-11-09,2022-11,FY2023,8,AP,Purchase invoice PI-2022-00352,1072,1071,POSTED
JE-2022-01608,2022-11-18,2022-11-18,2022-11,FY2023,8,AP,Purchase invoice PI-2022-00353,1072,1071,POSTED
JE-2022-01609,2022-11-11,2022-11-11,2022-11,FY2023,8,AP,Purchase invoice PI-2022-00354,1072,1071,POSTED
JE-2022-01610,2022-11-04,2022-11-04,2022-11,FY2023,8,AP,Purchase invoice PI-2022-00355,1072,1071,POSTED
JE-2022-01611,2022-11-18,2022-11-18,2022-11,FY2023,8,AP,Purchase invoice PI-2022-00356,1072,1071,POSTED
JE-2022-01612,2022-11-18,2022-11-18,2022-11,FY2023,8,AP,Purchase invoice PI-2022-00357,1072,1071,POSTED
JE-2022-01613,2022-11-21,2022-11-24,2022-11,FY2023,8,AP,Purchase invoice PI-2022-00358,1072,1071,POSTED
JE-2022-01614,2022-11-11,2022-11-11,2022-11,FY2023,8,AP,Purchase invoice PI-2022-00359,1072,1071,POSTED
JE-2022-01615,2022-11-29,2022-11-30,2022-11,FY2023,8,AP,Purchase invoice PI-2022-00360,1072,1071,POSTED
JE-2022-01616,2022-11-21,2022-11-21,2022-11,FY2023,8,AP,Purchase invoice PI-2022-00361,1072,1071,POSTED
JE-2022-01617,2022-11-25,2022-11-25,2022-11,FY2023,8,AP,Purchase invoice PI-2022-00362,1072,1071,POSTED
JE-2022-01618,2022-11-25,2022-11-25,2022-11,FY2023,8,AP,Purchase invoice PI-2022-00363,1072,1071,POSTED
JE-2022-01619,2022-11-11,2022-11-11,2022-11,FY2023,8,AP,Purchase invoice PI-2022-00364,1072,1071,POSTED
JE-2022-01620,2022-11-11,2022-11-11,2022-11,FY2023,8,AP,Purchase invoice PI-2022-00365,1072,1071,POSTED
JE-2022-01621,2022-11-08,2022-11-08,2022-11,FY2023,8,AP,Purchase invoice PI-2022-00366,1072,1071,POSTED
JE-2022-01622,2022-11-04,2022-11-07,2022-11,FY2023,8,AP,Purchase invoice PI-2022-00367,1072,1071,POSTED
JE-2022-01623,2022-11-04,2022-11-04,2022-11,FY2023,8,AP,Purchase invoice PI-2022-00368,1072,1071,POSTED
JE-2022-01624,2022-11-25,2022-11-25,2022-11,FY2023,8,AP,Purchase invoice PI-2022-00369,1072,1071,POSTED
JE-2022-01625,2022-11-18,2022-11-21,2022-11,FY2023,8,AP,Purchase invoice PI-2022-00370,1072,1071,POSTED
JE-2022-01626,2022-11-03,2022-11-04,2022-11,FY2023,8,AP,Purchase invoice PI-2022-00371,1072,1071,POSTED
JE-2022-01627,2022-11-14,2022-11-14,2022-11,FY2023,8,AP,Purchase invoice PI-2022-00372,1072,1071,POSTED
JE-2022-01628,2022-11-18,2022-11-21,2022-11,FY2023,8,AP,Purchase invoice PI-2022-00373,1072,1071,POSTED
JE-2022-01629,2022-11-11,2022-11-11,2022-11,FY2023,8,AP,Purchase invoice PI-2022-00374,1072,1071,POSTED
JE-2022-01630,2022-09-28,2022-09-30,2022-09,FY2023,6,CASH,Customer receipt SI-2022-00266,1072,1071,POSTED
JE-2022-01631,2022-09-16,2022-09-16,2022-09,FY2023,6,CASH,Customer receipt SI-2022-00281,1072,1071,POSTED
JE-2022-01632,2022-10-28,2022-10-31,2022-10,FY2023,7,CASH,Customer receipt SI-2022-00316,1072,1071,POSTED
JE-2022-01633,2022-10-04,2022-10-04,2022-10,FY2023,7,CASH,Customer receipt SI-2022-00349,1072,1071,POSTED
JE-2022-01634,2022-09-20,2022-09-23,2022-09,FY2023,6,CASH,Customer receipt SI-2022-00350,1072,1071,POSTED
JE-2022-01635,2022-09-23,2022-09-23,2022-09,FY2023,6,CASH,Customer receipt SI-2022-00357,1072,1071,POSTED
JE-2022-01636,2022-09-27,2022-09-29,2022-09,FY2023,6,CASH,Customer receipt SI-2022-00358,1072,1071,POSTED
JE-2022-01637,2022-11-10,2022-11-11,2022-11,FY2023,8,CASH,Customer receipt SI-2022-00362,1072,1071,POSTED
JE-2022-01638,2022-11-16,2022-11-17,2022-11,FY2023,8,CASH,Customer receipt SI-2022-00363,1072,1071,POSTED
JE-2022-01639,2022-10-24,2022-10-26,2022-10,FY2023,7,CASH,Customer receipt SI-2022-00365,1072,1071,POSTED
JE-2022-01640,2022-10-28,2022-10-28,2022-10,FY2023,7,CASH,Customer receipt SI-2022-00375,1072,1071,POSTED
JE-2022-01641,2022-11-25,2022-11-28,2022-11,FY2023,8,CASH,Customer receipt SI-2022-00378,1072,1071,POSTED
JE-2022-01642,2022-11-18,2022-11-18,2022-11,FY2023,8,CASH,Customer receipt SI-2022-00383,1072,1071,POSTED
JE-2022-01643,2022-11-23,2022-11-23,2022-11,FY2023,8,CASH,Customer receipt SI-2022-00387,1072,1071,POSTED
JE-2022-01644,2022-11-16,2022-11-16,2022-11,FY2023,8,CASH,Customer receipt SI-2022-00390,1072,1071,POSTED
JE-2022-01645,2022-11-11,2022-11-11,2022-11,FY2023,8,CASH,Customer receipt SI-2022-00392,1072,1071,POSTED
JE-2022-01646,2022-10-31,2022-11-03,2022-10,FY2023,7,CASH,Customer receipt SI-2022-00396,1072,1071,POSTED
JE-2022-01647,2022-11-28,2022-12-01,2022-11,FY2023,8,CASH,Customer receipt SI-2022-00397,1072,1071,POSTED
JE-2022-01648,2022-10-18,2022-10-19,2022-10,FY2023,7,CASH,Customer receipt SI-2022-00400,1072,1071,POSTED
JE-2022-01649,2022-11-25,2022-11-25,2022-11,FY2023,8,CASH,Customer receipt SI-2022-00401,1072,1071,POSTED
JE-2022-01650,2022-11-17,2022-11-17,2022-11,FY2023,8,CASH,Customer receipt SI-2022-00405,1072,1071,POSTED
JE-2022-01651,2022-10-28,2022-10-28,2022-10,FY2023,7,CASH,Customer receipt SI-2022-00406,1072,1071,POSTED
JE-2022-01652,2022-10-14,2022-10-17,2022-10,FY2023,7,CASH,Customer receipt SI-2022-00414,1072,1071,POSTED
JE-2022-01653,2022-11-11,2022-11-11,2022-11,FY2023,8,CASH,Customer receipt SI-2022-00418,1072,1071,POSTED
JE-2022-01654,2022-10-17,2022-10-19,2022-10,FY2023,7,CASH,Customer receipt SI-2022-00421,1072,1071,POSTED
JE-2022-01655,2022-11-09,2022-11-09,2022-11,FY2023,8,CASH,Customer receipt SI-2022-00424,1072,1071,POSTED
JE-2022-01656,2022-11-04,2022-11-04,2022-11,FY2023,8,CASH,Customer receipt SI-2022-00425,1072,1071,POSTED
JE-2022-01657,2022-11-24,2022-11-25,2022-11,FY2023,8,CASH,Customer receipt SI-2022-00426,1072,1071,POSTED
JE-2022-01658,2022-11-29,2022-11-29,2022-11,FY2023,8,CASH,Customer receipt SI-2022-00432,1072,1071,POSTED
JE-2022-01659,2022-11-01,2022-11-01,2022-11,FY2023,8,CASH,Customer receipt SI-2022-00433,1072,1071,POSTED
JE-2022-01660,2022-11-14,2022-11-15,2022-11,FY2023,8,CASH,Customer receipt SI-2022-00435,1072,1071,POSTED
JE-2022-01661,2022-11-18,2022-11-18,2022-11,FY2023,8,CASH,Customer receipt SI-2022-00437,1072,1071,POSTED
JE-2022-01662,2022-11-17,2022-11-18,2022-11,FY2023,8,CASH,Customer receipt SI-2022-00439,1072,1071,POSTED
JE-2022-01663,2022-11-16,2022-11-16,2022-11,FY2023,8,CASH,Customer receipt SI-2022-00441,1072,1071,POSTED
JE-2022-01664,2022-11-22,2022-11-25,2022-11,FY2023,8,CASH,Customer receipt SI-2022-00443,1072,1071,POSTED
JE-2022-01665,2022-11-21,2022-11-23,2022-11,FY2023,8,CASH,Customer receipt SI-2022-00444,1072,1071,POSTED
JE-2022-01666,2022-10-21,2022-10-21,2022-10,FY2023,7,CASH,Customer receipt SI-2022-00448,1072,1071,POSTED
JE-2022-01667,2022-11-25,2022-11-25,2022-11,FY2023,8,CASH,Customer receipt SI-2022-00450,1072,1071,POSTED
JE-2022-01668,2022-11-24,2022-11-25,2022-11,FY2023,8,CASH,Customer receipt SI-2022-00451,1072,1071,POSTED
JE-2022-01669,2022-11-11,2022-11-11,2022-11,FY2023,8,CASH,Customer receipt SI-2022-00457,1072,1071,POSTED
JE-2022-01670,2022-11-16,2022-11-17,2022-11,FY2023,8,CASH,Customer receipt SI-2022-00461,1072,1071,POSTED
JE-2022-01671,2022-11-28,2022-12-01,2022-11,FY2023,8,CASH,Customer receipt SI-2022-00462,1072,1071,POSTED
JE-2022-01672,2022-11-21,2022-11-23,2022-11,FY2023,8,CASH,Customer receipt SI-2022-00464,1072,1071,POSTED
JE-2022-01673,2022-11-25,2022-11-25,2022-11,FY2023,8,CASH,Customer receipt SI-2022-00465,1072,1071,POSTED
JE-2022-01674,2022-11-08,2022-11-10,2022-11,FY2023,8,CASH,Customer receipt SI-2022-00467,1072,1071,POSTED
JE-2022-01675,2022-11-11,2022-11-11,2022-11,FY2023,8,CASH,Customer receipt SI-2022-00468,1072,1071,POSTED
JE-2022-01676,2022-11-28,2022-11-28,2022-11,FY2023,8,CASH,Customer receipt SI-2022-00469,1072,1071,POSTED
JE-2022-01677,2022-11-16,2022-11-18,2022-11,FY2023,8,CASH,Customer receipt SI-2022-00473,1072,1071,POSTED
JE-2022-01678,2022-11-21,2022-11-22,2022-11,FY2023,8,CASH,Customer receipt SI-2022-00475,1072,1071,POSTED
JE-2022-01679,2022-11-01,2022-11-03,2022-11,FY2023,8,CASH,Customer receipt SI-2022-00477,1072,1071,POSTED
JE-2022-01680,2022-11-04,2022-11-04,2022-11,FY2023,8,CASH,Customer receipt SI-2022-00479,1072,1071,POSTED
JE-2022-01681,2022-11-07,2022-11-08,2022-11,FY2023,8,CASH,Customer receipt SI-2022-00481,1072,1071,POSTED
JE-2022-01682,2022-11-28,2022-11-30,2022-11,FY2023,8,CASH,Customer receipt SI-2022-00487,1072,1071,POSTED
JE-2022-01683,2022-11-15,2022-11-18,2022-11,FY2023,8,CASH,Customer receipt SI-2022-00488,1072,1071,POSTED
JE-2022-01684,2022-11-24,2022-11-25,2022-11,FY2023,8,CASH,Customer receipt SI-2022-00520,1072,1071,POSTED
JE-2022-01685,2022-11-23,2022-11-25,2022-11,FY2023,8,CASH,Customer receipt SI-2022-00524,1072,1071,POSTED
JE-2022-01686,2022-10-28,2022-10-31,2022-10,FY2023,7,CASH,Supplier payment PI-2022-00271,1072,1071,POSTED
JE-2022-01687,2022-11-14,2022-11-14,2022-11,FY2023,8,CASH,Supplier payment PI-2022-00273,1072,1071,POSTED
JE-2022-01688,2022-11-23,2022-11-25,2022-11,FY2023,8,CASH,Supplier payment PI-2022-00275,1072,1071,POSTED
JE-2022-01689,2022-11-01,2022-11-04,2022-11,FY2023,8,CASH,Supplier payment PI-2022-00279,1072,1071,POSTED
JE-2022-01690,2022-11-11,2022-11-11,2022-11,FY2023,8,CASH,Supplier payment PI-2022-00282,1072,1071,POSTED
JE-2022-01691,2022-11-04,2022-11-07,2022-11,FY2023,8,CASH,Supplier payment PI-2022-00283,1072,1071,POSTED
JE-2022-01692,2022-10-21,2022-10-21,2022-10,FY2023,7,CASH,Supplier payment PI-2022-00285,1072,1071,POSTED
JE-2022-01693,2022-11-15,2022-11-16,2022-11,FY2023,8,CASH,Supplier payment PI-2022-00286,1072,1071,POSTED
JE-2022-01694,2022-11-11,2022-11-11,2022-11,FY2023,8,CASH,Supplier payment PI-2022-00288,1072,1071,POSTED
JE-2022-01695,2022-11-15,2022-11-18,2022-11,FY2023,8,CASH,Supplier payment PI-2022-00289,1072,1071,POSTED
JE-2022-01696,2022-10-10,2022-10-10,2022-10,FY2023,7,CASH,Supplier payment PI-2022-00295,1072,1071,POSTED
JE-2022-01697,2022-11-04,2022-11-04,2022-11,FY2023,8,CASH,Supplier payment PI-2022-00299,1072,1071,POSTED
JE-2022-01698,2022-11-25,2022-11-25,2022-11,FY2023,8,CASH,Supplier payment PI-2022-00301,1072,1071,POSTED
JE-2022-01699,2022-11-08,2022-11-11,2022-11,FY2023,8,CASH,Supplier payment PI-2022-00306,1072,1071,POSTED
JE-2022-01700,2022-11-25,2022-11-25,2022-11,FY2023,8,CASH,Supplier payment PI-2022-00307,1072,1071,POSTED
JE-2022-01701,2022-10-28,2022-10-28,2022-10,FY2023,7,CASH,Supplier payment PI-2022-00310,1072,1071,POSTED
JE-2022-01702,2022-11-18,2022-11-18,2022-11,FY2023,8,CASH,Supplier payment PI-2022-00311,1072,1071,POSTED
JE-2022-01703,2022-11-18,2022-11-18,2022-11,FY2023,8,CASH,Supplier payment PI-2022-00312,1072,1071,POSTED
JE-2022-01704,2022-11-25,2022-11-25,2022-11,FY2023,8,CASH,Supplier payment PI-2022-00313,1072,1071,POSTED
JE-2022-01705,2022-11-30,2022-11-30,2022-11,FY2023,8,CASH,Supplier payment PI-2022-00315,1072,1071,POSTED
JE-2022-01706,2022-11-11,2022-11-11,2022-11,FY2023,8,CASH,Supplier payment PI-2022-00317,1072,1071,POSTED
JE-2022-01707,2022-11-11,2022-11-11,2022-11,FY2023,8,CASH,Supplier payment PI-2022-00320,1072,1071,POSTED
JE-2022-01708,2022-11-07,2022-11-10,2022-11,FY2023,8,CASH,Supplier payment PI-2022-00321,1072,1071,POSTED
JE-2022-01709,2022-11-28,2022-11-30,2022-11,FY2023,8,CASH,Supplier payment PI-2022-00322,1072,1071,POSTED
JE-2022-01710,2022-11-29,2022-12-02,2022-11,FY2023,8,CASH,Supplier payment PI-2022-00323,1072,1071,POSTED
JE-2022-01711,2022-11-28,2022-11-28,2022-11,FY2023,8,CASH,Supplier payment PI-2022-00324,1072,1071,POSTED
JE-2022-01712,2022-11-14,2022-11-14,2022-11,FY2023,8,CASH,Supplier payment PI-2022-00325,1072,1071,POSTED
JE-2022-01713,2022-11-18,2022-11-18,2022-11,FY2023,8,CASH,Supplier payment PI-2022-00328,1072,1071,POSTED
JE-2022-01714,2022-11-21,2022-11-21,2022-11,FY2023,8,CASH,Supplier payment PI-2022-00330,1072,1071,POSTED
JE-2022-01715,2022-11-25,2022-11-25,2022-11,FY2023,8,CASH,Supplier payment PI-2022-00333,1072,1071,POSTED
JE-2022-01716,2022-11-04,2022-11-04,2022-11,FY2023,8,CASH,Supplier payment PI-2022-00334,1072,1071,POSTED
JE-2022-01717,2022-11-24,2022-11-25,2022-11,FY2023,8,CASH,Supplier payment PI-2022-00335,1072,1071,POSTED
JE-2022-01718,2022-11-17,2022-11-18,2022-11,FY2023,8,CASH,Supplier payment PI-2022-00336,1072,1071,POSTED
JE-2022-01719,2022-11-29,2022-11-29,2022-11,FY2023,8,CASH,Supplier payment PI-2022-00337,1072,1071,POSTED
JE-2022-01720,2022-11-23,2022-11-24,2022-11,FY2023,8,CASH,Supplier payment PI-2022-00354,1072,1071,POSTED
JE-2022-01721,2022-11-25,2022-11-28,2022-11,FY2023,8,CASH,Supplier payment PI-2022-00359,1072,1071,POSTED
JE-2022-01722,2022-11-28,2022-11-29,2022-11,FY2023,8,PAYROLL,Payroll November 2022,1072,1071,POSTED
JE-2022-01723,2022-11-30,2022-12-02,2022-11,FY2023,8,GENERAL,Depreciation Nov 2022,1072,1071,POSTED
JE-2022-01724,2022-11-30,2022-12-02,2022-11,FY2023,8,GENERAL,Bank charges and interest Nov 2022,1072,1071,POSTED
JE-2022-01725,2022-12-08,2022-12-09,2022-12,FY2023,9,AR,Sales invoice SI-2022-00541,1072,1071,POSTED
JE-2022-01726,2022-12-22,2022-12-23,2022-12,FY2023,9,AR,Sales invoice SI-2022-00542,1072,1071,POSTED
JE-2022-01727,2022-12-23,2022-12-23,2022-12,FY2023,9,AR,Sales invoice SI-2022-00543,1072,1071,POSTED
JE-2022-01728,2022-12-28,2022-12-29,2022-12,FY2023,9,AR,Sales invoice SI-2022-00544,1072,1071,POSTED
JE-2022-01729,2022-12-14,2022-12-15,2022-12,FY2023,9,AR,Sales invoice SI-2022-00545,1072,1071,POSTED
JE-2022-01730,2022-12-23,2022-12-23,2022-12,FY2023,9,AR,Sales invoice SI-2022-00546,1072,1071,POSTED
JE-2022-01731,2022-12-01,2022-12-01,2022-12,FY2023,9,AR,Sales invoice SI-2022-00547,1072,1071,POSTED
JE-2022-01732,2022-12-23,2022-12-23,2022-12,FY2023,9,AR,Sales invoice SI-2022-00548,1072,1071,POSTED
JE-2022-01733,2022-12-09,2022-12-12,2022-12,FY2023,9,AR,Sales invoice SI-2022-00549,1072,1071,POSTED
JE-2022-01734,2022-12-01,2022-12-01,2022-12,FY2023,9,AR,Sales invoice SI-2022-00550,1072,1071,POSTED
JE-2022-01735,2022-12-02,2022-12-05,2022-12,FY2023,9,AR,Sales invoice SI-2022-00551,1072,1071,POSTED
JE-2022-01736,2022-12-09,2022-12-09,2022-12,FY2023,9,AR,Sales invoice SI-2022-00552,1072,1071,POSTED
JE-2022-01737,2022-12-07,2022-12-09,2022-12,FY2023,9,AR,Sales invoice SI-2022-00553,1072,1071,POSTED
JE-2022-01738,2022-12-01,2022-12-01,2022-12,FY2023,9,AR,Sales invoice SI-2022-00554,1072,1071,POSTED
JE-2022-01739,2022-12-07,2022-12-08,2022-12,FY2023,9,AR,Sales invoice SI-2022-00555,1072,1071,POSTED
JE-2022-01740,2022-12-26,2022-12-26,2022-12,FY2023,9,AR,Sales invoice SI-2022-00556,1072,1071,POSTED
JE-2022-01741,2022-12-05,2022-12-06,2022-12,FY2023,9,AR,Sales invoice SI-2022-00557,1072,1071,POSTED
JE-2022-01742,2022-12-09,2022-12-09,2022-12,FY2023,9,AR,Sales invoice SI-2022-00558,1072,1071,POSTED
JE-2022-01743,2022-12-02,2022-12-02,2022-12,FY2023,9,AR,Sales invoice SI-2022-00559,1072,1071,POSTED
JE-2022-01744,2022-12-26,2022-12-26,2022-12,FY2023,9,AR,Sales invoice SI-2022-00560,1072,1071,POSTED
JE-2022-01745,2022-12-23,2022-12-23,2022-12,FY2023,9,AR,Sales invoice SI-2022-00561,1072,1071,POSTED
JE-2022-01746,2022-12-01,2022-12-02,2022-12,FY2023,9,AR,Sales invoice SI-2022-00562,1072,1071,POSTED
JE-2022-01747,2022-12-30,2022-12-30,2022-12,FY2023,9,AR,Sales invoice SI-2022-00563,1072,1071,POSTED
JE-2022-01748,2022-12-09,2022-12-12,2022-12,FY2023,9,AR,Sales invoice SI-2022-00564,1072,1071,POSTED
JE-2022-01749,2022-12-28,2022-12-30,2022-12,FY2023,9,AR,Sales invoice SI-2022-00565,1072,1071,POSTED
JE-2022-01750,2022-12-01,2022-12-02,2022-12,FY2023,9,AR,Sales invoice SI-2022-00566,1072,1071,POSTED
JE-2022-01751,2022-12-13,2022-12-15,2022-12,FY2023,9,AR,Sales invoice SI-2022-00567,1072,1071,POSTED
JE-2022-01752,2022-12-16,2022-12-19,2022-12,FY2023,9,AR,Sales invoice SI-2022-00568,1072,1071,POSTED
JE-2022-01753,2022-12-14,2022-12-16,2022-12,FY2023,9,AR,Sales invoice SI-2022-00569,1072,1071,POSTED
JE-2022-01754,2022-12-15,2022-12-16,2022-12,FY2023,9,AR,Sales invoice SI-2022-00570,1072,1071,POSTED
JE-2022-01755,2022-12-16,2022-12-16,2022-12,FY2023,9,AR,Sales invoice SI-2022-00571,1072,1071,POSTED
JE-2022-01756,2022-12-29,2022-12-30,2022-12,FY2023,9,AR,Sales invoice SI-2022-00572,1072,1071,POSTED
JE-2022-01757,2022-12-07,2022-12-07,2022-12,FY2023,9,AR,Sales invoice SI-2022-00573,1072,1071,POSTED
JE-2022-01758,2022-12-16,2022-12-16,2022-12,FY2023,9,AR,Sales invoice SI-2022-00574,1072,1071,POSTED
JE-2022-01759,2022-12-23,2022-12-23,2022-12,FY2023,9,AR,Sales invoice SI-2022-00575,1072,1071,POSTED
JE-2022-01760,2022-12-06,2022-12-09,2022-12,FY2023,9,AR,Sales invoice SI-2022-00576,1072,1071,POSTED
JE-2022-01761,2022-12-09,2022-12-09,2022-12,FY2023,9,AR,Sales invoice SI-2022-00577,1072,1071,POSTED
JE-2022-01762,2022-12-23,2022-12-23,2022-12,FY2023,9,AR,Sales invoice SI-2022-00578,1072,1071,POSTED
JE-2022-01763,2022-12-09,2022-12-09,2022-12,FY2023,9,AR,Sales invoice SI-2022-00579,1072,1071,POSTED
JE-2022-01764,2022-12-06,2022-12-06,2022-12,FY2023,9,AR,Sales invoice SI-2022-00580,1072,1071,POSTED
JE-2022-01765,2022-12-09,2022-12-12,2022-12,FY2023,9,AR,Sales invoice SI-2022-00581,1072,1071,POSTED
JE-2022-01766,2022-12-30,2023-01-02,2022-12,FY2023,9,AR,Sales invoice SI-2022-00582,1072,1071,POSTED
JE-2022-01767,2022-12-05,2022-12-08,2022-12,FY2023,9,AR,Sales invoice SI-2022-00583,1072,1071,POSTED
JE-2022-01768,2022-12-12,2022-12-13,2022-12,FY2023,9,AR,Sales invoice SI-2022-00584,1072,1071,POSTED
JE-2022-01769,2022-12-29,2022-12-30,2022-12,FY2023,9,AR,Sales invoice SI-2022-00585,1072,1071,POSTED
JE-2022-01770,2022-12-28,2022-12-30,2022-12,FY2023,9,AR,Sales invoice SI-2022-00586,1072,1071,POSTED
JE-2022-01771,2022-12-23,2022-12-26,2022-12,FY2023,9,AR,Sales invoice SI-2022-00587,1072,1071,POSTED
JE-2022-01772,2022-12-05,2022-12-05,2022-12,FY2023,9,AR,Sales invoice SI-2022-00588,1072,1071,POSTED
JE-2022-01773,2022-12-20,2022-12-21,2022-12,FY2023,9,AR,Sales invoice SI-2022-00589,1072,1071,POSTED
JE-2022-01774,2022-12-15,2022-12-16,2022-12,FY2023,9,AR,Sales invoice SI-2022-00590,1072,1071,POSTED
JE-2022-01775,2022-12-28,2022-12-29,2022-12,FY2023,9,AR,Sales invoice SI-2022-00591,1072,1071,POSTED
JE-2022-01776,2022-12-13,2022-12-16,2022-12,FY2023,9,AR,Sales invoice SI-2022-00592,1072,1071,POSTED
JE-2022-01777,2022-12-21,2022-12-22,2022-12,FY2023,9,AP,Purchase invoice PI-2022-00375,1072,1071,POSTED
JE-2022-01778,2022-12-29,2022-12-29,2022-12,FY2023,9,AP,Purchase invoice PI-2022-00376,1072,1071,POSTED
JE-2022-01779,2022-12-09,2022-12-09,2022-12,FY2023,9,AP,Purchase invoice PI-2022-00377,1072,1071,POSTED
JE-2022-01780,2022-12-30,2022-12-30,2022-12,FY2023,9,AP,Purchase invoice PI-2022-00378,1072,1071,POSTED
JE-2022-01781,2022-12-09,2022-12-12,2022-12,FY2023,9,AP,Purchase invoice PI-2022-00379,1072,1071,POSTED
JE-2022-01782,2022-12-02,2022-12-02,2022-12,FY2023,9,AP,Purchase invoice PI-2022-00380,1072,1071,POSTED
JE-2022-01783,2022-12-30,2022-12-30,2022-12,FY2023,9,AP,Purchase invoice PI-2022-00381,1072,1071,POSTED
JE-2022-01784,2022-12-30,2022-12-30,2022-12,FY2023,9,AP,Purchase invoice PI-2022-00382,1072,1071,POSTED
JE-2022-01785,2022-12-27,2022-12-28,2022-12,FY2023,9,AP,Purchase invoice PI-2022-00383,1072,1071,POSTED
JE-2022-01786,2022-12-06,2022-12-09,2022-12,FY2023,9,AP,Purchase invoice PI-2022-00384,1072,1071,POSTED
JE-2022-01787,2022-12-02,2022-12-02,2022-12,FY2023,9,AP,Purchase invoice PI-2022-00385,1072,1071,POSTED
JE-2022-01788,2022-12-16,2022-12-16,2022-12,FY2023,9,AP,Purchase invoice PI-2022-00386,1072,1071,POSTED
JE-2022-01789,2022-12-12,2022-12-12,2022-12,FY2023,9,AP,Purchase invoice PI-2022-00387,1072,1071,POSTED
JE-2022-01790,2022-12-02,2022-12-05,2022-12,FY2023,9,AP,Purchase invoice PI-2022-00388,1072,1071,POSTED
JE-2022-01791,2022-12-16,2022-12-16,2022-12,FY2023,9,AP,Purchase invoice PI-2022-00389,1072,1071,POSTED
JE-2022-01792,2022-12-06,2022-12-06,2022-12,FY2023,9,AP,Purchase invoice PI-2022-00390,1072,1071,POSTED
JE-2022-01793,2022-12-02,2022-12-02,2022-12,FY2023,9,AP,Purchase invoice PI-2022-00391,1072,1071,POSTED
JE-2022-01794,2022-12-02,2022-12-02,2022-12,FY2023,9,AP,Purchase invoice PI-2022-00392,1072,1071,POSTED
JE-2022-01795,2022-12-07,2022-12-08,2022-12,FY2023,9,AP,Purchase invoice PI-2022-00393,1072,1071,POSTED
JE-2022-01796,2022-12-12,2022-12-14,2022-12,FY2023,9,AP,Purchase invoice PI-2022-00394,1072,1071,POSTED
JE-2022-01797,2022-12-02,2022-12-02,2022-12,FY2023,9,AP,Purchase invoice PI-2022-00395,1072,1071,POSTED
JE-2022-01798,2022-12-29,2022-12-29,2022-12,FY2023,9,AP,Purchase invoice PI-2022-00396,1072,1071,POSTED
JE-2022-01799,2022-12-27,2022-12-29,2022-12,FY2023,9,AP,Purchase invoice PI-2022-00397,1072,1071,POSTED
JE-2022-01800,2022-12-15,2022-12-16,2022-12,FY2023,9,AP,Purchase invoice PI-2022-00398,1072,1071,POSTED
JE-2022-01801,2022-12-29,2022-12-30,2022-12,FY2023,9,AP,Purchase invoice PI-2022-00399,1072,1071,POSTED
JE-2022-01802,2022-12-28,2022-12-30,2022-12,FY2023,9,AP,Purchase invoice PI-2022-00400,1072,1071,POSTED
JE-2022-01803,2022-12-13,2022-12-14,2022-12,FY2023,9,AP,Purchase invoice PI-2022-00401,1072,1071,POSTED
JE-2022-01804,2022-12-09,2022-12-12,2022-12,FY2023,9,AP,Purchase invoice PI-2022-00402,1072,1071,POSTED
JE-2022-01805,2022-12-21,2022-12-23,2022-12,FY2023,9,AP,Purchase invoice PI-2022-00403,1072,1071,POSTED
JE-2022-01806,2022-12-02,2022-12-02,2022-12,FY2023,9,AP,Purchase invoice PI-2022-00404,1072,1071,POSTED
JE-2022-01807,2022-12-23,2022-12-23,2022-12,FY2023,9,AP,Purchase invoice PI-2022-00405,1072,1071,POSTED
JE-2022-01808,2022-12-23,2022-12-26,2022-12,FY2023,9,AP,Purchase invoice PI-2022-00406,1072,1071,POSTED
JE-2022-01809,2022-12-16,2022-12-19,2022-12,FY2023,9,AP,Purchase invoice PI-2022-00407,1072,1071,POSTED
JE-2022-01810,2022-12-13,2022-12-14,2022-12,FY2023,9,AP,Purchase invoice PI-2022-00408,1072,1071,POSTED
JE-2022-01811,2022-12-19,2022-12-22,2022-12,FY2023,9,AP,Purchase invoice PI-2022-00409,1072,1071,POSTED
JE-2022-01812,2022-12-09,2022-12-09,2022-12,FY2023,9,AP,Purchase invoice PI-2022-00410,1072,1071,POSTED
JE-2022-01813,2022-12-07,2022-12-09,2022-12,FY2023,9,AP,Purchase invoice PI-2022-00411,1072,1071,POSTED
JE-2022-01814,2022-12-27,2022-12-27,2022-12,FY2023,9,AP,Purchase invoice PI-2022-00412,1072,1071,POSTED
JE-2022-01815,2022-12-16,2022-12-16,2022-12,FY2023,9,AP,Purchase invoice PI-2022-00413,1072,1071,POSTED
JE-2022-01816,2022-10-21,2022-10-21,2022-10,FY2023,7,CASH,Customer receipt SI-2022-00338,1072,1071,POSTED
JE-2022-01817,2022-11-22,2022-11-24,2022-11,FY2023,8,CASH,Customer receipt SI-2022-00360,1072,1071,POSTED
JE-2022-01818,2022-12-19,2022-12-22,2022-12,FY2023,9,CASH,Customer receipt SI-2022-00364,1072,1071,POSTED
JE-2022-01819,2022-11-17,2022-11-17,2022-11,FY2023,8,CASH,Customer receipt SI-2022-00370,1072,1071,POSTED
JE-2022-01820,2022-11-02,2022-11-04,2022-11,FY2023,8,CASH,Customer receipt SI-2022-00379,1072,1071,POSTED
JE-2022-01821,2022-12-08,2022-12-09,2022-12,FY2023,9,CASH,Customer receipt SI-2022-00384,1072,1071,POSTED
JE-2022-01822,2022-12-23,2022-12-23,2022-12,FY2023,9,CASH,Customer receipt SI-2022-00389,1072,1071,POSTED
JE-2022-01823,2022-12-09,2022-12-09,2022-12,FY2023,9,CASH,Customer receipt SI-2022-00398,1072,1071,POSTED
JE-2022-01824,2022-11-04,2022-11-04,2022-11,FY2023,8,CASH,Customer receipt SI-2022-00399,1072,1071,POSTED
JE-2022-01825,2022-12-16,2022-12-16,2022-12,FY2023,9,CASH,Customer receipt SI-2022-00408,1072,1071,POSTED
JE-2022-01826,2022-10-25,2022-10-28,2022-10,FY2023,7,CASH,Customer receipt SI-2022-00413,1072,1071,POSTED
JE-2022-01827,2022-12-30,2022-12-30,2022-12,FY2023,9,CASH,Customer receipt SI-2022-00416,1072,1071,POSTED
JE-2022-01828,2022-12-09,2022-12-09,2022-12,FY2023,9,CASH,Customer receipt SI-2022-00420,1072,1071,POSTED
JE-2022-01829,2022-10-14,2022-10-14,2022-10,FY2023,7,CASH,Customer receipt SI-2022-00422,1072,1071,POSTED
JE-2022-01830,2022-11-15,2022-11-16,2022-11,FY2023,8,CASH,Customer receipt SI-2022-00423,1072,1071,POSTED
JE-2022-01831,2022-11-30,2022-12-02,2022-11,FY2023,8,CASH,Customer receipt SI-2022-00427,1072,1071,POSTED
JE-2022-01832,2022-12-14,2022-12-16,2022-12,FY2023,9,CASH,Customer receipt SI-2022-00428,1072,1071,POSTED
JE-2022-01833,2022-12-08,2022-12-08,2022-12,FY2023,9,CASH,Customer receipt SI-2022-00430,1072,1071,POSTED
JE-2022-01834,2022-12-12,2022-12-13,2022-12,FY2023,9,CASH,Customer receipt SI-2022-00431,1072,1071,POSTED
JE-2022-01835,2022-12-26,2022-12-29,2022-12,FY2023,9,CASH,Customer receipt SI-2022-00434,1072,1071,POSTED
JE-2022-01836,2022-12-19,2022-12-22,2022-12,FY2023,9,CASH,Customer receipt SI-2022-00442,1072,1071,POSTED
JE-2022-01837,2022-11-11,2022-11-11,2022-11,FY2023,8,CASH,Customer receipt SI-2022-00446,1072,1071,POSTED
JE-2022-01838,2022-12-16,2022-12-19,2022-12,FY2023,9,CASH,Customer receipt SI-2022-00447,1072,1071,POSTED
JE-2022-01839,2022-11-14,2022-11-14,2022-11,FY2023,8,CASH,Customer receipt SI-2022-00449,1072,1071,POSTED
JE-2022-01840,2022-12-08,2022-12-09,2022-12,FY2023,9,CASH,Customer receipt SI-2022-00452,1072,1071,POSTED
JE-2022-01841,2022-12-09,2022-12-12,2022-12,FY2023,9,CASH,Customer receipt SI-2022-00453,1072,1071,POSTED
JE-2022-01842,2022-11-14,2022-11-15,2022-11,FY2023,8,CASH,Customer receipt SI-2022-00455,1072,1071,POSTED
JE-2022-01843,2022-11-23,2022-11-25,2022-11,FY2023,8,CASH,Customer receipt SI-2022-00456,1072,1071,POSTED
JE-2022-01844,2022-12-05,2022-12-05,2022-12,FY2023,9,CASH,Customer receipt SI-2022-00463,1072,1071,POSTED
JE-2022-01845,2022-12-27,2022-12-28,2022-12,FY2023,9,CASH,Customer receipt SI-2022-00471,1072,1071,POSTED
JE-2022-01846,2022-11-30,2022-12-01,2022-11,FY2023,8,CASH,Customer receipt SI-2022-00472,1072,1071,POSTED
JE-2022-01847,2022-12-08,2022-12-08,2022-12,FY2023,9,CASH,Customer receipt SI-2022-00478,1072,1071,POSTED
JE-2022-01848,2022-12-06,2022-12-08,2022-12,FY2023,9,CASH,Customer receipt SI-2022-00480,1072,1071,POSTED
JE-2022-01849,2022-12-12,2022-12-12,2022-12,FY2023,9,CASH,Customer receipt SI-2022-00482,1072,1071,POSTED
JE-2022-01850,2022-12-21,2022-12-23,2022-12,FY2023,9,CASH,Customer receipt SI-2022-00486,1072,1071,POSTED
JE-2022-01851,2022-12-16,2022-12-16,2022-12,FY2023,9,CASH,Customer receipt SI-2022-00489,1072,1071,POSTED
JE-2022-01852,2022-12-23,2022-12-23,2022-12,FY2023,9,CASH,Customer receipt SI-2022-00492,1072,1071,POSTED
JE-2022-01853,2022-12-09,2022-12-12,2022-12,FY2023,9,CASH,Customer receipt SI-2022-00499,1072,1071,POSTED
JE-2022-01854,2022-12-23,2022-12-23,2022-12,FY2023,9,CASH,Customer receipt SI-2022-00502,1072,1071,POSTED
JE-2022-01855,2022-12-27,2022-12-30,2022-12,FY2023,9,CASH,Customer receipt SI-2022-00503,1072,1071,POSTED
JE-2022-01856,2022-12-20,2022-12-23,2022-12,FY2023,9,CASH,Customer receipt SI-2022-00504,1072,1071,POSTED
JE-2022-01857,2022-12-30,2022-12-30,2022-12,FY2023,9,CASH,Customer receipt SI-2022-00505,1072,1071,POSTED
JE-2022-01858,2022-12-08,2022-12-09,2022-12,FY2023,9,CASH,Customer receipt SI-2022-00506,1072,1071,POSTED
JE-2022-01859,2022-12-19,2022-12-21,2022-12,FY2023,9,CASH,Customer receipt SI-2022-00512,1072,1071,POSTED
JE-2022-01860,2022-12-21,2022-12-21,2022-12,FY2023,9,CASH,Customer receipt SI-2022-00516,1072,1071,POSTED
JE-2022-01861,2022-12-16,2022-12-16,2022-12,FY2023,9,CASH,Customer receipt SI-2022-00519,1072,1071,POSTED
JE-2022-01862,2022-12-09,2022-12-12,2022-12,FY2023,9,CASH,Customer receipt SI-2022-00523,1072,1071,POSTED
JE-2022-01863,2022-12-02,2022-12-02,2022-12,FY2023,9,CASH,Customer receipt SI-2022-00525,1072,1071,POSTED
JE-2022-01864,2022-12-06,2022-12-08,2022-12,FY2023,9,CASH,Customer receipt SI-2022-00526,1072,1071,POSTED
JE-2022-01865,2022-12-07,2022-12-09,2022-12,FY2023,9,CASH,Customer receipt SI-2022-00531,1072,1071,POSTED
JE-2022-01866,2022-12-06,2022-12-09,2022-12,FY2023,9,CASH,Customer receipt SI-2022-00535,1072,1071,POSTED
JE-2022-01867,2022-12-22,2022-12-23,2022-12,FY2023,9,CASH,Customer receipt SI-2022-00537,1072,1071,POSTED
JE-2022-01868,2022-12-28,2022-12-28,2022-12,FY2023,9,CASH,Customer receipt SI-2022-00550,1072,1071,POSTED
JE-2022-01869,2022-12-30,2023-01-02,2022-12,FY2023,9,CASH,Customer receipt SI-2022-00562,1072,1071,POSTED
JE-2022-01870,2022-12-15,2022-12-16,2022-12,FY2023,9,CASH,Customer receipt SI-2022-00566,1072,1071,POSTED
JE-2022-01871,2022-12-28,2022-12-29,2022-12,FY2023,9,CASH,Customer receipt SI-2022-00583,1072,1071,POSTED
JE-2022-01872,2022-11-04,2022-11-04,2022-11,FY2023,8,CASH,Supplier payment PI-2022-00292,1072,1071,POSTED
JE-2022-01873,2022-11-25,2022-11-25,2022-11,FY2023,8,CASH,Supplier payment PI-2022-00305,1072,1071,POSTED
JE-2022-01874,2022-12-26,2022-12-27,2022-12,FY2023,9,CASH,Supplier payment PI-2022-00309,1072,1071,POSTED
JE-2022-01875,2022-12-09,2022-12-09,2022-12,FY2023,9,CASH,Supplier payment PI-2022-00326,1072,1071,POSTED
JE-2022-01876,2022-11-30,2022-12-01,2022-11,FY2023,8,CASH,Supplier payment PI-2022-00329,1072,1071,POSTED
JE-2022-01877,2022-12-05,2022-12-05,2022-12,FY2023,9,CASH,Supplier payment PI-2022-00332,1072,1071,POSTED
JE-2022-01878,2022-12-13,2022-12-14,2022-12,FY2023,9,CASH,Supplier payment PI-2022-00338,1072,1071,POSTED
JE-2022-01879,2022-12-23,2022-12-23,2022-12,FY2023,9,CASH,Supplier payment PI-2022-00340,1072,1071,POSTED
JE-2022-01880,2022-12-26,2022-12-26,2022-12,FY2023,9,CASH,Supplier payment PI-2022-00341,1072,1071,POSTED
JE-2022-01881,2022-12-16,2022-12-16,2022-12,FY2023,9,CASH,Supplier payment PI-2022-00342,1072,1071,POSTED
JE-2022-01882,2022-12-02,2022-12-02,2022-12,FY2023,9,CASH,Supplier payment PI-2022-00343,1072,1071,POSTED
JE-2022-01883,2022-12-16,2022-12-16,2022-12,FY2023,9,CASH,Supplier payment PI-2022-00345,1072,1071,POSTED
JE-2022-01884,2022-12-07,2022-12-08,2022-12,FY2023,9,CASH,Supplier payment PI-2022-00347,1072,1071,POSTED
JE-2022-01885,2022-12-19,2022-12-20,2022-12,FY2023,9,CASH,Supplier payment PI-2022-00348,1072,1071,POSTED
JE-2022-01886,2022-12-02,2022-12-05,2022-12,FY2023,9,CASH,Supplier payment PI-2022-00349,1072,1071,POSTED
JE-2022-01887,2022-12-23,2022-12-23,2022-12,FY2023,9,CASH,Supplier payment PI-2022-00350,1072,1071,POSTED
JE-2022-01888,2022-12-06,2022-12-08,2022-12,FY2023,9,CASH,Supplier payment PI-2022-00352,1072,1071,POSTED
JE-2022-01889,2022-12-07,2022-12-09,2022-12,FY2023,9,CASH,Supplier payment PI-2022-00355,1072,1071,POSTED
JE-2022-01890,2022-12-21,2022-12-23,2022-12,FY2023,9,CASH,Supplier payment PI-2022-00356,1072,1071,POSTED
JE-2022-01891,2022-12-16,2022-12-16,2022-12,FY2023,9,CASH,Supplier payment PI-2022-00357,1072,1071,POSTED
JE-2022-01892,2022-12-19,2022-12-21,2022-12,FY2023,9,CASH,Supplier payment PI-2022-00361,1072,1071,POSTED
JE-2022-01893,2022-12-29,2022-12-30,2022-12,FY2023,9,CASH,Supplier payment PI-2022-00362,1072,1071,POSTED
JE-2022-01894,2022-12-23,2022-12-23,2022-12,FY2023,9,CASH,Supplier payment PI-2022-00364,1072,1071,POSTED
JE-2022-01895,2022-12-16,2022-12-16,2022-12,FY2023,9,CASH,Supplier payment PI-2022-00365,1072,1071,POSTED
JE-2022-01896,2022-12-07,2022-12-08,2022-12,FY2023,9,CASH,Supplier payment PI-2022-00369,1072,1071,POSTED
JE-2022-01897,2022-12-23,2022-12-23,2022-12,FY2023,9,CASH,Supplier payment PI-2022-00371,1072,1071,POSTED
JE-2022-01898,2022-12-14,2022-12-16,2022-12,FY2023,9,CASH,Supplier payment PI-2022-00372,1072,1071,POSTED
JE-2022-01899,2022-12-23,2022-12-23,2022-12,FY2023,9,CASH,Supplier payment PI-2022-00373,1072,1071,POSTED
JE-2022-01900,2022-12-19,2022-12-20,2022-12,FY2023,9,CASH,Supplier payment PI-2022-00380,1072,1071,POSTED
JE-2022-01901,2022-12-28,2022-12-30,2022-12,FY2023,9,CASH,Supplier payment PI-2022-00393,1072,1071,POSTED
JE-2022-01902,2022-12-30,2023-01-02,2022-12,FY2023,9,CASH,Supplier payment PI-2022-00404,1072,1071,POSTED
JE-2022-01903,2022-12-28,2022-12-29,2022-12,FY2023,9,PAYROLL,Payroll December 2022,1072,1071,POSTED
JE-2022-01904,2022-12-31,2022-12-30,2022-12,FY2023,9,GENERAL,Depreciation Dec 2022,1072,1071,POSTED
JE-2022-01905,2022-12-31,2022-12-30,2022-12,FY2023,9,GENERAL,Bank charges and interest Dec 2022,1072,1071,POSTED
JE-2023-00001,2023-01-06,2023-01-06,2023-01,FY2023,10,AR,Sales invoice SI-2023-00593,1072,1071,POSTED
JE-2023-00002,2023-01-13,2023-01-16,2023-01,FY2023,10,AR,Sales invoice SI-2023-00594,1072,1071,POSTED
JE-2023-00003,2023-01-19,2023-01-20,2023-01,FY2023,10,AR,Sales invoice SI-2023-00595,1072,1071,POSTED
JE-2023-00004,2023-01-27,2023-01-27,2023-01,FY2023,10,AR,Sales invoice SI-2023-00596,1072,1071,POSTED
JE-2023-00005,2023-01-23,2023-01-26,2023-01,FY2023,10,AR,Sales invoice SI-2023-00597,1072,1071,POSTED
JE-2023-00006,2023-01-24,2023-01-26,2023-01,FY2023,10,AR,Sales invoice SI-2023-00598,1072,1071,POSTED
JE-2023-00007,2023-01-31,2023-01-31,2023-01,FY2023,10,AR,Sales invoice SI-2023-00599,1072,1071,POSTED
JE-2023-00008,2023-01-27,2023-01-27,2023-01,FY2023,10,AR,Sales invoice SI-2023-00600,1072,1071,POSTED
JE-2023-00009,2023-01-02,2023-01-03,2023-01,FY2023,10,AR,Sales invoice SI-2023-00601,1072,1071,POSTED
JE-2023-00010,2023-01-26,2023-01-27,2023-01,FY2023,10,AR,Sales invoice SI-2023-00602,1072,1071,POSTED
JE-2023-00011,2023-01-13,2023-01-16,2023-01,FY2023,10,AR,Sales invoice SI-2023-00603,1072,1071,POSTED
JE-2023-00012,2023-01-20,2023-01-20,2023-01,FY2023,10,AR,Sales invoice SI-2023-00604,1072,1071,POSTED
JE-2023-00013,2023-01-24,2023-01-27,2023-01,FY2023,10,AR,Sales invoice SI-2023-00605,1072,1071,POSTED
JE-2023-00014,2023-01-20,2023-01-20,2023-01,FY2023,10,AR,Sales invoice SI-2023-00606,1072,1071,POSTED
JE-2023-00015,2023-01-24,2023-01-26,2023-01,FY2023,10,AR,Sales invoice SI-2023-00607,1072,1071,POSTED
JE-2023-00016,2023-01-30,2023-02-02,2023-01,FY2023,10,AR,Sales invoice SI-2023-00608,1072,1071,POSTED
JE-2023-00017,2023-01-30,2023-02-02,2023-01,FY2023,10,AR,Sales invoice SI-2023-00609,1072,1071,POSTED
JE-2023-00018,2023-01-13,2023-01-13,2023-01,FY2023,10,AR,Sales invoice SI-2023-00610,1072,1071,POSTED
JE-2023-00019,2023-01-10,2023-01-13,2023-01,FY2023,10,AR,Sales invoice SI-2023-00611,1072,1071,POSTED
JE-2023-00020,2023-01-23,2023-01-26,2023-01,FY2023,10,AR,Sales invoice SI-2023-00612,1072,1071,POSTED
JE-2023-00021,2023-01-09,2023-01-12,2023-01,FY2023,10,AR,Sales invoice SI-2023-00613,1072,1071,POSTED
JE-2023-00022,2023-01-20,2023-01-20,2023-01,FY2023,10,AR,Sales invoice SI-2023-00614,1072,1071,POSTED
JE-2023-00023,2023-01-05,2023-01-05,2023-01,FY2023,10,AR,Sales invoice SI-2023-00615,1072,1071,POSTED
JE-2023-00024,2023-01-24,2023-01-27,2023-01,FY2023,10,AR,Sales invoice SI-2023-00616,1072,1071,POSTED
JE-2023-00025,2023-01-12,2023-01-13,2023-01,FY2023,10,AR,Sales invoice SI-2023-00617,1072,1071,POSTED
JE-2023-00026,2023-01-10,2023-01-12,2023-01,FY2023,10,AR,Sales invoice SI-2023-00618,1072,1071,POSTED
JE-2023-00027,2023-01-13,2023-01-13,2023-01,FY2023,10,AR,Sales invoice SI-2023-00619,1072,1071,POSTED
JE-2023-00028,2023-01-27,2023-01-27,2023-01,FY2023,10,AR,Sales invoice SI-2023-00620,1072,1071,POSTED
JE-2023-00029,2023-01-12,2023-01-13,2023-01,FY2023,10,AR,Sales invoice SI-2023-00621,1072,1071,POSTED
JE-2023-00030,2023-01-04,2023-01-06,2023-01,FY2023,10,AR,Sales invoice SI-2023-00622,1072,1071,POSTED
JE-2023-00031,2023-01-26,2023-01-27,2023-01,FY2023,10,AR,Sales invoice SI-2023-00623,1072,1071,POSTED
JE-2023-00032,2023-01-27,2023-01-27,2023-01,FY2023,10,AR,Sales invoice SI-2023-00624,1072,1071,POSTED
JE-2023-00033,2023-01-23,2023-01-24,2023-01,FY2023,10,AR,Sales invoice SI-2023-00625,1072,1071,POSTED
JE-2023-00034,2023-01-23,2023-01-23,2023-01,FY2023,10,AR,Sales invoice SI-2023-00626,1072,1071,POSTED
JE-2023-00035,2023-01-06,2023-01-06,2023-01,FY2023,10,AR,Sales invoice SI-2023-00627,1072,1071,POSTED
JE-2023-00036,2023-01-13,2023-01-13,2023-01,FY2023,10,AR,Sales invoice SI-2023-00628,1072,1071,POSTED
JE-2023-00037,2023-01-23,2023-01-25,2023-01,FY2023,10,AR,Sales invoice SI-2023-00629,1072,1071,POSTED
JE-2023-00038,2023-01-18,2023-01-20,2023-01,FY2023,10,AR,Sales invoice SI-2023-00630,1072,1071,POSTED
JE-2023-00039,2023-01-03,2023-01-05,2023-01,FY2023,10,AR,Sales invoice SI-2023-00631,1072,1071,POSTED
JE-2023-00040,2023-01-13,2023-01-16,2023-01,FY2023,10,AR,Sales invoice SI-2023-00632,1072,1071,POSTED
JE-2023-00041,2023-01-10,2023-01-12,2023-01,FY2023,10,AR,Sales invoice SI-2023-00633,1072,1071,POSTED
JE-2023-00042,2023-01-12,2023-01-13,2023-01,FY2023,10,AR,Sales invoice SI-2023-00634,1072,1071,POSTED
JE-2023-00043,2023-01-13,2023-01-13,2023-01,FY2023,10,AR,Sales invoice SI-2023-00635,1072,1071,POSTED
JE-2023-00044,2023-01-27,2023-01-30,2023-01,FY2023,10,AR,Sales invoice SI-2023-00636,1072,1071,DRAFT
JE-2023-00045,2023-01-13,2023-01-16,2023-01,FY2023,10,AR,Sales invoice SI-2023-00637,1072,1071,POSTED
JE-2023-00046,2023-01-12,2023-01-13,2023-01,FY2023,10,AR,Sales invoice SI-2023-00638,1072,1071,POSTED
JE-2022-01906,2022-12-30,2023-01-02,2022-12,FY2023,9,AR,Sales invoice SI-2022-00639,1072,1071,POSTED
JE-2023-00047,2023-01-10,2023-01-11,2023-01,FY2023,10,AP,Purchase invoice PI-2023-00414,1072,1071,POSTED
JE-2023-00048,2023-01-20,2023-01-20,2023-01,FY2023,10,AP,Purchase invoice PI-2023-00415,1072,1071,POSTED
JE-2023-00049,2023-01-10,2023-01-13,2023-01,FY2023,10,AP,Purchase invoice PI-2023-00416,1072,1071,POSTED
JE-2023-00050,2023-01-02,2023-01-04,2023-01,FY2023,10,AP,Purchase invoice PI-2023-00417,1072,1071,POSTED
JE-2023-00051,2023-01-20,2023-01-20,2023-01,FY2023,10,AP,Purchase invoice PI-2023-00418,1072,1071,POSTED
JE-2023-00052,2023-01-05,2023-01-05,2023-01,FY2023,10,AP,Purchase invoice PI-2023-00419,1072,1071,POSTED
JE-2023-00053,2023-01-04,2023-01-04,2023-01,FY2023,10,AP,Purchase invoice PI-2023-00420,1072,1071,POSTED
JE-2023-00054,2023-01-13,2023-01-13,2023-01,FY2023,10,AP,Purchase invoice PI-2023-00421,1072,1071,POSTED
JE-2023-00055,2023-01-20,2023-01-23,2023-01,FY2023,10,AP,Purchase invoice PI-2023-00422,1072,1071,POSTED
JE-2023-00056,2023-01-13,2023-01-13,2023-01,FY2023,10,AP,Purchase invoice PI-2023-00423,1072,1071,POSTED
JE-2023-00057,2023-01-26,2023-01-27,2023-01,FY2023,10,AP,Purchase invoice PI-2023-00424,1072,1071,POSTED
JE-2023-00058,2023-01-02,2023-01-05,2023-01,FY2023,10,AP,Purchase invoice PI-2023-00425,1072,1071,POSTED
JE-2023-00059,2023-01-05,2023-01-05,2023-01,FY2023,10,AP,Purchase invoice PI-2023-00426,1072,1071,POSTED
JE-2023-00060,2023-01-11,2023-01-13,2023-01,FY2023,10,AP,Purchase invoice PI-2023-00427,1072,1071,POSTED
JE-2023-00061,2023-01-16,2023-01-17,2023-01,FY2023,10,AP,Purchase invoice PI-2023-00428,1072,1071,POSTED
JE-2023-00062,2023-01-30,2023-02-02,2023-01,FY2023,10,AP,Purchase invoice PI-2023-00429,1072,1071,POSTED
JE-2023-00063,2023-01-25,2023-01-27,2023-01,FY2023,10,AP,Purchase invoice PI-2023-00430,1072,1071,POSTED
JE-2022-01907,2022-12-30,2022-12-30,2022-12,FY2023,9,AP,Purchase invoice PI-2022-00431,1072,1071,POSTED
JE-2023-00064,2023-01-25,2023-01-27,2023-01,FY2023,10,AP,Purchase invoice PI-2023-00432,1072,1071,POSTED
JE-2023-00065,2023-01-09,2023-01-09,2023-01,FY2023,10,AP,Purchase invoice PI-2023-00433,1072,1071,POSTED
JE-2023-00066,2023-01-13,2023-01-16,2023-01,FY2023,10,AP,Purchase invoice PI-2023-00434,1072,1071,POSTED
JE-2023-00067,2023-01-27,2023-01-27,2023-01,FY2023,10,AP,Purchase invoice PI-2023-00435,1072,1071,POSTED
JE-2023-00068,2023-01-13,2023-01-13,2023-01,FY2023,10,AP,Purchase invoice PI-2023-00436,1072,1071,POSTED
JE-2023-00069,2023-01-18,2023-01-18,2023-01,FY2023,10,AP,Purchase invoice PI-2023-00437,1072,1071,POSTED
JE-2023-00070,2023-01-11,2023-01-13,2023-01,FY2023,10,AP,Purchase invoice PI-2023-00438,1072,1071,POSTED
JE-2023-00071,2023-01-09,2023-01-09,2023-01,FY2023,10,AP,Purchase invoice PI-2023-00439,1072,1071,POSTED
JE-2023-00072,2023-01-27,2023-01-27,2023-01,FY2023,10,AP,Purchase invoice PI-2023-00440,1072,1071,POSTED
JE-2023-00073,2023-01-13,2023-01-13,2023-01,FY2023,10,AP,Purchase invoice PI-2023-00441,1072,1071,POSTED
JE-2023-00074,2023-01-03,2023-01-04,2023-01,FY2023,10,AP,Purchase invoice PI-2023-00442,1072,1071,POSTED
JE-2023-00075,2023-01-09,2023-01-11,2023-01,FY2023,10,AP,Purchase invoice PI-2023-00443,1072,1071,POSTED
JE-2023-00076,2023-01-26,2023-01-27,2023-01,FY2023,10,AP,Purchase invoice PI-2023-00444,1072,1071,POSTED
JE-2023-00077,2023-01-03,2023-01-03,2023-01,FY2023,10,AP,Purchase invoice PI-2023-00445,1072,1071,POSTED
JE-2023-00078,2023-01-20,2023-01-23,2023-01,FY2023,10,AP,Purchase invoice PI-2023-00446,1072,1071,POSTED
JE-2022-01908,2022-11-21,2022-11-24,2022-11,FY2023,8,CASH,Customer receipt SI-2022-00371,1072,1071,POSTED
JE-2023-00079,2023-01-05,2023-01-06,2023-01,FY2023,10,CASH,Customer receipt SI-2022-00386,1072,1071,POSTED
JE-2023-00080,2023-01-27,2023-01-30,2023-01,FY2023,10,CASH,Customer receipt SI-2022-00429,1072,1071,POSTED
JE-2023-00081,2023-01-26,2023-01-27,2023-01,FY2023,10,CASH,Customer receipt SI-2022-00436,1072,1071,POSTED
JE-2022-01909,2022-12-26,2022-12-27,2022-12,FY2023,9,CASH,Customer receipt SI-2022-00458,1072,1071,POSTED
JE-2022-01910,2022-12-15,2022-12-15,2022-12,FY2023,9,CASH,Customer receipt SI-2022-00466,1072,1071,POSTED
JE-2023-00082,2023-01-26,2023-01-26,2023-01,FY2023,10,CASH,Customer receipt SI-2022-00470,1072,1071,POSTED
JE-2023-00083,2023-01-26,2023-01-27,2023-01,FY2023,10,CASH,Customer receipt SI-2022-00483,1072,1071,POSTED
JE-2022-01911,2022-12-20,2022-12-22,2022-12,FY2023,9,CASH,Customer receipt SI-2022-00484,1072,1071,POSTED
JE-2022-01912,2022-12-27,2022-12-30,2022-12,FY2023,9,CASH,Customer receipt SI-2022-00485,1072,1071,POSTED
JE-2023-00084,2023-01-13,2023-01-13,2023-01,FY2023,10,CASH,Customer receipt SI-2022-00491,1072,1071,POSTED
JE-2022-01913,2022-12-02,2022-12-05,2022-12,FY2023,9,CASH,Customer receipt SI-2022-00493,1072,1071,POSTED
JE-2022-01914,2022-12-16,2022-12-19,2022-12,FY2023,9,CASH,Customer receipt SI-2022-00495,1072,1071,POSTED
JE-2022-01915,2022-12-19,2022-12-19,2022-12,FY2023,9,CASH,Customer receipt SI-2022-00496,1072,1071,POSTED
JE-2023-00085,2023-01-31,2023-02-02,2023-01,FY2023,10,CASH,Customer receipt SI-2022-00501,1072,1071,POSTED
JE-2023-00086,2023-01-20,2023-01-23,2023-01,FY2023,10,CASH,Customer receipt SI-2022-00507,1072,1071,POSTED
JE-2023-00087,2023-01-13,2023-01-13,2023-01,FY2023,10,CASH,Customer receipt SI-2022-00508,1072,1071,POSTED
JE-2022-01916,2022-12-08,2022-12-09,2022-12,FY2023,9,CASH,Customer receipt SI-2022-00509,1072,1071,POSTED
JE-2022-01917,2022-12-30,2023-01-02,2022-12,FY2023,9,CASH,Customer receipt SI-2022-00511,1072,1071,POSTED
JE-2023-00088,2023-01-26,2023-01-26,2023-01,FY2023,10,CASH,Customer receipt SI-2022-00515,1072,1071,POSTED
JE-2022-01918,2022-12-20,2022-12-22,2022-12,FY2023,9,CASH,Customer receipt SI-2022-00518,1072,1071,POSTED
JE-2023-00089,2023-01-20,2023-01-20,2023-01,FY2023,10,CASH,Customer receipt SI-2022-00522,1072,1071,POSTED
JE-2023-00090,2023-01-12,2023-01-13,2023-01,FY2023,10,CASH,Customer receipt SI-2022-00527,1072,1071,POSTED
JE-2023-00091,2023-01-02,2023-01-03,2023-01,FY2023,10,CASH,Customer receipt SI-2022-00528,1072,1071,POSTED
JE-2022-01919,2022-12-30,2023-01-02,2022-12,FY2023,9,CASH,Customer receipt SI-2022-00529,1072,1071,POSTED
JE-2023-00092,2023-01-24,2023-01-27,2023-01,FY2023,10,CASH,Customer receipt SI-2022-00533,1072,1071,POSTED
JE-2023-00093,2023-01-20,2023-01-20,2023-01,FY2023,10,CASH,Customer receipt SI-2022-00536,1072,1071,POSTED
JE-2023-00094,2023-01-20,2023-01-20,2023-01,FY2023,10,CASH,Customer receipt SI-2022-00538,1072,1071,POSTED
JE-2023-00095,2023-01-20,2023-01-20,2023-01,FY2023,10,CASH,Customer receipt SI-2022-00540,1072,1071,POSTED
JE-2023-00096,2023-01-09,2023-01-09,2023-01,FY2023,10,CASH,Customer receipt SI-2022-00541,1072,1071,POSTED
JE-2022-01920,2022-12-23,2022-12-23,2022-12,FY2023,9,CASH,Customer receipt SI-2022-00545,1072,1071,POSTED
JE-2023-00097,2023-01-10,2023-01-10,2023-01,FY2023,10,CASH,Customer receipt SI-2022-00552,1072,1071,POSTED
JE-2023-00098,2023-01-27,2023-01-30,2023-01,FY2023,10,CASH,Customer receipt SI-2022-00553,1072,1071,POSTED
JE-2023-00099,2023-01-04,2023-01-06,2023-01,FY2023,10,CASH,Customer receipt SI-2022-00557,1072,1071,POSTED
JE-2023-00100,2023-01-05,2023-01-06,2023-01,FY2023,10,CASH,Customer receipt SI-2022-00558,1072,1071,POSTED
JE-2023-00101,2023-01-20,2023-01-20,2023-01,FY2023,10,CASH,Customer receipt SI-2022-00559,1072,1071,POSTED
JE-2023-00102,2023-01-09,2023-01-09,2023-01,FY2023,10,CASH,Customer receipt SI-2022-00567,1072,1071,POSTED
JE-2023-00103,2023-01-04,2023-01-06,2023-01,FY2023,10,CASH,Customer receipt SI-2022-00571,1072,1071,POSTED
JE-2023-00104,2023-01-04,2023-01-06,2023-01,FY2023,10,CASH,Customer receipt SI-2022-00574,1072,1071,POSTED
JE-2023-00105,2023-01-11,2023-01-11,2023-01,FY2023,10,CASH,Customer receipt SI-2022-00576,1072,1071,POSTED
JE-2022-01921,2022-12-23,2022-12-23,2022-12,FY2023,9,CASH,Customer receipt SI-2022-00577,1072,1071,POSTED
JE-2023-00106,2023-01-11,2023-01-11,2023-01,FY2023,10,CASH,Customer receipt SI-2022-00578,1072,1071,POSTED
JE-2023-00107,2023-01-02,2023-01-04,2023-01,FY2023,10,CASH,Customer receipt SI-2022-00580,1072,1071,POSTED
JE-2023-00108,2023-01-05,2023-01-05,2023-01,FY2023,10,CASH,Customer receipt SI-2022-00581,1072,1071,POSTED
JE-2022-01922,2022-12-26,2022-12-26,2022-12,FY2023,9,CASH,Customer receipt SI-2022-00584,1072,1071,POSTED
JE-2023-00109,2023-01-31,2023-01-31,2023-01,FY2023,10,CASH,Customer receipt SI-2022-00587,1072,1071,POSTED
JE-2023-00110,2023-01-17,2023-01-17,2023-01,FY2023,10,CASH,Customer receipt SI-2022-00592,1072,1071,POSTED
JE-2023-00111,2023-01-24,2023-01-25,2023-01,FY2023,10,CASH,Customer receipt SI-2023-00637,1072,1071,POSTED
JE-2022-01923,2022-12-27,2022-12-28,2022-12,FY2023,9,CASH,Supplier payment PI-2022-00308,1072,1071,POSTED
JE-2022-01924,2022-12-16,2022-12-16,2022-12,FY2023,9,CASH,Supplier payment PI-2022-00331,1072,1071,POSTED
JE-2022-01925,2022-12-30,2022-12-30,2022-12,FY2023,9,CASH,Supplier payment PI-2022-00339,1072,1071,POSTED
JE-2022-01926,2022-12-30,2022-12-30,2022-12,FY2023,9,CASH,Supplier payment PI-2022-00344,1072,1071,POSTED
JE-2023-00112,2023-01-27,2023-01-27,2023-01,FY2023,10,CASH,Supplier payment PI-2022-00346,1072,1071,POSTED
JE-2022-01927,2022-12-28,2022-12-30,2022-12,FY2023,9,CASH,Supplier payment PI-2022-00351,1072,1071,POSTED
JE-2023-00113,2023-01-13,2023-01-13,2023-01,FY2023,10,CASH,Supplier payment PI-2022-00353,1072,1071,POSTED
JE-2022-01928,2022-12-28,2022-12-28,2022-12,FY2023,9,CASH,Supplier payment PI-2022-00358,1072,1071,POSTED
JE-2023-00114,2023-01-05,2023-01-06,2023-01,FY2023,10,CASH,Supplier payment PI-2022-00360,1072,1071,POSTED
JE-2023-00115,2023-01-20,2023-01-20,2023-01,FY2023,10,CASH,Supplier payment PI-2022-00363,1072,1071,POSTED
JE-2023-00116,2023-01-27,2023-01-30,2023-01,FY2023,10,CASH,Supplier payment PI-2022-00366,1072,1071,POSTED
JE-2023-00117,2023-01-10,2023-01-11,2023-01,FY2023,10,CASH,Supplier payment PI-2022-00367,1072,1071,POSTED
JE-2022-01929,2022-12-30,2022-12-30,2022-12,FY2023,9,CASH,Supplier payment PI-2022-00368,1072,1071,POSTED
JE-2023-00118,2023-01-09,2023-01-10,2023-01,FY2023,10,CASH,Supplier payment PI-2022-00370,1072,1071,POSTED
JE-2023-00119,2023-01-10,2023-01-11,2023-01,FY2023,10,CASH,Supplier payment PI-2022-00374,1072,1071,POSTED
JE-2023-00120,2023-01-13,2023-01-13,2023-01,FY2023,10,CASH,Supplier payment PI-2022-00377,1072,1071,POSTED
JE-2023-00121,2023-01-27,2023-01-27,2023-01,FY2023,10,CASH,Supplier payment PI-2022-00381,1072,1071,POSTED
JE-2023-00122,2023-01-25,2023-01-27,2023-01,FY2023,10,CASH,Supplier payment PI-2022-00384,1072,1071,POSTED
JE-2023-00123,2023-01-19,2023-01-19,2023-01,FY2023,10,CASH,Supplier payment PI-2022-00385,1072,1071,POSTED
JE-2023-00124,2023-01-27,2023-01-27,2023-01,FY2023,10,CASH,Supplier payment PI-2022-00386,1072,1071,POSTED
JE-2022-01930,2022-12-30,2023-01-02,2022-12,FY2023,9,CASH,Supplier payment PI-2022-00388,1072,1071,POSTED
JE-2023-00125,2023-01-13,2023-01-16,2023-01,FY2023,10,CASH,Supplier payment PI-2022-00389,1072,1071,POSTED
JE-2023-00126,2023-01-09,2023-01-11,2023-01,FY2023,10,CASH,Supplier payment PI-2022-00394,1072,1071,POSTED
JE-2022-01931,2022-12-30,2022-12-30,2022-12,FY2023,9,CASH,Supplier payment PI-2022-00395,1072,1071,POSTED
JE-2023-00127,2023-01-27,2023-01-27,2023-01,FY2023,10,CASH,Supplier payment PI-2022-00400,1072,1071,POSTED
JE-2023-00128,2023-01-10,2023-01-13,2023-01,FY2023,10,CASH,Supplier payment PI-2022-00401,1072,1071,POSTED
JE-2023-00129,2023-01-06,2023-01-09,2023-01,FY2023,10,CASH,Supplier payment PI-2022-00402,1072,1071,POSTED
JE-2023-00130,2023-01-20,2023-01-20,2023-01,FY2023,10,CASH,Supplier payment PI-2022-00406,1072,1071,POSTED
JE-2023-00131,2023-01-18,2023-01-18,2023-01,FY2023,10,CASH,Supplier payment PI-2022-00407,1072,1071,POSTED
JE-2023-00132,2023-01-24,2023-01-27,2023-01,FY2023,10,CASH,Supplier payment PI-2022-00408,1072,1071,POSTED
JE-2023-00133,2023-01-27,2023-01-27,2023-01,FY2023,10,CASH,Supplier payment PI-2022-00410,1072,1071,POSTED
JE-2023-00134,2023-01-24,2023-01-24,2023-01,FY2023,10,CASH,Supplier payment PI-2022-00412,1072,1071,POSTED
JE-2023-00135,2023-01-30,2023-02-02,2023-01,FY2023,10,CASH,Supplier payment PI-2022-00413,1072,1071,POSTED
JE-2023-00136,2023-01-25,2023-01-25,2023-01,FY2023,10,CASH,Supplier payment PI-2023-00427,1072,1071,POSTED
JE-2023-00137,2023-01-23,2023-01-23,2023-01,FY2023,10,CASH,Supplier payment PI-2023-00433,1072,1071,POSTED
JE-2023-00138,2023-01-31,2023-01-31,2023-01,FY2023,10,CASH,Supplier payment PI-2023-00442,1072,1071,POSTED
JE-2023-00139,2023-01-27,2023-01-27,2023-01,FY2023,10,PAYROLL,Payroll January 2023,1072,1071,POSTED
JE-2023-00140,2023-01-31,2023-02-03,2023-01,FY2023,10,GENERAL,Depreciation Jan 2023,1072,1071,POSTED
JE-2023-00141,2023-01-31,2023-02-02,2023-01,FY2023,10,GENERAL,Bank charges and interest Jan 2023,1072,1071,POSTED
JE-2023-00142,2023-01-06,2023-01-09,2023-01,FY2023,10,GENERAL,VAT return payment,1072,1071,POSTED
JE-2023-00143,2023-02-17,2023-02-17,2023-02,FY2023,11,AR,Sales invoice SI-2023-00640,1072,1071,POSTED
JE-2023-00144,2023-02-03,2023-02-03,2023-02,FY2023,11,AR,Sales invoice SI-2023-00641,1072,1071,POSTED
JE-2023-00145,2023-02-21,2023-02-21,2023-02,FY2023,11,AR,Sales invoice SI-2023-00642,1072,1071,POSTED
JE-2023-00146,2023-02-24,2023-02-24,2023-02,FY2023,11,AR,Sales invoice SI-2023-00643,1072,1071,POSTED
JE-2023-00147,2023-02-28,2023-03-03,2023-02,FY2023,11,AR,Sales invoice SI-2023-00644,1072,1071,POSTED
JE-2023-00148,2023-02-13,2023-02-14,2023-02,FY2023,11,AR,Sales invoice SI-2023-00645,1072,1071,POSTED
JE-2023-00149,2023-02-02,2023-02-03,2023-02,FY2023,11,AR,Sales invoice SI-2023-00646,1072,1071,POSTED
JE-2023-00150,2023-02-17,2023-02-17,2023-02,FY2023,11,AR,Sales invoice SI-2023-00647,1072,1071,POSTED
JE-2023-00151,2023-02-03,2023-02-03,2023-02,FY2023,11,AR,Sales invoice SI-2023-00648,1072,1071,POSTED
JE-2023-00152,2023-02-20,2023-02-20,2023-02,FY2023,11,AR,Sales invoice SI-2023-00649,1072,1071,POSTED
JE-2023-00153,2023-02-03,2023-02-06,2023-02,FY2023,11,AR,Sales invoice SI-2023-00650,1072,1071,POSTED
JE-2023-00154,2023-02-28,2023-03-03,2023-02,FY2023,11,AR,Sales invoice SI-2023-00651,1072,1071,POSTED
JE-2023-00155,2023-02-03,2023-02-06,2023-02,FY2023,11,AR,Sales invoice SI-2023-00652,1072,1071,POSTED
JE-2023-00156,2023-02-09,2023-02-10,2023-02,FY2023,11,AR,Sales invoice SI-2023-00653,1072,1071,POSTED
JE-2023-00157,2023-02-15,2023-02-17,2023-02,FY2023,11,AR,Sales invoice SI-2023-00654,1072,1071,POSTED
JE-2023-00158,2023-02-07,2023-02-10,2023-02,FY2023,11,AR,Sales invoice SI-2023-00655,1072,1071,POSTED
JE-2023-00159,2023-02-23,2023-02-24,2023-02,FY2023,11,AR,Sales invoice SI-2023-00656,1072,1071,POSTED
JE-2023-00160,2023-02-17,2023-02-17,2023-02,FY2023,11,AR,Sales invoice SI-2023-00657,1072,1071,POSTED
JE-2023-00161,2023-02-21,2023-02-23,2023-02,FY2023,11,AR,Sales invoice SI-2023-00658,1072,1071,POSTED
JE-2023-00162,2023-02-09,2023-02-10,2023-02,FY2023,11,AR,Sales invoice SI-2023-00659,1072,1071,POSTED
JE-2023-00163,2023-02-23,2023-02-24,2023-02,FY2023,11,AR,Sales invoice SI-2023-00660,1072,1071,POSTED
JE-2023-00164,2023-02-03,2023-02-03,2023-02,FY2023,11,AR,Sales invoice SI-2023-00661,1072,1071,POSTED
JE-2023-00165,2023-02-17,2023-02-17,2023-02,FY2023,11,AR,Sales invoice SI-2023-00662,1072,1071,POSTED
JE-2023-00166,2023-02-24,2023-02-24,2023-02,FY2023,11,AR,Sales invoice SI-2023-00663,1072,1071,POSTED
JE-2023-00167,2023-02-21,2023-02-22,2023-02,FY2023,11,AR,Sales invoice SI-2023-00664,1072,1071,POSTED
JE-2023-00168,2023-02-28,2023-03-03,2023-02,FY2023,11,AR,Sales invoice SI-2023-00665,1072,1071,POSTED
JE-2023-00169,2023-02-08,2023-02-09,2023-02,FY2023,11,AR,Sales invoice SI-2023-00666,1072,1071,POSTED
JE-2023-00170,2023-02-10,2023-02-13,2023-02,FY2023,11,AR,Sales invoice SI-2023-00667,1072,1071,POSTED
JE-2023-00171,2023-02-24,2023-02-24,2023-02,FY2023,11,AR,Sales invoice SI-2023-00668,1072,1071,POSTED
JE-2023-00172,2023-02-16,2023-02-17,2023-02,FY2023,11,AR,Sales invoice SI-2023-00669,1072,1071,POSTED
JE-2023-00173,2023-02-03,2023-02-06,2023-02,FY2023,11,AR,Sales invoice SI-2023-00670,1072,1071,POSTED
JE-2023-00174,2023-02-07,2023-02-08,2023-02,FY2023,11,AR,Sales invoice SI-2023-00671,1072,1071,POSTED
JE-2023-00175,2023-02-02,2023-02-02,2023-02,FY2023,11,AR,Sales invoice SI-2023-00672,1072,1071,POSTED
JE-2023-00176,2023-02-15,2023-02-17,2023-02,FY2023,11,AR,Sales invoice SI-2023-00673,1072,1071,POSTED
JE-2023-00177,2023-02-10,2023-02-10,2023-02,FY2023,11,AR,Sales invoice SI-2023-00674,1072,1071,POSTED
JE-2023-00178,2023-02-01,2023-02-03,2023-02,FY2023,11,AR,Sales invoice SI-2023-00675,1072,1071,POSTED
JE-2023-00179,2023-02-03,2023-02-03,2023-02,FY2023,11,AR,Sales invoice SI-2023-00676,1072,1071,POSTED
JE-2023-00180,2023-02-03,2023-02-03,2023-02,FY2023,11,AR,Sales invoice SI-2023-00677,1072,1071,POSTED
JE-2023-00181,2023-02-10,2023-02-10,2023-02,FY2023,11,AR,Sales invoice SI-2023-00678,1072,1071,POSTED
JE-2023-00182,2023-02-03,2023-02-06,2023-02,FY2023,11,AR,Sales invoice SI-2023-00679,1072,1071,POSTED
JE-2023-00183,2023-02-08,2023-02-08,2023-02,FY2023,11,AR,Sales invoice SI-2023-00680,1072,1071,POSTED
JE-2023-00184,2023-02-13,2023-02-15,2023-02,FY2023,11,AR,Sales invoice SI-2023-00681,1072,1071,POSTED
JE-2023-00185,2023-02-27,2023-03-01,2023-02,FY2023,11,AR,Sales invoice SI-2023-00682,1072,1071,POSTED
JE-2023-00186,2023-02-24,2023-02-24,2023-02,FY2023,11,AR,Sales invoice SI-2023-00683,1072,1071,POSTED
JE-2023-00187,2023-02-02,2023-02-03,2023-02,FY2023,11,AR,Sales invoice SI-2023-00684,1072,1071,POSTED
JE-2023-00188,2023-02-01,2023-02-01,2023-02,FY2023,11,AR,Sales invoice SI-2023-00685,1072,1071,POSTED
JE-2023-00189,2023-02-01,2023-02-03,2023-02,FY2023,11,AR,Sales invoice SI-2023-00686,1072,1071,POSTED
JE-2023-00190,2023-02-06,2023-02-06,2023-02,FY2023,11,AR,Sales invoice SI-2023-00687,1072,1071,POSTED
JE-2023-00191,2023-02-07,2023-02-09,2023-02,FY2023,11,AR,Sales invoice SI-2023-00688,1072,1071,POSTED
JE-2023-00192,2023-02-10,2023-02-10,2023-02,FY2023,11,AP,Purchase invoice PI-2023-00447,1072,1071,POSTED
JE-2023-00193,2023-02-15,2023-02-16,2023-02,FY2023,11,AP,Purchase invoice PI-2023-00448,1072,1071,POSTED
JE-2023-00194,2023-02-20,2023-02-21,2023-02,FY2023,11,AP,Purchase invoice PI-2023-00449,1072,1071,POSTED
JE-2023-00195,2023-02-10,2023-02-10,2023-02,FY2023,11,AP,Purchase invoice PI-2023-00450,1072,1071,POSTED
JE-2023-00196,2023-02-27,2023-03-02,2023-02,FY2023,11,AP,Purchase invoice PI-2023-00451,1072,1071,POSTED
JE-2023-00197,2023-02-08,2023-02-08,2023-02,FY2023,11,AP,Purchase invoice PI-2023-00452,1072,1071,POSTED
JE-2023-00198,2023-02-20,2023-02-23,2023-02,FY2023,11,AP,Purchase invoice PI-2023-00453,1072,1071,POSTED
JE-2023-00199,2023-02-16,2023-02-16,2023-02,FY2023,11,AP,Purchase invoice PI-2023-00454,1072,1071,POSTED
JE-2023-00200,2023-02-23,2023-02-23,2023-02,FY2023,11,AP,Purchase invoice PI-2023-00455,1072,1071,POSTED
JE-2023-00201,2023-02-03,2023-02-06,2023-02,FY2023,11,AP,Purchase invoice PI-2023-00456,1072,1071,POSTED
JE-2023-00202,2023-02-15,2023-02-17,2023-02,FY2023,11,AP,Purchase invoice PI-2023-00457,1072,1071,POSTED
JE-2023-00203,2023-02-02,2023-02-02,2023-02,FY2023,11,AP,Purchase invoice PI-2023-00458,1072,1071,POSTED
JE-2023-00204,2023-02-28,2023-03-01,2023-02,FY2023,11,AP,Purchase invoice PI-2023-00459,1072,1071,POSTED
JE-2023-00205,2023-02-06,2023-02-06,2023-02,FY2023,11,AP,Purchase invoice PI-2023-00460,1072,1071,POSTED
JE-2023-00206,2023-02-10,2023-02-10,2023-02,FY2023,11,AP,Purchase invoice PI-2023-00461,1072,1071,POSTED
JE-2023-00207,2023-02-02,2023-02-03,2023-02,FY2023,11,AP,Purchase invoice PI-2023-00462,1072,1071,POSTED
JE-2023-00208,2023-02-21,2023-02-24,2023-02,FY2023,11,AP,Purchase invoice PI-2023-00463,1072,1071,POSTED
JE-2023-00209,2023-02-10,2023-02-13,2023-02,FY2023,11,AP,Purchase invoice PI-2023-00464,1072,1071,POSTED
JE-2023-00210,2023-02-16,2023-02-17,2023-02,FY2023,11,AP,Purchase invoice PI-2023-00465,1072,1071,POSTED
JE-2023-00211,2023-02-02,2023-02-02,2023-02,FY2023,11,AP,Purchase invoice PI-2023-00466,1072,1071,POSTED
JE-2023-00212,2023-02-03,2023-02-03,2023-02,FY2023,11,AP,Purchase invoice PI-2023-00467,1072,1071,POSTED
JE-2023-00213,2023-02-02,2023-02-03,2023-02,FY2023,11,AP,Purchase invoice PI-2023-00468,1072,1071,POSTED
JE-2023-00214,2023-02-17,2023-02-17,2023-02,FY2023,11,AP,Purchase invoice PI-2023-00469,1072,1071,POSTED
JE-2023-00215,2023-02-17,2023-02-17,2023-02,FY2023,11,AP,Purchase invoice PI-2023-00470,1072,1071,POSTED
JE-2023-00216,2023-02-27,2023-02-28,2023-02,FY2023,11,AP,Purchase invoice PI-2023-00471,1072,1071,POSTED
JE-2023-00217,2023-02-24,2023-02-24,2023-02,FY2023,11,AP,Purchase invoice PI-2023-00472,1072,1071,POSTED
JE-2023-00218,2023-02-17,2023-02-17,2023-02,FY2023,11,AP,Purchase invoice PI-2023-00473,1072,1071,POSTED
JE-2023-00219,2023-02-03,2023-02-06,2023-02,FY2023,11,AP,Purchase invoice PI-2023-00474,1072,1071,POSTED
JE-2023-00220,2023-02-10,2023-02-13,2023-02,FY2023,11,AP,Purchase invoice PI-2023-00475,1072,1071,POSTED
JE-2023-00221,2023-02-15,2023-02-15,2023-02,FY2023,11,AP,Purchase invoice PI-2023-00476,1072,1071,POSTED
JE-2023-00222,2023-02-03,2023-02-03,2023-02,FY2023,11,AP,Purchase invoice PI-2023-00477,1072,1071,POSTED
JE-2023-00223,2023-02-22,2023-02-24,2023-02,FY2023,11,AP,Purchase invoice PI-2023-00478,1072,1071,POSTED
JE-2023-00224,2023-02-15,2023-02-17,2023-02,FY2023,11,AP,Purchase invoice PI-2023-00479,1072,1071,POSTED
JE-2023-00225,2023-02-08,2023-02-09,2023-02,FY2023,11,AP,Purchase invoice PI-2023-00480,1072,1071,POSTED
JE-2023-00226,2023-02-10,2023-02-10,2023-02,FY2023,11,CASH,Customer receipt SI-2022-00376,1072,1071,POSTED
JE-2022-01932,2022-12-09,2022-12-09,2022-12,FY2023,9,CASH,Customer receipt SI-2022-00419,1072,1071,POSTED
JE-2023-00227,2023-01-31,2023-02-03,2023-01,FY2023,10,CASH,Customer receipt SI-2022-00438,1072,1071,POSTED
JE-2023-00228,2023-02-27,2023-03-01,2023-02,FY2023,11,CASH,Customer receipt SI-2022-00445,1072,1071,POSTED
JE-2023-00229,2023-01-19,2023-01-19,2023-01,FY2023,10,CASH,Customer receipt SI-2022-00460,1072,1071,POSTED
JE-2023-00230,2023-01-20,2023-01-23,2023-01,FY2023,10,CASH,Customer receipt SI-2022-00490,1072,1071,POSTED
JE-2022-01933,2022-12-06,2022-12-09,2022-12,FY2023,9,CASH,Customer receipt SI-2022-00494,1072,1071,POSTED
JE-2023-00231,2023-02-13,2023-02-15,2023-02,FY2023,11,CASH,Customer receipt SI-2022-00497,1072,1071,POSTED
JE-2023-00232,2023-02-10,2023-02-10,2023-02,FY2023,11,CASH,Customer receipt SI-2022-00498,1072,1071,POSTED
JE-2023-00233,2023-02-28,2023-03-01,2023-02,FY2023,11,CASH,Customer receipt SI-2022-00500,1072,1071,POSTED
JE-2023-00234,2023-02-02,2023-02-03,2023-02,FY2023,11,CASH,Customer receipt SI-2022-00510,1072,1071,POSTED
JE-2023-00235,2023-01-20,2023-01-23,2023-01,FY2023,10,CASH,Customer receipt SI-2022-00513,1072,1071,POSTED
JE-2023-00236,2023-02-08,2023-02-08,2023-02,FY2023,11,CASH,Customer receipt SI-2022-00514,1072,1071,POSTED
JE-2023-00237,2023-01-04,2023-01-06,2023-01,FY2023,10,CASH,Customer receipt SI-2022-00521,1072,1071,POSTED
JE-2023-00238,2023-02-28,2023-03-01,2023-02,FY2023,11,CASH,Customer receipt SI-2022-00530,1072,1071,POSTED
JE-2023-00239,2023-02-13,2023-02-13,2023-02,FY2023,11,CASH,Customer receipt SI-2022-00532,1072,1071,POSTED
JE-2023-00240,2023-01-31,2023-02-02,2023-01,FY2023,10,CASH,Customer receipt SI-2022-00534,1072,1071,POSTED
JE-2023-00241,2023-01-20,2023-01-20,2023-01,FY2023,10,CASH,Customer receipt SI-2022-00543,1072,1071,POSTED
JE-2023-00242,2023-02-20,2023-02-20,2023-02,FY2023,11,CASH,Customer receipt SI-2022-00544,1072,1071,POSTED
JE-2023-00243,2023-02-24,2023-02-24,2023-02,FY2023,11,CASH,Customer receipt SI-2022-00548,1072,1071,POSTED
JE-2023-00244,2023-01-20,2023-01-20,2023-01,FY2023,10,CASH,Customer receipt SI-2022-00549,1072,1071,POSTED
JE-2023-00245,2023-01-13,2023-01-16,2023-01,FY2023,10,CASH,Customer receipt SI-2022-00551,1072,1071,POSTED
JE-2023-00246,2023-01-11,2023-01-13,2023-01,FY2023,10,CASH,Customer receipt SI-2022-00555,1072,1071,POSTED
JE-2023-00247,2023-02-23,2023-02-24,2023-02,FY2023,11,CASH,Customer receipt SI-2022-00561,1072,1071,POSTED
JE-2023-00248,2023-02-28,2023-03-01,2023-02,FY2023,11,CASH,Customer receipt SI-2022-00563,1072,1071,POSTED
JE-2023-00249,2023-02-08,2023-02-09,2023-02,FY2023,11,CASH,Customer receipt SI-2022-00568,1072,1071,POSTED
JE-2023-00250,2023-01-20,2023-01-20,2023-01,FY2023,10,CASH,Customer receipt SI-2022-00569,1072,1071,POSTED
JE-2023-00251,2023-01-27,2023-01-27,2023-01,FY2023,10,CASH,Customer receipt SI-2022-00570,1072,1071,POSTED
JE-2023-00252,2023-02-03,2023-02-03,2023-02,FY2023,11,CASH,Customer receipt SI-2022-00575,1072,1071,POSTED
JE-2023-00253,2023-02-07,2023-02-10,2023-02,FY2023,11,CASH,Customer receipt SI-2022-00579,1072,1071,POSTED
JE-2023-00254,2023-02-03,2023-02-03,2023-02,FY2023,11,CASH,Customer receipt SI-2022-00582,1072,1071,POSTED
JE-2023-00255,2023-02-01,2023-02-03,2023-02,FY2023,11,CASH,Customer receipt SI-2022-00586,1072,1071,POSTED
JE-2023-00256,2023-02-23,2023-02-24,2023-02,FY2023,11,CASH,Customer receipt SI-2022-00589,1072,1071,POSTED
JE-2023-00257,2023-02-24,2023-02-24,2023-02,FY2023,11,CASH,Customer receipt SI-2022-00591,1072,1071,POSTED
JE-2023-00258,2023-01-27,2023-01-30,2023-01,FY2023,10,CASH,Customer receipt SI-2023-00601,1072,1071,POSTED
JE-2023-00259,2023-02-24,2023-02-24,2023-02,FY2023,11,CASH,Customer receipt SI-2023-00604,1072,1071,POSTED
JE-2023-00260,2023-02-20,2023-02-22,2023-02,FY2023,11,CASH,Customer receipt SI-2023-00607,1072,1071,POSTED
JE-2023-00261,2023-02-17,2023-02-17,2023-02,FY2023,11,CASH,Customer receipt SI-2023-00609,1072,1071,POSTED
JE-2023-00262,2023-02-21,2023-02-23,2023-02,FY2023,11,CASH,Customer receipt SI-2023-00610,1072,1071,POSTED
JE-2023-00263,2023-02-21,2023-02-23,2023-02,FY2023,11,CASH,Customer receipt SI-2023-00618,1072,1071,POSTED
JE-2023-00264,2023-02-14,2023-02-17,2023-02,FY2023,11,CASH,Customer receipt SI-2023-00619,1072,1071,POSTED
JE-2023-00265,2023-01-27,2023-01-27,2023-01,FY2023,10,CASH,Customer receipt SI-2023-00621,1072,1071,POSTED
JE-2023-00266,2023-02-08,2023-02-08,2023-02,FY2023,11,CASH,Customer receipt SI-2023-00622,1072,1071,POSTED
JE-2023-00267,2023-02-14,2023-02-15,2023-02,FY2023,11,CASH,Customer receipt SI-2023-00623,1072,1071,POSTED
JE-2023-00268,2023-02-24,2023-02-24,2023-02,FY2023,11,CASH,Customer receipt SI-2023-00625,1072,1071,POSTED
JE-2023-00269,2023-02-17,2023-02-17,2023-02,FY2023,11,CASH,Customer receipt SI-2023-00627,1072,1071,POSTED
JE-2023-00270,2023-02-14,2023-02-17,2023-02,FY2023,11,CASH,Customer receipt SI-2023-00635,1072,1071,POSTED
JE-2023-00271,2023-02-17,2023-02-17,2023-02,FY2023,11,CASH,Customer receipt SI-2022-00639,1072,1071,POSTED
JE-2023-00272,2023-02-22,2023-02-23,2023-02,FY2023,11,CASH,Customer receipt SI-2023-00650,1072,1071,POSTED
JE-2023-00273,2023-02-17,2023-02-17,2023-02,FY2023,11,CASH,Customer receipt SI-2023-00679,1072,1071,POSTED
JE-2023-00274,2023-01-23,2023-01-23,2023-01,FY2023,10,CASH,Supplier payment PI-2022-00375,1072,1071,POSTED
JE-2023-00275,2023-02-24,2023-02-27,2023-02,FY2023,11,CASH,Supplier payment PI-2022-00376,1072,1071,POSTED
JE-2023-00276,2023-02-10,2023-02-10,2023-02,FY2023,11,CASH,Supplier payment PI-2022-00378,1072,1071,POSTED
JE-2023-00277,2023-02-07,2023-02-07,2023-02,FY2023,11,CASH,Supplier payment PI-2022-00379,1072,1071,POSTED
JE-2023-00278,2023-02-10,2023-02-10,2023-02,FY2023,11,CASH,Supplier payment PI-2022-00382,1072,1071,POSTED
JE-2023-00279,2023-02-15,2023-02-17,2023-02,FY2023,11,CASH,Supplier payment PI-2022-00383,1072,1071,POSTED
JE-2023-00280,2023-02-10,2023-02-10,2023-02,FY2023,11,CASH,Supplier payment PI-2022-00387,1072,1071,POSTED
JE-2023-00281,2023-02-16,2023-02-17,2023-02,FY2023,11,CASH,Supplier payment PI-2022-00390,1072,1071,POSTED
JE-2023-00282,2023-01-16,2023-01-19,2023-01,FY2023,10,CASH,Supplier payment PI-2022-00391,1072,1071,POSTED
JE-2023-00283,2023-02-07,2023-02-08,2023-02,FY2023,11,CASH,Supplier payment PI-2022-00392,1072,1071,POSTED
JE-2023-00284,2023-02-07,2023-02-10,2023-02,FY2023,11,CASH,Supplier payment PI-2022-00397,1072,1071,POSTED
JE-2023-00285,2023-02-13,2023-02-16,2023-02,FY2023,11,CASH,Supplier payment PI-2022-00398,1072,1071,POSTED
JE-2023-00286,2023-02-09,2023-02-10,2023-02,FY2023,11,CASH,Supplier payment PI-2022-00403,1072,1071,POSTED
JE-2023-00287,2023-02-02,2023-02-03,2023-02,FY2023,11,CASH,Supplier payment PI-2022-00409,1072,1071,POSTED
JE-2023-00288,2023-02-17,2023-02-17,2023-02,FY2023,11,CASH,Supplier payment PI-2022-00411,1072,1071,POSTED
JE-2023-00289,2023-02-16,2023-02-16,2023-02,FY2023,11,CASH,Supplier payment PI-2023-00414,1072,1071,POSTED
JE-2023-00290,2023-02-17,2023-02-17,2023-02,FY2023,11,CASH,Supplier payment PI-2023-00415,1072,1071,POSTED
JE-2023-00291,2023-02-07,2023-02-10,2023-02,FY2023,11,CASH,Supplier payment PI-2023-00416,1072,1071,POSTED
JE-2023-00292,2023-01-30,2023-01-31,2023-01,FY2023,10,CASH,Supplier payment PI-2023-00417,1072,1071,POSTED
JE-2023-00293,2023-01-31,2023-02-02,2023-01,FY2023,10,CASH,Supplier payment PI-2023-00419,1072,1071,POSTED
JE-2023-00294,2023-02-17,2023-02-17,2023-02,FY2023,11,CASH,Supplier payment PI-2023-00420,1072,1071,POSTED
JE-2023-00295,2023-02-03,2023-02-03,2023-02,FY2023,11,CASH,Supplier payment PI-2023-00421,1072,1071,POSTED
JE-2023-00296,2023-01-27,2023-01-27,2023-01,FY2023,10,CASH,Supplier payment PI-2023-00423,1072,1071,POSTED
JE-2023-00297,2023-02-28,2023-03-01,2023-02,FY2023,11,CASH,Supplier payment PI-2023-00424,1072,1071,POSTED
JE-2023-00298,2023-02-03,2023-02-03,2023-02,FY2023,11,CASH,Supplier payment PI-2023-00425,1072,1071,POSTED
JE-2023-00299,2023-02-03,2023-02-03,2023-02,FY2023,11,CASH,Supplier payment PI-2023-00426,1072,1071,POSTED
JE-2023-00300,2023-02-15,2023-02-15,2023-02,FY2023,11,CASH,Supplier payment PI-2023-00428,1072,1071,POSTED
JE-2023-00301,2023-02-27,2023-02-27,2023-02,FY2023,11,CASH,Supplier payment PI-2023-00430,1072,1071,POSTED
JE-2023-00302,2023-01-27,2023-01-30,2023-01,FY2023,10,CASH,Supplier payment PI-2022-00431,1072,1071,POSTED
JE-2023-00303,2023-02-10,2023-02-13,2023-02,FY2023,11,CASH,Supplier payment PI-2023-00434,1072,1071,POSTED
JE-2023-00304,2023-02-01,2023-02-02,2023-02,FY2023,11,CASH,Supplier payment PI-2023-00437,1072,1071,POSTED
JE-2023-00305,2023-02-10,2023-02-10,2023-02,FY2023,11,CASH,Supplier payment PI-2023-00438,1072,1071,POSTED
JE-2023-00306,2023-02-17,2023-02-17,2023-02,FY2023,11,CASH,Supplier payment PI-2023-00441,1072,1071,POSTED
JE-2023-00307,2023-02-08,2023-02-10,2023-02,FY2023,11,CASH,Supplier payment PI-2023-00443,1072,1071,POSTED
JE-2023-00308,2023-02-03,2023-02-06,2023-02,FY2023,11,CASH,Supplier payment PI-2023-00445,1072,1071,POSTED
JE-2023-00309,2023-02-17,2023-02-20,2023-02,FY2023,11,CASH,Supplier payment PI-2023-00446,1072,1071,POSTED
JE-2023-00310,2023-02-28,2023-03-03,2023-02,FY2023,11,CASH,Supplier payment PI-2023-00468,1072,1071,POSTED
JE-2023-00311,2023-02-15,2023-02-16,2023-02,FY2023,11,CASH,Supplier payment PI-2023-00477,1072,1071,POSTED
JE-2023-00312,2023-02-28,2023-03-03,2023-02,FY2023,11,PAYROLL,Payroll February 2023,1072,1071,POSTED
JE-2023-00313,2023-02-28,2023-03-02,2023-02,FY2023,11,GENERAL,Depreciation Feb 2023,1072,1071,POSTED
JE-2023-00314,2023-02-28,2023-02-28,2023-02,FY2023,11,GENERAL,Bank charges and interest Feb 2023,1072,1071,POSTED
JE-2023-00315,2023-03-03,2023-03-03,2023-03,FY2023,12,AR,Sales invoice SI-2023-00689,1072,1071,POSTED
JE-2023-00316,2023-03-10,2023-03-10,2023-03,FY2023,12,AR,Sales invoice SI-2023-00690,1072,1071,POSTED
JE-2023-00317,2023-03-02,2023-03-03,2023-03,FY2023,12,AR,Sales invoice SI-2023-00691,1072,1071,POSTED
JE-2023-00318,2023-03-17,2023-03-17,2023-03,FY2023,12,AR,Sales invoice SI-2023-00692,1072,1071,POSTED
JE-2023-00319,2023-03-24,2023-03-24,2023-03,FY2023,12,AR,Sales invoice SI-2023-00693,1072,1071,POSTED
JE-2023-00320,2023-03-22,2023-03-23,2023-03,FY2023,12,AR,Sales invoice SI-2023-00694,1072,1071,POSTED
JE-2023-00321,2023-03-24,2023-03-27,2023-03,FY2023,12,AR,Sales invoice SI-2023-00695,1072,1071,POSTED
JE-2023-00322,2023-03-28,2023-03-30,2023-03,FY2023,12,AR,Sales invoice SI-2023-00696,1072,1071,POSTED
JE-2023-00323,2023-03-10,2023-03-10,2023-03,FY2023,12,AR,Sales invoice SI-2023-00697,1072,1071,POSTED
JE-2023-00324,2023-03-15,2023-03-15,2023-03,FY2023,12,AR,Sales invoice SI-2023-00698,1072,1071,POSTED
JE-2023-00325,2023-03-21,2023-03-22,2023-03,FY2023,12,AR,Sales invoice SI-2023-00699,1072,1071,POSTED
JE-2023-00326,2023-03-13,2023-03-13,2023-03,FY2023,12,AR,Sales invoice SI-2023-00700,1072,1071,POSTED
JE-2023-00327,2023-03-08,2023-03-10,2023-03,FY2023,12,AR,Sales invoice SI-2023-00701,1072,1071,POSTED
JE-2023-00328,2023-03-10,2023-03-10,2023-03,FY2023,12,AR,Sales invoice SI-2023-00702,1072,1071,POSTED
JE-2023-00329,2023-03-03,2023-03-03,2023-03,FY2023,12,AR,Sales invoice SI-2023-00703,1072,1071,POSTED
JE-2023-00330,2023-03-29,2023-03-31,2023-03,FY2023,12,AR,Sales invoice SI-2023-00704,1072,1071,POSTED
JE-2023-00331,2023-03-16,2023-03-17,2023-03,FY2023,12,AR,Sales invoice SI-2023-00705,1072,1071,POSTED
JE-2023-00332,2023-03-03,2023-03-03,2023-03,FY2023,12,AR,Sales invoice SI-2023-00706,1072,1071,POSTED
JE-2023-00333,2023-03-10,2023-03-10,2023-03,FY2023,12,AR,Sales invoice SI-2023-00707,1072,1071,POSTED
JE-2023-00334,2023-03-03,2023-03-03,2023-03,FY2023,12,AR,Sales invoice SI-2023-00708,1072,1071,POSTED
JE-2023-00335,2023-03-31,2023-03-31,2023-03,FY2023,12,AR,Sales invoice SI-2023-00709,1072,1071,POSTED
JE-2023-00336,2023-03-13,2023-03-16,2023-03,FY2023,12,AR,Sales invoice SI-2023-00710,1072,1071,POSTED
JE-2023-00337,2023-03-10,2023-03-10,2023-03,FY2023,12,AR,Sales invoice SI-2023-00711,1072,1071,POSTED
JE-2023-00338,2023-03-29,2023-03-30,2023-03,FY2023,12,AR,Sales invoice SI-2023-00712,1072,1071,POSTED
JE-2023-00339,2023-03-01,2023-03-01,2023-03,FY2023,12,AR,Sales invoice SI-2023-00713,1072,1071,POSTED
JE-2023-00340,2023-03-24,2023-03-24,2023-03,FY2023,12,AR,Sales invoice SI-2023-00714,1072,1071,POSTED
JE-2023-00341,2023-03-14,2023-03-17,2023-03,FY2023,12,AR,Sales invoice SI-2023-00715,1072,1071,POSTED
JE-2023-00342,2023-03-29,2023-03-31,2023-03,FY2023,12,AR,Sales invoice SI-2023-00716,1072,1071,POSTED
JE-2023-00343,2023-03-06,2023-03-07,2023-03,FY2023,12,AR,Sales invoice SI-2023-00717,1072,1071,POSTED
JE-2023-00344,2023-03-10,2023-03-13,2023-03,FY2023,12,AR,Sales invoice SI-2023-00718,1072,1071,POSTED
JE-2023-00345,2023-03-03,2023-03-03,2023-03,FY2023,12,AR,Sales invoice SI-2023-00719,1072,1071,POSTED
JE-2023-00346,2023-03-03,2023-03-03,2023-03,FY2023,12,AR,Sales invoice SI-2023-00720,1072,1071,POSTED
JE-2023-00347,2023-03-21,2023-03-21,2023-03,FY2023,12,AR,Sales invoice SI-2023-00721,1072,1071,POSTED
JE-2023-00348,2023-03-06,2023-03-06,2023-03,FY2023,12,AR,Sales invoice SI-2023-00722,1072,1071,POSTED
JE-2023-00349,2023-03-28,2023-03-28,2023-03,FY2023,12,AR,Sales invoice SI-2023-00723,1072,1071,POSTED
JE-2023-00350,2023-03-10,2023-03-10,2023-03,FY2023,12,AR,Sales invoice SI-2023-00724,1072,1071,POSTED
JE-2023-00351,2023-03-24,2023-03-24,2023-03,FY2023,12,AR,Sales invoice SI-2023-00725,1072,1071,POSTED
JE-2023-00352,2023-03-01,2023-03-03,2023-03,FY2023,12,AR,Sales invoice SI-2023-00726,1072,1071,POSTED
JE-2023-00353,2023-03-20,2023-03-23,2023-03,FY2023,12,AR,Sales invoice SI-2023-00727,1072,1071,POSTED
JE-2023-00354,2023-03-21,2023-03-22,2023-03,FY2023,12,AR,Sales invoice SI-2023-00728,1072,1071,POSTED
JE-2023-00355,2023-03-03,2023-03-06,2023-03,FY2023,12,AR,Sales invoice SI-2023-00729,1072,1071,POSTED
JE-2023-00356,2023-03-09,2023-03-09,2023-03,FY2023,12,AR,Sales invoice SI-2023-00730,1072,1071,POSTED
JE-2023-00357,2023-03-14,2023-03-16,2023-03,FY2023,12,AR,Sales invoice SI-2023-00731,1072,1071,POSTED
JE-2023-00358,2023-03-07,2023-03-08,2023-03,FY2023,12,AR,Sales invoice SI-2023-00732,1072,1071,POSTED
JE-2023-00359,2023-03-13,2023-03-15,2023-03,FY2023,12,AR,Sales invoice SI-2023-00733,1072,1071,POSTED
JE-2023-00360,2023-03-14,2023-03-15,2023-03,FY2023,12,AR,Sales invoice SI-2023-00734,1072,1071,POSTED
JE-2023-00361,2023-03-24,2023-03-24,2023-03,FY2023,12,AR,Sales invoice SI-2023-00735,1072,1071,POSTED
JE-2023-00362,2023-03-27,2023-03-30,2023-03,FY2023,12,AR,Sales invoice SI-2023-00736,1072,1071,POSTED
JE-2023-00363,2023-03-02,2023-03-03,2023-03,FY2023,12,AR,Sales invoice SI-2023-00737,1072,1071,POSTED
JE-2023-00364,2023-03-30,2023-03-31,2023-03,FY2023,12,AR,Sales invoice SI-2023-00738,1072,1071,POSTED
JE-2023-00365,2023-03-20,2023-03-21,2023-03,FY2023,12,AR,Sales invoice SI-2023-00739,1072,1071,POSTED
JE-2023-00366,2023-03-03,2023-03-06,2023-03,FY2023,12,AR,Sales invoice SI-2023-00740,1072,1071,POSTED
JE-2023-00367,2023-03-09,2023-03-10,2023-03,FY2023,12,AR,Sales invoice SI-2023-00741,1072,1071,POSTED
JE-2023-00368,2023-03-29,2023-03-29,2023-03,FY2023,12,AR,Sales invoice SI-2023-00742,1072,1071,POSTED
JE-2023-00369,2023-03-27,2023-03-27,2023-03,FY2023,12,AR,Sales invoice SI-2023-00743,1072,1071,POSTED
JE-2023-00370,2023-03-07,2023-03-07,2023-03,FY2023,12,AR,Sales invoice SI-2023-00744,1072,1071,POSTED
JE-2023-00371,2023-03-06,2023-03-08,2023-03,FY2023,12,AP,Purchase invoice PI-2023-00481,1072,1071,POSTED
JE-2023-00372,2023-03-15,2023-03-15,2023-03,FY2023,12,AP,Purchase invoice PI-2023-00482,1072,1071,POSTED
JE-2023-00373,2023-03-03,2023-03-03,2023-03,FY2023,12,AP,Purchase invoice PI-2023-00483,1072,1071,POSTED
JE-2023-00374,2023-03-29,2023-03-29,2023-03,FY2023,12,AP,Purchase invoice PI-2023-00484,1072,1071,POSTED
JE-2023-00375,2023-03-20,2023-03-20,2023-03,FY2023,12,AP,Purchase invoice PI-2023-00485,1072,1071,POSTED
JE-2023-00376,2023-03-03,2023-03-03,2023-03,FY2023,12,AP,Purchase invoice PI-2023-00486,1072,1071,POSTED
JE-2023-00377,2023-03-23,2023-03-23,2023-03,FY2023,12,AP,Purchase invoice PI-2023-00487,1072,1071,POSTED
JE-2023-00378,2023-03-29,2023-03-31,2023-03,FY2023,12,AP,Purchase invoice PI-2023-00488,1072,1071,POSTED
JE-2023-00379,2023-03-14,2023-03-16,2023-03,FY2023,12,AP,Purchase invoice PI-2023-00489,1072,1071,POSTED
JE-2023-00380,2023-03-08,2023-03-10,2023-03,FY2023,12,AP,Purchase invoice PI-2023-00490,1072,1071,POSTED
JE-2023-00381,2023-03-02,2023-03-03,2023-03,FY2023,12,AP,Purchase invoice PI-2023-00491,1072,1071,POSTED
JE-2023-00382,2023-03-20,2023-03-22,2023-03,FY2023,12,AP,Purchase invoice PI-2023-00492,1072,1071,POSTED
JE-2023-00383,2023-03-10,2023-03-10,2023-03,FY2023,12,AP,Purchase invoice PI-2023-00493,1072,1071,POSTED
JE-2023-00384,2023-03-30,2023-03-31,2023-03,FY2023,12,AP,Purchase invoice PI-2023-00494,1072,1071,POSTED
JE-2023-00385,2023-03-09,2023-03-10,2023-03,FY2023,12,AP,Purchase invoice PI-2023-00495,1072,1071,POSTED
JE-2023-00386,2023-03-06,2023-03-08,2023-03,FY2023,12,AP,Purchase invoice PI-2023-00496,1072,1071,POSTED
JE-2023-00387,2023-03-15,2023-03-15,2023-03,FY2023,12,AP,Purchase invoice PI-2023-00497,1072,1071,POSTED
JE-2023-00388,2023-03-21,2023-03-22,2023-03,FY2023,12,AP,Purchase invoice PI-2023-00498,1072,1071,POSTED
JE-2023-00389,2023-03-17,2023-03-17,2023-03,FY2023,12,AP,Purchase invoice PI-2023-00499,1072,1071,POSTED
JE-2023-00390,2023-03-10,2023-03-10,2023-03,FY2023,12,AP,Purchase invoice PI-2023-00500,1072,1071,POSTED
JE-2023-00391,2023-03-27,2023-03-30,2023-03,FY2023,12,AP,Purchase invoice PI-2023-00501,1072,1071,POSTED
JE-2023-00392,2023-03-09,2023-03-09,2023-03,FY2023,12,AP,Purchase invoice PI-2023-00502,1072,1071,POSTED
JE-2023-00393,2023-03-15,2023-03-17,2023-03,FY2023,12,AP,Purchase invoice PI-2023-00503,1072,1071,POSTED
JE-2023-00394,2023-03-24,2023-03-24,2023-03,FY2023,12,AP,Purchase invoice PI-2023-00504,1072,1071,POSTED
JE-2023-00395,2023-03-20,2023-03-21,2023-03,FY2023,12,AP,Purchase invoice PI-2023-00505,1072,1071,POSTED
JE-2023-00396,2023-03-22,2023-03-22,2023-03,FY2023,12,AP,Purchase invoice PI-2023-00506,1072,1071,POSTED
JE-2023-00397,2023-03-14,2023-03-17,2023-03,FY2023,12,AP,Purchase invoice PI-2023-00507,1072,1071,POSTED
JE-2023-00398,2023-03-10,2023-03-13,2023-03,FY2023,12,AP,Purchase invoice PI-2023-00508,1072,1071,POSTED
JE-2023-00399,2023-03-08,2023-03-08,2023-03,FY2023,12,AP,Purchase invoice PI-2023-00509,1072,1071,POSTED
JE-2023-00400,2023-03-13,2023-03-13,2023-03,FY2023,12,AP,Purchase invoice PI-2023-00510,1072,1071,POSTED
JE-2023-00401,2023-03-10,2023-03-10,2023-03,FY2023,12,AP,Purchase invoice PI-2023-00511,1072,1071,POSTED
JE-2023-00402,2023-03-30,2023-03-30,2023-03,FY2023,12,AP,Purchase invoice PI-2023-00512,1072,1071,POSTED
JE-2023-00403,2023-03-03,2023-03-06,2023-03,FY2023,12,AP,Purchase invoice PI-2023-00513,1072,1071,POSTED
JE-2023-00404,2023-03-30,2023-03-31,2023-03,FY2023,12,AP,Purchase invoice PI-2023-00514,1072,1071,POSTED
JE-2023-00405,2023-03-03,2023-03-03,2023-03,FY2023,12,AP,Purchase invoice PI-2023-00515,1072,1071,POSTED
JE-2023-00406,2023-03-02,2023-03-03,2023-03,FY2023,12,AP,Purchase invoice PI-2023-00516,1072,1071,POSTED
JE-2023-00407,2023-03-07,2023-03-09,2023-03,FY2023,12,AP,Purchase invoice PI-2023-00517,1072,1071,POSTED
JE-2023-00408,2023-03-30,2023-03-30,2023-03,FY2023,12,AP,Purchase invoice PI-2023-00518,1072,1071,POSTED
JE-2023-00409,2023-03-03,2023-03-03,2023-03,FY2023,12,AP,Purchase invoice PI-2023-00519,1072,1071,POSTED
JE-2023-00410,2023-03-13,2023-03-15,2023-03,FY2023,12,AP,Purchase invoice PI-2023-00520,1072,1071,POSTED
JE-2023-00411,2023-02-09,2023-02-10,2023-02,FY2023,11,CASH,Customer receipt SI-2022-00539,1072,1071,POSTED
JE-2023-00412,2023-02-17,2023-02-17,2023-02,FY2023,11,CASH,Customer receipt SI-2022-00542,1072,1071,POSTED
JE-2023-00413,2023-03-07,2023-03-10,2023-03,FY2023,12,CASH,Customer receipt SI-2022-00546,1072,1071,POSTED
JE-2023-00414,2023-01-27,2023-01-27,2023-01,FY2023,10,CASH,Customer receipt SI-2022-00547,1072,1071,POSTED
JE-2023-00415,2023-02-03,2023-02-03,2023-02,FY2023,11,CASH,Customer receipt SI-2022-00554,1072,1071,POSTED
JE-2023-00416,2023-03-17,2023-03-17,2023-03,FY2023,12,CASH,Customer receipt SI-2022-00564,1072,1071,POSTED
JE-2023-00417,2023-03-29,2023-03-30,2023-03,FY2023,12,CASH,Customer receipt SI-2022-00573,1072,1071,POSTED
JE-2023-00418,2023-03-21,2023-03-21,2023-03,FY2023,12,CASH,Customer receipt SI-2022-00585,1072,1071,POSTED
JE-2023-00419,2023-03-07,2023-03-08,2023-03,FY2023,12,CASH,Customer receipt SI-2022-00590,1072,1071,POSTED
JE-2023-00420,2023-03-13,2023-03-15,2023-03,FY2023,12,CASH,Customer receipt SI-2023-00594,1072,1071,POSTED
JE-2023-00421,2023-02-20,2023-02-22,2023-02,FY2023,11,CASH,Customer receipt SI-2023-00595,1072,1071,POSTED
JE-2023-00422,2023-03-20,2023-03-21,2023-03,FY2023,12,CASH,Customer receipt SI-2023-00596,1072,1071,POSTED
JE-2023-00423,2023-03-24,2023-03-27,2023-03,FY2023,12,CASH,Customer receipt SI-2023-00599,1072,1071,POSTED
JE-2023-00424,2023-03-20,2023-03-20,2023-03,FY2023,12,CASH,Customer receipt SI-2023-00600,1072,1071,POSTED
JE-2023-00425,2023-03-10,2023-03-10,2023-03,FY2023,12,CASH,Customer receipt SI-2023-00603,1072,1071,POSTED
JE-2023-00426,2023-03-13,2023-03-13,2023-03,FY2023,12,CASH,Customer receipt SI-2023-00606,1072,1071,POSTED
JE-2023-00427,2023-02-24,2023-02-24,2023-02,FY2023,11,CASH,Customer receipt SI-2023-00608,1072,1071,POSTED
JE-2023-00428,2023-03-16,2023-03-17,2023-03,FY2023,12,CASH,Customer receipt SI-2023-00611,1072,1071,POSTED
JE-2023-00429,2023-03-17,2023-03-17,2023-03,FY2023,12,CASH,Customer receipt SI-2023-00613,1072,1071,POSTED
JE-2023-00430,2023-03-24,2023-03-24,2023-03,FY2023,12,CASH,Customer receipt SI-2023-00615,1072,1071,POSTED
JE-2023-00431,2023-03-24,2023-03-24,2023-03,FY2023,12,CASH,Customer receipt SI-2023-00616,1072,1071,POSTED
JE-2023-00432,2023-03-10,2023-03-10,2023-03,FY2023,12,CASH,Customer receipt SI-2023-00617,1072,1071,POSTED
JE-2023-00433,2023-03-23,2023-03-24,2023-03,FY2023,12,CASH,Customer receipt SI-2023-00626,1072,1071,POSTED
JE-2023-00434,2023-02-09,2023-02-09,2023-02,FY2023,11,CASH,Customer receipt SI-2023-00628,1072,1071,POSTED
JE-2023-00435,2023-03-09,2023-03-10,2023-03,FY2023,12,CASH,Customer receipt SI-2023-00630,1072,1071,POSTED
JE-2023-00436,2023-02-16,2023-02-17,2023-02,FY2023,11,CASH,Customer receipt SI-2023-00631,1072,1071,POSTED
JE-2023-00437,2023-02-24,2023-02-24,2023-02,FY2023,11,CASH,Customer receipt SI-2023-00636,1072,1071,POSTED
JE-2023-00438,2023-03-17,2023-03-17,2023-03,FY2023,12,CASH,Customer receipt SI-2023-00638,1072,1071,POSTED
JE-2023-00439,2023-03-27,2023-03-27,2023-03,FY2023,12,CASH,Customer receipt SI-2023-00641,1072,1071,POSTED
JE-2023-00440,2023-03-28,2023-03-30,2023-03,FY2023,12,CASH,Customer receipt SI-2023-00642,1072,1071,POSTED
JE-2023-00441,2023-03-24,2023-03-27,2023-03,FY2023,12,CASH,Customer receipt SI-2023-00647,1072,1071,POSTED
JE-2023-00442,2023-03-14,2023-03-14,2023-03,FY2023,12,CASH,Customer receipt SI-2023-00648,1072,1071,POSTED
JE-2023-00443,2023-03-31,2023-03-31,2023-03,FY2023,12,CASH,Customer receipt SI-2023-00649,1072,1071,POSTED
JE-2023-00444,2023-03-31,2023-03-31,2023-03,FY2023,12,CASH,Customer receipt SI-2023-00654,1072,1071,POSTED
JE-2023-00445,2023-03-09,2023-03-10,2023-03,FY2023,12,CASH,Customer receipt SI-2023-00655,1072,1071,POSTED
JE-2023-00446,2023-03-17,2023-03-17,2023-03,FY2023,12,CASH,Customer receipt SI-2023-00657,1072,1071,POSTED
JE-2023-00447,2023-03-13,2023-03-13,2023-03,FY2023,12,CASH,Customer receipt SI-2023-00659,1072,1071,POSTED
JE-2023-00448,2023-03-30,2023-03-31,2023-03,FY2023,12,CASH,Customer receipt SI-2023-00660,1072,1071,POSTED
JE-2023-00449,2023-03-27,2023-03-29,2023-03,FY2023,12,CASH,Customer receipt SI-2023-00661,1072,1071,POSTED
JE-2023-00450,2023-03-10,2023-03-10,2023-03,FY2023,12,CASH,Customer receipt SI-2023-00663,1072,1071,POSTED
JE-2023-00451,2023-03-09,2023-03-10,2023-03,FY2023,12,CASH,Customer receipt SI-2023-00664,1072,1071,POSTED
JE-2023-00452,2023-03-07,2023-03-07,2023-03,FY2023,12,CASH,Customer receipt SI-2023-00666,1072,1071,POSTED
JE-2023-00453,2023-03-17,2023-03-17,2023-03,FY2023,12,CASH,Customer receipt SI-2023-00667,1072,1071,POSTED
JE-2023-00454,2023-03-30,2023-03-30,2023-03,FY2023,12,CASH,Customer receipt SI-2023-00675,1072,1071,POSTED
JE-2023-00455,2023-03-03,2023-03-06,2023-03,FY2023,12,CASH,Customer receipt SI-2023-00676,1072,1071,POSTED
JE-2023-00456,2023-03-17,2023-03-20,2023-03,FY2023,12,CASH,Customer receipt SI-2023-00680,1072,1071,POSTED
JE-2023-00457,2023-03-27,2023-03-29,2023-03,FY2023,12,CASH,Customer receipt SI-2023-00681,1072,1071,POSTED
JE-2023-00458,2023-03-28,2023-03-29,2023-03,FY2023,12,CASH,Customer receipt SI-2023-00726,1072,1071,POSTED
JE-2023-00459,2023-03-17,2023-03-17,2023-03,FY2023,12,CASH,Customer receipt SI-2023-00729,1072,1071,POSTED
JE-2023-00460,2023-03-02,2023-03-02,2023-03,FY2023,12,CASH,Supplier payment PI-2022-00396,1072,1071,POSTED
JE-2023-00461,2023-03-17,2023-03-17,2023-03,FY2023,12,CASH,Supplier payment PI-2022-00399,1072,1071,POSTED
JE-2023-00462,2023-02-21,2023-02-23,2023-02,FY2023,11,CASH,Supplier payment PI-2022-00405,1072,1071,POSTED
JE-2023-00463,2023-02-23,2023-02-24,2023-02,FY2023,11,CASH,Supplier payment PI-2023-00418,1072,1071,POSTED
JE-2023-00464,2023-03-24,2023-03-24,2023-03,FY2023,12,CASH,Supplier payment PI-2023-00422,1072,1071,POSTED
JE-2023-00465,2023-03-03,2023-03-03,2023-03,FY2023,12,CASH,Supplier payment PI-2023-00432,1072,1071,POSTED
JE-2023-00466,2023-03-10,2023-03-10,2023-03,FY2023,12,CASH,Supplier payment PI-2023-00435,1072,1071,POSTED
JE-2023-00467,2023-03-03,2023-03-03,2023-03,FY2023,12,CASH,Supplier payment PI-2023-00436,1072,1071,POSTED
JE-2023-00468,2023-03-17,2023-03-20,2023-03,FY2023,12,CASH,Supplier payment PI-2023-00439,1072,1071,POSTED
JE-2023-00469,2023-02-24,2023-02-24,2023-02,FY2023,11,CASH,Supplier payment PI-2023-00440,1072,1071,POSTED
JE-2023-00470,2023-03-15,2023-03-17,2023-03,FY2023,12,CASH,Supplier payment PI-2023-00444,1072,1071,POSTED
JE-2023-00471,2023-03-20,2023-03-22,2023-03,FY2023,12,CASH,Supplier payment PI-2023-00449,1072,1071,POSTED
JE-2023-00472,2023-03-27,2023-03-27,2023-03,FY2023,12,CASH,Supplier payment PI-2023-00451,1072,1071,POSTED
JE-2023-00473,2023-03-08,2023-03-09,2023-03,FY2023,12,CASH,Supplier payment PI-2023-00452,1072,1071,POSTED
JE-2023-00474,2023-03-06,2023-03-07,2023-03,FY2023,12,CASH,Supplier payment PI-2023-00453,1072,1071,POSTED
JE-2023-00475,2023-03-17,2023-03-17,2023-03,FY2023,12,CASH,Supplier payment PI-2023-00456,1072,1071,POSTED
JE-2023-00476,2023-03-17,2023-03-17,2023-03,FY2023,12,CASH,Supplier payment PI-2023-00459,1072,1071,POSTED
JE-2023-00477,2023-03-08,2023-03-10,2023-03,FY2023,12,CASH,Supplier payment PI-2023-00460,1072,1071,POSTED
JE-2023-00478,2023-03-17,2023-03-17,2023-03,FY2023,12,CASH,Supplier payment PI-2023-00461,1072,1071,POSTED
JE-2023-00479,2023-03-10,2023-03-10,2023-03,FY2023,12,CASH,Supplier payment PI-2023-00462,1072,1071,POSTED
JE-2023-00480,2023-03-10,2023-03-10,2023-03,FY2023,12,CASH,Supplier payment PI-2023-00464,1072,1071,POSTED
JE-2023-00481,2023-03-24,2023-03-24,2023-03,FY2023,12,CASH,Supplier payment PI-2023-00465,1072,1071,POSTED
JE-2023-00482,2023-03-09,2023-03-09,2023-03,FY2023,12,CASH,Supplier payment PI-2023-00467,1072,1071,POSTED
JE-2023-00483,2023-03-01,2023-03-01,2023-03,FY2023,12,CASH,Supplier payment PI-2023-00470,1072,1071,POSTED
JE-2023-00484,2023-03-29,2023-03-31,2023-03,FY2023,12,CASH,Supplier payment PI-2023-00471,1072,1071,POSTED
JE-2023-00485,2023-03-24,2023-03-24,2023-03,FY2023,12,CASH,Supplier payment PI-2023-00472,1072,1071,POSTED
JE-2023-00486,2023-03-03,2023-03-03,2023-03,FY2023,12,CASH,Supplier payment PI-2023-00473,1072,1071,POSTED
JE-2023-00487,2023-03-03,2023-03-06,2023-03,FY2023,12,CASH,Supplier payment PI-2023-00474,1072,1071,POSTED
JE-2023-00488,2023-03-15,2023-03-17,2023-03,FY2023,12,CASH,Supplier payment PI-2023-00475,1072,1071,POSTED
JE-2023-00489,2023-03-10,2023-03-10,2023-03,FY2023,12,CASH,Supplier payment PI-2023-00478,1072,1071,POSTED
JE-2023-00490,2023-03-24,2023-03-27,2023-03,FY2023,12,CASH,Supplier payment PI-2023-00479,1072,1071,POSTED
JE-2023-00491,2023-03-24,2023-03-24,2023-03,FY2023,12,CASH,Supplier payment PI-2023-00480,1072,1071,POSTED
JE-2023-00492,2023-03-21,2023-03-21,2023-03,FY2023,12,CASH,Supplier payment PI-2023-00495,1072,1071,POSTED
JE-2023-00493,2023-03-31,2023-03-31,2023-03,FY2023,12,CASH,Supplier payment PI-2023-00500,1072,1071,POSTED
JE-2023-00494,2023-03-24,2023-03-24,2023-03,FY2023,12,CASH,Supplier payment PI-2023-00502,1072,1071,POSTED
JE-2023-00495,2023-03-23,2023-03-24,2023-03,FY2023,12,CASH,Supplier payment PI-2023-00516,1072,1071,POSTED
JE-2023-00496,2023-03-31,2023-03-31,2023-03,FY2023,12,CASH,Supplier payment PI-2023-00519,1072,1071,POSTED
JE-2023-00497,2023-03-28,2023-03-30,2023-03,FY2023,12,PAYROLL,Payroll March 2023,1072,1071,POSTED
JE-2023-00498,2023-03-31,2023-03-31,2023-03,FY2023,12,GENERAL,Depreciation Mar 2023,1072,1071,POSTED
JE-2023-00499,2023-03-31,2023-03-31,2023-03,FY2023,12,GENERAL,Bank charges and interest Mar 2023,1072,1071,POSTED
JE-2023-00500,2023-03-31,2023-03-31,2023-03,FY2023,12,GENERAL,Year end accruals FY2023,1072,1071,POSTED
JE-2023-00501,2023-03-31,2023-03-31,2023-03,FY2023,12,GENERAL,Corporation tax provision FY2023,1072,1071,POSTED
JE-2023-00502,2023-04-21,2023-04-21,2023-04,FY2024,1,AR,Sales invoice SI-2023-00745,1072,1071,POSTED
JE-2023-00503,2023-04-05,2023-04-07,2023-04,FY2024,1,AR,Sales invoice SI-2023-00746,1072,1071,POSTED
JE-2023-00504,2023-04-04,2023-04-07,2023-04,FY2024,1,AR,Sales invoice SI-2023-00747,1072,1071,POSTED
JE-2023-00505,2023-04-13,2023-04-14,2023-04,FY2024,1,AR,Sales invoice SI-2023-00748,1072,1071,POSTED
JE-2023-00506,2023-04-18,2023-04-18,2023-04,FY2024,1,AR,Sales invoice SI-2023-00749,1072,1071,POSTED
JE-2023-00507,2023-04-05,2023-04-05,2023-04,FY2024,1,AR,Sales invoice SI-2023-00750,1072,1071,POSTED
JE-2023-00508,2023-04-28,2023-04-28,2023-04,FY2024,1,AR,Sales invoice SI-2023-00751,1072,1071,POSTED
JE-2023-00509,2023-04-21,2023-04-21,2023-04,FY2024,1,AR,Sales invoice SI-2023-00752,1072,1071,POSTED
JE-2023-00510,2023-04-06,2023-04-07,2023-04,FY2024,1,AR,Sales invoice SI-2023-00753,1072,1071,POSTED
JE-2023-00511,2023-04-21,2023-04-21,2023-04,FY2024,1,AR,Sales invoice SI-2023-00754,1072,1071,POSTED
JE-2023-00512,2023-04-04,2023-04-04,2023-04,FY2024,1,AR,Sales invoice SI-2023-00755,1072,1071,POSTED
JE-2023-00513,2023-04-14,2023-04-14,2023-04,FY2024,1,AR,Sales invoice SI-2023-00756,1072,1071,POSTED
JE-2023-00514,2023-04-26,2023-04-28,2023-04,FY2024,1,AR,Sales invoice SI-2023-00757,1072,1071,POSTED
JE-2023-00515,2023-04-07,2023-04-07,2023-04,FY2024,1,AR,Sales invoice SI-2023-00758,1072,1071,POSTED
JE-2023-00516,2023-04-21,2023-04-21,2023-04,FY2024,1,AR,Sales invoice SI-2023-00759,1072,1071,POSTED
JE-2023-00517,2023-04-25,2023-04-26,2023-04,FY2024,1,AR,Sales invoice SI-2023-00760,1072,1071,POSTED
JE-2023-00518,2023-04-28,2023-04-28,2023-04,FY2024,1,AR,Sales invoice SI-2023-00761,1072,1071,POSTED
JE-2023-00519,2023-04-13,2023-04-13,2023-04,FY2024,1,AR,Sales invoice SI-2023-00762,1072,1071,POSTED
JE-2023-00520,2023-04-20,2023-04-21,2023-04,FY2024,1,AR,Sales invoice SI-2023-00763,1072,1071,POSTED
JE-2023-00521,2023-04-25,2023-04-27,2023-04,FY2024,1,AR,Sales invoice SI-2023-00764,1072,1071,POSTED
JE-2023-00522,2023-04-10,2023-04-12,2023-04,FY2024,1,AR,Sales invoice SI-2023-00765,1072,1071,POSTED
JE-2023-00523,2023-04-28,2023-04-28,2023-04,FY2024,1,AR,Sales invoice SI-2023-00766,1072,1071,POSTED
JE-2023-00524,2023-04-05,2023-04-06,2023-04,FY2024,1,AR,Sales invoice SI-2023-00767,1072,1071,POSTED
JE-2023-00525,2023-04-03,2023-04-04,2023-04,FY2024,1,AR,Sales invoice SI-2023-00768,1072,1071,POSTED
JE-2023-00526,2023-04-03,2023-04-03,2023-04,FY2024,1,AR,Sales invoice SI-2023-00769,1072,1071,POSTED
JE-2023-00527,2023-04-20,2023-04-20,2023-04,FY2024,1,AR,Sales invoice SI-2023-00770,1072,1071,POSTED
JE-2023-00528,2023-04-10,2023-04-12,2023-04,FY2024,1,AR,Sales invoice SI-2023-00771,1072,1071,POSTED
JE-2023-00529,2023-04-18,2023-04-20,2023-04,FY2024,1,AR,Sales invoice SI-2023-00772,1072,1071,POSTED
JE-2023-00530,2023-04-25,2023-04-28,2023-04,FY2024,1,AR,Sales invoice SI-2023-00773,1072,1071,POSTED
JE-2023-00531,2023-04-05,2023-04-07,2023-04,FY2024,1,AR,Sales invoice SI-2023-00774,1072,1071,POSTED
JE-2023-00532,2023-04-21,2023-04-24,2023-04,FY2024,1,AR,Sales invoice SI-2023-00775,1072,1071,POSTED
JE-2023-00533,2023-04-28,2023-04-28,2023-04,FY2024,1,AR,Sales invoice SI-2023-00776,1072,1071,POSTED
JE-2023-00534,2023-04-07,2023-04-10,2023-04,FY2024,1,AR,Sales invoice SI-2023-00777,1072,1071,POSTED
JE-2023-00535,2023-04-12,2023-04-12,2023-04,FY2024,1,AR,Sales invoice SI-2023-00778,1072,1071,POSTED
JE-2023-00536,2023-04-19,2023-04-21,2023-04,FY2024,1,AR,Sales invoice SI-2023-00779,1072,1071,POSTED
JE-2023-00537,2023-04-21,2023-04-21,2023-04,FY2024,1,AR,Sales invoice SI-2023-00780,1072,1071,POSTED
JE-2023-00538,2023-04-28,2023-05-01,2023-04,FY2024,1,AR,Sales invoice SI-2023-00781,1072,1071,POSTED
JE-2023-00539,2023-04-17,2023-04-20,2023-04,FY2024,1,AR,Sales invoice SI-2023-00782,1072,1071,POSTED
JE-2023-00540,2023-04-28,2023-04-28,2023-04,FY2024,1,AR,Sales invoice SI-2023-00783,1072,1071,POSTED
JE-2023-00541,2023-04-27,2023-04-28,2023-04,FY2024,1,AR,Sales invoice SI-2023-00784,1072,1071,POSTED
JE-2023-00542,2023-04-10,2023-04-10,2023-04,FY2024,1,AR,Sales invoice SI-2023-00785,1072,1071,POSTED
JE-2023-00543,2023-04-07,2023-04-07,2023-04,FY2024,1,AR,Sales invoice SI-2023-00786,1072,1071,POSTED
JE-2023-00544,2023-04-11,2023-04-12,2023-04,FY2024,1,AR,Sales invoice SI-2023-00787,1072,1071,POSTED
JE-2023-00545,2023-04-18,2023-04-20,2023-04,FY2024,1,AR,Sales invoice SI-2023-00788,1072,1071,POSTED
JE-2023-00546,2023-04-13,2023-04-13,2023-04,FY2024,1,AR,Sales invoice SI-2023-00789,1072,1071,POSTED
JE-2023-00547,2023-04-05,2023-04-07,2023-04,FY2024,1,AR,Sales invoice SI-2023-00790,1072,1071,POSTED
JE-2023-00548,2023-04-21,2023-04-24,2023-04,FY2024,1,AR,Sales invoice SI-2023-00791,1072,1071,POSTED
JE-2023-00549,2023-04-14,2023-04-14,2023-04,FY2024,1,AR,Sales invoice SI-2023-00792,1072,1071,POSTED
JE-2023-00550,2023-03-31,2023-03-31,2023-03,FY2023,12,AR,Sales invoice SI-2023-00793,1072,1071,POSTED
JE-2023-00551,2023-04-17,2023-04-18,2023-04,FY2024,1,AR,Sales invoice SI-2023-00794,1072,1071,POSTED
JE-2023-00552,2023-04-07,2023-04-07,2023-04,FY2024,1,AR,Sales invoice SI-2023-00795,1072,1071,POSTED
JE-2023-00553,2023-04-12,2023-04-14,2023-04,FY2024,1,AP,Purchase invoice PI-2023-00521,1072,1071,POSTED
JE-2023-00554,2023-03-31,2023-03-31,2023-03,FY2023,12,AP,Purchase invoice PI-2023-00522,1072,1071,POSTED
JE-2023-00555,2023-04-21,2023-04-21,2023-04,FY2024,1,AP,Purchase invoice PI-2023-00523,1072,1071,POSTED
JE-2023-00556,2023-04-07,2023-04-10,2023-04,FY2024,1,AP,Purchase invoice PI-2023-00524,1072,1071,POSTED
JE-2023-00557,2023-04-28,2023-04-28,2023-04,FY2024,1,AP,Purchase invoice PI-2023-00525,1072,1071,POSTED
JE-2023-00558,2023-04-06,2023-04-06,2023-04,FY2024,1,AP,Purchase invoice PI-2023-00526,1072,1071,POSTED
JE-2023-00559,2023-04-21,2023-04-21,2023-04,FY2024,1,AP,Purchase invoice PI-2023-00527,1072,1071,POSTED
JE-2023-00560,2023-04-05,2023-04-07,2023-04,FY2024,1,AP,Purchase invoice PI-2023-00528,1072,1071,POSTED
JE-2023-00561,2023-04-25,2023-04-27,2023-04,FY2024,1,AP,Purchase invoice PI-2023-00529,1072,1071,POSTED
JE-2023-00562,2023-04-04,2023-04-04,2023-04,FY2024,1,AP,Purchase invoice PI-2023-00530,1072,1071,POSTED
JE-2023-00563,2023-04-21,2023-04-21,2023-04,FY2024,1,AP,Purchase invoice PI-2023-00531,1072,1071,POSTED
JE-2023-00564,2023-04-24,2023-04-26,2023-04,FY2024,1,AP,Purchase invoice PI-2023-00532,1072,1071,POSTED
JE-2023-00565,2023-04-18,2023-04-19,2023-04,FY2024,1,AP,Purchase invoice PI-2023-00533,1072,1071,POSTED
JE-2023-00566,2023-04-13,2023-04-14,2023-04,FY2024,1,AP,Purchase invoice PI-2023-00534,1072,1071,POSTED
JE-2023-00567,2023-04-28,2023-04-28,2023-04,FY2024,1,AP,Purchase invoice PI-2023-00535,1072,1071,POSTED
JE-2023-00568,2023-04-06,2023-04-07,2023-04,FY2024,1,AP,Purchase invoice PI-2023-00536,1072,1071,POSTED
JE-2023-00569,2023-04-26,2023-04-28,2023-04,FY2024,1,AP,Purchase invoice PI-2023-00537,1072,1071,POSTED
JE-2023-00570,2023-04-05,2023-04-07,2023-04,FY2024,1,AP,Purchase invoice PI-2023-00538,1072,1071,POSTED
JE-2023-00571,2023-03-31,2023-03-31,2023-03,FY2023,12,AP,Purchase invoice PI-2023-00539,1072,1071,POSTED
JE-2023-00572,2023-03-31,2023-03-31,2023-03,FY2023,12,AP,Purchase invoice PI-2023-00540,1072,1071,POSTED
JE-2023-00573,2023-04-05,2023-04-07,2023-04,FY2024,1,AP,Purchase invoice PI-2023-00541,1072,1071,POSTED
JE-2023-00574,2023-04-18,2023-04-19,2023-04,FY2024,1,AP,Purchase invoice PI-2023-00542,1072,1071,POSTED
JE-2023-00575,2023-04-19,2023-04-20,2023-04,FY2024,1,AP,Purchase invoice PI-2023-00543,1072,1071,POSTED
JE-2023-00576,2023-04-06,2023-04-06,2023-04,FY2024,1,AP,Purchase invoice PI-2023-00544,1072,1071,POSTED
JE-2023-00577,2023-04-06,2023-04-06,2023-04,FY2024,1,AP,Purchase invoice PI-2023-00545,1072,1071,POSTED
JE-2023-00578,2023-04-28,2023-04-28,2023-04,FY2024,1,AP,Purchase invoice PI-2023-00546,1072,1071,POSTED
JE-2023-00579,2023-03-31,2023-04-03,2023-03,FY2023,12,AP,Purchase invoice PI-2023-00547,1072,1071,POSTED
JE-2023-00580,2023-04-20,2023-04-20,2023-04,FY2024,1,AP,Purchase invoice PI-2023-00548,1072,1071,POSTED
JE-2023-00581,2023-04-17,2023-04-19,2023-04,FY2024,1,AP,Purchase invoice PI-2023-00549,1072,1071,POSTED
JE-2023-00582,2023-03-31,2023-03-31,2023-03,FY2023,12,AP,Purchase invoice PI-2023-00550,1072,1071,POSTED
JE-2023-00583,2023-04-21,2023-04-21,2023-04,FY2024,1,AP,Purchase invoice PI-2023-00551,1072,1071,POSTED
JE-2023-00584,2023-03-31,2023-04-03,2023-03,FY2023,12,AP,Purchase invoice PI-2023-00552,1072,1071,POSTED
JE-2023-00585,2023-04-19,2023-04-20,2023-04,FY2024,1,AP,Purchase invoice PI-2023-00553,1072,1071,POSTED
JE-2023-00586,2023-03-31,2023-03-31,2023-03,FY2023,12,AP,Purchase invoice PI-2023-00554,1072,1071,POSTED
JE-2023-00587,2023-04-21,2023-04-21,2023-04,FY2024,1,AP,Purchase invoice PI-2023-00555,1072,1071,POSTED
JE-2023-00588,2023-04-14,2023-04-17,2023-04,FY2024,1,AP,Purchase invoice PI-2023-00556,1072,1071,POSTED
JE-2023-00589,2023-04-12,2023-04-14,2023-04,FY2024,1,AP,Purchase invoice PI-2023-00557,1072,1071,POSTED
JE-2023-00590,2023-04-14,2023-04-14,2023-04,FY2024,1,AP,Purchase invoice PI-2023-00558,1072,1071,POSTED
JE-2023-00591,2023-02-16,2023-02-17,2023-02,FY2023,11,CASH,Customer receipt SI-2022-00517,1072,1071,POSTED
JE-2023-00592,2023-04-25,2023-04-28,2023-04,FY2024,1,CASH,Customer receipt SI-2022-00556,1072,1071,POSTED
JE-2023-00593,2023-03-31,2023-04-03,2023-03,FY2023,12,CASH,Customer receipt SI-2022-00565,1072,1071,POSTED
JE-2023-00594,2023-03-07,2023-03-10,2023-03,FY2023,12,CASH,Customer receipt SI-2022-00588,1072,1071,POSTED
JE-2023-00595,2023-04-28,2023-05-01,2023-04,FY2024,1,CASH,Customer receipt SI-2023-00593,1072,1071,POSTED
JE-2023-00596,2023-03-29,2023-03-30,2023-03,FY2023,12,CASH,Customer receipt SI-2023-00597,1072,1071,POSTED
JE-2023-00597,2023-04-26,2023-04-27,2023-04,FY2024,1,CASH,Customer receipt SI-2023-00598,1072,1071,POSTED
JE-2023-00598,2023-03-24,2023-03-24,2023-03,FY2023,12,CASH,Customer receipt SI-2023-00602,1072,1071,POSTED
JE-2023-00599,2023-03-17,2023-03-20,2023-03,FY2023,12,CASH,Customer receipt SI-2023-00605,1072,1071,POSTED
JE-2023-00600,2023-04-07,2023-04-07,2023-04,FY2024,1,CASH,Customer receipt SI-2023-00612,1072,1071,POSTED
JE-2023-00601,2023-03-30,2023-03-31,2023-03,FY2023,12,CASH,Customer receipt SI-2023-00614,1072,1071,POSTED
JE-2023-00602,2023-04-25,2023-04-28,2023-04,FY2024,1,CASH,Customer receipt SI-2023-00629,1072,1071,POSTED
JE-2023-00603,2023-04-10,2023-04-12,2023-04,FY2024,1,CASH,Customer receipt SI-2023-00632,1072,1071,POSTED
JE-2023-00604,2023-03-16,2023-03-17,2023-03,FY2023,12,CASH,Customer receipt SI-2023-00633,1072,1071,POSTED
JE-2023-00605,2023-04-17,2023-04-19,2023-04,FY2024,1,CASH,Customer receipt SI-2023-00634,1072,1071,POSTED
JE-2023-00606,2023-03-03,2023-03-03,2023-03,FY2023,12,CASH,Customer receipt SI-2023-00640,1072,1071,POSTED
JE-2023-00607,2023-04-13,2023-04-14,2023-04,FY2024,1,CASH,Customer receipt SI-2023-00644,1072,1071,POSTED
JE-2023-00608,2023-03-20,2023-03-23,2023-03,FY2023,12,CASH,Customer receipt SI-2023-00645,1072,1071,POSTED
JE-2023-00609,2023-04-04,2023-04-05,2023-04,FY2024,1,CASH,Customer receipt SI-2023-00652,1072,1071,POSTED
JE-2023-00610,2023-03-20,2023-03-21,2023-03,FY2023,12,CASH,Customer receipt SI-2023-00653,1072,1071,POSTED
JE-2023-00611,2023-04-03,2023-04-05,2023-04,FY2024,1,CASH,Customer receipt SI-2023-00656,1072,1071,POSTED
JE-2023-00612,2023-04-27,2023-04-27,2023-04,FY2024,1,CASH,Customer receipt SI-2023-00658,1072,1071,POSTED
JE-2023-00613,2023-03-30,2023-03-31,2023-03,FY2023,12,CASH,Customer receipt SI-2023-00665,1072,1071,POSTED
JE-2023-00614,2023-04-28,2023-04-28,2023-04,FY2024,1,CASH,Customer receipt SI-2023-00668,1072,1071,POSTED
JE-2023-00615,2023-03-15,2023-03-15,2023-03,FY2023,12,CASH,Customer receipt SI-2023-00669,1072,1071,POSTED
JE-2023-00616,2023-04-26,2023-04-28,2023-04,FY2024,1,CASH,Customer receipt SI-2023-00670,1072,1071,POSTED
JE-2023-00617,2023-03-03,2023-03-03,2023-03,FY2023,12,CASH,Customer receipt SI-2023-00672,1072,1071,POSTED
JE-2023-00618,2023-03-14,2023-03-15,2023-03,FY2023,12,CASH,Customer receipt SI-2023-00673,1072,1071,POSTED
JE-2023-00619,2023-03-14,2023-03-14,2023-03,FY2023,12,CASH,Customer receipt SI-2023-00678,1072,1071,POSTED
JE-2023-00620,2023-04-21,2023-04-24,2023-04,FY2024,1,CASH,Customer receipt SI-2023-00682,1072,1071,POSTED
JE-2023-00621,2023-03-20,2023-03-23,2023-03,FY2023,12,CASH,Customer receipt SI-2023-00685,1072,1071,POSTED
JE-2023-00622,2023-03-17,2023-03-17,2023-03,FY2023,12,CASH,Customer receipt SI-2023-00686,1072,1071,POSTED
JE-2023-00623,2023-04-17,2023-04-19,2023-04,FY2024,1,CASH,Customer receipt SI-2023-00689,1072,1071,POSTED
JE-2023-00624,2023-04-21,2023-04-21,2023-04,FY2024,1,CASH,Customer receipt SI-2023-00700,1072,1071,POSTED
JE-2023-00625,2023-04-04,2023-04-07,2023-04,FY2024,1,CASH,Customer receipt SI-2023-00701,1072,1071,POSTED
JE-2023-00626,2023-04-26,2023-04-27,2023-04,FY2024,1,CASH,Customer receipt SI-2023-00703,1072,1071,POSTED
JE-2023-00627,2023-04-06,2023-04-07,2023-04,FY2024,1,CASH,Customer receipt SI-2023-00707,1072,1071,POSTED
JE-2023-00628,2023-04-12,2023-04-14,2023-04,FY2024,1,CASH,Customer receipt SI-2023-00710,1072,1071,POSTED
JE-2023-00629,2023-03-31,2023-04-03,2023-03,FY2023,12,CASH,Customer receipt SI-2023-00713,1072,1071,POSTED
JE-2023-00630,2023-04-20,2023-04-21,2023-04,FY2024,1,CASH,Customer receipt SI-2023-00714,1072,1071,POSTED
JE-2023-00631,2023-04-11,2023-04-13,2023-04,FY2024,1,CASH,Customer receipt SI-2023-00719,1072,1071,POSTED
JE-2023-00632,2023-04-07,2023-04-07,2023-04,FY2024,1,CASH,Customer receipt SI-2023-00720,1072,1071,POSTED
JE-2023-00633,2023-04-21,2023-04-21,2023-04,FY2024,1,CASH,Customer receipt SI-2023-00721,1072,1071,POSTED
JE-2023-00634,2023-04-21,2023-04-24,2023-04,FY2024,1,CASH,Customer receipt SI-2023-00730,1072,1071,POSTED
JE-2023-00635,2023-03-30,2023-03-31,2023-03,FY2023,12,CASH,Customer receipt SI-2023-00731,1072,1071,POSTED
JE-2023-00636,2023-04-11,2023-04-12,2023-04,FY2024,1,CASH,Customer receipt SI-2023-00732,1072,1071,POSTED
JE-2023-00637,2023-03-24,2023-03-24,2023-03,FY2023,12,CASH,Customer receipt SI-2023-00733,1072,1071,POSTED
JE-2023-00638,2023-04-27,2023-04-28,2023-04,FY2024,1,CASH,Customer receipt SI-2023-00734,1072,1071,POSTED
JE-2023-00639,2023-04-10,2023-04-11,2023-04,FY2024,1,CASH,Customer receipt SI-2023-00736,1072,1071,POSTED
JE-2023-00640,2023-04-14,2023-04-14,2023-04,FY2024,1,CASH,Customer receipt SI-2023-00737,1072,1071,POSTED
JE-2023-00641,2023-04-19,2023-04-21,2023-04,FY2024,1,CASH,Customer receipt SI-2023-00739,1072,1071,POSTED
JE-2023-00642,2023-04-07,2023-04-10,2023-04,FY2024,1,CASH,Customer receipt SI-2023-00740,1072,1071,POSTED
JE-2023-00643,2023-04-28,2023-04-28,2023-04,FY2024,1,CASH,Customer receipt SI-2023-00741,1072,1071,POSTED
JE-2023-00644,2023-04-26,2023-04-27,2023-04,FY2024,1,CASH,Customer receipt SI-2023-00742,1072,1071,POSTED
JE-2023-00645,2023-04-28,2023-04-28,2023-04,FY2024,1,CASH,Customer receipt SI-2023-00743,1072,1071,POSTED
JE-2023-00646,2023-04-28,2023-04-28,2023-04,FY2024,1,CASH,Customer receipt SI-2023-00769,1072,1071,POSTED
JE-2023-00647,2023-04-11,2023-04-11,2023-04,FY2024,1,CASH,Supplier payment PI-2023-00447,1072,1071,POSTED
JE-2023-00648,2023-04-28,2023-04-28,2023-04,FY2024,1,CASH,Supplier payment PI-2023-00448,1072,1071,POSTED
JE-2023-00649,2023-04-14,2023-04-17,2023-04,FY2024,1,CASH,Supplier payment PI-2023-00450,1072,1071,POSTED
JE-2023-00650,2023-04-24,2023-04-24,2023-04,FY2024,1,CASH,Supplier payment PI-2023-00454,1072,1071,POSTED
JE-2023-00651,2023-04-21,2023-04-21,2023-04,FY2024,1,CASH,Supplier payment PI-2023-00457,1072,1071,POSTED
JE-2023-00652,2023-04-03,2023-04-06,2023-04,FY2024,1,CASH,Supplier payment PI-2023-00458,1072,1071,POSTED
JE-2023-00653,2023-04-20,2023-04-21,2023-04,FY2024,1,CASH,Supplier payment PI-2023-00463,1072,1071,POSTED
JE-2023-00654,2023-04-03,2023-04-06,2023-04,FY2024,1,CASH,Supplier payment PI-2023-00466,1072,1071,POSTED
JE-2023-00655,2023-03-31,2023-03-31,2023-03,FY2023,12,CASH,Supplier payment PI-2023-00469,1072,1071,POSTED
JE-2023-00656,2023-03-30,2023-03-31,2023-03,FY2023,12,CASH,Supplier payment PI-2023-00476,1072,1071,POSTED
JE-2023-00657,2023-04-12,2023-04-12,2023-04,FY2024,1,CASH,Supplier payment PI-2023-00481,1072,1071,POSTED
JE-2023-00658,2023-03-31,2023-03-31,2023-03,FY2023,12,CASH,Supplier payment PI-2023-00483,1072,1071,POSTED
JE-2023-00659,2023-04-19,2023-04-21,2023-04,FY2024,1,CASH,Supplier payment PI-2023-00485,1072,1071,POSTED
JE-2023-00660,2023-04-07,2023-04-07,2023-04,FY2024,1,CASH,Supplier payment PI-2023-00486,1072,1071,POSTED
JE-2023-00661,2023-04-21,2023-04-21,2023-04,FY2024,1,CASH,Supplier payment PI-2023-00487,1072,1071,POSTED
JE-2023-00662,2023-04-26,2023-04-27,2023-04,FY2024,1,CASH,Supplier payment PI-2023-00488,1072,1071,POSTED
JE-2023-00663,2023-04-13,2023-04-13,2023-04,FY2024,1,CASH,Supplier payment PI-2023-00489,1072,1071,POSTED
JE-2023-00664,2023-04-14,2023-04-17,2023-04,FY2024,1,CASH,Supplier payment PI-2023-00490,1072,1071,POSTED
JE-2023-00665,2023-04-13,2023-04-14,2023-04,FY2024,1,CASH,Supplier payment PI-2023-00491,1072,1071,POSTED
JE-2023-00666,2023-04-21,2023-04-21,2023-04,FY2024,1,CASH,Supplier payment PI-2023-00492,1072,1071,POSTED
JE-2023-00667,2023-04-14,2023-04-17,2023-04,FY2024,1,CASH,Supplier payment PI-2023-00493,1072,1071,POSTED
JE-2023-00668,2023-04-28,2023-05-01,2023-04,FY2024,1,CASH,Supplier payment PI-2023-00494,1072,1071,POSTED
JE-2023-00669,2023-04-20,2023-04-20,2023-04,FY2024,1,CASH,Supplier payment PI-2023-00498,1072,1071,POSTED
JE-2023-00670,2023-04-14,2023-04-14,2023-04,FY2024,1,CASH,Supplier payment PI-2023-00499,1072,1071,POSTED
JE-2023-00671,2023-04-17,2023-04-18,2023-04,FY2024,1,CASH,Supplier payment PI-2023-00505,1072,1071,POSTED
JE-2023-00672,2023-04-21,2023-04-21,2023-04,FY2024,1,CASH,Supplier payment PI-2023-00506,1072,1071,POSTED
JE-2023-00673,2023-04-11,2023-04-12,2023-04,FY2024,1,CASH,Supplier payment PI-2023-00507,1072,1071,POSTED
JE-2023-00674,2023-04-21,2023-04-21,2023-04,FY2024,1,CASH,Supplier payment PI-2023-00508,1072,1071,POSTED
JE-2023-00675,2023-04-25,2023-04-28,2023-04,FY2024,1,CASH,Supplier payment PI-2023-00512,1072,1071,POSTED
JE-2023-00676,2023-04-05,2023-04-07,2023-04,FY2024,1,CASH,Supplier payment PI-2023-00513,1072,1071,POSTED
JE-2023-00677,2023-04-20,2023-04-21,2023-04,FY2024,1,CASH,Supplier payment PI-2023-00514,1072,1071,POSTED
JE-2023-00678,2023-03-31,2023-03-31,2023-03,FY2023,12,CASH,Supplier payment PI-2023-00515,1072,1071,POSTED
JE-2023-00679,2023-04-26,2023-04-28,2023-04,FY2024,1,CASH,Supplier payment PI-2023-00517,1072,1071,POSTED
JE-2023-00680,2023-04-12,2023-04-12,2023-04,FY2024,1,CASH,Supplier payment PI-2023-00520,1072,1071,POSTED
JE-2023-00681,2023-04-26,2023-04-28,2023-04,FY2024,1,CASH,Supplier payment PI-2023-00521,1072,1071,POSTED
JE-2023-00682,2023-04-20,2023-04-20,2023-04,FY2024,1,CASH,Supplier payment PI-2023-00526,1072,1071,POSTED
JE-2023-00683,2023-04-28,2023-04-28,2023-04,FY2024,1,CASH,Supplier payment PI-2023-00539,1072,1071,POSTED
JE-2023-00684,2023-04-21,2023-04-21,2023-04,FY2024,1,CASH,Supplier payment PI-2023-00541,1072,1071,POSTED
JE-2023-00685,2023-04-28,2023-05-01,2023-04,FY2024,1,CASH,Supplier payment PI-2023-00558,1072,1071,POSTED
JE-2023-00686,2023-04-28,2023-04-28,2023-04,FY2024,1,PAYROLL,Payroll April 2023,1072,1071,POSTED
JE-2023-00687,2023-04-30,2023-05-01,2023-04,FY2024,1,GENERAL,Depreciation Apr 2023,1072,1071,POSTED
JE-2023-00688,2023-04-30,2023-05-01,2023-04,FY2024,1,GENERAL,Bank charges and interest Apr 2023,1072,1071,POSTED
JE-2023-00689,2023-04-07,2023-04-07,2023-04,FY2024,1,GENERAL,VAT return payment,1072,1071,POSTED
JE-2023-00690,2023-05-19,2023-05-19,2023-05,FY2024,2,AR,Sales invoice SI-2023-00796,1072,1071,POSTED
JE-2023-00691,2023-05-08,2023-05-10,2023-05,FY2024,2,AR,Sales invoice SI-2023-00797,1072,1071,POSTED
JE-2023-00692,2023-05-08,2023-05-09,2023-05,FY2024,2,AR,Sales invoice SI-2023-00798,1072,1071,POSTED
JE-2023-00693,2023-05-12,2023-05-15,2023-05,FY2024,2,AR,Sales invoice SI-2023-00799,1072,1071,POSTED
JE-2023-00694,2023-05-04,2023-05-05,2023-05,FY2024,2,AR,Sales invoice SI-2023-00800,1072,1071,POSTED
JE-2023-00695,2023-05-02,2023-05-04,2023-05,FY2024,2,AR,Sales invoice SI-2023-00801,1072,1071,POSTED
JE-2023-00696,2023-05-11,2023-05-12,2023-05,FY2024,2,AR,Sales invoice SI-2023-00802,1072,1071,POSTED
JE-2023-00697,2023-05-19,2023-05-19,2023-05,FY2024,2,AR,Sales invoice SI-2023-00803,1072,1071,POSTED
JE-2023-00698,2023-05-29,2023-05-30,2023-05,FY2024,2,AR,Sales invoice SI-2023-00804,1072,1071,POSTED
JE-2023-00699,2023-05-23,2023-05-25,2023-05,FY2024,2,AR,Sales invoice SI-2023-00805,1072,1071,POSTED
JE-2023-00700,2023-05-02,2023-05-03,2023-05,FY2024,2,AR,Sales invoice SI-2023-00806,1072,1071,POSTED
JE-2023-00701,2023-05-23,2023-05-24,2023-05,FY2024,2,AR,Sales invoice SI-2023-00807,1072,1071,POSTED
JE-2023-00702,2023-05-19,2023-05-22,2023-05,FY2024,2,AR,Sales invoice SI-2023-00808,1072,1071,POSTED
JE-2023-00703,2023-05-19,2023-05-19,2023-05,FY2024,2,AR,Sales invoice SI-2023-00809,1072,1071,POSTED
JE-2023-00704,2023-05-05,2023-05-08,2023-05,FY2024,2,AR,Sales invoice SI-2023-00810,1072,1071,POSTED
JE-2023-00705,2023-05-12,2023-05-15,2023-05,FY2024,2,AR,Sales invoice SI-2023-00811,1072,1071,POSTED
JE-2023-00706,2023-05-31,2023-06-02,2023-05,FY2024,2,AR,Sales invoice SI-2023-00812,1072,1071,POSTED
JE-2023-00707,2023-05-31,2023-06-02,2023-05,FY2024,2,AR,Sales invoice SI-2023-00813,1072,1071,POSTED
JE-2023-00708,2023-05-25,2023-05-26,2023-05,FY2024,2,AR,Sales invoice SI-2023-00814,1072,1071,POSTED
JE-2023-00709,2023-05-12,2023-05-12,2023-05,FY2024,2,AR,Sales invoice SI-2023-00815,1072,1071,POSTED
JE-2023-00710,2023-05-24,2023-05-26,2023-05,FY2024,2,AR,Sales invoice SI-2023-00816,1072,1071,POSTED
JE-2023-00711,2023-05-10,2023-05-12,2023-05,FY2024,2,AR,Sales invoice SI-2023-00817,1072,1071,POSTED
JE-2023-00712,2023-05-29,2023-05-29,2023-05,FY2024,2,AR,Sales invoice SI-2023-00818,1072,1071,POSTED
JE-2023-00713,2023-05-05,2023-05-05,2023-05,FY2024,2,AR,Sales invoice SI-2023-00819,1072,1071,POSTED
JE-2023-00714,2023-05-19,2023-05-22,2023-05,FY2024,2,AR,Sales invoice SI-2023-00820,1072,1071,POSTED
JE-2023-00715,2023-05-19,2023-05-19,2023-05,FY2024,2,AR,Sales invoice SI-2023-00821,1072,1071,POSTED
JE-2023-00716,2023-05-05,2023-05-05,2023-05,FY2024,2,AR,Sales invoice SI-2023-00822,1072,1071,POSTED
JE-2023-00717,2023-05-18,2023-05-19,2023-05,FY2024,2,AR,Sales invoice SI-2023-00823,1072,1071,POSTED
JE-2023-00718,2023-05-09,2023-05-10,2023-05,FY2024,2,AR,Sales invoice SI-2023-00824,1072,1071,POSTED
JE-2023-00719,2023-05-05,2023-05-08,2023-05,FY2024,2,AR,Sales invoice SI-2023-00825,1072,1071,POSTED
JE-2023-00720,2023-05-19,2023-05-22,2023-05,FY2024,2,AR,Sales invoice SI-2023-00826,1072,1071,POSTED
JE-2023-00721,2023-05-15,2023-05-15,2023-05,FY2024,2,AR,Sales invoice SI-2023-00827,1072,1071,POSTED
JE-2023-00722,2023-05-12,2023-05-12,2023-05,FY2024,2,AR,Sales invoice SI-2023-00828,1072,1071,POSTED
JE-2023-00723,2023-05-26,2023-05-29,2023-05,FY2024,2,AR,Sales invoice SI-2023-00829,1072,1071,POSTED
JE-2023-00724,2023-05-12,2023-05-15,2023-05,FY2024,2,AR,Sales invoice SI-2023-00830,1072,1071,POSTED
JE-2023-00725,2023-05-10,2023-05-12,2023-05,FY2024,2,AR,Sales invoice SI-2023-00831,1072,1071,POSTED
JE-2023-00726,2023-05-26,2023-05-29,2023-05,FY2024,2,AR,Sales invoice SI-2023-00832,1072,1071,POSTED
JE-2023-00727,2023-05-05,2023-05-05,2023-05,FY2024,2,AR,Sales invoice SI-2023-00833,1072,1071,POSTED
JE-2023-00728,2023-05-10,2023-05-11,2023-05,FY2024,2,AR,Sales invoice SI-2023-00834,1072,1071,POSTED
JE-2023-00729,2023-05-10,2023-05-12,2023-05,FY2024,2,AR,Sales invoice SI-2023-00835,1072,1071,POSTED
JE-2023-00730,2023-05-10,2023-05-11,2023-05,FY2024,2,AR,Sales invoice SI-2023-00836,1072,1071,POSTED
JE-2023-00731,2023-05-12,2023-05-12,2023-05,FY2024,2,AR,Sales invoice SI-2023-00837,1072,1071,POSTED
JE-2023-00732,2023-05-12,2023-05-12,2023-05,FY2024,2,AR,Sales invoice SI-2023-00838,1072,1071,POSTED
JE-2023-00733,2023-05-22,2023-05-25,2023-05,FY2024,2,AR,Sales invoice SI-2023-00839,1072,1071,POSTED
JE-2023-00734,2023-05-22,2023-05-23,2023-05,FY2024,2,AR,Sales invoice SI-2023-00840,1072,1071,POSTED
JE-2023-00735,2023-05-26,2023-05-26,2023-05,FY2024,2,AR,Sales invoice SI-2023-00841,1072,1071,POSTED
JE-2023-00736,2023-05-05,2023-05-08,2023-05,FY2024,2,AR,Sales invoice SI-2023-00842,1072,1071,POSTED
JE-2023-00737,2023-05-17,2023-05-19,2023-05,FY2024,2,AR,Sales invoice SI-2023-00843,1072,1071,POSTED
JE-2023-00738,2023-05-15,2023-05-15,2023-05,FY2024,2,AR,Sales invoice SI-2023-00844,1072,1071,POSTED
JE-2023-00739,2023-05-26,2023-05-26,2023-05,FY2024,2,AR,Sales invoice SI-2023-00845,1072,1071,POSTED
JE-2023-00740,2023-05-02,2023-05-02,2023-05,FY2024,2,AR,Sales invoice SI-2023-00846,1072,1071,POSTED
JE-2023-00741,2023-05-23,2023-05-23,2023-05,FY2024,2,AR,Sales invoice SI-2023-00847,1072,1071,POSTED
JE-2023-00742,2023-05-05,2023-05-08,2023-05,FY2024,2,AR,Sales invoice SI-2023-00848,1072,1071,POSTED
JE-2023-00743,2023-05-18,2023-05-19,2023-05,FY2024,2,AP,Purchase invoice PI-2023-00559,1072,1071,POSTED
JE-2023-00744,2023-05-18,2023-05-19,2023-05,FY2024,2,AP,Purchase invoice PI-2023-00560,1072,1071,POSTED
JE-2023-00745,2023-05-19,2023-05-19,2023-05,FY2024,2,AP,Purchase invoice PI-2023-00561,1072,1071,POSTED
JE-2023-00746,2023-05-26,2023-05-29,2023-05,FY2024,2,AP,Purchase invoice PI-2023-00562,1072,1071,POSTED
JE-2023-00747,2023-05-22,2023-05-25,2023-05,FY2024,2,AP,Purchase invoice PI-2023-00563,1072,1071,POSTED
JE-2023-00748,2023-05-22,2023-05-24,2023-05,FY2024,2,AP,Purchase invoice PI-2023-00564,1072,1071,POSTED
JE-2023-00749,2023-05-03,2023-05-04,2023-05,FY2024,2,AP,Purchase invoice PI-2023-00565,1072,1071,POSTED
JE-2023-00750,2023-05-31,2023-05-31,2023-05,FY2024,2,AP,Purchase invoice PI-2023-00566,1072,1071,POSTED
JE-2023-00751,2023-05-03,2023-05-05,2023-05,FY2024,2,AP,Purchase invoice PI-2023-00567,1072,1071,POSTED
JE-2023-00752,2023-05-24,2023-05-26,2023-05,FY2024,2,AP,Purchase invoice PI-2023-00568,1072,1071,POSTED
JE-2023-00753,2023-05-12,2023-05-12,2023-05,FY2024,2,AP,Purchase invoice PI-2023-00569,1072,1071,POSTED
JE-2023-00754,2023-05-17,2023-05-19,2023-05,FY2024,2,AP,Purchase invoice PI-2023-00570,1072,1071,POSTED
JE-2023-00755,2023-05-19,2023-05-22,2023-05,FY2024,2,AP,Purchase invoice PI-2023-00571,1072,1071,POSTED
JE-2023-00756,2023-05-23,2023-05-26,2023-05,FY2024,2,AP,Purchase invoice PI-2023-00572,1072,1071,POSTED
JE-2023-00757,2023-05-19,2023-05-22,2023-05,FY2024,2,AP,Purchase invoice PI-2023-00573,1072,1071,POSTED
JE-2023-00758,2023-05-12,2023-05-12,2023-05,FY2024,2,AP,Purchase invoice PI-2023-00574,1072,1071,POSTED
JE-2023-00759,2023-05-26,2023-05-29,2023-05,FY2024,2,AP,Purchase invoice PI-2023-00575,1072,1071,POSTED
JE-2023-00760,2023-05-18,2023-05-19,2023-05,FY2024,2,AP,Purchase invoice PI-2023-00576,1072,1071,POSTED
JE-2023-00761,2023-05-12,2023-05-12,2023-05,FY2024,2,AP,Purchase invoice PI-2023-00577,1072,1071,POSTED
JE-2023-00762,2023-05-12,2023-05-15,2023-05,FY2024,2,AP,Purchase invoice PI-2023-00578,1072,1071,POSTED
JE-2023-00763,2023-05-03,2023-05-05,2023-05,FY2024,2,AP,Purchase invoice PI-2023-00579,1072,1071,POSTED
JE-2023-00764,2023-05-24,2023-05-26,2023-05,FY2024,2,AP,Purchase invoice PI-2023-00580,1072,1071,POSTED
JE-2023-00765,2023-05-05,2023-05-08,2023-05,FY2024,2,AP,Purchase invoice PI-2023-00581,1072,1071,POSTED
JE-2023-00766,2023-05-03,2023-05-04,2023-05,FY2024,2,AP,Purchase invoice PI-2023-00582,1072,1071,POSTED
JE-2023-00767,2023-05-12,2023-05-12,2023-05,FY2024,2,AP,Purchase invoice PI-2023-00583,1072,1071,POSTED
JE-2023-00768,2023-05-11,2023-05-12,2023-05,FY2024,2,AP,Purchase invoice PI-2023-00584,1072,1071,POSTED
JE-2023-00769,2023-05-24,2023-05-25,2023-05,FY2024,2,AP,Purchase invoice PI-2023-00585,1072,1071,POSTED
JE-2023-00770,2023-05-04,2023-05-05,2023-05,FY2024,2,AP,Purchase invoice PI-2023-00586,1072,1071,POSTED
JE-2023-00771,2023-05-10,2023-05-10,2023-05,FY2024,2,AP,Purchase invoice PI-2023-00587,1072,1071,POSTED
JE-2023-00772,2023-05-15,2023-05-17,2023-05,FY2024,2,AP,Purchase invoice PI-2023-00588,1072,1071,POSTED
JE-2023-00773,2023-05-25,2023-05-26,2023-05,FY2024,2,AP,Purchase invoice PI-2023-00589,1072,1071,POSTED
JE-2023-00774,2023-05-03,2023-05-03,2023-05,FY2024,2,AP,Purchase invoice PI-2023-00590,1072,1071,POSTED
JE-2023-00775,2023-05-11,2023-05-12,2023-05,FY2024,2,AP,Purchase invoice PI-2023-00591,1072,1071,POSTED
JE-2023-00776,2023-05-26,2023-05-29,2023-05,FY2024,2,AP,Purchase invoice PI-2023-00592,1072,1071,POSTED
JE-2023-00777,2023-05-18,2023-05-19,2023-05,FY2024,2,AP,Purchase invoice PI-2023-00593,1072,1071,POSTED
JE-2023-00778,2023-05-19,2023-05-19,2023-05,FY2024,2,AP,Purchase invoice PI-2023-00594,1072,1071,POSTED
JE-2023-00779,2023-05-26,2023-05-29,2023-05,FY2024,2,AP,Purchase invoice PI-2023-00595,1072,1071,POSTED
JE-2023-00780,2023-05-25,2023-05-26,2023-05,FY2024,2,CASH,Customer receipt SI-2022-00560,1072,1071,POSTED
JE-2023-00781,2023-04-07,2023-04-07,2023-04,FY2024,1,CASH,Customer receipt SI-2022-00572,1072,1071,POSTED
JE-2023-00782,2023-03-31,2023-03-31,2023-03,FY2023,12,CASH,Customer receipt SI-2023-00620,1072,1071,POSTED
JE-2023-00783,2023-05-11,2023-05-12,2023-05,FY2024,2,CASH,Customer receipt SI-2023-00624,1072,1071,POSTED
JE-2023-00784,2023-04-04,2023-04-07,2023-04,FY2024,1,CASH,Customer receipt SI-2023-00643,1072,1071,POSTED
JE-2023-00785,2023-04-17,2023-04-20,2023-04,FY2024,1,CASH,Customer receipt SI-2023-00646,1072,1071,POSTED
JE-2023-00786,2023-04-11,2023-04-11,2023-04,FY2024,1,CASH,Customer receipt SI-2023-00651,1072,1071,POSTED
JE-2023-00787,2023-05-08,2023-05-08,2023-05,FY2024,2,CASH,Customer receipt SI-2023-00671,1072,1071,POSTED
JE-2023-00788,2023-03-31,2023-03-31,2023-03,FY2023,12,CASH,Customer receipt SI-2023-00674,1072,1071,POSTED
JE-2023-00789,2023-05-26,2023-05-29,2023-05,FY2024,2,CASH,Customer receipt SI-2023-00677,1072,1071,POSTED
JE-2023-00790,2023-05-08,2023-05-09,2023-05,FY2024,2,CASH,Customer receipt SI-2023-00684,1072,1071,POSTED
JE-2023-00791,2023-05-19,2023-05-19,2023-05,FY2024,2,CASH,Customer receipt SI-2023-00687,1072,1071,POSTED
JE-2023-00792,2023-04-21,2023-04-21,2023-04,FY2024,1,CASH,Customer receipt SI-2023-00688,1072,1071,POSTED
JE-2023-00793,2023-05-18,2023-05-19,2023-05,FY2024,2,CASH,Customer receipt SI-2023-00690,1072,1071,POSTED
JE-2023-00794,2023-05-31,2023-06-02,2023-05,FY2024,2,CASH,Customer receipt SI-2023-00691,1072,1071,POSTED
JE-2023-00795,2023-05-18,2023-05-19,2023-05,FY2024,2,CASH,Customer receipt SI-2023-00692,1072,1071,POSTED
JE-2023-00796,2023-04-21,2023-04-21,2023-04,FY2024,1,CASH,Customer receipt SI-2023-00693,1072,1071,POSTED
JE-2023-00797,2023-05-18,2023-05-19,2023-05,FY2024,2,CASH,Customer receipt SI-2023-00694,1072,1071,POSTED
JE-2023-00798,2023-05-19,2023-05-19,2023-05,FY2024,2,CASH,Customer receipt SI-2023-00696,1072,1071,POSTED
JE-2023-00799,2023-04-06,2023-04-07,2023-04,FY2024,1,CASH,Customer receipt SI-2023-00697,1072,1071,POSTED
JE-2023-00800,2023-04-14,2023-04-14,2023-04,FY2024,1,CASH,Customer receipt SI-2023-00698,1072,1071,POSTED
JE-2023-00801,2023-05-08,2023-05-10,2023-05,FY2024,2,CASH,Customer receipt SI-2023-00702,1072,1071,POSTED
JE-2023-00802,2023-04-21,2023-04-21,2023-04,FY2024,1,CASH,Customer receipt SI-2023-00718,1072,1071,POSTED
JE-2023-00803,2023-04-14,2023-04-17,2023-04,FY2024,1,CASH,Customer receipt SI-2023-00722,1072,1071,POSTED
JE-2023-00804,2023-04-11,2023-04-12,2023-04,FY2024,1,CASH,Customer receipt SI-2023-00724,1072,1071,POSTED
JE-2023-00805,2023-05-16,2023-05-18,2023-05,FY2024,2,CASH,Customer receipt SI-2023-00727,1072,1071,POSTED
JE-2023-00806,2023-05-12,2023-05-12,2023-05,FY2024,2,CASH,Customer receipt SI-2023-00728,1072,1071,POSTED
JE-2023-00807,2023-05-15,2023-05-15,2023-05,FY2024,2,CASH,Customer receipt SI-2023-00744,1072,1071,POSTED
JE-2023-00808,2023-05-15,2023-05-15,2023-05,FY2024,2,CASH,Customer receipt SI-2023-00748,1072,1071,POSTED
JE-2023-00809,2023-05-02,2023-05-04,2023-05,FY2024,2,CASH,Customer receipt SI-2023-00750,1072,1071,POSTED
JE-2023-00810,2023-05-18,2023-05-19,2023-05,FY2024,2,CASH,Customer receipt SI-2023-00754,1072,1071,POSTED
JE-2023-00811,2023-05-16,2023-05-19,2023-05,FY2024,2,CASH,Customer receipt SI-2023-00756,1072,1071,POSTED
JE-2023-00812,2023-05-12,2023-05-12,2023-05,FY2024,2,CASH,Customer receipt SI-2023-00758,1072,1071,POSTED
JE-2023-00813,2023-05-19,2023-05-22,2023-05,FY2024,2,CASH,Customer receipt SI-2023-00759,1072,1071,POSTED
JE-2023-00814,2023-05-23,2023-05-23,2023-05,FY2024,2,CASH,Customer receipt SI-2023-00760,1072,1071,POSTED
JE-2023-00815,2023-05-18,2023-05-18,2023-05,FY2024,2,CASH,Customer receipt SI-2023-00762,1072,1071,POSTED
JE-2023-00816,2023-05-25,2023-05-26,2023-05,FY2024,2,CASH,Customer receipt SI-2023-00764,1072,1071,POSTED
JE-2023-00817,2023-05-26,2023-05-29,2023-05,FY2024,2,CASH,Customer receipt SI-2023-00765,1072,1071,POSTED
JE-2023-00818,2023-05-18,2023-05-19,2023-05,FY2024,2,CASH,Customer receipt SI-2023-00772,1072,1071,POSTED
JE-2023-00819,2023-05-19,2023-05-19,2023-05,FY2024,2,CASH,Customer receipt SI-2023-00774,1072,1071,POSTED
JE-2023-00820,2023-05-31,2023-06-01,2023-05,FY2024,2,CASH,Customer receipt SI-2023-00782,1072,1071,POSTED
JE-2023-00821,2023-05-12,2023-05-15,2023-05,FY2024,2,CASH,Customer receipt SI-2023-00786,1072,1071,POSTED
JE-2023-00822,2023-05-11,2023-05-11,2023-05,FY2024,2,CASH,Customer receipt SI-2023-00787,1072,1071,POSTED
JE-2023-00823,2023-05-18,2023-05-19,2023-05,FY2024,2,CASH,Customer receipt SI-2023-00789,1072,1071,POSTED
JE-2023-00824,2023-05-19,2023-05-19,2023-05,FY2024,2,CASH,Customer receipt SI-2023-00791,1072,1071,POSTED
JE-2023-00825,2023-05-19,2023-05-19,2023-05,FY2024,2,CASH,Customer receipt SI-2023-00795,1072,1071,POSTED
JE-2023-00826,2023-04-07,2023-04-07,2023-04,FY2024,1,CASH,Supplier payment PI-2023-00429,1072,1071,POSTED
JE-2023-00827,2023-05-01,2023-05-02,2023-05,FY2024,2,CASH,Supplier payment PI-2023-00455,1072,1071,POSTED
JE-2023-00828,2023-05-12,2023-05-12,2023-05,FY2024,2,CASH,Supplier payment PI-2023-00482,1072,1071,POSTED
JE-2023-00829,2023-04-28,2023-04-28,2023-04,FY2024,1,CASH,Supplier payment PI-2023-00484,1072,1071,POSTED
JE-2023-00830,2023-05-25,2023-05-26,2023-05,FY2024,2,CASH,Supplier payment PI-2023-00496,1072,1071,POSTED
JE-2023-00831,2023-05-12,2023-05-12,2023-05,FY2024,2,CASH,Supplier payment PI-2023-00497,1072,1071,POSTED
JE-2023-00832,2023-05-31,2023-06-02,2023-05,FY2024,2,CASH,Supplier payment PI-2023-00501,1072,1071,POSTED
JE-2023-00833,2023-04-27,2023-04-28,2023-04,FY2024,1,CASH,Supplier payment PI-2023-00503,1072,1071,POSTED
JE-2023-00834,2023-05-05,2023-05-05,2023-05,FY2024,2,CASH,Supplier payment PI-2023-00504,1072,1071,POSTED
JE-2023-00835,2023-05-05,2023-05-05,2023-05,FY2024,2,CASH,Supplier payment PI-2023-00509,1072,1071,POSTED
JE-2023-00836,2023-05-15,2023-05-18,2023-05,FY2024,2,CASH,Supplier payment PI-2023-00510,1072,1071,POSTED
JE-2023-00837,2023-05-05,2023-05-05,2023-05,FY2024,2,CASH,Supplier payment PI-2023-00511,1072,1071,POSTED
JE-2023-00838,2023-04-28,2023-04-28,2023-04,FY2024,1,CASH,Supplier payment PI-2023-00518,1072,1071,POSTED
JE-2023-00839,2023-05-25,2023-05-25,2023-05,FY2024,2,CASH,Supplier payment PI-2023-00524,1072,1071,POSTED
JE-2023-00840,2023-05-26,2023-05-26,2023-05,FY2024,2,CASH,Supplier payment PI-2023-00525,1072,1071,POSTED
JE-2023-00841,2023-05-19,2023-05-22,2023-05,FY2024,2,CASH,Supplier payment PI-2023-00527,1072,1071,POSTED
JE-2023-00842,2023-05-05,2023-05-08,2023-05,FY2024,2,CASH,Supplier payment PI-2023-00528,1072,1071,POSTED
JE-2023-00843,2023-05-24,2023-05-25,2023-05,FY2024,2,CASH,Supplier payment PI-2023-00532,1072,1071,POSTED
JE-2023-00844,2023-05-18,2023-05-19,2023-05,FY2024,2,CASH,Supplier payment PI-2023-00533,1072,1071,POSTED
JE-2023-00845,2023-05-19,2023-05-19,2023-05,FY2024,2,CASH,Supplier payment PI-2023-00534,1072,1071,POSTED
JE-2023-00846,2023-05-26,2023-05-29,2023-05,FY2024,2,CASH,Supplier payment PI-2023-00536,1072,1071,POSTED
JE-2023-00847,2023-04-21,2023-04-21,2023-04,FY2024,1,CASH,Supplier payment PI-2023-00538,1072,1071,POSTED
JE-2023-00848,2023-04-28,2023-04-28,2023-04,FY2024,1,CASH,Supplier payment PI-2023-00540,1072,1071,POSTED
JE-2023-00849,2023-05-22,2023-05-22,2023-05,FY2024,2,CASH,Supplier payment PI-2023-00542,1072,1071,POSTED
JE-2023-00850,2023-05-03,2023-05-05,2023-05,FY2024,2,CASH,Supplier payment PI-2023-00543,1072,1071,POSTED
JE-2023-00851,2023-05-05,2023-05-08,2023-05,FY2024,2,CASH,Supplier payment PI-2023-00544,1072,1071,POSTED
JE-2023-00852,2023-05-19,2023-05-19,2023-05,FY2024,2,CASH,Supplier payment PI-2023-00545,1072,1071,POSTED
JE-2023-00853,2023-05-31,2023-06-02,2023-05,FY2024,2,CASH,Supplier payment PI-2023-00546,1072,1071,POSTED
JE-2023-00854,2023-05-24,2023-05-24,2023-05,FY2024,2,CASH,Supplier payment PI-2023-00549,1072,1071,POSTED
JE-2023-00855,2023-05-12,2023-05-12,2023-05,FY2024,2,CASH,Supplier payment PI-2023-00550,1072,1071,POSTED
JE-2023-00856,2023-05-19,2023-05-19,2023-05,FY2024,2,CASH,Supplier payment PI-2023-00551,1072,1071,POSTED
JE-2023-00857,2023-05-26,2023-05-26,2023-05,FY2024,2,CASH,Supplier payment PI-2023-00552,1072,1071,POSTED
JE-2023-00858,2023-05-19,2023-05-22,2023-05,FY2024,2,CASH,Supplier payment PI-2023-00553,1072,1071,POSTED
JE-2023-00859,2023-04-28,2023-04-28,2023-04,FY2024,1,CASH,Supplier payment PI-2023-00554,1072,1071,POSTED
JE-2023-00860,2023-05-05,2023-05-05,2023-05,FY2024,2,CASH,Supplier payment PI-2023-00555,1072,1071,POSTED
JE-2023-00861,2023-05-26,2023-05-26,2023-05,FY2024,2,PAYROLL,Payroll May 2023,1072,1071,POSTED
JE-2023-00862,2023-05-31,2023-06-01,2023-05,FY2024,2,GENERAL,Depreciation May 2023,1072,1071,POSTED
JE-2023-00863,2023-05-31,2023-06-02,2023-05,FY2024,2,GENERAL,Bank charges and interest May 2023,1072,1071,POSTED
JE-2023-00864,2023-06-23,2023-06-23,2023-06,FY2024,3,AR,Sales invoice SI-2023-00849,1072,1071,POSTED
JE-2023-00865,2023-06-09,2023-06-09,2023-06,FY2024,3,AR,Sales invoice SI-2023-00850,1072,1071,POSTED
JE-2023-00866,2023-06-13,2023-06-13,2023-06,FY2024,3,AR,Sales invoice SI-2023-00851,1072,1071,POSTED
JE-2023-00867,2023-06-19,2023-06-19,2023-06,FY2024,3,AR,Sales invoice SI-2023-00852,1072,1071,POSTED
JE-2023-00868,2023-06-15,2023-06-15,2023-06,FY2024,3,AR,Sales invoice SI-2023-00853,1072,1071,POSTED
JE-2023-00869,2023-06-01,2023-06-02,2023-06,FY2024,3,AR,Sales invoice SI-2023-00854,1072,1071,POSTED
JE-2023-00870,2023-06-09,2023-06-12,2023-06,FY2024,3,AR,Sales invoice SI-2023-00855,1072,1071,POSTED
JE-2023-00871,2023-06-16,2023-06-19,2023-06,FY2024,3,AR,Sales invoice SI-2023-00856,1072,1071,POSTED
JE-2023-00872,2023-06-30,2023-06-30,2023-06,FY2024,3,AR,Sales invoice SI-2023-00857,1072,1071,POSTED
JE-2023-00873,2023-06-02,2023-06-02,2023-06,FY2024,3,AR,Sales invoice SI-2023-00858,1072,1071,POSTED
JE-2023-00874,2023-06-19,2023-06-19,2023-06,FY2024,3,AR,Sales invoice SI-2023-00859,1072,1071,POSTED
JE-2023-00875,2023-06-09,2023-06-09,2023-06,FY2024,3,AR,Sales invoice SI-2023-00860,1072,1071,POSTED
JE-2023-00876,2023-06-02,2023-06-05,2023-06,FY2024,3,AR,Sales invoice SI-2023-00861,1072,1071,POSTED
JE-2023-00877,2023-06-30,2023-06-30,2023-06,FY2024,3,AR,Sales invoice SI-2023-00862,1072,1071,POSTED
JE-2023-00878,2023-06-16,2023-06-16,2023-06,FY2024,3,AR,Sales invoice SI-2023-00863,1072,1071,POSTED
JE-2023-00879,2023-06-16,2023-06-16,2023-06,FY2024,3,AR,Sales invoice SI-2023-00864,1072,1071,POSTED
JE-2023-00880,2023-06-30,2023-07-03,2023-06,FY2024,3,AR,Sales invoice SI-2023-00865,1072,1071,POSTED
JE-2023-00881,2023-06-09,2023-06-09,2023-06,FY2024,3,AR,Sales invoice SI-2023-00866,1072,1071,POSTED
JE-2023-00882,2023-06-06,2023-06-06,2023-06,FY2024,3,AR,Sales invoice SI-2023-00867,1072,1071,POSTED
JE-2023-00883,2023-06-16,2023-06-19,2023-06,FY2024,3,AR,Sales invoice SI-2023-00868,1072,1071,POSTED
JE-2023-00884,2023-06-05,2023-06-07,2023-06,FY2024,3,AR,Sales invoice SI-2023-00869,1072,1071,POSTED
JE-2023-00885,2023-06-09,2023-06-09,2023-06,FY2024,3,AR,Sales invoice SI-2023-00870,1072,1071,POSTED
JE-2023-00886,2023-06-27,2023-06-28,2023-06,FY2024,3,AR,Sales invoice SI-2023-00871,1072,1071,POSTED
JE-2023-00887,2023-06-23,2023-06-23,2023-06,FY2024,3,AR,Sales invoice SI-2023-00872,1072,1071,POSTED
JE-2023-00888,2023-06-09,2023-06-12,2023-06,FY2024,3,AR,Sales invoice SI-2023-00873,1072,1071,POSTED
JE-2023-00889,2023-06-01,2023-06-02,2023-06,FY2024,3,AR,Sales invoice SI-2023-00874,1072,1071,POSTED
JE-2023-00890,2023-06-26,2023-06-27,2023-06,FY2024,3,AR,Sales invoice SI-2023-00875,1072,1071,POSTED
JE-2023-00891,2023-06-21,2023-06-22,2023-06,FY2024,3,AR,Sales invoice SI-2023-00876,1072,1071,POSTED
JE-2023-00892,2023-06-23,2023-06-26,2023-06,FY2024,3,AR,Sales invoice SI-2023-00877,1072,1071,POSTED
JE-2023-00893,2023-06-21,2023-06-22,2023-06,FY2024,3,AR,Sales invoice SI-2023-00878,1072,1071,POSTED
JE-2023-00894,2023-06-05,2023-06-06,2023-06,FY2024,3,AR,Sales invoice SI-2023-00879,1072,1071,POSTED
JE-2023-00895,2023-06-29,2023-06-30,2023-06,FY2024,3,AR,Sales invoice SI-2023-00880,1072,1071,POSTED
JE-2023-00896,2023-06-28,2023-06-29,2023-06,FY2024,3,AR,Sales invoice SI-2023-00881,1072,1071,POSTED
JE-2023-00897,2023-06-09,2023-06-12,2023-06,FY2024,3,AR,Sales invoice SI-2023-00882,1072,1071,POSTED
JE-2023-00898,2023-06-16,2023-06-16,2023-06,FY2024,3,AR,Sales invoice SI-2023-00883,1072,1071,POSTED
JE-2023-00899,2023-06-29,2023-06-30,2023-06,FY2024,3,AR,Sales invoice SI-2023-00884,1072,1071,POSTED
JE-2023-00900,2023-06-23,2023-06-23,2023-06,FY2024,3,AR,Sales invoice SI-2023-00885,1072,1071,POSTED
JE-2023-00901,2023-06-02,2023-06-05,2023-06,FY2024,3,AR,Sales invoice SI-2023-00886,1072,1071,POSTED
JE-2023-00902,2023-06-09,2023-06-09,2023-06,FY2024,3,AR,Sales invoice SI-2023-00887,1072,1071,POSTED
JE-2023-00903,2023-06-09,2023-06-09,2023-06,FY2024,3,AR,Sales invoice SI-2023-00888,1072,1071,POSTED
JE-2023-00904,2023-06-29,2023-06-30,2023-06,FY2024,3,AR,Sales invoice SI-2023-00889,1072,1071,POSTED
JE-2023-00905,2023-06-23,2023-06-23,2023-06,FY2024,3,AR,Sales invoice SI-2023-00890,1072,1071,POSTED
JE-2023-00906,2023-06-30,2023-06-30,2023-06,FY2024,3,AR,Sales invoice SI-2023-00891,1072,1071,POSTED
JE-2023-00907,2023-06-23,2023-06-23,2023-06,FY2024,3,AR,Sales invoice SI-2023-00892,1072,1071,POSTED
JE-2023-00908,2023-06-09,2023-06-09,2023-06,FY2024,3,AR,Sales invoice SI-2023-00893,1072,1071,POSTED
JE-2023-00909,2023-06-21,2023-06-23,2023-06,FY2024,3,AR,Sales invoice SI-2023-00894,1072,1071,POSTED
JE-2023-00910,2023-06-14,2023-06-16,2023-06,FY2024,3,AR,Sales invoice SI-2023-00895,1072,1071,POSTED
JE-2023-00911,2023-06-06,2023-06-07,2023-06,FY2024,3,AR,Sales invoice SI-2023-00896,1072,1071,POSTED
JE-2023-00912,2023-06-21,2023-06-21,2023-06,FY2024,3,AR,Sales invoice SI-2023-00897,1072,1071,POSTED
JE-2023-00913,2023-06-02,2023-06-02,2023-06,FY2024,3,AR,Sales invoice SI-2023-00898,1072,1071,POSTED
JE-2023-00914,2023-06-01,2023-06-02,2023-06,FY2024,3,AR,Sales invoice SI-2023-00899,1072,1071,POSTED
JE-2023-00915,2023-06-02,2023-06-02,2023-06,FY2024,3,AR,Sales invoice SI-2023-00900,1072,1071,POSTED
JE-2023-00916,2023-06-16,2023-06-16,2023-06,FY2024,3,AR,Sales invoice SI-2023-00901,1072,1071,POSTED
JE-2023-00917,2023-06-26,2023-06-28,2023-06,FY2024,3,AR,Sales invoice SI-2023-00902,1072,1071,POSTED
JE-2023-00918,2023-06-13,2023-06-15,2023-06,FY2024,3,AR,Sales invoice SI-2023-00903,1072,1071,POSTED
JE-2023-00919,2023-06-23,2023-06-23,2023-06,FY2024,3,AP,Purchase invoice PI-2023-00596,1072,1071,POSTED
JE-2023-00920,2023-06-29,2023-06-30,2023-06,FY2024,3,AP,Purchase invoice PI-2023-00597,1072,1071,POSTED
JE-2023-00921,2023-06-26,2023-06-29,2023-06,FY2024,3,AP,Purchase invoice PI-2023-00598,1072,1071,POSTED
JE-2023-00922,2023-06-23,2023-06-23,2023-06,FY2024,3,AP,Purchase invoice PI-2023-00599,1072,1071,POSTED
JE-2023-00923,2023-06-12,2023-06-13,2023-06,FY2024,3,AP,Purchase invoice PI-2023-00600,1072,1071,POSTED
JE-2023-00924,2023-06-22,2023-06-23,2023-06,FY2024,3,AP,Purchase invoice PI-2023-00601,1072,1071,POSTED
JE-2023-00925,2023-06-02,2023-06-02,2023-06,FY2024,3,AP,Purchase invoice PI-2023-00602,1072,1071,POSTED
JE-2023-00926,2023-06-23,2023-06-23,2023-06,FY2024,3,AP,Purchase invoice PI-2023-00603,1072,1071,POSTED
JE-2023-00927,2023-06-16,2023-06-19,2023-06,FY2024,3,AP,Purchase invoice PI-2023-00604,1072,1071,POSTED
JE-2023-00928,2023-06-06,2023-06-09,2023-06,FY2024,3,AP,Purchase invoice PI-2023-00605,1072,1071,POSTED
JE-2023-00929,2023-06-20,2023-06-21,2023-06,FY2024,3,AP,Purchase invoice PI-2023-00606,1072,1071,POSTED
JE-2023-00930,2023-06-29,2023-06-30,2023-06,FY2024,3,AP,Purchase invoice PI-2023-00607,1072,1071,POSTED
JE-2023-00931,2023-06-16,2023-06-16,2023-06,FY2024,3,AP,Purchase invoice PI-2023-00608,1072,1071,POSTED
JE-2023-00932,2023-06-21,2023-06-23,2023-06,FY2024,3,AP,Purchase invoice PI-2023-00609,1072,1071,POSTED
JE-2023-00933,2023-06-02,2023-06-02,2023-06,FY2024,3,AP,Purchase invoice PI-2023-00610,1072,1071,POSTED
JE-2023-00934,2023-06-29,2023-06-30,2023-06,FY2024,3,AP,Purchase invoice PI-2023-00611,1072,1071,POSTED
JE-2023-00935,2023-06-16,2023-06-16,2023-06,FY2024,3,AP,Purchase invoice PI-2023-00612,1072,1071,POSTED
JE-2023-00936,2023-06-16,2023-06-19,2023-06,FY2024,3,AP,Purchase invoice PI-2023-00613,1072,1071,POSTED
JE-2023-00937,2023-06-05,2023-06-08,2023-06,FY2024,3,AP,Purchase invoice PI-2023-00614,1072,1071,POSTED
JE-2023-00938,2023-06-14,2023-06-14,2023-06,FY2024,3,AP,Purchase invoice PI-2023-00615,1072,1071,POSTED
JE-2023-00939,2023-06-16,2023-06-16,2023-06,FY2024,3,AP,Purchase invoice PI-2023-00616,1072,1071,POSTED
JE-2023-00940,2023-06-21,2023-06-21,2023-06,FY2024,3,AP,Purchase invoice PI-2023-00617,1072,1071,POSTED
JE-2023-00941,2023-06-23,2023-06-23,2023-06,FY2024,3,AP,Purchase invoice PI-2023-00618,1072,1071,POSTED
JE-2023-00942,2023-06-16,2023-06-16,2023-06,FY2024,3,AP,Purchase invoice PI-2023-00619,1072,1071,POSTED
JE-2023-00943,2023-06-23,2023-06-26,2023-06,FY2024,3,AP,Purchase invoice PI-2023-00620,1072,1071,POSTED
JE-2023-00944,2023-06-05,2023-06-08,2023-06,FY2024,3,AP,Purchase invoice PI-2023-00621,1072,1071,POSTED
JE-2023-00945,2023-06-09,2023-06-09,2023-06,FY2024,3,AP,Purchase invoice PI-2023-00622,1072,1071,POSTED
JE-2023-00946,2023-06-26,2023-06-26,2023-06,FY2024,3,AP,Purchase invoice PI-2023-00623,1072,1071,POSTED
JE-2023-00947,2023-06-23,2023-06-23,2023-06,FY2024,3,AP,Purchase invoice PI-2023-00624,1072,1071,POSTED
JE-2023-00948,2023-06-20,2023-06-22,2023-06,FY2024,3,AP,Purchase invoice PI-2023-00625,1072,1071,POSTED
JE-2023-00949,2023-06-06,2023-06-09,2023-06,FY2024,3,AP,Purchase invoice PI-2023-00626,1072,1071,POSTED
JE-2023-00950,2023-06-13,2023-06-14,2023-06,FY2024,3,AP,Purchase invoice PI-2023-00627,1072,1071,POSTED
JE-2023-00951,2023-06-01,2023-06-02,2023-06,FY2024,3,AP,Purchase invoice PI-2023-00628,1072,1071,POSTED
JE-2023-00952,2023-06-16,2023-06-16,2023-06,FY2024,3,AP,Purchase invoice PI-2023-00629,1072,1071,POSTED
JE-2023-00953,2023-06-09,2023-06-12,2023-06,FY2024,3,AP,Purchase invoice PI-2023-00630,1072,1071,POSTED
JE-2023-00954,2023-06-09,2023-06-09,2023-06,FY2024,3,CASH,Customer receipt SI-2023-00662,1072,1071,POSTED
JE-2023-00955,2023-05-22,2023-05-23,2023-05,FY2024,2,CASH,Customer receipt SI-2023-00683,1072,1071,POSTED
JE-2023-00956,2023-06-14,2023-06-16,2023-06,FY2024,3,CASH,Customer receipt SI-2023-00695,1072,1071,POSTED
JE-2023-00957,2023-06-28,2023-06-28,2023-06,FY2024,3,CASH,Customer receipt SI-2023-00699,1072,1071,POSTED
JE-2023-00958,2023-04-25,2023-04-27,2023-04,FY2024,1,CASH,Customer receipt SI-2023-00704,1072,1071,POSTED
JE-2023-00959,2023-05-05,2023-05-05,2023-05,FY2024,2,CASH,Customer receipt SI-2023-00705,1072,1071,POSTED
JE-2023-00960,2023-05-05,2023-05-05,2023-05,FY2024,2,CASH,Customer receipt SI-2023-00706,1072,1071,POSTED
JE-2023-00961,2023-06-02,2023-06-02,2023-06,FY2024,3,CASH,Customer receipt SI-2023-00708,1072,1071,POSTED
JE-2023-00962,2023-06-05,2023-06-05,2023-06,FY2024,3,CASH,Customer receipt SI-2023-00711,1072,1071,POSTED
JE-2023-00963,2023-06-27,2023-06-27,2023-06,FY2024,3,CASH,Customer receipt SI-2023-00712,1072,1071,POSTED
JE-2023-00964,2023-04-28,2023-04-28,2023-04,FY2024,1,CASH,Customer receipt SI-2023-00715,1072,1071,POSTED
JE-2023-00965,2023-06-27,2023-06-30,2023-06,FY2024,3,CASH,Customer receipt SI-2023-00716,1072,1071,POSTED
JE-2023-00966,2023-05-24,2023-05-25,2023-05,FY2024,2,CASH,Customer receipt SI-2023-00723,1072,1071,POSTED
JE-2023-00967,2023-05-23,2023-05-26,2023-05,FY2024,2,CASH,Customer receipt SI-2023-00725,1072,1071,POSTED
JE-2023-00968,2023-05-30,2023-05-30,2023-05,FY2024,2,CASH,Customer receipt SI-2023-00735,1072,1071,POSTED
JE-2023-00969,2023-06-23,2023-06-23,2023-06,FY2024,3,CASH,Customer receipt SI-2023-00745,1072,1071,POSTED
JE-2023-00970,2023-06-16,2023-06-16,2023-06,FY2024,3,CASH,Customer receipt SI-2023-00746,1072,1071,POSTED
JE-2023-00971,2023-05-23,2023-05-25,2023-05,FY2024,2,CASH,Customer receipt SI-2023-00749,1072,1071,POSTED
JE-2023-00972,2023-06-16,2023-06-16,2023-06,FY2024,3,CASH,Customer receipt SI-2023-00751,1072,1071,POSTED
JE-2023-00973,2023-06-16,2023-06-16,2023-06,FY2024,3,CASH,Customer receipt SI-2023-00755,1072,1071,POSTED
JE-2023-00974,2023-06-29,2023-06-30,2023-06,FY2024,3,CASH,Customer receipt SI-2023-00761,1072,1071,POSTED
JE-2023-00975,2023-05-30,2023-06-02,2023-05,FY2024,2,CASH,Customer receipt SI-2023-00766,1072,1071,POSTED
JE-2023-00976,2023-05-12,2023-05-15,2023-05,FY2024,2,CASH,Customer receipt SI-2023-00771,1072,1071,POSTED
JE-2023-00977,2023-06-22,2023-06-23,2023-06,FY2024,3,CASH,Customer receipt SI-2023-00775,1072,1071,POSTED
JE-2023-00978,2023-06-13,2023-06-15,2023-06,FY2024,3,CASH,Customer receipt SI-2023-00778,1072,1071,POSTED
JE-2023-00979,2023-05-29,2023-06-01,2023-05,FY2024,2,CASH,Customer receipt SI-2023-00784,1072,1071,POSTED
JE-2023-00980,2023-05-05,2023-05-05,2023-05,FY2024,2,CASH,Customer receipt SI-2023-00790,1072,1071,POSTED
JE-2023-00981,2023-05-22,2023-05-22,2023-05,FY2024,2,CASH,Customer receipt SI-2023-00793,1072,1071,POSTED
JE-2023-00982,2023-06-02,2023-06-02,2023-06,FY2024,3,CASH,Customer receipt SI-2023-00794,1072,1071,POSTED
JE-2023-00983,2023-06-09,2023-06-12,2023-06,FY2024,3,CASH,Customer receipt SI-2023-00796,1072,1071,POSTED
JE-2023-00984,2023-06-07,2023-06-09,2023-06,FY2024,3,CASH,Customer receipt SI-2023-00797,1072,1071,POSTED
JE-2023-00985,2023-06-09,2023-06-09,2023-06,FY2024,3,CASH,Customer receipt SI-2023-00799,1072,1071,POSTED
JE-2023-00986,2023-06-05,2023-06-06,2023-06,FY2024,3,CASH,Customer receipt SI-2023-00800,1072,1071,POSTED
JE-2023-00987,2023-06-09,2023-06-09,2023-06,FY2024,3,CASH,Customer receipt SI-2023-00806,1072,1071,POSTED
JE-2023-00988,2023-06-02,2023-06-02,2023-06,FY2024,3,CASH,Customer receipt SI-2023-00807,1072,1071,POSTED
JE-2023-00989,2023-06-13,2023-06-13,2023-06,FY2024,3,CASH,Customer receipt SI-2023-00810,1072,1071,POSTED
JE-2023-00990,2023-06-30,2023-06-30,2023-06,FY2024,3,CASH,Customer receipt SI-2023-00811,1072,1071,POSTED
JE-2023-00991,2023-06-26,2023-06-27,2023-06,FY2024,3,CASH,Customer receipt SI-2023-00814,1072,1071,POSTED
JE-2023-00992,2023-06-23,2023-06-23,2023-06,FY2024,3,CASH,Customer receipt SI-2023-00817,1072,1071,POSTED
JE-2023-00993,2023-06-16,2023-06-16,2023-06,FY2024,3,CASH,Customer receipt SI-2023-00820,1072,1071,POSTED
JE-2023-00994,2023-06-16,2023-06-16,2023-06,FY2024,3,CASH,Customer receipt SI-2023-00826,1072,1071,POSTED
JE-2023-00995,2023-06-09,2023-06-09,2023-06,FY2024,3,CASH,Customer receipt SI-2023-00827,1072,1071,POSTED
JE-2023-00996,2023-06-23,2023-06-23,2023-06,FY2024,3,CASH,Customer receipt SI-2023-00830,1072,1071,POSTED
JE-2023-00997,2023-06-09,2023-06-09,2023-06,FY2024,3,CASH,Customer receipt SI-2023-00833,1072,1071,POSTED
JE-2023-00998,2023-06-14,2023-06-15,2023-06,FY2024,3,CASH,Customer receipt SI-2023-00834,1072,1071,POSTED
JE-2023-00999,2023-06-29,2023-06-30,2023-06,FY2024,3,CASH,Customer receipt SI-2023-00835,1072,1071,POSTED
JE-2023-01000,2023-06-26,2023-06-29,2023-06,FY2024,3,CASH,Customer receipt SI-2023-00840,1072,1071,POSTED
JE-2023-01001,2023-06-13,2023-06-16,2023-06,FY2024,3,CASH,Customer receipt SI-2023-00843,1072,1071,POSTED
JE-2023-01002,2023-06-19,2023-06-22,2023-06,FY2024,3,CASH,Customer receipt SI-2023-00844,1072,1071,POSTED
JE-2023-01003,2023-06-20,2023-06-20,2023-06,FY2024,3,CASH,Customer receipt SI-2023-00860,1072,1071,POSTED
JE-2023-01004,2023-06-09,2023-06-09,2023-06,FY2024,3,CASH,Supplier payment PI-2023-00522,1072,1071,POSTED
JE-2023-01005,2023-06-15,2023-06-16,2023-06,FY2024,3,CASH,Supplier payment PI-2023-00530,1072,1071,POSTED
JE-2023-01006,2023-05-19,2023-05-19,2023-05,FY2024,2,CASH,Supplier payment PI-2023-00531,1072,1071,POSTED
JE-2023-01007,2023-06-16,2023-06-16,2023-06,FY2024,3,CASH,Supplier payment PI-2023-00535,1072,1071,POSTED
JE-2023-01008,2023-05-29,2023-06-01,2023-05,FY2024,2,CASH,Supplier payment PI-2023-00537,1072,1071,POSTED
JE-2023-01009,2023-06-06,2023-06-09,2023-06,FY2024,3,CASH,Supplier payment PI-2023-00547,1072,1071,POSTED
JE-2023-01010,2023-06-02,2023-06-02,2023-06,FY2024,3,CASH,Supplier payment PI-2023-00548,1072,1071,DRAFT
JE-2023-01011,2023-06-09,2023-06-09,2023-06,FY2024,3,CASH,Supplier payment PI-2023-00556,1072,1071,POSTED
JE-2023-01012,2023-05-24,2023-05-26,2023-05,FY2024,2,CASH,Supplier payment PI-2023-00557,1072,1071,POSTED
JE-2023-01013,2023-05-30,2023-06-02,2023-05,FY2024,2,CASH,Supplier payment PI-2023-00559,1072,1071,POSTED
JE-2023-01014,2023-06-23,2023-06-23,2023-06,FY2024,3,CASH,Supplier payment PI-2023-00562,1072,1071,POSTED
JE-2023-01015,2023-06-21,2023-06-23,2023-06,FY2024,3,CASH,Supplier payment PI-2023-00563,1072,1071,POSTED
JE-2023-01016,2023-06-30,2023-06-30,2023-06,FY2024,3,CASH,Supplier payment PI-2023-00565,1072,1071,POSTED
JE-2023-01017,2023-06-30,2023-06-30,2023-06,FY2024,3,CASH,Supplier payment PI-2023-00566,1072,1071,POSTED
JE-2023-01018,2023-06-02,2023-06-02,2023-06,FY2024,3,CASH,Supplier payment PI-2023-00567,1072,1071,POSTED
JE-2023-01019,2023-06-19,2023-06-19,2023-06,FY2024,3,CASH,Supplier payment PI-2023-00568,1072,1071,POSTED
JE-2023-01020,2023-06-09,2023-06-12,2023-06,FY2024,3,CASH,Supplier payment PI-2023-00569,1072,1071,POSTED
JE-2023-01021,2023-06-16,2023-06-16,2023-06,FY2024,3,CASH,Supplier payment PI-2023-00571,1072,1071,POSTED
JE-2023-01022,2023-06-22,2023-06-22,2023-06,FY2024,3,CASH,Supplier payment PI-2023-00573,1072,1071,POSTED
JE-2023-01023,2023-06-29,2023-06-30,2023-06,FY2024,3,CASH,Supplier payment PI-2023-00576,1072,1071,POSTED
JE-2023-01024,2023-06-26,2023-06-27,2023-06,FY2024,3,CASH,Supplier payment PI-2023-00577,1072,1071,POSTED
JE-2023-01025,2023-06-29,2023-06-30,2023-06,FY2024,3,CASH,Supplier payment PI-2023-00578,1072,1071,POSTED
JE-2023-01026,2023-06-07,2023-06-09,2023-06,FY2024,3,CASH,Supplier payment PI-2023-00580,1072,1071,POSTED
JE-2023-01027,2023-06-16,2023-06-19,2023-06,FY2024,3,CASH,Supplier payment PI-2023-00581,1072,1071,POSTED
JE-2023-01028,2023-06-02,2023-06-02,2023-06,FY2024,3,CASH,Supplier payment PI-2023-00582,1072,1071,POSTED
JE-2023-01029,2023-06-09,2023-06-09,2023-06,FY2024,3,CASH,Supplier payment PI-2023-00583,1072,1071,POSTED
JE-2023-01030,2023-06-08,2023-06-08,2023-06,FY2024,3,CASH,Supplier payment PI-2023-00584,1072,1071,POSTED
JE-2023-01031,2023-06-23,2023-06-23,2023-06,FY2024,3,CASH,Supplier payment PI-2023-00585,1072,1071,POSTED
JE-2023-01032,2023-06-02,2023-06-02,2023-06,FY2024,3,CASH,Supplier payment PI-2023-00586,1072,1071,POSTED
JE-2023-01033,2023-06-07,2023-06-07,2023-06,FY2024,3,CASH,Supplier payment PI-2023-00587,1072,1071,POSTED
JE-2023-01034,2023-06-23,2023-06-23,2023-06,FY2024,3,CASH,Supplier payment PI-2023-00589,1072,1071,POSTED
JE-2023-01035,2023-06-02,2023-06-05,2023-06,FY2024,3,CASH,Supplier payment PI-2023-00590,1072,1071,POSTED
JE-2023-01036,2023-06-08,2023-06-09,2023-06,FY2024,3,CASH,Supplier payment PI-2023-00591,1072,1071,POSTED
JE-2023-01037,2023-06-16,2023-06-19,2023-06,FY2024,3,CASH,Supplier payment PI-2023-00593,1072,1071,POSTED
JE-2023-01038,2023-06-16,2023-06-16,2023-06,FY2024,3,CASH,Supplier payment PI-2023-00594,1072,1071,POSTED
JE-2023-01039,2023-06-26,2023-06-27,2023-06,FY2024,3,CASH,Supplier payment PI-2023-00600,1072,1071,POSTED
JE-2023-01040,2023-06-30,2023-06-30,2023-06,FY2024,3,CASH,Supplier payment PI-2023-00608,1072,1071,POSTED
JE-2023-01041,2023-06-26,2023-06-26,2023-06,FY2024,3,CASH,Supplier payment PI-2023-00622,1072,1071,POSTED
JE-2023-01042,2023-06-28,2023-06-29,2023-06,FY2024,3,PAYROLL,Payroll June 2023,1072,1071,POSTED
JE-2023-01043,2023-06-30,2023-06-30,2023-06,FY2024,3,GENERAL,Depreciation Jun 2023,1072,1071,POSTED
JE-2023-01044,2023-06-30,2023-07-03,2023-06,FY2024,3,GENERAL,Bank charges and interest Jun 2023,1072,1071,POSTED
JE-2023-01045,2023-07-07,2023-07-10,2023-07,FY2024,4,AR,Sales invoice SI-2023-00904,1072,1071,POSTED
JE-2023-01046,2023-07-26,2023-07-28,2023-07,FY2024,4,AR,Sales invoice SI-2023-00905,1072,1071,POSTED
JE-2023-01047,2023-07-20,2023-07-21,2023-07,FY2024,4,AR,Sales invoice SI-2023-00906,1072,1071,POSTED
JE-2023-01048,2023-07-28,2023-07-31,2023-07,FY2024,4,AR,Sales invoice SI-2023-00907,1072,1071,POSTED
JE-2023-01049,2023-07-21,2023-07-24,2023-07,FY2024,4,AR,Sales invoice SI-2023-00908,1072,1071,POSTED
JE-2023-01050,2023-07-11,2023-07-12,2023-07,FY2024,4,AR,Sales invoice SI-2023-00909,1072,1071,POSTED
JE-2023-01051,2023-06-30,2023-06-30,2023-06,FY2024,3,AR,Sales invoice SI-2023-00910,1072,1071,POSTED
JE-2023-01052,2023-07-17,2023-07-19,2023-07,FY2024,4,AR,Sales invoice SI-2023-00911,1072,1071,POSTED
JE-2023-01053,2023-07-28,2023-07-31,2023-07,FY2024,4,AR,Sales invoice SI-2023-00912,1072,1071,POSTED
JE-2023-01054,2023-07-25,2023-07-25,2023-07,FY2024,4,AR,Sales invoice SI-2023-00913,1072,1071,POSTED
JE-2023-01055,2023-07-28,2023-07-31,2023-07,FY2024,4,AR,Sales invoice SI-2023-00914,1072,1071,POSTED
JE-2023-01056,2023-07-05,2023-07-06,2023-07,FY2024,4,AR,Sales invoice SI-2023-00915,1072,1071,POSTED
JE-2023-01057,2023-07-19,2023-07-21,2023-07,FY2024,4,AR,Sales invoice SI-2023-00916,1072,1071,POSTED
JE-2023-01058,2023-07-03,2023-07-05,2023-07,FY2024,4,AR,Sales invoice SI-2023-00917,1072,1071,POSTED
JE-2023-01059,2023-07-27,2023-07-28,2023-07,FY2024,4,AR,Sales invoice SI-2023-00918,1072,1071,POSTED
JE-2023-01060,2023-07-06,2023-07-06,2023-07,FY2024,4,AR,Sales invoice SI-2023-00919,1072,1071,POSTED
JE-2023-01061,2023-07-05,2023-07-07,2023-07,FY2024,4,AR,Sales invoice SI-2023-00920,1072,1071,POSTED
JE-2023-01062,2023-06-30,2023-06-30,2023-06,FY2024,3,AR,Sales invoice SI-2023-00921,1072,1071,POSTED
JE-2023-01063,2023-07-21,2023-07-21,2023-07,FY2024,4,AR,Sales invoice SI-2023-00922,1072,1071,POSTED
JE-2023-01064,2023-07-14,2023-07-14,2023-07,FY2024,4,AR,Sales invoice SI-2023-00923,1072,1071,POSTED
JE-2023-01065,2023-07-21,2023-07-21,2023-07,FY2024,4,AR,Sales invoice SI-2023-00924,1072,1071,POSTED
JE-2023-01066,2023-07-07,2023-07-07,2023-07,FY2024,4,AR,Sales invoice SI-2023-00925,1072,1071,POSTED
JE-2023-01067,2023-07-31,2023-08-02,2023-07,FY2024,4,AR,Sales invoice SI-2023-00926,1072,1071,POSTED
JE-2023-01068,2023-07-05,2023-07-07,2023-07,FY2024,4,AR,Sales invoice SI-2023-00927,1072,1071,POSTED
JE-2023-01069,2023-07-18,2023-07-21,2023-07,FY2024,4,AR,Sales invoice SI-2023-00928,1072,1071,POSTED
JE-2023-01070,2023-07-07,2023-07-10,2023-07,FY2024,4,AR,Sales invoice SI-2023-00929,1072,1071,POSTED
JE-2023-01071,2023-07-07,2023-07-07,2023-07,FY2024,4,AR,Sales invoice SI-2023-00930,1072,1071,POSTED
JE-2023-01072,2023-07-25,2023-07-25,2023-07,FY2024,4,AR,Sales invoice SI-2023-00931,1072,1071,POSTED
JE-2023-01073,2023-07-21,2023-07-21,2023-07,FY2024,4,AR,Sales invoice SI-2023-00932,1072,1071,POSTED
JE-2023-01074,2023-07-20,2023-07-21,2023-07,FY2024,4,AR,Sales invoice SI-2023-00933,1072,1071,POSTED
JE-2023-01075,2023-07-14,2023-07-14,2023-07,FY2024,4,AR,Sales invoice SI-2023-00934,1072,1071,POSTED
JE-2023-01076,2023-07-18,2023-07-20,2023-07,FY2024,4,AR,Sales invoice SI-2023-00935,1072,1071,POSTED
JE-2023-01077,2023-07-13,2023-07-13,2023-07,FY2024,4,AR,Sales invoice SI-2023-00936,1072,1071,POSTED
JE-2023-01078,2023-07-19,2023-07-20,2023-07,FY2024,4,AR,Sales invoice SI-2023-00937,1072,1071,POSTED
JE-2023-01079,2023-07-25,2023-07-27,2023-07,FY2024,4,AR,Sales invoice SI-2023-00938,1072,1071,POSTED
JE-2023-01080,2023-07-25,2023-07-25,2023-07,FY2024,4,AR,Sales invoice SI-2023-00939,1072,1071,POSTED
JE-2023-01081,2023-07-28,2023-07-28,2023-07,FY2024,4,AR,Sales invoice SI-2023-00940,1072,1071,POSTED
JE-2023-01082,2023-07-14,2023-07-14,2023-07,FY2024,4,AR,Sales invoice SI-2023-00941,1072,1071,POSTED
JE-2023-01083,2023-07-25,2023-07-28,2023-07,FY2024,4,AR,Sales invoice SI-2023-00942,1072,1071,POSTED
JE-2023-01084,2023-07-12,2023-07-13,2023-07,FY2024,4,AR,Sales invoice SI-2023-00943,1072,1071,POSTED
JE-2023-01085,2023-07-05,2023-07-07,2023-07,FY2024,4,AR,Sales invoice SI-2023-00944,1072,1071,POSTED
JE-2023-01086,2023-07-31,2023-08-02,2023-07,FY2024,4,AR,Sales invoice SI-2023-00945,1072,1071,POSTED
JE-2023-01087,2023-07-07,2023-07-07,2023-07,FY2024,4,AR,Sales invoice SI-2023-00946,1072,1071,POSTED
JE-2023-01088,2023-07-20,2023-07-21,2023-07,FY2024,4,AR,Sales invoice SI-2023-00947,1072,1071,POSTED
JE-2023-01089,2023-07-14,2023-07-14,2023-07,FY2024,4,AR,Sales invoice SI-2023-00948,1072,1071,POSTED
JE-2023-01090,2023-07-13,2023-07-13,2023-07,FY2024,4,AP,Purchase invoice PI-2023-00631,1072,1071,POSTED
JE-2023-01091,2023-07-31,2023-07-31,2023-07,FY2024,4,AP,Purchase invoice PI-2023-00632,1072,1071,POSTED
JE-2023-01092,2023-07-20,2023-07-21,2023-07,FY2024,4,AP,Purchase invoice PI-2023-00633,1072,1071,POSTED
JE-2023-01093,2023-07-31,2023-07-31,2023-07,FY2024,4,AP,Purchase invoice PI-2023-00634,1072,1071,POSTED
JE-2023-01094,2023-07-28,2023-07-28,2023-07,FY2024,4,AP,Purchase invoice PI-2023-00635,1072,1071,POSTED
JE-2023-01095,2023-07-26,2023-07-26,2023-07,FY2024,4,AP,Purchase invoice PI-2023-00636,1072,1071,POSTED
JE-2023-01096,2023-07-06,2023-07-07,2023-07,FY2024,4,AP,Purchase invoice PI-2023-00637,1072,1071,POSTED
JE-2023-01097,2023-07-17,2023-07-20,2023-07,FY2024,4,AP,Purchase invoice PI-2023-00638,1072,1071,POSTED
JE-2023-01098,2023-07-18,2023-07-18,2023-07,FY2024,4,AP,Purchase invoice PI-2023-00639,1072,1071,POSTED
JE-2023-01099,2023-07-05,2023-07-07,2023-07,FY2024,4,AP,Purchase invoice PI-2023-00640,1072,1071,POSTED
JE-2023-01100,2023-07-12,2023-07-14,2023-07,FY2024,4,AP,Purchase invoice PI-2023-00641,1072,1071,POSTED
JE-2023-01101,2023-07-07,2023-07-07,2023-07,FY2024,4,AP,Purchase invoice PI-2023-00642,1072,1071,POSTED
JE-2023-01102,2023-07-20,2023-07-21,2023-07,FY2024,4,AP,Purchase invoice PI-2023-00643,1072,1071,POSTED
JE-2023-01103,2023-07-20,2023-07-21,2023-07,FY2024,4,AP,Purchase invoice PI-2023-00644,1072,1071,POSTED
JE-2023-01104,2023-07-27,2023-07-27,2023-07,FY2024,4,AP,Purchase invoice PI-2023-00645,1072,1071,POSTED
JE-2023-01105,2023-07-07,2023-07-07,2023-07,FY2024,4,AP,Purchase invoice PI-2023-00646,1072,1071,POSTED
JE-2023-01106,2023-07-26,2023-07-28,2023-07,FY2024,4,AP,Purchase invoice PI-2023-00647,1072,1071,POSTED
JE-2023-01107,2023-07-11,2023-07-14,2023-07,FY2024,4,AP,Purchase invoice PI-2023-00648,1072,1071,POSTED
JE-2023-01108,2023-07-19,2023-07-21,2023-07,FY2024,4,AP,Purchase invoice PI-2023-00649,1072,1071,POSTED
JE-2023-01109,2023-07-14,2023-07-14,2023-07,FY2024,4,AP,Purchase invoice PI-2023-00650,1072,1071,POSTED
JE-2023-01110,2023-07-17,2023-07-19,2023-07,FY2024,4,AP,Purchase invoice PI-2023-00651,1072,1071,POSTED
JE-2023-01111,2023-07-21,2023-07-21,2023-07,FY2024,4,AP,Purchase invoice PI-2023-00652,1072,1071,POSTED
JE-2023-01112,2023-07-20,2023-07-20,2023-07,FY2024,4,AP,Purchase invoice PI-2023-00653,1072,1071,POSTED
JE-2023-01113,2023-06-30,2023-07-03,2023-06,FY2024,3,AP,Purchase invoice PI-2023-00654,1072,1071,POSTED
JE-2023-01114,2023-06-30,2023-06-30,2023-06,FY2024,3,AP,Purchase invoice PI-2023-00655,1072,1071,POSTED
JE-2023-01115,2023-07-21,2023-07-24,2023-07,FY2024,4,AP,Purchase invoice PI-2023-00656,1072,1071,POSTED
JE-2023-01116,2023-07-07,2023-07-07,2023-07,FY2024,4,AP,Purchase invoice PI-2023-00657,1072,1071,POSTED
JE-2023-01117,2023-07-06,2023-07-07,2023-07,FY2024,4,AP,Purchase invoice PI-2023-00658,1072,1071,POSTED
JE-2023-01118,2023-07-07,2023-07-07,2023-07,FY2024,4,AP,Purchase invoice PI-2023-00659,1072,1071,POSTED
JE-2023-01119,2023-07-28,2023-07-28,2023-07,FY2024,4,AP,Purchase invoice PI-2023-00660,1072,1071,POSTED
JE-2023-01120,2023-07-31,2023-08-02,2023-07,FY2024,4,AP,Purchase invoice PI-2023-00661,1072,1071,POSTED
JE-2023-01121,2023-07-21,2023-07-21,2023-07,FY2024,4,AP,Purchase invoice PI-2023-00662,1072,1071,POSTED
JE-2023-01122,2023-07-18,2023-07-19,2023-07,FY2024,4,AP,Purchase invoice PI-2023-00663,1072,1071,POSTED
JE-2023-01123,2023-07-14,2023-07-14,2023-07,FY2024,4,AP,Purchase invoice PI-2023-00664,1072,1071,POSTED
JE-2023-01124,2023-07-10,2023-07-13,2023-07,FY2024,4,AP,Purchase invoice PI-2023-00665,1072,1071,POSTED
JE-2023-01125,2023-07-24,2023-07-26,2023-07,FY2024,4,AP,Purchase invoice PI-2023-00666,1072,1071,POSTED
JE-2023-01126,2023-07-07,2023-07-10,2023-07,FY2024,4,AP,Purchase invoice PI-2023-00667,1072,1071,POSTED
JE-2023-01127,2023-07-07,2023-07-10,2023-07,FY2024,4,AP,Purchase invoice PI-2023-00668,1072,1071,POSTED
JE-2023-01128,2023-07-31,2023-08-02,2023-07,FY2024,4,AP,Purchase invoice PI-2023-00669,1072,1071,POSTED
JE-2023-01129,2023-07-03,2023-07-05,2023-07,FY2024,4,AP,Purchase invoice PI-2023-00670,1072,1071,POSTED
JE-2023-01130,2023-07-07,2023-07-07,2023-07,FY2024,4,AP,Purchase invoice PI-2023-00671,1072,1071,POSTED
JE-2023-01131,2023-07-13,2023-07-14,2023-07,FY2024,4,CASH,Customer receipt SI-2023-00709,1072,1071,POSTED
JE-2023-01132,2023-06-16,2023-06-16,2023-06,FY2024,3,CASH,Customer receipt SI-2023-00717,1072,1071,POSTED
JE-2023-01133,2023-07-05,2023-07-07,2023-07,FY2024,4,CASH,Customer receipt SI-2023-00747,1072,1071,POSTED
JE-2023-01134,2023-06-19,2023-06-21,2023-06,FY2024,3,CASH,Customer receipt SI-2023-00763,1072,1071,POSTED
JE-2023-01135,2023-07-19,2023-07-20,2023-07,FY2024,4,CASH,Customer receipt SI-2023-00770,1072,1071,POSTED
JE-2023-01136,2023-06-14,2023-06-14,2023-06,FY2024,3,CASH,Customer receipt SI-2023-00776,1072,1071,POSTED
JE-2023-01137,2023-07-06,2023-07-07,2023-07,FY2024,4,CASH,Customer receipt SI-2023-00777,1072,1071,POSTED
JE-2023-01138,2023-07-07,2023-07-07,2023-07,FY2024,4,CASH,Customer receipt SI-2023-00779,1072,1071,POSTED
JE-2023-01139,2023-07-17,2023-07-19,2023-07,FY2024,4,CASH,Customer receipt SI-2023-00780,1072,1071,POSTED
JE-2023-01140,2023-07-19,2023-07-20,2023-07,FY2024,4,CASH,Customer receipt SI-2023-00783,1072,1071,POSTED
JE-2023-01141,2023-06-16,2023-06-19,2023-06,FY2024,3,CASH,Customer receipt SI-2023-00785,1072,1071,POSTED
JE-2023-01142,2023-07-31,2023-08-02,2023-07,FY2024,4,CASH,Customer receipt SI-2023-00788,1072,1071,POSTED
JE-2023-01143,2023-07-14,2023-07-14,2023-07,FY2024,4,CASH,Customer receipt SI-2023-00801,1072,1071,POSTED
JE-2023-01144,2023-07-28,2023-07-31,2023-07,FY2024,4,CASH,Customer receipt SI-2023-00804,1072,1071,POSTED
JE-2023-01145,2023-07-14,2023-07-17,2023-07,FY2024,4,CASH,Customer receipt SI-2023-00808,1072,1071,POSTED
JE-2023-01146,2023-07-07,2023-07-07,2023-07,FY2024,4,CASH,Customer receipt SI-2023-00809,1072,1071,POSTED
JE-2023-01147,2023-06-26,2023-06-29,2023-06,FY2024,3,CASH,Customer receipt SI-2023-00815,1072,1071,POSTED
JE-2023-01148,2023-06-20,2023-06-22,2023-06,FY2024,3,CASH,Customer receipt SI-2023-00816,1072,1071,POSTED
JE-2023-01149,2023-07-28,2023-07-28,2023-07,FY2024,4,CASH,Customer receipt SI-2023-00818,1072,1071,POSTED
JE-2023-01150,2023-06-06,2023-06-09,2023-06,FY2024,3,CASH,Customer receipt SI-2023-00819,1072,1071,POSTED
JE-2023-01151,2023-06-23,2023-06-26,2023-06,FY2024,3,CASH,Customer receipt SI-2023-00821,1072,1071,POSTED
JE-2023-01152,2023-06-16,2023-06-16,2023-06,FY2024,3,CASH,Customer receipt SI-2023-00823,1072,1071,POSTED
JE-2023-01153,2023-06-22,2023-06-23,2023-06,FY2024,3,CASH,Customer receipt SI-2023-00824,1072,1071,POSTED
JE-2023-01154,2023-06-06,2023-06-07,2023-06,FY2024,3,CASH,Customer receipt SI-2023-00825,1072,1071,POSTED
JE-2023-01155,2023-06-13,2023-06-16,2023-06,FY2024,3,CASH,Customer receipt SI-2023-00828,1072,1071,POSTED
JE-2023-01156,2023-07-28,2023-07-28,2023-07,FY2024,4,CASH,Customer receipt SI-2023-00829,1072,1071,POSTED
JE-2023-01157,2023-07-14,2023-07-17,2023-07,FY2024,4,CASH,Customer receipt SI-2023-00832,1072,1071,POSTED
JE-2023-01158,2023-07-10,2023-07-10,2023-07,FY2024,4,CASH,Customer receipt SI-2023-00837,1072,1071,POSTED
JE-2023-01159,2023-07-20,2023-07-21,2023-07,FY2024,4,CASH,Customer receipt SI-2023-00838,1072,1071,POSTED
JE-2023-01160,2023-07-13,2023-07-14,2023-07,FY2024,4,CASH,Customer receipt SI-2023-00839,1072,1071,POSTED
JE-2023-01161,2023-07-28,2023-07-28,2023-07,FY2024,4,CASH,Customer receipt SI-2023-00841,1072,1071,POSTED
JE-2023-01162,2023-06-22,2023-06-22,2023-06,FY2024,3,CASH,Customer receipt SI-2023-00845,1072,1071,POSTED
JE-2023-01163,2023-06-06,2023-06-07,2023-06,FY2024,3,CASH,Customer receipt SI-2023-00846,1072,1071,POSTED
JE-2023-01164,2023-07-19,2023-07-20,2023-07,FY2024,4,CASH,Customer receipt SI-2023-00847,1072,1071,POSTED
JE-2023-01165,2023-07-10,2023-07-11,2023-07,FY2024,4,CASH,Customer receipt SI-2023-00854,1072,1071,POSTED
JE-2023-01166,2023-07-27,2023-07-28,2023-07,FY2024,4,CASH,Customer receipt SI-2023-00857,1072,1071,POSTED
JE-2023-01167,2023-07-25,2023-07-27,2023-07,FY2024,4,CASH,Customer receipt SI-2023-00859,1072,1071,POSTED
JE-2023-01168,2023-07-14,2023-07-14,2023-07,FY2024,4,CASH,Customer receipt SI-2023-00861,1072,1071,POSTED
JE-2023-01169,2023-07-14,2023-07-14,2023-07,FY2024,4,CASH,Customer receipt SI-2023-00865,1072,1071,POSTED
JE-2023-01170,2023-07-11,2023-07-13,2023-07,FY2024,4,CASH,Customer receipt SI-2023-00870,1072,1071,POSTED
JE-2023-01171,2023-07-14,2023-07-14,2023-07,FY2024,4,CASH,Customer receipt SI-2023-00872,1072,1071,POSTED
JE-2023-01172,2023-07-11,2023-07-11,2023-07,FY2024,4,CASH,Customer receipt SI-2023-00873,1072,1071,POSTED
JE-2023-01173,2023-07-21,2023-07-21,2023-07,FY2024,4,CASH,Customer receipt SI-2023-00876,1072,1071,POSTED
JE-2023-01174,2023-07-14,2023-07-14,2023-07,FY2024,4,CASH,Customer receipt SI-2023-00877,1072,1071,POSTED
JE-2023-01175,2023-07-10,2023-07-12,2023-07,FY2024,4,CASH,Customer receipt SI-2023-00879,1072,1071,POSTED
JE-2023-01176,2023-07-28,2023-07-31,2023-07,FY2024,4,CASH,Customer receipt SI-2023-00883,1072,1071,POSTED
JE-2023-01177,2023-07-31,2023-08-01,2023-07,FY2024,4,CASH,Customer receipt SI-2023-00886,1072,1071,POSTED
JE-2023-01178,2023-07-18,2023-07-21,2023-07,FY2024,4,CASH,Customer receipt SI-2023-00887,1072,1071,POSTED
JE-2023-01179,2023-07-21,2023-07-24,2023-07,FY2024,4,CASH,Customer receipt SI-2023-00888,1072,1071,POSTED
JE-2023-01180,2023-07-26,2023-07-26,2023-07,FY2024,4,CASH,Customer receipt SI-2023-00889,1072,1071,POSTED
JE-2023-01181,2023-07-31,2023-07-31,2023-07,FY2024,4,CASH,Customer receipt SI-2023-00895,1072,1071,POSTED
JE-2023-01182,2023-07-20,2023-07-20,2023-07,FY2024,4,CASH,Customer receipt SI-2023-00896,1072,1071,POSTED
JE-2023-01183,2023-06-29,2023-06-30,2023-06,FY2024,3,CASH,Customer receipt SI-2023-00898,1072,1071,POSTED
JE-2023-01184,2023-07-31,2023-08-03,2023-07,FY2024,4,CASH,Customer receipt SI-2023-00900,1072,1071,POSTED
JE-2023-01185,2023-07-19,2023-07-21,2023-07,FY2024,4,CASH,Customer receipt SI-2023-00944,1072,1071,POSTED
JE-2023-01186,2023-06-20,2023-06-23,2023-06,FY2024,3,CASH,Supplier payment PI-2023-00523,1072,1071,POSTED
JE-2023-01187,2023-06-23,2023-06-26,2023-06,FY2024,3,CASH,Supplier payment PI-2023-00529,1072,1071,POSTED
JE-2023-01188,2023-07-17,2023-07-20,2023-07,FY2024,4,CASH,Supplier payment PI-2023-00560,1072,1071,POSTED
JE-2023-01189,2023-07-25,2023-07-27,2023-07,FY2024,4,CASH,Supplier payment PI-2023-00561,1072,1071,POSTED
JE-2023-01190,2023-07-24,2023-07-27,2023-07,FY2024,4,CASH,Supplier payment PI-2023-00564,1072,1071,POSTED
JE-2023-01191,2023-07-21,2023-07-21,2023-07,FY2024,4,CASH,Supplier payment PI-2023-00570,1072,1071,POSTED
JE-2023-01192,2023-06-22,2023-06-23,2023-06,FY2024,3,CASH,Supplier payment PI-2023-00572,1072,1071,POSTED
JE-2023-01193,2023-07-25,2023-07-27,2023-07,FY2024,4,CASH,Supplier payment PI-2023-00575,1072,1071,POSTED
JE-2023-01194,2023-06-20,2023-06-23,2023-06,FY2024,3,CASH,Supplier payment PI-2023-00579,1072,1071,POSTED
JE-2023-01195,2023-07-12,2023-07-14,2023-07,FY2024,4,CASH,Supplier payment PI-2023-00588,1072,1071,POSTED
JE-2023-01196,2023-07-25,2023-07-28,2023-07,FY2024,4,CASH,Supplier payment PI-2023-00592,1072,1071,POSTED
JE-2023-01197,2023-07-26,2023-07-27,2023-07,FY2024,4,CASH,Supplier payment PI-2023-00596,1072,1071,POSTED
JE-2023-01198,2023-07-13,2023-07-13,2023-07,FY2024,4,CASH,Supplier payment PI-2023-00597,1072,1071,POSTED
JE-2023-01199,2023-07-05,2023-07-06,2023-07,FY2024,4,CASH,Supplier payment PI-2023-00599,1072,1071,POSTED
JE-2023-01200,2023-07-25,2023-07-27,2023-07,FY2024,4,CASH,Supplier payment PI-2023-00601,1072,1071,POSTED
JE-2023-01201,2023-07-07,2023-07-10,2023-07,FY2024,4,CASH,Supplier payment PI-2023-00602,1072,1071,POSTED
JE-2023-01202,2023-07-14,2023-07-14,2023-07,FY2024,4,CASH,Supplier payment PI-2023-00604,1072,1071,POSTED
JE-2023-01203,2023-07-07,2023-07-07,2023-07,FY2024,4,CASH,Supplier payment PI-2023-00605,1072,1071,POSTED
JE-2023-01204,2023-06-30,2023-06-30,2023-06,FY2024,3,CASH,Supplier payment PI-2023-00606,1072,1071,POSTED
JE-2023-01205,2023-07-20,2023-07-20,2023-07,FY2024,4,CASH,Supplier payment PI-2023-00607,1072,1071,POSTED
JE-2023-01206,2023-07-05,2023-07-07,2023-07,FY2024,4,CASH,Supplier payment PI-2023-00610,1072,1071,POSTED
JE-2023-01207,2023-07-28,2023-07-28,2023-07,FY2024,4,CASH,Supplier payment PI-2023-00613,1072,1071,POSTED
JE-2023-01208,2023-07-05,2023-07-07,2023-07,FY2024,4,CASH,Supplier payment PI-2023-00614,1072,1071,POSTED
JE-2023-01209,2023-06-28,2023-06-30,2023-06,FY2024,3,CASH,Supplier payment PI-2023-00616,1072,1071,POSTED
JE-2023-01210,2023-07-24,2023-07-26,2023-07,FY2024,4,CASH,Supplier payment PI-2023-00617,1072,1071,POSTED
JE-2023-01211,2023-07-21,2023-07-24,2023-07,FY2024,4,CASH,Supplier payment PI-2023-00618,1072,1071,POSTED
JE-2023-01212,2023-07-26,2023-07-28,2023-07,FY2024,4,CASH,Supplier payment PI-2023-00620,1072,1071,POSTED
JE-2023-01213,2023-07-03,2023-07-04,2023-07,FY2024,4,CASH,Supplier payment PI-2023-00621,1072,1071,POSTED
JE-2023-01214,2023-07-28,2023-07-28,2023-07,FY2024,4,CASH,Supplier payment PI-2023-00623,1072,1071,POSTED
JE-2023-01215,2023-07-21,2023-07-21,2023-07,FY2024,4,CASH,Supplier payment PI-2023-00624,1072,1071,POSTED
JE-2023-01216,2023-07-13,2023-07-14,2023-07,FY2024,4,CASH,Supplier payment PI-2023-00626,1072,1071,POSTED
JE-2023-01217,2023-07-20,2023-07-21,2023-07,FY2024,4,CASH,Supplier payment PI-2023-00627,1072,1071,POSTED
JE-2023-01218,2023-06-30,2023-06-30,2023-06,FY2024,3,CASH,Supplier payment PI-2023-00628,1072,1071,POSTED
JE-2023-01219,2023-07-28,2023-07-31,2023-07,FY2024,4,CASH,Supplier payment PI-2023-00630,1072,1071,POSTED
JE-2023-01220,2023-07-20,2023-07-21,2023-07,FY2024,4,CASH,Supplier payment PI-2023-00637,1072,1071,POSTED
JE-2023-01221,2023-07-25,2023-07-28,2023-07,FY2024,4,CASH,Supplier payment PI-2023-00648,1072,1071,POSTED
JE-2023-01222,2023-07-19,2023-07-20,2023-07,FY2024,4,CASH,Supplier payment PI-2023-00657,1072,1071,POSTED
JE-2023-01223,2023-07-28,2023-07-31,2023-07,FY2024,4,PAYROLL,Payroll July 2023,1072,1071,POSTED
JE-2023-01224,2023-07-31,2023-08-02,2023-07,FY2024,4,GENERAL,Depreciation Jul 2023,1072,1071,POSTED
JE-2023-01225,2023-07-31,2023-08-02,2023-07,FY2024,4,GENERAL,Bank charges and interest Jul 2023,1072,1071,POSTED
JE-2023-01226,2023-07-07,2023-07-07,2023-07,FY2024,4,GENERAL,VAT return payment,1072,1071,POSTED
JE-2023-01227,2023-08-08,2023-08-11,2023-08,FY2024,5,AR,Sales invoice SI-2023-00949,1072,1071,POSTED
JE-2023-01228,2023-08-23,2023-08-25,2023-08,FY2024,5,AR,Sales invoice SI-2023-00950,1072,1071,POSTED
JE-2023-01229,2023-08-25,2023-08-25,2023-08,FY2024,5,AR,Sales invoice SI-2023-00951,1072,1071,POSTED
JE-2023-01230,2023-08-11,2023-08-11,2023-08,FY2024,5,AR,Sales invoice SI-2023-00952,1072,1071,POSTED
JE-2023-01231,2023-08-03,2023-08-04,2023-08,FY2024,5,AR,Sales invoice SI-2023-00953,1072,1071,POSTED
JE-2023-01232,2023-08-15,2023-08-18,2023-08,FY2024,5,AR,Sales invoice SI-2023-00954,1072,1071,POSTED
JE-2023-01233,2023-08-29,2023-09-01,2023-08,FY2024,5,AR,Sales invoice SI-2023-00955,1072,1071,POSTED
JE-2023-01234,2023-08-28,2023-08-29,2023-08,FY2024,5,AR,Sales invoice SI-2023-00956,1072,1071,POSTED
JE-2023-01235,2023-08-18,2023-08-18,2023-08,FY2024,5,AR,Sales invoice SI-2023-00957,1072,1071,POSTED
JE-2023-01236,2023-08-24,2023-08-24,2023-08,FY2024,5,AR,Sales invoice SI-2023-00958,1072,1071,POSTED
JE-2023-01237,2023-08-11,2023-08-11,2023-08,FY2024,5,AR,Sales invoice SI-2023-00959,1072,1071,POSTED
JE-2023-01238,2023-08-25,2023-08-25,2023-08,FY2024,5,AR,Sales invoice SI-2023-00960,1072,1071,POSTED
JE-2023-01239,2023-08-04,2023-08-04,2023-08,FY2024,5,AR,Sales invoice SI-2023-00961,1072,1071,POSTED
JE-2023-01240,2023-08-25,2023-08-25,2023-08,FY2024,5,AR,Sales invoice SI-2023-00962,1072,1071,POSTED
JE-2023-01241,2023-08-09,2023-08-11,2023-08,FY2024,5,AR,Sales invoice SI-2023-00963,1072,1071,POSTED
JE-2023-01242,2023-08-07,2023-08-08,2023-08,FY2024,5,AR,Sales invoice SI-2023-00964,1072,1071,POSTED
JE-2023-01243,2023-08-30,2023-08-30,2023-08,FY2024,5,AR,Sales invoice SI-2023-00965,1072,1071,POSTED
JE-2023-01244,2023-08-25,2023-08-25,2023-08,FY2024,5,AR,Sales invoice SI-2023-00966,1072,1071,POSTED
JE-2023-01245,2023-08-02,2023-08-02,2023-08,FY2024,5,AR,Sales invoice SI-2023-00967,1072,1071,POSTED
JE-2023-01246,2023-08-18,2023-08-21,2023-08,FY2024,5,AR,Sales invoice SI-2023-00968,1072,1071,POSTED
JE-2023-01247,2023-08-04,2023-08-04,2023-08,FY2024,5,AR,Sales invoice SI-2023-00969,1072,1071,POSTED
JE-2023-01248,2023-08-11,2023-08-11,2023-08,FY2024,5,AR,Sales invoice SI-2023-00970,1072,1071,POSTED
JE-2023-01249,2023-08-11,2023-08-14,2023-08,FY2024,5,AR,Sales invoice SI-2023-00971,1072,1071,POSTED
JE-2023-01250,2023-08-02,2023-08-02,2023-08,FY2024,5,AR,Sales invoice SI-2023-00972,1072,1071,POSTED
JE-2023-01251,2023-08-24,2023-08-25,2023-08,FY2024,5,AR,Sales invoice SI-2023-00973,1072,1071,POSTED
JE-2023-01252,2023-08-01,2023-08-02,2023-08,FY2024,5,AR,Sales invoice SI-2023-00974,1072,1071,POSTED
JE-2023-01253,2023-08-31,2023-08-31,2023-08,FY2024,5,AR,Sales invoice SI-2023-00975,1072,1071,POSTED
JE-2023-01254,2023-08-11,2023-08-11,2023-08,FY2024,5,AR,Sales invoice SI-2023-00976,1072,1071,POSTED
JE-2023-01255,2023-08-04,2023-08-04,2023-08,FY2024,5,AR,Sales invoice SI-2023-00977,1072,1071,POSTED
JE-2023-01256,2023-08-25,2023-08-28,2023-08,FY2024,5,AR,Sales invoice SI-2023-00978,1072,1071,POSTED
JE-2023-01257,2023-08-04,2023-08-07,2023-08,FY2024,5,AR,Sales invoice SI-2023-00979,1072,1071,POSTED
JE-2023-01258,2023-08-22,2023-08-23,2023-08,FY2024,5,AR,Sales invoice SI-2023-00980,1072,1071,POSTED
JE-2023-01259,2023-08-22,2023-08-25,2023-08,FY2024,5,AR,Sales invoice SI-2023-00981,1072,1071,POSTED
JE-2023-01260,2023-08-08,2023-08-10,2023-08,FY2024,5,AR,Sales invoice SI-2023-00982,1072,1071,POSTED
JE-2023-01261,2023-08-04,2023-08-04,2023-08,FY2024,5,AR,Sales invoice SI-2023-00983,1072,1071,POSTED
JE-2023-01262,2023-08-03,2023-08-03,2023-08,FY2024,5,AR,Sales invoice SI-2023-00984,1072,1071,POSTED
JE-2023-01263,2023-08-24,2023-08-24,2023-08,FY2024,5,AR,Sales invoice SI-2023-00985,1072,1071,POSTED
JE-2023-01264,2023-08-04,2023-08-04,2023-08,FY2024,5,AR,Sales invoice SI-2023-00986,1072,1071,POSTED
JE-2023-01265,2023-08-17,2023-08-18,2023-08,FY2024,5,AR,Sales invoice SI-2023-00987,1072,1071,POSTED
JE-2023-01266,2023-08-03,2023-08-04,2023-08,FY2024,5,AR,Sales invoice SI-2023-00988,1072,1071,POSTED
JE-2023-01267,2023-08-24,2023-08-25,2023-08,FY2024,5,AR,Sales invoice SI-2023-00989,1072,1071,POSTED
JE-2023-01268,2023-08-11,2023-08-11,2023-08,FY2024,5,AP,Purchase invoice PI-2023-00672,1072,1071,POSTED
JE-2023-01269,2023-08-28,2023-08-29,2023-08,FY2024,5,AP,Purchase invoice PI-2023-00673,1072,1071,POSTED
JE-2023-01270,2023-08-04,2023-08-04,2023-08,FY2024,5,AP,Purchase invoice PI-2023-00674,1072,1071,POSTED
JE-2023-01271,2023-08-14,2023-08-16,2023-08,FY2024,5,AP,Purchase invoice PI-2023-00675,1072,1071,POSTED
JE-2023-01272,2023-08-28,2023-08-28,2023-08,FY2024,5,AP,Purchase invoice PI-2023-00676,1072,1071,POSTED
JE-2023-01273,2023-08-03,2023-08-04,2023-08,FY2024,5,AP,Purchase invoice PI-2023-00677,1072,1071,POSTED
JE-2023-01274,2023-08-04,2023-08-07,2023-08,FY2024,5,AP,Purchase invoice PI-2023-00678,1072,1071,POSTED
JE-2023-01275,2023-08-07,2023-08-10,2023-08,FY2024,5,AP,Purchase invoice PI-2023-00679,1072,1071,POSTED
JE-2023-01276,2023-08-04,2023-08-07,2023-08,FY2024,5,AP,Purchase invoice PI-2023-00680,1072,1071,POSTED
JE-2023-01277,2023-08-11,2023-08-11,2023-08,FY2024,5,AP,Purchase invoice PI-2023-00681,1072,1071,POSTED
JE-2023-01278,2023-08-16,2023-08-18,2023-08,FY2024,5,AP,Purchase invoice PI-2023-00682,1072,1071,POSTED
JE-2023-01279,2023-08-29,2023-08-31,2023-08,FY2024,5,AP,Purchase invoice PI-2023-00683,1072,1071,POSTED
JE-2023-01280,2023-08-25,2023-08-28,2023-08,FY2024,5,AP,Purchase invoice PI-2023-00684,1072,1071,POSTED
JE-2023-01281,2023-08-24,2023-08-25,2023-08,FY2024,5,AP,Purchase invoice PI-2023-00685,1072,1071,POSTED
JE-2023-01282,2023-08-11,2023-08-11,2023-08,FY2024,5,AP,Purchase invoice PI-2023-00686,1072,1071,POSTED
JE-2023-01283,2023-08-04,2023-08-04,2023-08,FY2024,5,AP,Purchase invoice PI-2023-00687,1072,1071,POSTED
JE-2023-01284,2023-08-30,2023-09-01,2023-08,FY2024,5,AP,Purchase invoice PI-2023-00688,1072,1071,POSTED
JE-2023-01285,2023-08-25,2023-08-25,2023-08,FY2024,5,AP,Purchase invoice PI-2023-00689,1072,1071,POSTED
JE-2023-01286,2023-08-25,2023-08-28,2023-08,FY2024,5,AP,Purchase invoice PI-2023-00690,1072,1071,POSTED
JE-2023-01287,2023-08-14,2023-08-15,2023-08,FY2024,5,AP,Purchase invoice PI-2023-00691,1072,1071,POSTED
JE-2023-01288,2023-08-18,2023-08-18,2023-08,FY2024,5,AP,Purchase invoice PI-2023-00692,1072,1071,POSTED
JE-2023-01289,2023-08-25,2023-08-25,2023-08,FY2024,5,AP,Purchase invoice PI-2023-00693,1072,1071,POSTED
JE-2023-01290,2023-08-08,2023-08-09,2023-08,FY2024,5,AP,Purchase invoice PI-2023-00694,1072,1071,POSTED
JE-2023-01291,2023-08-10,2023-08-10,2023-08,FY2024,5,AP,Purchase invoice PI-2023-00695,1072,1071,POSTED
JE-2023-01292,2023-08-11,2023-08-11,2023-08,FY2024,5,AP,Purchase invoice PI-2023-00696,1072,1071,POSTED
JE-2023-01293,2023-08-25,2023-08-25,2023-08,FY2024,5,AP,Purchase invoice PI-2023-00697,1072,1071,POSTED
JE-2023-01294,2023-08-08,2023-08-09,2023-08,FY2024,5,AP,Purchase invoice PI-2023-00698,1072,1071,POSTED
JE-2023-01295,2023-08-30,2023-09-01,2023-08,FY2024,5,AP,Purchase invoice PI-2023-00699,1072,1071,POSTED
JE-2023-01296,2023-08-18,2023-08-18,2023-08,FY2024,5,AP,Purchase invoice PI-2023-00700,1072,1071,POSTED
JE-2023-01297,2023-08-11,2023-08-11,2023-08,FY2024,5,AP,Purchase invoice PI-2023-00701,1072,1071,POSTED
JE-2023-01298,2023-08-29,2023-08-30,2023-08,FY2024,5,AP,Purchase invoice PI-2023-00702,1072,1071,POSTED
JE-2023-01299,2023-08-17,2023-08-17,2023-08,FY2024,5,AP,Purchase invoice PI-2023-00703,1072,1071,POSTED
JE-2023-01300,2023-08-01,2023-08-04,2023-08,FY2024,5,AP,Purchase invoice PI-2023-00704,1072,1071,POSTED
JE-2023-01301,2023-08-29,2023-09-01,2023-08,FY2024,5,AP,Purchase invoice PI-2023-00705,1072,1071,POSTED
JE-2023-01302,2023-08-11,2023-08-11,2023-08,FY2024,5,AP,Purchase invoice PI-2023-00706,1072,1071,POSTED
JE-2023-01303,2023-08-11,2023-08-11,2023-08,FY2024,5,AP,Purchase invoice PI-2023-00707,1072,1071,POSTED
JE-2023-01304,2023-08-11,2023-08-11,2023-08,FY2024,5,AP,Purchase invoice PI-2023-00708,1072,1071,POSTED
JE-2023-01305,2023-08-25,2023-08-25,2023-08,FY2024,5,AP,Purchase invoice PI-2023-00709,1072,1071,POSTED
JE-2023-01306,2023-06-28,2023-06-29,2023-06,FY2024,3,CASH,Customer receipt SI-2023-00738,1072,1071,POSTED
JE-2023-01307,2023-08-11,2023-08-14,2023-08,FY2024,5,CASH,Customer receipt SI-2023-00752,1072,1071,POSTED
JE-2023-01308,2023-08-08,2023-08-08,2023-08,FY2024,5,CASH,Customer receipt SI-2023-00757,1072,1071,POSTED
JE-2023-01309,2023-08-08,2023-08-09,2023-08,FY2024,5,CASH,Customer receipt SI-2023-00767,1072,1071,POSTED
JE-2023-01310,2023-08-31,2023-09-01,2023-08,FY2024,5,CASH,Customer receipt SI-2023-00768,1072,1071,POSTED
JE-2023-01311,2023-08-28,2023-08-28,2023-08,FY2024,5,CASH,Customer receipt SI-2023-00773,1072,1071,POSTED
JE-2023-01312,2023-07-28,2023-07-28,2023-07,FY2024,4,CASH,Customer receipt SI-2023-00781,1072,1071,POSTED
JE-2023-01313,2023-07-10,2023-07-11,2023-07,FY2024,4,CASH,Customer receipt SI-2023-00792,1072,1071,POSTED
JE-2023-01314,2023-08-28,2023-08-29,2023-08,FY2024,5,CASH,Customer receipt SI-2023-00798,1072,1071,POSTED
JE-2023-01315,2023-08-09,2023-08-09,2023-08,FY2024,5,CASH,Customer receipt SI-2023-00802,1072,1071,POSTED
JE-2023-01316,2023-07-21,2023-07-24,2023-07,FY2024,4,CASH,Customer receipt SI-2023-00803,1072,1071,POSTED
JE-2023-01317,2023-07-27,2023-07-28,2023-07,FY2024,4,CASH,Customer receipt SI-2023-00812,1072,1071,POSTED
JE-2023-01318,2023-08-25,2023-08-25,2023-08,FY2024,5,CASH,Customer receipt SI-2023-00813,1072,1071,POSTED
JE-2023-01319,2023-06-09,2023-06-12,2023-06,FY2024,3,CASH,Customer receipt SI-2023-00831,1072,1071,POSTED
JE-2023-01320,2023-08-10,2023-08-11,2023-08,FY2024,5,CASH,Customer receipt SI-2023-00836,1072,1071,POSTED
JE-2023-01321,2023-06-30,2023-06-30,2023-06,FY2024,3,CASH,Customer receipt SI-2023-00842,1072,1071,POSTED
JE-2023-01322,2023-07-06,2023-07-07,2023-07,FY2024,4,CASH,Customer receipt SI-2023-00848,1072,1071,POSTED
JE-2023-01323,2023-08-04,2023-08-07,2023-08,FY2024,5,CASH,Customer receipt SI-2023-00850,1072,1071,POSTED
JE-2023-01324,2023-08-14,2023-08-15,2023-08,FY2024,5,CASH,Customer receipt SI-2023-00851,1072,1071,POSTED
JE-2023-01325,2023-08-25,2023-08-28,2023-08,FY2024,5,CASH,Customer receipt SI-2023-00852,1072,1071,POSTED
JE-2023-01326,2023-08-08,2023-08-09,2023-08,FY2024,5,CASH,Customer receipt SI-2023-00858,1072,1071,POSTED
JE-2023-01327,2023-07-27,2023-07-28,2023-07,FY2024,4,CASH,Customer receipt SI-2023-00862,1072,1071,POSTED
JE-2023-01328,2023-08-02,2023-08-04,2023-08,FY2024,5,CASH,Customer receipt SI-2023-00866,1072,1071,POSTED
JE-2023-01329,2023-08-10,2023-08-11,2023-08,FY2024,5,CASH,Customer receipt SI-2023-00867,1072,1071,POSTED
JE-2023-01330,2023-07-28,2023-07-28,2023-07,FY2024,4,CASH,Customer receipt SI-2023-00868,1072,1071,POSTED
JE-2023-01331,2023-08-11,2023-08-11,2023-08,FY2024,5,CASH,Customer receipt SI-2023-00869,1072,1071,POSTED
JE-2023-01332,2023-08-30,2023-08-31,2023-08,FY2024,5,CASH,Customer receipt SI-2023-00874,1072,1071,POSTED
JE-2023-01333,2023-07-26,2023-07-27,2023-07,FY2024,4,CASH,Customer receipt SI-2023-00875,1072,1071,POSTED
JE-2023-01334,2023-08-18,2023-08-18,2023-08,FY2024,5,CASH,Customer receipt SI-2023-00878,1072,1071,POSTED
JE-2023-01335,2023-08-04,2023-08-04,2023-08,FY2024,5,CASH,Customer receipt SI-2023-00881,1072,1071,POSTED
JE-2023-01336,2023-08-11,2023-08-11,2023-08,FY2024,5,CASH,Customer receipt SI-2023-00884,1072,1071,POSTED
JE-2023-01337,2023-08-01,2023-08-04,2023-08,FY2024,5,CASH,Customer receipt SI-2023-00890,1072,1071,POSTED
JE-2023-01338,2023-08-30,2023-09-01,2023-08,FY2024,5,CASH,Customer receipt SI-2023-00893,1072,1071,POSTED
JE-2023-01339,2023-07-28,2023-07-28,2023-07,FY2024,4,CASH,Customer receipt SI-2023-00897,1072,1071,POSTED
JE-2023-01340,2023-07-18,2023-07-21,2023-07,FY2024,4,CASH,Customer receipt SI-2023-00901,1072,1071,POSTED
JE-2023-01341,2023-07-28,2023-07-28,2023-07,FY2024,4,CASH,Customer receipt SI-2023-00903,1072,1071,POSTED
JE-2023-01342,2023-08-30,2023-08-31,2023-08,FY2024,5,CASH,Customer receipt SI-2023-00905,1072,1071,POSTED
JE-2023-01343,2023-08-03,2023-08-04,2023-08,FY2024,5,CASH,Customer receipt SI-2023-00906,1072,1071,POSTED
JE-2023-01344,2023-08-21,2023-08-23,2023-08,FY2024,5,CASH,Customer receipt SI-2023-00910,1072,1071,POSTED
JE-2023-01345,2023-08-16,2023-08-16,2023-08,FY2024,5,CASH,Customer receipt SI-2023-00911,1072,1071,POSTED
JE-2023-01346,2023-08-31,2023-09-01,2023-08,FY2024,5,CASH,Customer receipt SI-2023-00915,1072,1071,POSTED
JE-2023-01347,2023-08-18,2023-08-21,2023-08,FY2024,5,CASH,Customer receipt SI-2023-00916,1072,1071,POSTED
JE-2023-01348,2023-08-04,2023-08-04,2023-08,FY2024,5,CASH,Customer receipt SI-2023-00919,1072,1071,POSTED
JE-2023-01349,2023-08-04,2023-08-04,2023-08,FY2024,5,CASH,Customer receipt SI-2023-00920,1072,1071,POSTED
JE-2023-01350,2023-08-25,2023-08-25,2023-08,FY2024,5,CASH,Customer receipt SI-2023-00922,1072,1071,POSTED
JE-2023-01351,2023-08-16,2023-08-16,2023-08,FY2024,5,CASH,Customer receipt SI-2023-00927,1072,1071,POSTED
JE-2023-01352,2023-08-17,2023-08-18,2023-08,FY2024,5,CASH,Customer receipt SI-2023-00928,1072,1071,POSTED
JE-2023-01353,2023-08-25,2023-08-25,2023-08,FY2024,5,CASH,Customer receipt SI-2023-00938,1072,1071,POSTED
JE-2023-01354,2023-08-18,2023-08-21,2023-08,FY2024,5,CASH,Customer receipt SI-2023-00946,1072,1071,POSTED
JE-2023-01355,2023-08-17,2023-08-17,2023-08,FY2024,5,CASH,Customer receipt SI-2023-00947,1072,1071,POSTED
JE-2023-01356,2023-08-18,2023-08-18,2023-08,FY2024,5,CASH,Customer receipt SI-2023-00948,1072,1071,POSTED
JE-2023-01357,2023-08-30,2023-09-01,2023-08,FY2024,5,CASH,Customer receipt SI-2023-00971,1072,1071,POSTED
JE-2023-01358,2023-08-25,2023-08-25,2023-08,FY2024,5,CASH,Customer receipt SI-2023-00986,1072,1071,POSTED
JE-2023-01359,2023-06-09,2023-06-09,2023-06,FY2024,3,CASH,Supplier payment PI-2023-00574,1072,1071,POSTED
JE-2023-01360,2023-07-21,2023-07-21,2023-07,FY2024,4,CASH,Supplier payment PI-2023-00595,1072,1071,POSTED
JE-2023-01361,2023-08-15,2023-08-17,2023-08,FY2024,5,CASH,Supplier payment PI-2023-00598,1072,1071,POSTED
JE-2023-01362,2023-08-04,2023-08-04,2023-08,FY2024,5,CASH,Supplier payment PI-2023-00603,1072,1071,POSTED
JE-2023-01363,2023-08-18,2023-08-18,2023-08,FY2024,5,CASH,Supplier payment PI-2023-00609,1072,1071,POSTED
JE-2023-01364,2023-07-20,2023-07-20,2023-07,FY2024,4,CASH,Supplier payment PI-2023-00611,1072,1071,POSTED
JE-2023-01365,2023-07-31,2023-08-02,2023-07,FY2024,4,CASH,Supplier payment PI-2023-00612,1072,1071,POSTED
JE-2023-01366,2023-07-31,2023-08-02,2023-07,FY2024,4,CASH,Supplier payment PI-2023-00619,1072,1071,POSTED
JE-2023-01367,2023-08-04,2023-08-04,2023-08,FY2024,5,CASH,Supplier payment PI-2023-00625,1072,1071,POSTED
JE-2023-01368,2023-08-18,2023-08-18,2023-08,FY2024,5,CASH,Supplier payment PI-2023-00629,1072,1071,POSTED
JE-2023-01369,2023-08-18,2023-08-21,2023-08,FY2024,5,CASH,Supplier payment PI-2023-00631,1072,1071,POSTED
JE-2023-01370,2023-08-30,2023-08-31,2023-08,FY2024,5,CASH,Supplier payment PI-2023-00632,1072,1071,POSTED
JE-2023-01371,2023-08-11,2023-08-11,2023-08,FY2024,5,CASH,Supplier payment PI-2023-00635,1072,1071,POSTED
JE-2023-01372,2023-08-09,2023-08-10,2023-08,FY2024,5,CASH,Supplier payment PI-2023-00636,1072,1071,POSTED
JE-2023-01373,2023-08-01,2023-08-01,2023-08,FY2024,5,CASH,Supplier payment PI-2023-00639,1072,1071,POSTED
JE-2023-01374,2023-08-09,2023-08-11,2023-08,FY2024,5,CASH,Supplier payment PI-2023-00642,1072,1071,POSTED
JE-2023-01375,2023-08-17,2023-08-18,2023-08,FY2024,5,CASH,Supplier payment PI-2023-00644,1072,1071,POSTED
JE-2023-01376,2023-08-10,2023-08-11,2023-08,FY2024,5,CASH,Supplier payment PI-2023-00645,1072,1071,POSTED
JE-2023-01377,2023-08-25,2023-08-25,2023-08,FY2024,5,CASH,Supplier payment PI-2023-00649,1072,1071,POSTED
JE-2023-01378,2023-08-11,2023-08-11,2023-08,FY2024,5,CASH,Supplier payment PI-2023-00650,1072,1071,POSTED
JE-2023-01379,2023-08-31,2023-08-31,2023-08,FY2024,5,CASH,Supplier payment PI-2023-00651,1072,1071,POSTED
JE-2023-01380,2023-08-04,2023-08-04,2023-08,FY2024,5,CASH,Supplier payment PI-2023-00655,1072,1071,POSTED
JE-2023-01381,2023-08-18,2023-08-18,2023-08,FY2024,5,CASH,Supplier payment PI-2023-00656,1072,1071,POSTED
JE-2023-01382,2023-08-18,2023-08-18,2023-08,FY2024,5,CASH,Supplier payment PI-2023-00659,1072,1071,POSTED
JE-2023-01383,2023-08-14,2023-08-15,2023-08,FY2024,5,CASH,Supplier payment PI-2023-00660,1072,1071,POSTED
JE-2023-01384,2023-08-14,2023-08-14,2023-08,FY2024,5,CASH,Supplier payment PI-2023-00661,1072,1071,POSTED
JE-2023-01385,2023-08-16,2023-08-17,2023-08,FY2024,5,CASH,Supplier payment PI-2023-00665,1072,1071,POSTED
JE-2023-01386,2023-08-09,2023-08-11,2023-08,FY2024,5,CASH,Supplier payment PI-2023-00668,1072,1071,POSTED
JE-2023-01387,2023-07-31,2023-08-01,2023-07,FY2024,4,CASH,Supplier payment PI-2023-00670,1072,1071,POSTED
JE-2023-01388,2023-08-25,2023-08-25,2023-08,FY2024,5,CASH,Supplier payment PI-2023-00671,1072,1071,POSTED
JE-2023-01389,2023-08-23,2023-08-25,2023-08,FY2024,5,CASH,Supplier payment PI-2023-00681,1072,1071,POSTED
JE-2023-01390,2023-08-28,2023-08-30,2023-08,FY2024,5,PAYROLL,Payroll August 2023,1072,1071,POSTED
JE-2023-01391,2023-08-31,2023-09-01,2023-08,FY2024,5,GENERAL,Depreciation Aug 2023,1072,1071,POSTED
JE-2023-01392,2023-08-31,2023-09-01,2023-08,FY2024,5,GENERAL,Bank charges and interest Aug 2023,1072,1071,POSTED
JE-2023-01393,2023-09-05,2023-09-08,2023-09,FY2024,6,AR,Sales invoice SI-2023-00990,1072,1071,POSTED
JE-2023-01394,2023-09-29,2023-09-29,2023-09,FY2024,6,AR,Sales invoice SI-2023-00991,1072,1071,POSTED
JE-2023-01395,2023-09-01,2023-09-04,2023-09,FY2024,6,AR,Sales invoice SI-2023-00992,1072,1071,POSTED
JE-2023-01396,2023-09-12,2023-09-14,2023-09,FY2024,6,AR,Sales invoice SI-2023-00993,1072,1071,POSTED
JE-2023-01397,2023-09-26,2023-09-29,2023-09,FY2024,6,AR,Sales invoice SI-2023-00994,1072,1071,POSTED
JE-2023-01398,2023-09-08,2023-09-11,2023-09,FY2024,6,AR,Sales invoice SI-2023-00995,1072,1071,POSTED
JE-2023-01399,2023-09-05,2023-09-08,2023-09,FY2024,6,AR,Sales invoice SI-2023-00996,1072,1071,POSTED
JE-2023-01400,2023-09-01,2023-09-01,2023-09,FY2024,6,AR,Sales invoice SI-2023-00997,1072,1071,POSTED
JE-2023-01401,2023-09-27,2023-09-29,2023-09,FY2024,6,AR,Sales invoice SI-2023-00998,1072,1071,POSTED
JE-2023-01402,2023-09-27,2023-09-29,2023-09,FY2024,6,AR,Sales invoice SI-2023-00999,1072,1071,POSTED
JE-2023-01403,2023-09-13,2023-09-13,2023-09,FY2024,6,AR,Sales invoice SI-2023-01000,1072,1071,POSTED
JE-2023-01404,2023-09-22,2023-09-22,2023-09,FY2024,6,AR,Sales invoice SI-2023-01001,1072,1071,POSTED
JE-2023-01405,2023-09-27,2023-09-27,2023-09,FY2024,6,AR,Sales invoice SI-2023-01002,1072,1071,POSTED
JE-2023-01406,2023-09-27,2023-09-28,2023-09,FY2024,6,AR,Sales invoice SI-2023-01003,1072,1071,POSTED
JE-2023-01407,2023-09-19,2023-09-19,2023-09,FY2024,6,AR,Sales invoice SI-2023-01004,1072,1071,POSTED
JE-2023-01408,2023-09-11,2023-09-12,2023-09,FY2024,6,AR,Sales invoice SI-2023-01005,1072,1071,POSTED
JE-2023-01409,2023-09-19,2023-09-22,2023-09,FY2024,6,AR,Sales invoice SI-2023-01006,1072,1071,POSTED
JE-2023-01410,2023-09-15,2023-09-15,2023-09,FY2024,6,AR,Sales invoice SI-2023-01007,1072,1071,POSTED
JE-2023-01411,2023-09-20,2023-09-20,2023-09,FY2024,6,AR,Sales invoice SI-2023-01008,1072,1071,POSTED
JE-2023-01412,2023-09-28,2023-09-29,2023-09,FY2024,6,AR,Sales invoice SI-2023-01009,1072,1071,POSTED
JE-2023-01413,2023-09-15,2023-09-15,2023-09,FY2024,6,AR,Sales invoice SI-2023-01010,1072,1071,POSTED
JE-2023-01414,2023-09-13,2023-09-15,2023-09,FY2024,6,AR,Sales invoice SI-2023-01011,1072,1071,POSTED
JE-2023-01415,2023-09-27,2023-09-29,2023-09,FY2024,6,AR,Sales invoice SI-2023-01012,1072,1071,POSTED
JE-2023-01416,2023-09-04,2023-09-07,2023-09,FY2024,6,AR,Sales invoice SI-2023-01013,1072,1071,POSTED
JE-2023-01417,2023-09-28,2023-09-28,2023-09,FY2024,6,AR,Sales invoice SI-2023-01014,1072,1071,POSTED
JE-2023-01418,2023-09-15,2023-09-15,2023-09,FY2024,6,AR,Sales invoice SI-2023-01015,1072,1071,POSTED
JE-2023-01419,2023-09-06,2023-09-08,2023-09,FY2024,6,AR,Sales invoice SI-2023-01016,1072,1071,POSTED
JE-2023-01420,2023-09-29,2023-09-29,2023-09,FY2024,6,AR,Sales invoice SI-2023-01017,1072,1071,POSTED
JE-2023-01421,2023-09-14,2023-09-15,2023-09,FY2024,6,AR,Sales invoice SI-2023-01018,1072,1071,POSTED
JE-2023-01422,2023-09-29,2023-09-29,2023-09,FY2024,6,AR,Sales invoice SI-2023-01019,1072,1071,POSTED
JE-2023-01423,2023-09-08,2023-09-08,2023-09,FY2024,6,AR,Sales invoice SI-2023-01020,1072,1071,POSTED
JE-2023-01424,2023-09-12,2023-09-15,2023-09,FY2024,6,AR,Sales invoice SI-2023-01021,1072,1071,POSTED
JE-2023-01425,2023-09-15,2023-09-15,2023-09,FY2024,6,AR,Sales invoice SI-2023-01022,1072,1071,POSTED
JE-2023-01426,2023-09-12,2023-09-12,2023-09,FY2024,6,AR,Sales invoice SI-2023-01023,1072,1071,POSTED
JE-2023-01427,2023-09-19,2023-09-21,2023-09,FY2024,6,AR,Sales invoice SI-2023-01024,1072,1071,POSTED
JE-2023-01428,2023-09-29,2023-09-29,2023-09,FY2024,6,AR,Sales invoice SI-2023-01025,1072,1071,POSTED
JE-2023-01429,2023-09-29,2023-09-29,2023-09,FY2024,6,AR,Sales invoice SI-2023-01026,1072,1071,POSTED
JE-2023-01430,2023-09-29,2023-09-29,2023-09,FY2024,6,AR,Sales invoice SI-2023-01027,1072,1071,POSTED
JE-2023-01431,2023-09-13,2023-09-15,2023-09,FY2024,6,AR,Sales invoice SI-2023-01028,1072,1071,POSTED
JE-2023-01432,2023-09-28,2023-09-29,2023-09,FY2024,6,AR,Sales invoice SI-2023-01029,1072,1071,POSTED
JE-2023-01433,2023-09-08,2023-09-11,2023-09,FY2024,6,AR,Sales invoice SI-2023-01030,1072,1071,POSTED
JE-2023-01434,2023-09-15,2023-09-15,2023-09,FY2024,6,AR,Sales invoice SI-2023-01031,1072,1071,POSTED
JE-2023-01435,2023-09-20,2023-09-22,2023-09,FY2024,6,AR,Sales invoice SI-2023-01032,1072,1071,POSTED
JE-2023-01436,2023-09-13,2023-09-13,2023-09,FY2024,6,AR,Sales invoice SI-2023-01033,1072,1071,POSTED
JE-2023-01437,2023-09-25,2023-09-26,2023-09,FY2024,6,AR,Sales invoice SI-2023-01034,1072,1071,POSTED
JE-2023-01438,2023-09-06,2023-09-08,2023-09,FY2024,6,AR,Sales invoice SI-2023-01035,1072,1071,POSTED
JE-2023-01439,2023-09-08,2023-09-08,2023-09,FY2024,6,AR,Sales invoice SI-2023-01036,1072,1071,POSTED
JE-2023-01440,2023-09-13,2023-09-14,2023-09,FY2024,6,AR,Sales invoice SI-2023-01037,1072,1071,POSTED
JE-2023-01441,2023-09-14,2023-09-14,2023-09,FY2024,6,AR,Sales invoice SI-2023-01038,1072,1071,POSTED
JE-2023-01442,2023-09-15,2023-09-15,2023-09,FY2024,6,AR,Sales invoice SI-2023-01039,1072,1071,POSTED
JE-2023-01443,2023-09-07,2023-09-08,2023-09,FY2024,6,AR,Sales invoice SI-2023-01040,1072,1071,POSTED
JE-2023-01444,2023-09-04,2023-09-05,2023-09,FY2024,6,AR,Sales invoice SI-2023-01041,1072,1071,POSTED
JE-2023-01445,2023-09-12,2023-09-13,2023-09,FY2024,6,AR,Sales invoice SI-2023-01042,1072,1071,POSTED
JE-2023-01446,2023-09-08,2023-09-08,2023-09,FY2024,6,AR,Sales invoice SI-2023-01043,1072,1071,POSTED
JE-2023-01447,2023-09-01,2023-09-01,2023-09,FY2024,6,AR,Sales invoice SI-2023-01044,1072,1071,POSTED
JE-2023-01448,2023-09-29,2023-09-29,2023-09,FY2024,6,AR,Sales invoice SI-2023-01045,1072,1071,POSTED
JE-2023-01449,2023-09-08,2023-09-08,2023-09,FY2024,6,AP,Purchase invoice PI-2023-00710,1072,1071,POSTED
JE-2023-01450,2023-09-22,2023-09-25,2023-09,FY2024,6,AP,Purchase invoice PI-2023-00711,1072,1071,POSTED
JE-2023-01451,2023-09-22,2023-09-22,2023-09,FY2024,6,AP,Purchase invoice PI-2023-00712,1072,1071,POSTED
JE-2023-01452,2023-09-05,2023-09-07,2023-09,FY2024,6,AP,Purchase invoice PI-2023-00713,1072,1071,POSTED
JE-2023-01453,2023-09-12,2023-09-15,2023-09,FY2024,6,AP,Purchase invoice PI-2023-00714,1072,1071,POSTED
JE-2023-01454,2023-09-05,2023-09-07,2023-09,FY2024,6,AP,Purchase invoice PI-2023-00715,1072,1071,POSTED
JE-2023-01455,2023-09-22,2023-09-22,2023-09,FY2024,6,AP,Purchase invoice PI-2023-00716,1072,1071,POSTED
JE-2023-01456,2023-09-25,2023-09-28,2023-09,FY2024,6,AP,Purchase invoice PI-2023-00717,1072,1071,POSTED
JE-2023-01457,2023-09-15,2023-09-15,2023-09,FY2024,6,AP,Purchase invoice PI-2023-00718,1072,1071,POSTED
JE-2023-01458,2023-09-22,2023-09-25,2023-09,FY2024,6,AP,Purchase invoice PI-2023-00719,1072,1071,POSTED
JE-2023-01459,2023-09-28,2023-09-29,2023-09,FY2024,6,AP,Purchase invoice PI-2023-00720,1072,1071,POSTED
JE-2023-01460,2023-09-05,2023-09-07,2023-09,FY2024,6,AP,Purchase invoice PI-2023-00721,1072,1071,POSTED
JE-2023-01461,2023-09-08,2023-09-11,2023-09,FY2024,6,AP,Purchase invoice PI-2023-00722,1072,1071,POSTED
JE-2023-01462,2023-09-22,2023-09-22,2023-09,FY2024,6,AP,Purchase invoice PI-2023-00723,1072,1071,POSTED
JE-2023-01463,2023-09-20,2023-09-21,2023-09,FY2024,6,AP,Purchase invoice PI-2023-00724,1072,1071,POSTED
JE-2023-01464,2023-09-25,2023-09-27,2023-09,FY2024,6,AP,Purchase invoice PI-2023-00725,1072,1071,POSTED
JE-2023-01465,2023-09-20,2023-09-21,2023-09,FY2024,6,AP,Purchase invoice PI-2023-00726,1072,1071,POSTED
JE-2023-01466,2023-09-08,2023-09-08,2023-09,FY2024,6,AP,Purchase invoice PI-2023-00727,1072,1071,POSTED
JE-2023-01467,2023-09-27,2023-09-29,2023-09,FY2024,6,AP,Purchase invoice PI-2023-00728,1072,1071,POSTED
JE-2023-01468,2023-09-19,2023-09-20,2023-09,FY2024,6,AP,Purchase invoice PI-2023-00729,1072,1071,POSTED
JE-2023-01469,2023-09-14,2023-09-15,2023-09,FY2024,6,AP,Purchase invoice PI-2023-00730,1072,1071,POSTED
JE-2023-01470,2023-09-14,2023-09-15,2023-09,FY2024,6,AP,Purchase invoice PI-2023-00731,1072,1071,POSTED
JE-2023-01471,2023-09-05,2023-09-08,2023-09,FY2024,6,AP,Purchase invoice PI-2023-00732,1072,1071,POSTED
JE-2023-01472,2023-09-11,2023-09-12,2023-09,FY2024,6,AP,Purchase invoice PI-2023-00733,1072,1071,POSTED
JE-2023-01473,2023-09-19,2023-09-21,2023-09,FY2024,6,AP,Purchase invoice PI-2023-00734,1072,1071,POSTED
JE-2023-01474,2023-09-01,2023-09-01,2023-09,FY2024,6,AP,Purchase invoice PI-2023-00735,1072,1071,POSTED
JE-2023-01475,2023-09-08,2023-09-08,2023-09,FY2024,6,AP,Purchase invoice PI-2023-00736,1072,1071,POSTED
JE-2023-01476,2023-09-12,2023-09-14,2023-09,FY2024,6,AP,Purchase invoice PI-2023-00737,1072,1071,POSTED
JE-2023-01477,2023-09-01,2023-09-04,2023-09,FY2024,6,AP,Purchase invoice PI-2023-00738,1072,1071,POSTED
JE-2023-01478,2023-09-29,2023-09-29,2023-09,FY2024,6,AP,Purchase invoice PI-2023-00739,1072,1071,POSTED
JE-2023-01479,2023-09-22,2023-09-22,2023-09,FY2024,6,AP,Purchase invoice PI-2023-00740,1072,1071,POSTED
JE-2023-01480,2023-09-01,2023-09-01,2023-09,FY2024,6,AP,Purchase invoice PI-2023-00741,1072,1071,POSTED
JE-2023-01481,2023-09-29,2023-09-29,2023-09,FY2024,6,AP,Purchase invoice PI-2023-00742,1072,1071,POSTED
JE-2023-01482,2023-09-13,2023-09-14,2023-09,FY2024,6,AP,Purchase invoice PI-2023-00743,1072,1071,POSTED
JE-2023-01483,2023-09-15,2023-09-18,2023-09,FY2024,6,AP,Purchase invoice PI-2023-00744,1072,1071,POSTED
JE-2023-01484,2023-09-15,2023-09-15,2023-09,FY2024,6,AP,Purchase invoice PI-2023-00745,1072,1071,POSTED
JE-2023-01485,2023-09-25,2023-09-27,2023-09,FY2024,6,AP,Purchase invoice PI-2023-00746,1072,1071,POSTED
JE-2023-01486,2023-09-14,2023-09-15,2023-09,FY2024,6,AP,Purchase invoice PI-2023-00747,1072,1071,POSTED
JE-2023-01487,2023-09-22,2023-09-22,2023-09,FY2024,6,AP,Purchase invoice PI-2023-00748,1072,1071,POSTED
JE-2023-01488,2023-09-27,2023-09-28,2023-09,FY2024,6,AP,Purchase invoice PI-2023-00749,1072,1071,POSTED
JE-2023-01489,2023-09-19,2023-09-21,2023-09,FY2024,6,AP,Purchase invoice PI-2023-00750,1072,1071,POSTED
JE-2023-01490,2023-08-23,2023-08-24,2023-08,FY2024,5,CASH,Customer receipt SI-2023-00805,1072,1071,POSTED
JE-2023-01491,2023-09-07,2023-09-08,2023-09,FY2024,6,CASH,Customer receipt SI-2023-00822,1072,1071,POSTED
JE-2023-01492,2023-08-25,2023-08-28,2023-08,FY2024,5,CASH,Customer receipt SI-2023-00849,1072,1071,POSTED
JE-2023-01493,2023-09-15,2023-09-15,2023-09,FY2024,6,CASH,Customer receipt SI-2023-00853,1072,1071,POSTED
JE-2023-01494,2023-09-15,2023-09-15,2023-09,FY2024,6,CASH,Customer receipt SI-2023-00855,1072,1071,POSTED
JE-2023-01495,2023-08-22,2023-08-24,2023-08,FY2024,5,CASH,Customer receipt SI-2023-00856,1072,1071,POSTED
JE-2023-01496,2023-09-11,2023-09-11,2023-09,FY2024,6,CASH,Customer receipt SI-2023-00863,1072,1071,POSTED
JE-2023-01497,2023-09-21,2023-09-21,2023-09,FY2024,6,CASH,Customer receipt SI-2023-00882,1072,1071,POSTED
JE-2023-01498,2023-08-04,2023-08-04,2023-08,FY2024,5,CASH,Customer receipt SI-2023-00885,1072,1071,POSTED
JE-2023-01499,2023-08-01,2023-08-04,2023-08,FY2024,5,CASH,Customer receipt SI-2023-00891,1072,1071,POSTED
JE-2023-01500,2023-08-25,2023-08-25,2023-08,FY2024,5,CASH,Customer receipt SI-2023-00892,1072,1071,POSTED
JE-2023-01501,2023-09-22,2023-09-22,2023-09,FY2024,6,CASH,Customer receipt SI-2023-00894,1072,1071,POSTED
JE-2023-01502,2023-09-08,2023-09-11,2023-09,FY2024,6,CASH,Customer receipt SI-2023-00899,1072,1071,POSTED
JE-2023-01503,2023-08-25,2023-08-25,2023-08,FY2024,5,CASH,Customer receipt SI-2023-00902,1072,1071,POSTED
JE-2023-01504,2023-09-05,2023-09-05,2023-09,FY2024,6,CASH,Customer receipt SI-2023-00904,1072,1071,POSTED
JE-2023-01505,2023-09-22,2023-09-22,2023-09,FY2024,6,CASH,Customer receipt SI-2023-00908,1072,1071,POSTED
JE-2023-01506,2023-08-29,2023-08-29,2023-08,FY2024,5,CASH,Customer receipt SI-2023-00912,1072,1071,POSTED
JE-2023-01507,2023-09-08,2023-09-08,2023-09,FY2024,6,CASH,Customer receipt SI-2023-00913,1072,1071,POSTED
JE-2023-01508,2023-09-01,2023-09-01,2023-09,FY2024,6,CASH,Customer receipt SI-2023-00914,1072,1071,POSTED
JE-2023-01509,2023-08-31,2023-09-01,2023-08,FY2024,5,CASH,Customer receipt SI-2023-00918,1072,1071,POSTED
JE-2023-01510,2023-09-01,2023-09-01,2023-09,FY2024,6,CASH,Customer receipt SI-2023-00921,1072,1071,POSTED
JE-2023-01511,2023-09-21,2023-09-22,2023-09,FY2024,6,CASH,Customer receipt SI-2023-00923,1072,1071,POSTED
JE-2023-01512,2023-08-30,2023-09-01,2023-08,FY2024,5,CASH,Customer receipt SI-2023-00926,1072,1071,POSTED
JE-2023-01513,2023-09-08,2023-09-08,2023-09,FY2024,6,CASH,Customer receipt SI-2023-00930,1072,1071,POSTED
JE-2023-01514,2023-09-15,2023-09-15,2023-09,FY2024,6,CASH,Customer receipt SI-2023-00934,1072,1071,POSTED
JE-2023-01515,2023-09-08,2023-09-11,2023-09,FY2024,6,CASH,Customer receipt SI-2023-00935,1072,1071,POSTED
JE-2023-01516,2023-09-15,2023-09-15,2023-09,FY2024,6,CASH,Customer receipt SI-2023-00936,1072,1071,POSTED
JE-2023-01517,2023-09-15,2023-09-15,2023-09,FY2024,6,CASH,Customer receipt SI-2023-00939,1072,1071,POSTED
JE-2023-01518,2023-09-11,2023-09-11,2023-09,FY2024,6,CASH,Customer receipt SI-2023-00940,1072,1071,POSTED
JE-2023-01519,2023-09-21,2023-09-22,2023-09,FY2024,6,CASH,Customer receipt SI-2023-00941,1072,1071,POSTED
JE-2023-01520,2023-09-28,2023-09-28,2023-09,FY2024,6,CASH,Customer receipt SI-2023-00945,1072,1071,POSTED
JE-2023-01521,2023-08-18,2023-08-18,2023-08,FY2024,5,CASH,Customer receipt SI-2023-00949,1072,1071,POSTED
JE-2023-01522,2023-09-05,2023-09-06,2023-09,FY2024,6,CASH,Customer receipt SI-2023-00951,1072,1071,POSTED
JE-2023-01523,2023-09-14,2023-09-15,2023-09,FY2024,6,CASH,Customer receipt SI-2023-00957,1072,1071,POSTED
JE-2023-01524,2023-09-22,2023-09-25,2023-09,FY2024,6,CASH,Customer receipt SI-2023-00958,1072,1071,POSTED
JE-2023-01525,2023-08-15,2023-08-15,2023-08,FY2024,5,CASH,Customer receipt SI-2023-00961,1072,1071,POSTED
JE-2023-01526,2023-09-06,2023-09-07,2023-09,FY2024,6,CASH,Customer receipt SI-2023-00968,1072,1071,POSTED
JE-2023-01527,2023-09-05,2023-09-06,2023-09,FY2024,6,CASH,Customer receipt SI-2023-00969,1072,1071,POSTED
JE-2023-01528,2023-09-29,2023-10-02,2023-09,FY2024,6,CASH,Customer receipt SI-2023-00972,1072,1071,POSTED
JE-2023-01529,2023-09-07,2023-09-08,2023-09,FY2024,6,CASH,Customer receipt SI-2023-00973,1072,1071,POSTED
JE-2023-01530,2023-08-29,2023-08-31,2023-08,FY2024,5,CASH,Customer receipt SI-2023-00974,1072,1071,POSTED
JE-2023-01531,2023-09-29,2023-09-29,2023-09,FY2024,6,CASH,Customer receipt SI-2023-00976,1072,1071,POSTED
JE-2023-01532,2023-09-25,2023-09-25,2023-09,FY2024,6,CASH,Customer receipt SI-2023-00977,1072,1071,POSTED
JE-2023-01533,2023-09-13,2023-09-14,2023-09,FY2024,6,CASH,Customer receipt SI-2023-00978,1072,1071,POSTED
JE-2023-01534,2023-09-25,2023-09-25,2023-09,FY2024,6,CASH,Customer receipt SI-2023-00979,1072,1071,POSTED
JE-2023-01535,2023-09-08,2023-09-11,2023-09,FY2024,6,CASH,Customer receipt SI-2023-00982,1072,1071,POSTED
JE-2023-01536,2023-09-20,2023-09-20,2023-09,FY2024,6,CASH,Customer receipt SI-2023-00983,1072,1071,POSTED
JE-2023-01537,2023-08-31,2023-08-31,2023-08,FY2024,5,CASH,Customer receipt SI-2023-00987,1072,1071,POSTED
JE-2023-01538,2023-08-22,2023-08-22,2023-08,FY2024,5,CASH,Customer receipt SI-2023-00988,1072,1071,POSTED
JE-2023-01539,2023-09-12,2023-09-15,2023-09,FY2024,6,CASH,Customer receipt SI-2023-00989,1072,1071,POSTED
JE-2023-01540,2023-09-20,2023-09-20,2023-09,FY2024,6,CASH,Customer receipt SI-2023-01016,1072,1071,POSTED
JE-2023-01541,2023-09-15,2023-09-18,2023-09,FY2024,6,CASH,Customer receipt SI-2023-01044,1072,1071,POSTED
JE-2023-01542,2023-08-11,2023-08-11,2023-08,FY2024,5,CASH,Supplier payment PI-2023-00615,1072,1071,POSTED
JE-2023-01543,2023-09-01,2023-09-01,2023-09,FY2024,6,CASH,Supplier payment PI-2023-00633,1072,1071,POSTED
JE-2023-01544,2023-09-22,2023-09-22,2023-09,FY2024,6,CASH,Supplier payment PI-2023-00640,1072,1071,POSTED
JE-2023-01545,2023-09-15,2023-09-15,2023-09,FY2024,6,CASH,Supplier payment PI-2023-00641,1072,1071,POSTED
JE-2023-01546,2023-09-01,2023-09-01,2023-09,FY2024,6,CASH,Supplier payment PI-2023-00643,1072,1071,POSTED
JE-2023-01547,2023-09-05,2023-09-06,2023-09,FY2024,6,CASH,Supplier payment PI-2023-00646,1072,1071,POSTED
JE-2023-01548,2023-09-15,2023-09-15,2023-09,FY2024,6,CASH,Supplier payment PI-2023-00652,1072,1071,POSTED
JE-2023-01549,2023-09-21,2023-09-22,2023-09,FY2024,6,CASH,Supplier payment PI-2023-00653,1072,1071,POSTED
JE-2023-01550,2023-09-05,2023-09-05,2023-09,FY2024,6,CASH,Supplier payment PI-2023-00654,1072,1071,POSTED
JE-2023-01551,2023-09-04,2023-09-07,2023-09,FY2024,6,CASH,Supplier payment PI-2023-00658,1072,1071,POSTED
JE-2023-01552,2023-09-01,2023-09-04,2023-09,FY2024,6,CASH,Supplier payment PI-2023-00662,1072,1071,POSTED
JE-2023-01553,2023-09-14,2023-09-15,2023-09,FY2024,6,CASH,Supplier payment PI-2023-00663,1072,1071,POSTED
JE-2023-01554,2023-09-08,2023-09-08,2023-09,FY2024,6,CASH,Supplier payment PI-2023-00664,1072,1071,POSTED
JE-2023-01555,2023-09-07,2023-09-08,2023-09,FY2024,6,CASH,Supplier payment PI-2023-00666,1072,1071,POSTED
JE-2023-01556,2023-08-04,2023-08-04,2023-08,FY2024,5,CASH,Supplier payment PI-2023-00667,1072,1071,POSTED
JE-2023-01557,2023-09-01,2023-09-01,2023-09,FY2024,6,CASH,Supplier payment PI-2023-00669,1072,1071,POSTED
JE-2023-01558,2023-09-22,2023-09-25,2023-09,FY2024,6,CASH,Supplier payment PI-2023-00673,1072,1071,POSTED
JE-2023-01559,2023-09-22,2023-09-22,2023-09,FY2024,6,CASH,Supplier payment PI-2023-00674,1072,1071,POSTED
JE-2023-01560,2023-09-13,2023-09-15,2023-09,FY2024,6,CASH,Supplier payment PI-2023-00675,1072,1071,POSTED
JE-2023-01561,2023-09-01,2023-09-01,2023-09,FY2024,6,CASH,Supplier payment PI-2023-00677,1072,1071,POSTED
JE-2023-01562,2023-09-08,2023-09-08,2023-09,FY2024,6,CASH,Supplier payment PI-2023-00678,1072,1071,POSTED
JE-2023-01563,2023-09-04,2023-09-07,2023-09,FY2024,6,CASH,Supplier payment PI-2023-00679,1072,1071,POSTED
JE-2023-01564,2023-09-15,2023-09-15,2023-09,FY2024,6,CASH,Supplier payment PI-2023-00680,1072,1071,POSTED
JE-2023-01565,2023-09-13,2023-09-15,2023-09,FY2024,6,CASH,Supplier payment PI-2023-00682,1072,1071,POSTED
JE-2023-01566,2023-08-25,2023-08-25,2023-08,FY2024,5,CASH,Supplier payment PI-2023-00686,1072,1071,POSTED
JE-2023-01567,2023-09-22,2023-09-22,2023-09,FY2024,6,CASH,Supplier payment PI-2023-00690,1072,1071,POSTED
JE-2023-01568,2023-09-11,2023-09-14,2023-09,FY2024,6,CASH,Supplier payment PI-2023-00691,1072,1071,POSTED
JE-2023-01569,2023-08-25,2023-08-25,2023-08,FY2024,5,CASH,Supplier payment PI-2023-00694,1072,1071,POSTED
JE-2023-01570,2023-09-08,2023-09-08,2023-09,FY2024,6,CASH,Supplier payment PI-2023-00695,1072,1071,POSTED
JE-2023-01571,2023-09-13,2023-09-15,2023-09,FY2024,6,CASH,Supplier payment PI-2023-00696,1072,1071,POSTED
JE-2023-01572,2023-09-28,2023-09-29,2023-09,FY2024,6,CASH,Supplier payment PI-2023-00697,1072,1071,POSTED
JE-2023-01573,2023-09-19,2023-09-20,2023-09,FY2024,6,CASH,Supplier payment PI-2023-00698,1072,1071,POSTED
JE-2023-01574,2023-09-13,2023-09-13,2023-09,FY2024,6,CASH,Supplier payment PI-2023-00699,1072,1071,POSTED
JE-2023-01575,2023-09-08,2023-09-08,2023-09,FY2024,6,CASH,Supplier payment PI-2023-00701,1072,1071,POSTED
JE-2023-01576,2023-09-14,2023-09-14,2023-09,FY2024,6,CASH,Supplier payment PI-2023-00703,1072,1071,POSTED
JE-2023-01577,2023-09-12,2023-09-15,2023-09,FY2024,6,CASH,Supplier payment PI-2023-00704,1072,1071,POSTED
JE-2023-01578,2023-09-25,2023-09-26,2023-09,FY2024,6,CASH,Supplier payment PI-2023-00706,1072,1071,POSTED
JE-2023-01579,2023-09-22,2023-09-25,2023-09,FY2024,6,CASH,Supplier payment PI-2023-00707,1072,1071,POSTED
JE-2023-01580,2023-09-28,2023-09-29,2023-09,FY2024,6,CASH,Supplier payment PI-2023-00708,1072,1071,POSTED
JE-2023-01581,2023-09-15,2023-09-15,2023-09,FY2024,6,CASH,Supplier payment PI-2023-00709,1072,1071,POSTED
JE-2023-01582,2023-09-15,2023-09-18,2023-09,FY2024,6,CASH,Supplier payment PI-2023-00721,1072,1071,POSTED
JE-2023-01583,2023-09-29,2023-09-29,2023-09,FY2024,6,CASH,Supplier payment PI-2023-00722,1072,1071,POSTED
JE-2023-01584,2023-09-28,2023-09-29,2023-09,FY2024,6,CASH,Supplier payment PI-2023-00730,1072,1071,POSTED
JE-2023-01585,2023-09-25,2023-09-26,2023-09,FY2024,6,CASH,Supplier payment PI-2023-00733,1072,1071,POSTED
JE-2023-01586,2023-09-22,2023-09-22,2023-09,FY2024,6,CASH,Supplier payment PI-2023-00738,1072,1071,POSTED
JE-2023-01587,2023-09-28,2023-09-29,2023-09,FY2024,6,PAYROLL,Payroll September 2023,1072,1071,POSTED
JE-2023-01588,2023-09-30,2023-09-29,2023-09,FY2024,6,GENERAL,Depreciation Sep 2023,1072,1071,POSTED
JE-2023-01589,2023-09-30,2023-10-02,2023-09,FY2024,6,GENERAL,Bank charges and interest Sep 2023,1072,1071,POSTED
JE-2023-01590,2023-09-29,2023-09-29,2023-09,FY2024,6,AR,Sales invoice SI-2023-01046,1072,1071,POSTED
JE-2023-01591,2023-10-06,2023-10-09,2023-10,FY2024,7,AR,Sales invoice SI-2023-01047,1072,1071,POSTED
JE-2023-01592,2023-10-10,2023-10-13,2023-10,FY2024,7,AR,Sales invoice SI-2023-01048,1072,1071,POSTED
JE-2023-01593,2023-10-11,2023-10-11,2023-10,FY2024,7,AR,Sales invoice SI-2023-01049,1072,1071,POSTED
JE-2023-01594,2023-10-12,2023-10-12,2023-10,FY2024,7,AR,Sales invoice SI-2023-01050,1072,1071,POSTED
JE-2023-01595,2023-10-20,2023-10-20,2023-10,FY2024,7,AR,Sales invoice SI-2023-01051,1072,1071,POSTED
JE-2023-01596,2023-10-23,2023-10-23,2023-10,FY2024,7,AR,Sales invoice SI-2023-01052,1072,1071,POSTED
JE-2023-01597,2023-10-06,2023-10-06,2023-10,FY2024,7,AR,Sales invoice SI-2023-01053,1072,1071,POSTED
JE-2023-01598,2023-10-17,2023-10-18,2023-10,FY2024,7,AR,Sales invoice SI-2023-01054,1072,1071,POSTED
JE-2023-01599,2023-10-11,2023-10-12,2023-10,FY2024,7,AR,Sales invoice SI-2023-01055,1072,1071,POSTED
JE-2023-01600,2023-09-29,2023-09-29,2023-09,FY2024,6,AR,Sales invoice SI-2023-01056,1072,1071,POSTED
JE-2023-01601,2023-10-25,2023-10-27,2023-10,FY2024,7,AR,Sales invoice SI-2023-01057,1072,1071,POSTED
JE-2023-01602,2023-10-18,2023-10-20,2023-10,FY2024,7,AR,Sales invoice SI-2023-01058,1072,1071,POSTED
JE-2023-01603,2023-09-29,2023-09-29,2023-09,FY2024,6,AR,Sales invoice SI-2023-01059,1072,1071,POSTED
JE-2023-01604,2023-10-12,2023-10-13,2023-10,FY2024,7,AR,Sales invoice SI-2023-01060,1072,1071,POSTED
JE-2023-01605,2023-10-10,2023-10-11,2023-10,FY2024,7,AR,Sales invoice SI-2023-01061,1072,1071,POSTED
JE-2023-01606,2023-10-20,2023-10-20,2023-10,FY2024,7,AR,Sales invoice SI-2023-01062,1072,1071,POSTED
JE-2023-01607,2023-10-13,2023-10-13,2023-10,FY2024,7,AR,Sales invoice SI-2023-01063,1072,1071,POSTED
JE-2023-01608,2023-10-19,2023-10-19,2023-10,FY2024,7,AR,Sales invoice SI-2023-01064,1072,1071,POSTED
JE-2023-01609,2023-10-06,2023-10-06,2023-10,FY2024,7,AR,Sales invoice SI-2023-01065,1072,1071,POSTED
JE-2023-01610,2023-10-23,2023-10-25,2023-10,FY2024,7,AR,Sales invoice SI-2023-01066,1072,1071,POSTED
JE-2023-01611,2023-10-26,2023-10-27,2023-10,FY2024,7,AR,Sales invoice SI-2023-01067,1072,1071,POSTED
JE-2023-01612,2023-10-13,2023-10-16,2023-10,FY2024,7,AR,Sales invoice SI-2023-01068,1072,1071,POSTED
JE-2023-01613,2023-10-18,2023-10-18,2023-10,FY2024,7,AR,Sales invoice SI-2023-01069,1072,1071,POSTED
JE-2023-01614,2023-10-06,2023-10-06,2023-10,FY2024,7,AR,Sales invoice SI-2023-01070,1072,1071,POSTED
JE-2023-01615,2023-10-18,2023-10-18,2023-10,FY2024,7,AR,Sales invoice SI-2023-01071,1072,1071,POSTED
JE-2023-01616,2023-10-06,2023-10-09,2023-10,FY2024,7,AR,Sales invoice SI-2023-01072,1072,1071,POSTED
JE-2023-01617,2023-10-05,2023-10-06,2023-10,FY2024,7,AR,Sales invoice SI-2023-01073,1072,1071,POSTED
JE-2023-01618,2023-10-20,2023-10-20,2023-10,FY2024,7,AR,Sales invoice SI-2023-01074,1072,1071,POSTED
JE-2023-01619,2023-10-31,2023-10-31,2023-10,FY2024,7,AR,Sales invoice SI-2023-01075,1072,1071,POSTED
JE-2023-01620,2023-10-31,2023-11-02,2023-10,FY2024,7,AR,Sales invoice SI-2023-01076,1072,1071,POSTED
JE-2023-01621,2023-10-12,2023-10-12,2023-10,FY2024,7,AR,Sales invoice SI-2023-01077,1072,1071,POSTED
JE-2023-01622,2023-10-06,2023-10-06,2023-10,FY2024,7,AR,Sales invoice SI-2023-01078,1072,1071,POSTED
JE-2023-01623,2023-10-06,2023-10-06,2023-10,FY2024,7,AR,Sales invoice SI-2023-01079,1072,1071,POSTED
JE-2023-01624,2023-10-16,2023-10-16,2023-10,FY2024,7,AR,Sales invoice SI-2023-01080,1072,1071,POSTED
JE-2023-01625,2023-10-24,2023-10-25,2023-10,FY2024,7,AR,Sales invoice SI-2023-01081,1072,1071,POSTED
JE-2023-01626,2023-10-05,2023-10-06,2023-10,FY2024,7,AR,Sales invoice SI-2023-01082,1072,1071,POSTED
JE-2023-01627,2023-10-24,2023-10-27,2023-10,FY2024,7,AR,Sales invoice SI-2023-01083,1072,1071,POSTED
JE-2023-01628,2023-09-29,2023-09-29,2023-09,FY2024,6,AR,Sales invoice SI-2023-01084,1072,1071,POSTED
JE-2023-01629,2023-10-18,2023-10-18,2023-10,FY2024,7,AR,Sales invoice SI-2023-01085,1072,1071,POSTED
JE-2023-01630,2023-10-27,2023-10-27,2023-10,FY2024,7,AR,Sales invoice SI-2023-01086,1072,1071,POSTED
JE-2023-01631,2023-10-24,2023-10-27,2023-10,FY2024,7,AR,Sales invoice SI-2023-01087,1072,1071,POSTED
JE-2023-01632,2023-10-02,2023-10-05,2023-10,FY2024,7,AR,Sales invoice SI-2023-01088,1072,1071,POSTED
JE-2023-01633,2023-10-02,2023-10-05,2023-10,FY2024,7,AR,Sales invoice SI-2023-01089,1072,1071,POSTED
JE-2023-01634,2023-10-30,2023-11-01,2023-10,FY2024,7,AR,Sales invoice SI-2023-01090,1072,1071,POSTED
JE-2023-01635,2023-10-27,2023-10-30,2023-10,FY2024,7,AR,Sales invoice SI-2023-01091,1072,1071,POSTED
JE-2023-01636,2023-10-18,2023-10-19,2023-10,FY2024,7,AR,Sales invoice SI-2023-01092,1072,1071,POSTED
JE-2023-01637,2023-10-03,2023-10-05,2023-10,FY2024,7,AR,Sales invoice SI-2023-01093,1072,1071,POSTED
JE-2023-01638,2023-10-27,2023-10-27,2023-10,FY2024,7,AR,Sales invoice SI-2023-01094,1072,1071,POSTED
JE-2023-01639,2023-10-12,2023-10-13,2023-10,FY2024,7,AR,Sales invoice SI-2023-01095,1072,1071,POSTED
JE-2023-01640,2023-10-27,2023-10-30,2023-10,FY2024,7,AR,Sales invoice SI-2023-01096,1072,1071,POSTED
JE-2023-01641,2023-10-11,2023-10-13,2023-10,FY2024,7,AR,Sales invoice SI-2023-01097,1072,1071,POSTED
JE-2023-01642,2023-10-06,2023-10-06,2023-10,FY2024,7,AR,Sales invoice SI-2023-01098,1072,1071,POSTED
JE-2023-01643,2023-10-23,2023-10-23,2023-10,FY2024,7,AR,Sales invoice SI-2023-01099,1072,1071,POSTED
JE-2023-01644,2023-10-16,2023-10-19,2023-10,FY2024,7,AR,Sales invoice SI-2023-01100,1072,1071,POSTED
JE-2023-01645,2023-10-27,2023-10-30,2023-10,FY2024,7,AR,Sales invoice SI-2023-01101,1072,1071,POSTED
JE-2023-01646,2023-10-04,2023-10-06,2023-10,FY2024,7,AR,Sales invoice SI-2023-01102,1072,1071,POSTED
JE-2023-01647,2023-10-13,2023-10-13,2023-10,FY2024,7,AR,Sales invoice SI-2023-01103,1072,1071,POSTED
JE-2023-01648,2023-10-18,2023-10-19,2023-10,FY2024,7,AR,Sales invoice SI-2023-01104,1072,1071,POSTED
JE-2023-01649,2023-10-06,2023-10-09,2023-10,FY2024,7,AP,Purchase invoice PI-2023-00751,1072,1071,POSTED
JE-2023-01650,2023-10-12,2023-10-13,2023-10,FY2024,7,AP,Purchase invoice PI-2023-00752,1072,1071,POSTED
JE-2023-01651,2023-10-20,2023-10-20,2023-10,FY2024,7,AP,Purchase invoice PI-2023-00753,1072,1071,POSTED
JE-2023-01652,2023-10-05,2023-10-06,2023-10,FY2024,7,AP,Purchase invoice PI-2023-00754,1072,1071,POSTED
JE-2023-01653,2023-09-29,2023-09-29,2023-09,FY2024,6,AP,Purchase invoice PI-2023-00755,1072,1071,POSTED
JE-2023-01654,2023-10-19,2023-10-20,2023-10,FY2024,7,AP,Purchase invoice PI-2023-00756,1072,1071,POSTED
JE-2023-01655,2023-10-26,2023-10-27,2023-10,FY2024,7,AP,Purchase invoice PI-2023-00757,1072,1071,POSTED
JE-2023-01656,2023-10-27,2023-10-30,2023-10,FY2024,7,AP,Purchase invoice PI-2023-00758,1072,1071,POSTED
JE-2023-01657,2023-10-27,2023-10-27,2023-10,FY2024,7,AP,Purchase invoice PI-2023-00759,1072,1071,POSTED
JE-2023-01658,2023-10-19,2023-10-20,2023-10,FY2024,7,AP,Purchase invoice PI-2023-00760,1072,1071,POSTED
JE-2023-01659,2023-10-02,2023-10-03,2023-10,FY2024,7,AP,Purchase invoice PI-2023-00761,1072,1071,POSTED
JE-2023-01660,2023-10-06,2023-10-06,2023-10,FY2024,7,AP,Purchase invoice PI-2023-00762,1072,1071,POSTED
JE-2023-01661,2023-10-26,2023-10-26,2023-10,FY2024,7,AP,Purchase invoice PI-2023-00763,1072,1071,POSTED
JE-2023-01662,2023-10-03,2023-10-06,2023-10,FY2024,7,AP,Purchase invoice PI-2023-00764,1072,1071,POSTED
JE-2023-01663,2023-10-20,2023-10-20,2023-10,FY2024,7,AP,Purchase invoice PI-2023-00765,1072,1071,POSTED
JE-2023-01664,2023-10-20,2023-10-20,2023-10,FY2024,7,AP,Purchase invoice PI-2023-00766,1072,1071,POSTED
JE-2023-01665,2023-10-13,2023-10-13,2023-10,FY2024,7,AP,Purchase invoice PI-2023-00767,1072,1071,POSTED
JE-2023-01666,2023-10-31,2023-10-31,2023-10,FY2024,7,AP,Purchase invoice PI-2023-00768,1072,1071,POSTED
JE-2023-01667,2023-10-10,2023-10-12,2023-10,FY2024,7,AP,Purchase invoice PI-2023-00769,1072,1071,POSTED
JE-2023-01668,2023-10-11,2023-10-11,2023-10,FY2024,7,AP,Purchase invoice PI-2023-00770,1072,1071,POSTED
JE-2023-01669,2023-10-02,2023-10-04,2023-10,FY2024,7,AP,Purchase invoice PI-2023-00771,1072,1071,POSTED
JE-2023-01670,2023-10-02,2023-10-04,2023-10,FY2024,7,AP,Purchase invoice PI-2023-00772,1072,1071,POSTED
JE-2023-01671,2023-10-05,2023-10-06,2023-10,FY2024,7,AP,Purchase invoice PI-2023-00773,1072,1071,POSTED
JE-2023-01672,2023-10-10,2023-10-12,2023-10,FY2024,7,AP,Purchase invoice PI-2023-00774,1072,1071,POSTED
JE-2023-01673,2023-10-13,2023-10-13,2023-10,FY2024,7,AP,Purchase invoice PI-2023-00775,1072,1071,POSTED
JE-2023-01674,2023-10-06,2023-10-09,2023-10,FY2024,7,AP,Purchase invoice PI-2023-00776,1072,1071,POSTED
JE-2023-01675,2023-10-13,2023-10-13,2023-10,FY2024,7,AP,Purchase invoice PI-2023-00777,1072,1071,POSTED
JE-2023-01676,2023-10-16,2023-10-18,2023-10,FY2024,7,AP,Purchase invoice PI-2023-00778,1072,1071,POSTED
JE-2023-01677,2023-10-24,2023-10-24,2023-10,FY2024,7,AP,Purchase invoice PI-2023-00779,1072,1071,POSTED
JE-2023-01678,2023-10-24,2023-10-27,2023-10,FY2024,7,AP,Purchase invoice PI-2023-00780,1072,1071,POSTED
JE-2023-01679,2023-10-18,2023-10-18,2023-10,FY2024,7,AP,Purchase invoice PI-2023-00781,1072,1071,POSTED
JE-2023-01680,2023-10-25,2023-10-25,2023-10,FY2024,7,AP,Purchase invoice PI-2023-00782,1072,1071,POSTED
JE-2023-01681,2023-10-18,2023-10-19,2023-10,FY2024,7,AP,Purchase invoice PI-2023-00783,1072,1071,POSTED
JE-2023-01682,2023-10-06,2023-10-06,2023-10,FY2024,7,AP,Purchase invoice PI-2023-00784,1072,1071,POSTED
JE-2023-01683,2023-10-04,2023-10-04,2023-10,FY2024,7,AP,Purchase invoice PI-2023-00785,1072,1071,POSTED
JE-2023-01684,2023-07-05,2023-07-07,2023-07,FY2024,4,CASH,Customer receipt SI-2023-00753,1072,1071,POSTED
JE-2023-01685,2023-09-19,2023-09-19,2023-09,FY2024,6,CASH,Customer receipt SI-2023-00864,1072,1071,POSTED
JE-2023-01686,2023-10-23,2023-10-25,2023-10,FY2024,7,CASH,Customer receipt SI-2023-00907,1072,1071,POSTED
JE-2023-01687,2023-09-29,2023-10-02,2023-09,FY2024,6,CASH,Customer receipt SI-2023-00917,1072,1071,POSTED
JE-2023-01688,2023-09-13,2023-09-15,2023-09,FY2024,6,CASH,Customer receipt SI-2023-00924,1072,1071,POSTED
JE-2023-01689,2023-10-19,2023-10-20,2023-10,FY2024,7,CASH,Customer receipt SI-2023-00925,1072,1071,POSTED
JE-2023-01690,2023-09-27,2023-09-28,2023-09,FY2024,6,CASH,Customer receipt SI-2023-00929,1072,1071,POSTED
JE-2023-01691,2023-09-22,2023-09-22,2023-09,FY2024,6,CASH,Customer receipt SI-2023-00931,1072,1071,POSTED
JE-2023-01692,2023-10-31,2023-10-31,2023-10,FY2024,7,CASH,Customer receipt SI-2023-00937,1072,1071,POSTED
JE-2023-01693,2023-08-31,2023-08-31,2023-08,FY2024,5,CASH,Customer receipt SI-2023-00953,1072,1071,POSTED
JE-2023-01694,2023-10-11,2023-10-13,2023-10,FY2024,7,CASH,Customer receipt SI-2023-00956,1072,1071,POSTED
JE-2023-01695,2023-09-22,2023-09-22,2023-09,FY2024,6,CASH,Customer receipt SI-2023-00959,1072,1071,POSTED
JE-2023-01696,2023-09-21,2023-09-22,2023-09,FY2024,6,CASH,Customer receipt SI-2023-00960,1072,1071,POSTED
JE-2023-01697,2023-10-11,2023-10-12,2023-10,FY2024,7,CASH,Customer receipt SI-2023-00964,1072,1071,POSTED
JE-2023-01698,2023-09-26,2023-09-29,2023-09,FY2024,6,CASH,Customer receipt SI-2023-00965,1072,1071,POSTED
JE-2023-01699,2023-10-19,2023-10-20,2023-10,FY2024,7,CASH,Customer receipt SI-2023-00970,1072,1071,POSTED
JE-2023-01700,2023-09-21,2023-09-21,2023-09,FY2024,6,CASH,Customer receipt SI-2023-00980,1072,1071,POSTED
JE-2023-01701,2023-10-20,2023-10-20,2023-10,FY2024,7,CASH,Customer receipt SI-2023-00981,1072,1071,POSTED
JE-2023-01702,2023-10-02,2023-10-04,2023-10,FY2024,7,CASH,Customer receipt SI-2023-00984,1072,1071,POSTED
JE-2023-01703,2023-09-25,2023-09-27,2023-09,FY2024,6,CASH,Customer receipt SI-2023-00985,1072,1071,POSTED
JE-2023-01704,2023-10-31,2023-10-31,2023-10,FY2024,7,CASH,Customer receipt SI-2023-00991,1072,1071,POSTED
JE-2023-01705,2023-10-27,2023-10-27,2023-10,FY2024,7,CASH,Customer receipt SI-2023-00993,1072,1071,POSTED
JE-2023-01706,2023-10-10,2023-10-10,2023-10,FY2024,7,CASH,Customer receipt SI-2023-00994,1072,1071,POSTED
JE-2023-01707,2023-10-20,2023-10-20,2023-10,FY2024,7,CASH,Customer receipt SI-2023-00995,1072,1071,POSTED
JE-2023-01708,2023-10-13,2023-10-16,2023-10,FY2024,7,CASH,Customer receipt SI-2023-00996,1072,1071,POSTED
JE-2023-01709,2023-10-11,2023-10-11,2023-10,FY2024,7,CASH,Customer receipt SI-2023-01000,1072,1071,POSTED
JE-2023-01710,2023-10-27,2023-10-30,2023-10,FY2024,7,CASH,Customer receipt SI-2023-01003,1072,1071,POSTED
JE-2023-01711,2023-09-29,2023-09-29,2023-09,FY2024,6,CASH,Customer receipt SI-2023-01007,1072,1071,POSTED
JE-2023-01712,2023-10-27,2023-10-27,2023-10,FY2024,7,CASH,Customer receipt SI-2023-01009,1072,1071,POSTED
JE-2023-01713,2023-10-24,2023-10-26,2023-10,FY2024,7,CASH,Customer receipt SI-2023-01010,1072,1071,POSTED
JE-2023-01714,2023-10-16,2023-10-17,2023-10,FY2024,7,CASH,Customer receipt SI-2023-01018,1072,1071,POSTED
JE-2023-01715,2023-10-10,2023-10-13,2023-10,FY2024,7,CASH,Customer receipt SI-2023-01028,1072,1071,POSTED
JE-2023-01716,2023-10-20,2023-10-20,2023-10,FY2024,7,CASH,Customer receipt SI-2023-01031,1072,1071,POSTED
JE-2023-01717,2023-10-20,2023-10-20,2023-10,FY2024,7,CASH,Customer receipt SI-2023-01032,1072,1071,POSTED
JE-2023-01718,2023-10-13,2023-10-16,2023-10,FY2024,7,CASH,Customer receipt SI-2023-01035,1072,1071,POSTED
JE-2023-01719,2023-10-17,2023-10-17,2023-10,FY2024,7,CASH,Customer receipt SI-2023-01036,1072,1071,POSTED
JE-2023-01720,2023-10-19,2023-10-20,2023-10,FY2024,7,CASH,Customer receipt SI-2023-01038,1072,1071,POSTED
JE-2023-01721,2023-10-20,2023-10-20,2023-10,FY2024,7,CASH,Customer receipt SI-2023-01043,1072,1071,POSTED
JE-2023-01722,2023-10-26,2023-10-27,2023-10,FY2024,7,CASH,Customer receipt SI-2023-01059,1072,1071,POSTED
JE-2023-01723,2023-10-20,2023-10-20,2023-10,FY2024,7,CASH,Customer receipt SI-2023-01084,1072,1071,POSTED
JE-2023-01724,2023-09-29,2023-09-29,2023-09,FY2024,6,CASH,Supplier payment PI-2023-00634,1072,1071,POSTED
JE-2023-01725,2023-09-05,2023-09-05,2023-09,FY2024,6,CASH,Supplier payment PI-2023-00638,1072,1071,POSTED
JE-2023-01726,2023-10-06,2023-10-06,2023-10,FY2024,7,CASH,Supplier payment PI-2023-00647,1072,1071,POSTED
JE-2023-01727,2023-10-06,2023-10-06,2023-10,FY2024,7,CASH,Supplier payment PI-2023-00672,1072,1071,POSTED
JE-2023-01728,2023-10-04,2023-10-06,2023-10,FY2024,7,CASH,Supplier payment PI-2023-00676,1072,1071,POSTED
JE-2023-01729,2023-09-28,2023-09-29,2023-09,FY2024,6,CASH,Supplier payment PI-2023-00683,1072,1071,POSTED
JE-2023-01730,2023-10-20,2023-10-23,2023-10,FY2024,7,CASH,Supplier payment PI-2023-00684,1072,1071,POSTED
JE-2023-01731,2023-09-22,2023-09-22,2023-09,FY2024,6,CASH,Supplier payment PI-2023-00685,1072,1071,POSTED
JE-2023-01732,2023-10-13,2023-10-13,2023-10,FY2024,7,CASH,Supplier payment PI-2023-00687,1072,1071,POSTED
JE-2023-01733,2023-10-12,2023-10-13,2023-10,FY2024,7,CASH,Supplier payment PI-2023-00689,1072,1071,POSTED
JE-2023-01734,2023-09-15,2023-09-15,2023-09,FY2024,6,CASH,Supplier payment PI-2023-00692,1072,1071,POSTED
JE-2023-01735,2023-10-06,2023-10-06,2023-10,FY2024,7,CASH,Supplier payment PI-2023-00693,1072,1071,POSTED
JE-2023-01736,2023-10-06,2023-10-06,2023-10,FY2024,7,CASH,Supplier payment PI-2023-00700,1072,1071,POSTED
JE-2023-01737,2023-10-11,2023-10-13,2023-10,FY2024,7,CASH,Supplier payment PI-2023-00705,1072,1071,POSTED
JE-2023-01738,2023-10-06,2023-10-06,2023-10,FY2024,7,CASH,Supplier payment PI-2023-00710,1072,1071,POSTED
JE-2023-01739,2023-10-25,2023-10-27,2023-10,FY2024,7,CASH,Supplier payment PI-2023-00711,1072,1071,POSTED
JE-2023-01740,2023-10-20,2023-10-23,2023-10,FY2024,7,CASH,Supplier payment PI-2023-00712,1072,1071,POSTED
JE-2023-01741,2023-10-25,2023-10-26,2023-10,FY2024,7,CASH,Supplier payment PI-2023-00713,1072,1071,POSTED
JE-2023-01742,2023-10-13,2023-10-13,2023-10,FY2024,7,CASH,Supplier payment PI-2023-00714,1072,1071,POSTED
JE-2023-01743,2023-10-17,2023-10-18,2023-10,FY2024,7,CASH,Supplier payment PI-2023-00715,1072,1071,POSTED
JE-2023-01744,2023-10-06,2023-10-09,2023-10,FY2024,7,CASH,Supplier payment PI-2023-00716,1072,1071,POSTED
JE-2023-01745,2023-10-20,2023-10-20,2023-10,FY2024,7,CASH,Supplier payment PI-2023-00719,1072,1071,POSTED
JE-2023-01746,2023-10-20,2023-10-20,2023-10,FY2024,7,CASH,Supplier payment PI-2023-00724,1072,1071,POSTED
JE-2023-01747,2023-10-20,2023-10-23,2023-10,FY2024,7,CASH,Supplier payment PI-2023-00726,1072,1071,POSTED
JE-2023-01748,2023-10-25,2023-10-27,2023-10,FY2024,7,CASH,Supplier payment PI-2023-00728,1072,1071,POSTED
JE-2023-01749,2023-10-19,2023-10-19,2023-10,FY2024,7,CASH,Supplier payment PI-2023-00729,1072,1071,POSTED
JE-2023-01750,2023-09-26,2023-09-28,2023-09,FY2024,6,CASH,Supplier payment PI-2023-00731,1072,1071,POSTED
JE-2023-01751,2023-10-05,2023-10-05,2023-10,FY2024,7,CASH,Supplier payment PI-2023-00732,1072,1071,POSTED
JE-2023-01752,2023-10-26,2023-10-26,2023-10,FY2024,7,CASH,Supplier payment PI-2023-00734,1072,1071,POSTED
JE-2023-01753,2023-10-11,2023-10-13,2023-10,FY2024,7,CASH,Supplier payment PI-2023-00736,1072,1071,POSTED
JE-2023-01754,2023-10-12,2023-10-13,2023-10,FY2024,7,CASH,Supplier payment PI-2023-00737,1072,1071,POSTED
JE-2023-01755,2023-10-27,2023-10-27,2023-10,FY2024,7,CASH,Supplier payment PI-2023-00740,1072,1071,POSTED
JE-2023-01756,2023-10-16,2023-10-16,2023-10,FY2024,7,CASH,Supplier payment PI-2023-00742,1072,1071,POSTED
JE-2023-01757,2023-10-11,2023-10-12,2023-10,FY2024,7,CASH,Supplier payment PI-2023-00743,1072,1071,POSTED
JE-2023-01758,2023-10-27,2023-10-30,2023-10,FY2024,7,CASH,Supplier payment PI-2023-00746,1072,1071,POSTED
JE-2023-01759,2023-10-27,2023-10-27,2023-10,FY2024,7,CASH,Supplier payment PI-2023-00751,1072,1071,POSTED
JE-2023-01760,2023-10-16,2023-10-16,2023-10,FY2024,7,CASH,Supplier payment PI-2023-00771,1072,1071,POSTED
JE-2023-01761,2023-10-30,2023-10-31,2023-10,FY2024,7,CASH,Supplier payment PI-2023-00777,1072,1071,POSTED
JE-2023-01762,2023-10-30,2023-10-30,2023-10,FY2024,7,CASH,Supplier payment PI-2023-00785,1072,1071,POSTED
JE-2023-01763,2023-10-27,2023-10-30,2023-10,FY2024,7,PAYROLL,Payroll October 2023,1072,1071,POSTED
JE-2023-01764,2023-10-31,2023-10-31,2023-10,FY2024,7,GENERAL,Depreciation Oct 2023,1072,1071,POSTED
JE-2023-01765,2023-10-31,2023-11-01,2023-10,FY2024,7,GENERAL,Bank charges and interest Oct 2023,1072,1071,POSTED
JE-2023-01766,2023-10-06,2023-10-06,2023-10,FY2024,7,GENERAL,VAT return payment,1072,1071,POSTED
JE-2023-01767,2023-11-23,2023-11-24,2023-11,FY2024,8,AR,Sales invoice SI-2023-01105,1072,1071,POSTED
JE-2023-01768,2023-11-22,2023-11-24,2023-11,FY2024,8,AR,Sales invoice SI-2023-01106,1072,1071,POSTED
JE-2023-01769,2023-11-03,2023-11-06,2023-11,FY2024,8,AR,Sales invoice SI-2023-01107,1072,1071,POSTED
JE-2023-01770,2023-11-03,2023-11-03,2023-11,FY2024,8,AR,Sales invoice SI-2023-01108,1072,1071,POSTED
JE-2023-01771,2023-11-22,2023-11-24,2023-11,FY2024,8,AR,Sales invoice SI-2023-01109,1072,1071,POSTED
JE-2023-01772,2023-11-10,2023-11-10,2023-11,FY2024,8,AR,Sales invoice SI-2023-01110,1072,1071,POSTED
JE-2023-01773,2023-11-24,2023-11-27,2023-11,FY2024,8,AR,Sales invoice SI-2023-01111,1072,1071,POSTED
JE-2023-01774,2023-11-07,2023-11-10,2023-11,FY2024,8,AR,Sales invoice SI-2023-01112,1072,1071,POSTED
JE-2023-01775,2023-11-13,2023-11-14,2023-11,FY2024,8,AR,Sales invoice SI-2023-01113,1072,1071,POSTED
JE-2023-01776,2023-11-10,2023-11-13,2023-11,FY2024,8,AR,Sales invoice SI-2023-01114,1072,1071,POSTED
JE-2023-01777,2023-11-10,2023-11-10,2023-11,FY2024,8,AR,Sales invoice SI-2023-01115,1072,1071,POSTED
JE-2023-01778,2023-11-15,2023-11-17,2023-11,FY2024,8,AR,Sales invoice SI-2023-01116,1072,1071,POSTED
JE-2023-01779,2023-11-03,2023-11-03,2023-11,FY2024,8,AR,Sales invoice SI-2023-01117,1072,1071,POSTED
JE-2023-01780,2023-11-08,2023-11-09,2023-11,FY2024,8,AR,Sales invoice SI-2023-01118,1072,1071,POSTED
JE-2023-01781,2023-11-17,2023-11-17,2023-11,FY2024,8,AR,Sales invoice SI-2023-01119,1072,1071,POSTED
JE-2023-01782,2023-11-27,2023-11-28,2023-11,FY2024,8,AR,Sales invoice SI-2023-01120,1072,1071,POSTED
JE-2023-01783,2023-11-09,2023-11-10,2023-11,FY2024,8,AR,Sales invoice SI-2023-01121,1072,1071,POSTED
JE-2023-01784,2023-11-17,2023-11-17,2023-11,FY2024,8,AR,Sales invoice SI-2023-01122,1072,1071,POSTED
JE-2023-01785,2023-11-10,2023-11-10,2023-11,FY2024,8,AR,Sales invoice SI-2023-01123,1072,1071,POSTED
JE-2023-01786,2023-11-03,2023-11-03,2023-11,FY2024,8,AR,Sales invoice SI-2023-01124,1072,1071,POSTED
JE-2023-01787,2023-11-27,2023-11-29,2023-11,FY2024,8,AR,Sales invoice SI-2023-01125,1072,1071,POSTED
JE-2023-01788,2023-11-28,2023-11-29,2023-11,FY2024,8,AR,Sales invoice SI-2023-01126,1072,1071,POSTED
JE-2023-01789,2023-11-17,2023-11-17,2023-11,FY2024,8,AR,Sales invoice SI-2023-01127,1072,1071,POSTED
JE-2023-01790,2023-11-09,2023-11-10,2023-11,FY2024,8,AR,Sales invoice SI-2023-01128,1072,1071,POSTED
JE-2023-01791,2023-11-02,2023-11-02,2023-11,FY2024,8,AR,Sales invoice SI-2023-01129,1072,1071,POSTED
JE-2023-01792,2023-11-09,2023-11-09,2023-11,FY2024,8,AR,Sales invoice SI-2023-01130,1072,1071,POSTED
JE-2023-01793,2023-11-07,2023-11-10,2023-11,FY2024,8,AR,Sales invoice SI-2023-01131,1072,1071,POSTED
JE-2023-01794,2023-11-10,2023-11-10,2023-11,FY2024,8,AR,Sales invoice SI-2023-01132,1072,1071,POSTED
JE-2023-01795,2023-11-14,2023-11-14,2023-11,FY2024,8,AR,Sales invoice SI-2023-01133,1072,1071,POSTED
JE-2023-01796,2023-11-13,2023-11-13,2023-11,FY2024,8,AR,Sales invoice SI-2023-01134,1072,1071,POSTED
JE-2023-01797,2023-11-30,2023-12-01,2023-11,FY2024,8,AR,Sales invoice SI-2023-01135,1072,1071,POSTED
JE-2023-01798,2023-11-03,2023-11-03,2023-11,FY2024,8,AR,Sales invoice SI-2023-01136,1072,1071,POSTED
JE-2023-01799,2023-11-28,2023-12-01,2023-11,FY2024,8,AR,Sales invoice SI-2023-01137,1072,1071,POSTED
JE-2023-01800,2023-11-03,2023-11-03,2023-11,FY2024,8,AR,Sales invoice SI-2023-01138,1072,1071,POSTED
JE-2023-01801,2023-11-10,2023-11-10,2023-11,FY2024,8,AR,Sales invoice SI-2023-01139,1072,1071,POSTED
JE-2023-01802,2023-11-22,2023-11-24,2023-11,FY2024,8,AR,Sales invoice SI-2023-01140,1072,1071,POSTED
JE-2023-01803,2023-11-13,2023-11-15,2023-11,FY2024,8,AR,Sales invoice SI-2023-01141,1072,1071,POSTED
JE-2023-01804,2023-11-20,2023-11-20,2023-11,FY2024,8,AR,Sales invoice SI-2023-01142,1072,1071,POSTED
JE-2023-01805,2023-11-10,2023-11-10,2023-11,FY2024,8,AR,Sales invoice SI-2023-01143,1072,1071,POSTED
JE-2023-01806,2023-11-29,2023-12-01,2023-11,FY2024,8,AR,Sales invoice SI-2023-01144,1072,1071,POSTED
JE-2023-01807,2023-11-03,2023-11-03,2023-11,FY2024,8,AR,Sales invoice SI-2023-01145,1072,1071,POSTED
JE-2023-01808,2023-11-16,2023-11-17,2023-11,FY2024,8,AR,Sales invoice SI-2023-01146,1072,1071,POSTED
JE-2023-01809,2023-11-09,2023-11-10,2023-11,FY2024,8,AR,Sales invoice SI-2023-01147,1072,1071,POSTED
JE-2023-01810,2023-11-08,2023-11-10,2023-11,FY2024,8,AR,Sales invoice SI-2023-01148,1072,1071,POSTED
JE-2023-01811,2023-11-24,2023-11-27,2023-11,FY2024,8,AR,Sales invoice SI-2023-01149,1072,1071,POSTED
JE-2023-01812,2023-11-17,2023-11-17,2023-11,FY2024,8,AR,Sales invoice SI-2023-01150,1072,1071,POSTED
JE-2023-01813,2023-11-01,2023-11-01,2023-11,FY2024,8,AR,Sales invoice SI-2023-01151,1072,1071,POSTED
JE-2023-01814,2023-11-21,2023-11-24,2023-11,FY2024,8,AR,Sales invoice SI-2023-01152,1072,1071,POSTED
JE-2023-01815,2023-11-06,2023-11-09,2023-11,FY2024,8,AR,Sales invoice SI-2023-01153,1072,1071,POSTED
JE-2023-01816,2023-11-27,2023-11-28,2023-11,FY2024,8,AR,Sales invoice SI-2023-01154,1072,1071,POSTED
JE-2023-01817,2023-11-27,2023-11-28,2023-11,FY2024,8,AR,Sales invoice SI-2023-01155,1072,1071,POSTED
JE-2023-01818,2023-11-06,2023-11-07,2023-11,FY2024,8,AR,Sales invoice SI-2023-01156,1072,1071,POSTED
JE-2023-01819,2023-11-01,2023-11-02,2023-11,FY2024,8,AR,Sales invoice SI-2023-01157,1072,1071,POSTED
JE-2023-01820,2023-11-23,2023-11-24,2023-11,FY2024,8,AR,Sales invoice SI-2023-01158,1072,1071,POSTED
JE-2023-01821,2023-11-20,2023-11-22,2023-11,FY2024,8,AR,Sales invoice SI-2023-01159,1072,1071,POSTED
JE-2023-01822,2023-11-10,2023-11-10,2023-11,FY2024,8,AR,Sales invoice SI-2023-01160,1072,1071,POSTED
JE-2023-01823,2023-11-10,2023-11-13,2023-11,FY2024,8,AR,Sales invoice SI-2023-01161,1072,1071,POSTED
JE-2023-01824,2023-11-10,2023-11-10,2023-11,FY2024,8,AR,Sales invoice SI-2023-01162,1072,1071,POSTED
JE-2023-01825,2023-11-10,2023-11-13,2023-11,FY2024,8,AR,Sales invoice SI-2023-01163,1072,1071,POSTED
JE-2023-01826,2023-11-23,2023-11-23,2023-11,FY2024,8,AR,Sales invoice SI-2023-01164,1072,1071,POSTED
JE-2023-01827,2023-11-21,2023-11-22,2023-11,FY2024,8,AR,Sales invoice SI-2023-01165,1072,1071,POSTED
JE-2023-01828,2023-11-10,2023-11-10,2023-11,FY2024,8,AP,Purchase invoice PI-2023-00786,1072,1071,POSTED
JE-2023-01829,2023-11-01,2023-11-02,2023-11,FY2024,8,AP,Purchase invoice PI-2023-00787,1072,1071,POSTED
JE-2023-01830,2023-11-10,2023-11-10,2023-11,FY2024,8,AP,Purchase invoice PI-2023-00788,1072,1071,POSTED
JE-2023-01831,2023-11-17,2023-11-17,2023-11,FY2024,8,AP,Purchase invoice PI-2023-00789,1072,1071,POSTED
JE-2023-01832,2023-11-17,2023-11-20,2023-11,FY2024,8,AP,Purchase invoice PI-2023-00790,1072,1071,POSTED
JE-2023-01833,2023-11-10,2023-11-10,2023-11,FY2024,8,AP,Purchase invoice PI-2023-00791,1072,1071,POSTED
JE-2023-01834,2023-11-22,2023-11-24,2023-11,FY2024,8,AP,Purchase invoice PI-2023-00792,1072,1071,POSTED
JE-2023-01835,2023-11-03,2023-11-03,2023-11,FY2024,8,AP,Purchase invoice PI-2023-00793,1072,1071,POSTED
JE-2023-01836,2023-11-09,2023-11-10,2023-11,FY2024,8,AP,Purchase invoice PI-2023-00794,1072,1071,POSTED
JE-2023-01837,2023-11-10,2023-11-10,2023-11,FY2024,8,AP,Purchase invoice PI-2023-00795,1072,1071,POSTED
JE-2023-01838,2023-11-13,2023-11-15,2023-11,FY2024,8,AP,Purchase invoice PI-2023-00796,1072,1071,POSTED
JE-2023-01839,2023-11-08,2023-11-10,2023-11,FY2024,8,AP,Purchase invoice PI-2023-00797,1072,1071,POSTED
JE-2023-01840,2023-11-24,2023-11-24,2023-11,FY2024,8,AP,Purchase invoice PI-2023-00798,1072,1071,POSTED
JE-2023-01841,2023-11-28,2023-12-01,2023-11,FY2024,8,AP,Purchase invoice PI-2023-00799,1072,1071,POSTED
JE-2023-01842,2023-11-24,2023-11-24,2023-11,FY2024,8,AP,Purchase invoice PI-2023-00800,1072,1071,POSTED
JE-2023-01843,2023-11-10,2023-11-10,2023-11,FY2024,8,AP,Purchase invoice PI-2023-00801,1072,1071,POSTED
JE-2023-01844,2023-11-10,2023-11-10,2023-11,FY2024,8,AP,Purchase invoice PI-2023-00802,1072,1071,POSTED
JE-2023-01845,2023-11-09,2023-11-10,2023-11,FY2024,8,AP,Purchase invoice PI-2023-00803,1072,1071,POSTED
JE-2023-01846,2023-11-10,2023-11-10,2023-11,FY2024,8,AP,Purchase invoice PI-2023-00804,1072,1071,POSTED
JE-2023-01847,2023-11-23,2023-11-23,2023-11,FY2024,8,AP,Purchase invoice PI-2023-00805,1072,1071,POSTED
JE-2023-01848,2023-11-17,2023-11-20,2023-11,FY2024,8,AP,Purchase invoice PI-2023-00806,1072,1071,POSTED
JE-2023-01849,2023-11-23,2023-11-24,2023-11,FY2024,8,AP,Purchase invoice PI-2023-00807,1072,1071,POSTED
JE-2023-01850,2023-11-30,2023-12-01,2023-11,FY2024,8,AP,Purchase invoice PI-2023-00808,1072,1071,POSTED
JE-2023-01851,2023-11-08,2023-11-10,2023-11,FY2024,8,AP,Purchase invoice PI-2023-00809,1072,1071,POSTED
JE-2023-01852,2023-11-24,2023-11-24,2023-11,FY2024,8,AP,Purchase invoice PI-2023-00810,1072,1071,POSTED
JE-2023-01853,2023-11-01,2023-11-03,2023-11,FY2024,8,AP,Purchase invoice PI-2023-00811,1072,1071,POSTED
JE-2023-01854,2023-11-10,2023-11-10,2023-11,FY2024,8,AP,Purchase invoice PI-2023-00812,1072,1071,POSTED
JE-2023-01855,2023-11-22,2023-11-24,2023-11,FY2024,8,AP,Purchase invoice PI-2023-00813,1072,1071,POSTED
JE-2023-01856,2023-11-27,2023-11-27,2023-11,FY2024,8,AP,Purchase invoice PI-2023-00814,1072,1071,POSTED
JE-2023-01857,2023-11-17,2023-11-17,2023-11,FY2024,8,AP,Purchase invoice PI-2023-00815,1072,1071,POSTED
JE-2023-01858,2023-11-21,2023-11-23,2023-11,FY2024,8,AP,Purchase invoice PI-2023-00816,1072,1071,POSTED
JE-2023-01859,2023-11-14,2023-11-15,2023-11,FY2024,8,AP,Purchase invoice PI-2023-00817,1072,1071,POSTED
JE-2023-01860,2023-11-24,2023-11-27,2023-11,FY2024,8,AP,Purchase invoice PI-2023-00818,1072,1071,POSTED
JE-2023-01861,2023-11-03,2023-11-03,2023-11,FY2024,8,AP,Purchase invoice PI-2023-00819,1072,1071,POSTED
JE-2023-01862,2023-11-03,2023-11-06,2023-11,FY2024,8,AP,Purchase invoice PI-2023-00820,1072,1071,POSTED
JE-2023-01863,2023-11-07,2023-11-07,2023-11,FY2024,8,AP,Purchase invoice PI-2023-00821,1072,1071,POSTED
JE-2023-01864,2023-11-29,2023-12-01,2023-11,FY2024,8,AP,Purchase invoice PI-2023-00822,1072,1071,POSTED
JE-2023-01865,2023-11-02,2023-11-03,2023-11,FY2024,8,AP,Purchase invoice PI-2023-00823,1072,1071,POSTED
JE-2023-01866,2023-11-03,2023-11-03,2023-11,FY2024,8,AP,Purchase invoice PI-2023-00824,1072,1071,POSTED
JE-2023-01867,2023-09-22,2023-09-22,2023-09,FY2024,6,CASH,Customer receipt SI-2023-00871,1072,1071,POSTED
JE-2023-01868,2023-10-11,2023-10-13,2023-10,FY2024,7,CASH,Customer receipt SI-2023-00880,1072,1071,POSTED
JE-2023-01869,2023-09-29,2023-10-02,2023-09,FY2024,6,CASH,Customer receipt SI-2023-00909,1072,1071,POSTED
JE-2023-01870,2023-10-03,2023-10-03,2023-10,FY2024,7,CASH,Customer receipt SI-2023-00932,1072,1071,POSTED
JE-2023-01871,2023-10-13,2023-10-13,2023-10,FY2024,7,CASH,Customer receipt SI-2023-00933,1072,1071,POSTED
JE-2023-01872,2023-11-27,2023-11-30,2023-11,FY2024,8,CASH,Customer receipt SI-2023-00942,1072,1071,POSTED
JE-2023-01873,2023-11-01,2023-11-03,2023-11,FY2024,8,CASH,Customer receipt SI-2023-00943,1072,1071,POSTED
JE-2023-01874,2023-11-03,2023-11-03,2023-11,FY2024,8,CASH,Customer receipt SI-2023-00950,1072,1071,POSTED
JE-2023-01875,2023-10-04,2023-10-06,2023-10,FY2024,7,CASH,Customer receipt SI-2023-00954,1072,1071,POSTED
JE-2023-01876,2023-10-06,2023-10-06,2023-10,FY2024,7,CASH,Customer receipt SI-2023-00955,1072,1071,POSTED
JE-2023-01877,2023-10-11,2023-10-12,2023-10,FY2024,7,CASH,Customer receipt SI-2023-00962,1072,1071,POSTED
JE-2023-01878,2023-11-09,2023-11-10,2023-11,FY2024,8,CASH,Customer receipt SI-2023-00963,1072,1071,POSTED
JE-2023-01879,2023-11-28,2023-11-29,2023-11,FY2024,8,CASH,Customer receipt SI-2023-00966,1072,1071,POSTED
JE-2023-01880,2023-11-22,2023-11-24,2023-11,FY2024,8,CASH,Customer receipt SI-2023-00967,1072,1071,POSTED
JE-2023-01881,2023-11-13,2023-11-15,2023-11,FY2024,8,CASH,Customer receipt SI-2023-00975,1072,1071,POSTED
JE-2023-01882,2023-11-14,2023-11-15,2023-11,FY2024,8,CASH,Customer receipt SI-2023-00992,1072,1071,POSTED
JE-2023-01883,2023-11-27,2023-11-27,2023-11,FY2024,8,CASH,Customer receipt SI-2023-00997,1072,1071,POSTED
JE-2023-01884,2023-10-27,2023-10-30,2023-10,FY2024,7,CASH,Customer receipt SI-2023-00998,1072,1071,POSTED
JE-2023-01885,2023-11-03,2023-11-03,2023-11,FY2024,8,CASH,Customer receipt SI-2023-00999,1072,1071,POSTED
JE-2023-01886,2023-11-10,2023-11-10,2023-11,FY2024,8,CASH,Customer receipt SI-2023-01005,1072,1071,POSTED
JE-2023-01887,2023-10-24,2023-10-24,2023-10,FY2024,7,CASH,Customer receipt SI-2023-01006,1072,1071,POSTED
JE-2023-01888,2023-11-17,2023-11-20,2023-11,FY2024,8,CASH,Customer receipt SI-2023-01008,1072,1071,POSTED
JE-2023-01889,2023-11-06,2023-11-08,2023-11,FY2024,8,CASH,Customer receipt SI-2023-01011,1072,1071,POSTED
JE-2023-01890,2023-10-27,2023-10-30,2023-10,FY2024,7,CASH,Customer receipt SI-2023-01012,1072,1071,POSTED
JE-2023-01891,2023-11-03,2023-11-06,2023-11,FY2024,8,CASH,Customer receipt SI-2023-01013,1072,1071,POSTED
JE-2023-01892,2023-11-17,2023-11-17,2023-11,FY2024,8,CASH,Customer receipt SI-2023-01015,1072,1071,POSTED
JE-2023-01893,2023-11-22,2023-11-24,2023-11,FY2024,8,CASH,Customer receipt SI-2023-01019,1072,1071,POSTED
JE-2023-01894,2023-11-13,2023-11-16,2023-11,FY2024,8,CASH,Customer receipt SI-2023-01023,1072,1071,POSTED
JE-2023-01895,2023-11-30,2023-12-01,2023-11,FY2024,8,CASH,Customer receipt SI-2023-01026,1072,1071,POSTED
JE-2023-01896,2023-10-12,2023-10-13,2023-10,FY2024,7,CASH,Customer receipt SI-2023-01040,1072,1071,POSTED
JE-2023-01897,2023-09-29,2023-10-02,2023-09,FY2024,6,CASH,Customer receipt SI-2023-01041,1072,1071,POSTED
JE-2023-01898,2023-11-16,2023-11-17,2023-11,FY2024,8,CASH,Customer receipt SI-2023-01042,1072,1071,POSTED
JE-2023-01899,2023-11-20,2023-11-23,2023-11,FY2024,8,CASH,Customer receipt SI-2023-01047,1072,1071,POSTED
JE-2023-01900,2023-11-24,2023-11-24,2023-11,FY2024,8,CASH,Customer receipt SI-2023-01055,1072,1071,POSTED
JE-2023-01901,2023-11-24,2023-11-24,2023-11,FY2024,8,CASH,Customer receipt SI-2023-01058,1072,1071,POSTED
JE-2023-01902,2023-11-28,2023-12-01,2023-11,FY2024,8,CASH,Customer receipt SI-2023-01060,1072,1071,POSTED
JE-2023-01903,2023-11-17,2023-11-17,2023-11,FY2024,8,CASH,Customer receipt SI-2023-01062,1072,1071,POSTED
JE-2023-01904,2023-11-21,2023-11-24,2023-11,FY2024,8,CASH,Customer receipt SI-2023-01063,1072,1071,POSTED
JE-2023-01905,2023-11-29,2023-12-01,2023-11,FY2024,8,CASH,Customer receipt SI-2023-01065,1072,1071,POSTED
JE-2023-01906,2023-11-24,2023-11-27,2023-11,FY2024,8,CASH,Customer receipt SI-2023-01068,1072,1071,POSTED
JE-2023-01907,2023-11-17,2023-11-20,2023-11,FY2024,8,CASH,Customer receipt SI-2023-01069,1072,1071,POSTED
JE-2023-01908,2023-11-14,2023-11-14,2023-11,FY2024,8,CASH,Customer receipt SI-2023-01071,1072,1071,POSTED
JE-2023-01909,2023-11-06,2023-11-06,2023-11,FY2024,8,CASH,Customer receipt SI-2023-01073,1072,1071,POSTED
JE-2023-01910,2023-11-21,2023-11-23,2023-11,FY2024,8,CASH,Customer receipt SI-2023-01074,1072,1071,POSTED
JE-2023-01911,2023-11-30,2023-12-01,2023-11,FY2024,8,CASH,Customer receipt SI-2023-01075,1072,1071,POSTED
JE-2023-01912,2023-11-09,2023-11-10,2023-11,FY2024,8,CASH,Customer receipt SI-2023-01077,1072,1071,POSTED
JE-2023-01913,2023-11-17,2023-11-17,2023-11,FY2024,8,CASH,Customer receipt SI-2023-01078,1072,1071,POSTED
JE-2023-01914,2023-11-01,2023-11-03,2023-11,FY2024,8,CASH,Customer receipt SI-2023-01080,1072,1071,POSTED
JE-2023-01915,2023-11-21,2023-11-21,2023-11,FY2024,8,CASH,Customer receipt SI-2023-01081,1072,1071,POSTED
JE-2023-01916,2023-11-06,2023-11-07,2023-11,FY2024,8,CASH,Customer receipt SI-2023-01082,1072,1071,POSTED
JE-2023-01917,2023-11-03,2023-11-03,2023-11,FY2024,8,CASH,Customer receipt SI-2023-01088,1072,1071,POSTED
JE-2023-01918,2023-11-23,2023-11-23,2023-11,FY2024,8,CASH,Customer receipt SI-2023-01091,1072,1071,POSTED
JE-2023-01919,2023-11-03,2023-11-03,2023-11,FY2024,8,CASH,Customer receipt SI-2023-01093,1072,1071,POSTED
JE-2023-01920,2023-11-08,2023-11-09,2023-11,FY2024,8,CASH,Customer receipt SI-2023-01095,1072,1071,POSTED
JE-2023-01921,2023-11-24,2023-11-24,2023-11,FY2024,8,CASH,Customer receipt SI-2023-01097,1072,1071,POSTED
JE-2023-01922,2023-11-22,2023-11-24,2023-11,FY2024,8,CASH,Customer receipt SI-2023-01099,1072,1071,POSTED
JE-2023-01923,2023-11-29,2023-12-01,2023-11,FY2024,8,CASH,Customer receipt SI-2023-01100,1072,1071,POSTED
JE-2023-01924,2023-11-22,2023-11-23,2023-11,FY2024,8,CASH,Customer receipt SI-2023-01104,1072,1071,POSTED
JE-2023-01925,2023-11-17,2023-11-17,2023-11,FY2024,8,CASH,Customer receipt SI-2023-01117,1072,1071,POSTED
JE-2023-01926,2023-11-24,2023-11-24,2023-11,FY2024,8,CASH,Customer receipt SI-2023-01147,1072,1071,POSTED
JE-2023-01927,2023-11-17,2023-11-17,2023-11,FY2024,8,CASH,Customer receipt SI-2023-01153,1072,1071,POSTED
JE-2023-01928,2023-11-15,2023-11-15,2023-11,FY2024,8,CASH,Customer receipt SI-2023-01157,1072,1071,POSTED
JE-2023-01929,2023-11-29,2023-11-30,2023-11,FY2024,8,CASH,Customer receipt SI-2023-01163,1072,1071,POSTED
JE-2023-01930,2023-11-01,2023-11-02,2023-11,FY2024,8,CASH,Supplier payment PI-2023-00688,1072,1071,POSTED
JE-2023-01931,2023-10-31,2023-11-03,2023-10,FY2024,7,CASH,Supplier payment PI-2023-00702,1072,1071,POSTED
JE-2023-01932,2023-11-01,2023-11-02,2023-11,FY2024,8,CASH,Supplier payment PI-2023-00717,1072,1071,POSTED
JE-2023-01933,2023-11-06,2023-11-06,2023-11,FY2024,8,CASH,Supplier payment PI-2023-00718,1072,1071,POSTED
JE-2023-01934,2023-11-27,2023-11-30,2023-11,FY2024,8,CASH,Supplier payment PI-2023-00720,1072,1071,POSTED
JE-2023-01935,2023-10-23,2023-10-25,2023-10,FY2024,7,CASH,Supplier payment PI-2023-00725,1072,1071,POSTED
JE-2023-01936,2023-10-20,2023-10-20,2023-10,FY2024,7,CASH,Supplier payment PI-2023-00727,1072,1071,POSTED
JE-2023-01937,2023-10-27,2023-10-27,2023-10,FY2024,7,CASH,Supplier payment PI-2023-00735,1072,1071,POSTED
JE-2023-01938,2023-11-01,2023-11-01,2023-11,FY2024,8,CASH,Supplier payment PI-2023-00739,1072,1071,POSTED
JE-2023-01939,2023-11-03,2023-11-06,2023-11,FY2024,8,CASH,Supplier payment PI-2023-00741,1072,1071,POSTED
JE-2023-01940,2023-11-24,2023-11-24,2023-11,FY2024,8,CASH,Supplier payment PI-2023-00744,1072,1071,POSTED
JE-2023-01941,2023-11-21,2023-11-22,2023-11,FY2024,8,CASH,Supplier payment PI-2023-00745,1072,1071,POSTED
JE-2023-01942,2023-11-24,2023-11-24,2023-11,FY2024,8,CASH,Supplier payment PI-2023-00747,1072,1071,POSTED
JE-2023-01943,2023-10-25,2023-10-27,2023-10,FY2024,7,CASH,Supplier payment PI-2023-00748,1072,1071,POSTED
JE-2023-01944,2023-11-29,2023-11-30,2023-11,FY2024,8,CASH,Supplier payment PI-2023-00749,1072,1071,POSTED
JE-2023-01945,2023-11-15,2023-11-16,2023-11,FY2024,8,CASH,Supplier payment PI-2023-00750,1072,1071,POSTED
JE-2023-01946,2023-11-23,2023-11-24,2023-11,FY2024,8,CASH,Supplier payment PI-2023-00752,1072,1071,POSTED
JE-2023-01947,2023-11-01,2023-11-02,2023-11,FY2024,8,CASH,Supplier payment PI-2023-00755,1072,1071,POSTED
JE-2023-01948,2023-11-21,2023-11-23,2023-11,FY2024,8,CASH,Supplier payment PI-2023-00756,1072,1071,POSTED
JE-2023-01949,2023-11-24,2023-11-24,2023-11,FY2024,8,CASH,Supplier payment PI-2023-00758,1072,1071,POSTED
JE-2023-01950,2023-11-24,2023-11-24,2023-11,FY2024,8,CASH,Supplier payment PI-2023-00760,1072,1071,POSTED
JE-2023-01951,2023-10-30,2023-10-31,2023-10,FY2024,7,CASH,Supplier payment PI-2023-00761,1072,1071,POSTED
JE-2023-01952,2023-11-08,2023-11-10,2023-11,FY2024,8,CASH,Supplier payment PI-2023-00762,1072,1071,POSTED
JE-2023-01953,2023-11-17,2023-11-17,2023-11,FY2024,8,CASH,Supplier payment PI-2023-00764,1072,1071,POSTED
JE-2023-01954,2023-11-14,2023-11-15,2023-11,FY2024,8,CASH,Supplier payment PI-2023-00768,1072,1071,POSTED
JE-2023-01955,2023-11-22,2023-11-22,2023-11,FY2024,8,CASH,Supplier payment PI-2023-00770,1072,1071,POSTED
JE-2023-01956,2023-11-02,2023-11-03,2023-11,FY2024,8,CASH,Supplier payment PI-2023-00773,1072,1071,POSTED
JE-2023-01957,2023-11-21,2023-11-24,2023-11,FY2024,8,CASH,Supplier payment PI-2023-00774,1072,1071,POSTED
JE-2023-01958,2023-11-10,2023-11-10,2023-11,FY2024,8,CASH,Supplier payment PI-2023-00775,1072,1071,POSTED
JE-2023-01959,2023-11-03,2023-11-03,2023-11,FY2024,8,CASH,Supplier payment PI-2023-00776,1072,1071,POSTED
JE-2023-01960,2023-11-17,2023-11-17,2023-11,FY2024,8,CASH,Supplier payment PI-2023-00783,1072,1071,POSTED
JE-2023-01961,2023-11-28,2023-11-30,2023-11,FY2024,8,CASH,Supplier payment PI-2023-00817,1072,1071,POSTED
JE-2023-01962,2023-11-29,2023-12-01,2023-11,FY2024,8,CASH,Supplier payment PI-2023-00820,1072,1071,POSTED
JE-2023-01963,2023-11-28,2023-11-29,2023-11,FY2024,8,CASH,Supplier payment PI-2023-00821,1072,1071,POSTED
JE-2023-01964,2023-11-15,2023-11-17,2023-11,FY2024,8,CASH,Supplier payment PI-2023-00824,1072,1071,POSTED
JE-2023-01965,2023-11-28,2023-11-29,2023-11,FY2024,8,PAYROLL,Payroll November 2023,1072,1071,POSTED
JE-2023-01966,2023-11-30,2023-12-01,2023-11,FY2024,8,GENERAL,Depreciation Nov 2023,1072,1071,POSTED
JE-2023-01967,2023-11-30,2023-12-01,2023-11,FY2024,8,GENERAL,Bank charges and interest Nov 2023,1072,1071,POSTED
JE-2023-01968,2023-12-29,2024-01-01,2023-12,FY2024,9,AR,Sales invoice SI-2023-01166,1072,1071,POSTED
JE-2023-01969,2023-12-01,2023-12-01,2023-12,FY2024,9,AR,Sales invoice SI-2023-01167,1072,1071,POSTED
JE-2023-01970,2023-12-28,2023-12-29,2023-12,FY2024,9,AR,Sales invoice SI-2023-01168,1072,1071,POSTED
JE-2023-01971,2023-12-08,2023-12-11,2023-12,FY2024,9,AR,Sales invoice SI-2023-01169,1072,1071,POSTED
JE-2023-01972,2023-12-15,2023-12-15,2023-12,FY2024,9,AR,Sales invoice SI-2023-01170,1072,1071,POSTED
JE-2023-01973,2023-12-06,2023-12-08,2023-12,FY2024,9,AR,Sales invoice SI-2023-01171,1072,1071,POSTED
JE-2023-01974,2023-12-01,2023-12-04,2023-12,FY2024,9,AR,Sales invoice SI-2023-01172,1072,1071,POSTED
JE-2023-01975,2023-12-27,2023-12-29,2023-12,FY2024,9,AR,Sales invoice SI-2023-01173,1072,1071,POSTED
JE-2023-01976,2023-12-19,2023-12-20,2023-12,FY2024,9,AR,Sales invoice SI-2023-01174,1072,1071,POSTED
JE-2023-01977,2023-12-07,2023-12-08,2023-12,FY2024,9,AR,Sales invoice SI-2023-01175,1072,1071,POSTED
JE-2023-01978,2023-12-25,2023-12-25,2023-12,FY2024,9,AR,Sales invoice SI-2023-01176,1072,1071,POSTED
JE-2023-01979,2023-12-29,2023-12-29,2023-12,FY2024,9,AR,Sales invoice SI-2023-01177,1072,1071,POSTED
JE-2023-01980,2023-12-08,2023-12-08,2023-12,FY2024,9,AR,Sales invoice SI-2023-01178,1072,1071,POSTED
JE-2023-01981,2023-12-20,2023-12-20,2023-12,FY2024,9,AR,Sales invoice SI-2023-01179,1072,1071,POSTED
JE-2023-01982,2023-12-01,2023-12-01,2023-12,FY2024,9,AR,Sales invoice SI-2023-01180,1072,1071,POSTED
JE-2023-01983,2023-12-21,2023-12-22,2023-12,FY2024,9,AR,Sales invoice SI-2023-01181,1072,1071,POSTED
JE-2023-01984,2023-12-21,2023-12-22,2023-12,FY2024,9,AR,Sales invoice SI-2023-01182,1072,1071,POSTED
JE-2023-01985,2023-12-12,2023-12-12,2023-12,FY2024,9,AR,Sales invoice SI-2023-01183,1072,1071,POSTED
JE-2023-01986,2023-12-15,2023-12-15,2023-12,FY2024,9,AR,Sales invoice SI-2023-01184,1072,1071,POSTED
JE-2023-01987,2023-12-20,2023-12-22,2023-12,FY2024,9,AR,Sales invoice SI-2023-01185,1072,1071,POSTED
JE-2023-01988,2023-12-29,2023-12-29,2023-12,FY2024,9,AR,Sales invoice SI-2023-01186,1072,1071,POSTED
JE-2023-01989,2023-12-26,2023-12-26,2023-12,FY2024,9,AR,Sales invoice SI-2023-01187,1072,1071,POSTED
JE-2023-01990,2023-12-29,2024-01-01,2023-12,FY2024,9,AR,Sales invoice SI-2023-01188,1072,1071,POSTED
JE-2023-01991,2023-12-15,2023-12-15,2023-12,FY2024,9,AR,Sales invoice SI-2023-01189,1072,1071,POSTED
JE-2023-01992,2023-12-06,2023-12-08,2023-12,FY2024,9,AR,Sales invoice SI-2023-01190,1072,1071,POSTED
JE-2023-01993,2023-12-15,2023-12-15,2023-12,FY2024,9,AR,Sales invoice SI-2023-01191,1072,1071,POSTED
JE-2023-01994,2023-12-22,2023-12-22,2023-12,FY2024,9,AR,Sales invoice SI-2023-01192,1072,1071,POSTED
JE-2023-01995,2023-12-01,2023-12-04,2023-12,FY2024,9,AR,Sales invoice SI-2023-01193,1072,1071,POSTED
JE-2023-01996,2023-12-27,2023-12-29,2023-12,FY2024,9,AR,Sales invoice SI-2023-01194,1072,1071,POSTED
JE-2023-01997,2023-12-07,2023-12-08,2023-12,FY2024,9,AR,Sales invoice SI-2023-01195,1072,1071,POSTED
JE-2023-01998,2023-12-27,2023-12-27,2023-12,FY2024,9,AR,Sales invoice SI-2023-01196,1072,1071,POSTED
JE-2023-01999,2023-12-22,2023-12-22,2023-12,FY2024,9,AR,Sales invoice SI-2023-01197,1072,1071,POSTED
JE-2023-02000,2023-12-08,2023-12-08,2023-12,FY2024,9,AR,Sales invoice SI-2023-01198,1072,1071,POSTED
JE-2023-02001,2023-12-01,2023-12-01,2023-12,FY2024,9,AR,Sales invoice SI-2023-01199,1072,1071,POSTED
JE-2023-02002,2023-12-07,2023-12-08,2023-12,FY2024,9,AR,Sales invoice SI-2023-01200,1072,1071,POSTED
JE-2023-02003,2023-12-08,2023-12-08,2023-12,FY2024,9,AR,Sales invoice SI-2023-01201,1072,1071,POSTED
JE-2023-02004,2023-12-08,2023-12-08,2023-12,FY2024,9,AR,Sales invoice SI-2023-01202,1072,1071,POSTED
JE-2023-02005,2023-12-15,2023-12-15,2023-12,FY2024,9,AR,Sales invoice SI-2023-01203,1072,1071,POSTED
JE-2023-02006,2023-12-08,2023-12-08,2023-12,FY2024,9,AR,Sales invoice SI-2023-01204,1072,1071,POSTED
JE-2023-02007,2023-12-29,2023-12-29,2023-12,FY2024,9,AR,Sales invoice SI-2023-01205,1072,1071,POSTED
JE-2023-02008,2023-12-12,2023-12-15,2023-12,FY2024,9,AR,Sales invoice SI-2023-01206,1072,1071,POSTED
JE-2023-02009,2023-12-06,2023-12-06,2023-12,FY2024,9,AR,Sales invoice SI-2023-01207,1072,1071,POSTED
JE-2023-02010,2023-12-08,2023-12-08,2023-12,FY2024,9,AR,Sales invoice SI-2023-01208,1072,1071,POSTED
JE-2023-02011,2023-12-15,2023-12-15,2023-12,FY2024,9,AR,Sales invoice SI-2023-01209,1072,1071,POSTED
JE-2023-02012,2023-12-14,2023-12-15,2023-12,FY2024,9,AR,Sales invoice SI-2023-01210,1072,1071,POSTED
JE-2023-02013,2023-12-08,2023-12-08,2023-12,FY2024,9,AR,Sales invoice SI-2023-01211,1072,1071,POSTED
JE-2023-02014,2023-12-13,2023-12-13,2023-12,FY2024,9,AR,Sales invoice SI-2023-01212,1072,1071,POSTED
JE-2023-02015,2023-12-22,2023-12-22,2023-12,FY2024,9,AR,Sales invoice SI-2023-01213,1072,1071,POSTED
JE-2023-02016,2023-12-15,2023-12-15,2023-12,FY2024,9,AR,Sales invoice SI-2023-01214,1072,1071,POSTED
JE-2023-02017,2023-12-22,2023-12-22,2023-12,FY2024,9,AR,Sales invoice SI-2023-01215,1072,1071,POSTED
JE-2023-02018,2023-12-11,2023-12-14,2023-12,FY2024,9,AR,Sales invoice SI-2023-01216,1072,1071,POSTED
JE-2023-02019,2023-12-12,2023-12-15,2023-12,FY2024,9,AR,Sales invoice SI-2023-01217,1072,1071,POSTED
JE-2023-02020,2023-12-29,2023-12-29,2023-12,FY2024,9,AR,Sales invoice SI-2023-01218,1072,1071,POSTED
JE-2023-02021,2023-12-26,2023-12-29,2023-12,FY2024,9,AR,Sales invoice SI-2023-01219,1072,1071,POSTED
JE-2023-02022,2023-12-29,2023-12-29,2023-12,FY2024,9,AR,Sales invoice SI-2023-01220,1072,1071,POSTED
JE-2023-02023,2023-12-11,2023-12-13,2023-12,FY2024,9,AP,Purchase invoice PI-2023-00825,1072,1071,POSTED
JE-2023-02024,2023-12-01,2023-12-01,2023-12,FY2024,9,AP,Purchase invoice PI-2023-00826,1072,1071,POSTED
JE-2023-02025,2023-12-08,2023-12-08,2023-12,FY2024,9,AP,Purchase invoice PI-2023-00827,1072,1071,POSTED
JE-2023-02026,2023-12-08,2023-12-08,2023-12,FY2024,9,AP,Purchase invoice PI-2023-00828,1072,1071,POSTED
JE-2023-02027,2023-12-29,2024-01-01,2023-12,FY2024,9,AP,Purchase invoice PI-2023-00829,1072,1071,POSTED
JE-2023-02028,2023-12-08,2023-12-11,2023-12,FY2024,9,AP,Purchase invoice PI-2023-00830,1072,1071,POSTED
JE-2023-02029,2023-12-28,2023-12-29,2023-12,FY2024,9,AP,Purchase invoice PI-2023-00831,1072,1071,POSTED
JE-2023-02030,2023-12-25,2023-12-26,2023-12,FY2024,9,AP,Purchase invoice PI-2023-00832,1072,1071,POSTED
JE-2023-02031,2023-12-29,2023-12-29,2023-12,FY2024,9,AP,Purchase invoice PI-2023-00833,1072,1071,POSTED
JE-2023-02032,2023-12-07,2023-12-08,2023-12,FY2024,9,AP,Purchase invoice PI-2023-00834,1072,1071,POSTED
JE-2023-02033,2023-12-01,2023-12-01,2023-12,FY2024,9,AP,Purchase invoice PI-2023-00835,1072,1071,POSTED
JE-2023-02034,2023-12-28,2023-12-28,2023-12,FY2024,9,AP,Purchase invoice PI-2023-00836,1072,1071,POSTED
JE-2023-02035,2023-12-01,2023-12-01,2023-12,FY2024,9,AP,Purchase invoice PI-2023-00837,1072,1071,POSTED
JE-2023-02036,2023-12-20,2023-12-21,2023-12,FY2024,9,AP,Purchase invoice PI-2023-00838,1072,1071,POSTED
JE-2023-02037,2023-12-01,2023-12-01,2023-12,FY2024,9,AP,Purchase invoice PI-2023-00839,1072,1071,POSTED
JE-2023-02038,2023-12-08,2023-12-08,2023-12,FY2024,9,AP,Purchase invoice PI-2023-00840,1072,1071,POSTED
JE-2023-02039,2023-12-15,2023-12-15,2023-12,FY2024,9,AP,Purchase invoice PI-2023-00841,1072,1071,POSTED
JE-2023-02040,2023-12-07,2023-12-08,2023-12,FY2024,9,AP,Purchase invoice PI-2023-00842,1072,1071,POSTED
JE-2023-02041,2023-12-21,2023-12-22,2023-12,FY2024,9,AP,Purchase invoice PI-2023-00843,1072,1071,POSTED
JE-2023-02042,2023-12-22,2023-12-22,2023-12,FY2024,9,AP,Purchase invoice PI-2023-00844,1072,1071,POSTED
JE-2023-02043,2023-12-29,2023-12-29,2023-12,FY2024,9,AP,Purchase invoice PI-2023-00845,1072,1071,POSTED
JE-2023-02044,2023-12-01,2023-12-01,2023-12,FY2024,9,AP,Purchase invoice PI-2023-00846,1072,1071,POSTED
JE-2023-02045,2023-12-08,2023-12-11,2023-12,FY2024,9,AP,Purchase invoice PI-2023-00847,1072,1071,POSTED
JE-2023-02046,2023-12-19,2023-12-21,2023-12,FY2024,9,AP,Purchase invoice PI-2023-00848,1072,1071,POSTED
JE-2023-02047,2023-12-01,2023-12-01,2023-12,FY2024,9,AP,Purchase invoice PI-2023-00849,1072,1071,POSTED
JE-2023-02048,2023-12-15,2023-12-18,2023-12,FY2024,9,AP,Purchase invoice PI-2023-00850,1072,1071,POSTED
JE-2023-02049,2023-12-15,2023-12-15,2023-12,FY2024,9,AP,Purchase invoice PI-2023-00851,1072,1071,POSTED
JE-2023-02050,2023-12-21,2023-12-22,2023-12,FY2024,9,AP,Purchase invoice PI-2023-00852,1072,1071,POSTED
JE-2023-02051,2023-12-01,2023-12-01,2023-12,FY2024,9,AP,Purchase invoice PI-2023-00853,1072,1071,POSTED
JE-2023-02052,2023-12-11,2023-12-12,2023-12,FY2024,9,AP,Purchase invoice PI-2023-00854,1072,1071,POSTED
JE-2023-02053,2023-12-01,2023-12-01,2023-12,FY2024,9,AP,Purchase invoice PI-2023-00855,1072,1071,POSTED
JE-2023-02054,2023-12-15,2023-12-15,2023-12,FY2024,9,AP,Purchase invoice PI-2023-00856,1072,1071,POSTED
JE-2023-02055,2023-12-06,2023-12-06,2023-12,FY2024,9,AP,Purchase invoice PI-2023-00857,1072,1071,POSTED
JE-2023-02056,2023-12-11,2023-12-14,2023-12,FY2024,9,AP,Purchase invoice PI-2023-00858,1072,1071,POSTED
JE-2023-02057,2023-12-29,2023-12-29,2023-12,FY2024,9,AP,Purchase invoice PI-2023-00859,1072,1071,POSTED
JE-2023-02058,2023-12-13,2023-12-13,2023-12,FY2024,9,AP,Purchase invoice PI-2023-00860,1072,1071,POSTED
JE-2023-02059,2023-12-28,2023-12-28,2023-12,FY2024,9,AP,Purchase invoice PI-2023-00861,1072,1071,POSTED
JE-2023-02060,2023-12-08,2023-12-08,2023-12,FY2024,9,AP,Purchase invoice PI-2023-00862,1072,1071,POSTED
JE-2023-02061,2023-12-05,2023-12-06,2023-12,FY2024,9,AP,Purchase invoice PI-2023-00863,1072,1071,POSTED
JE-2023-02062,2023-12-01,2023-12-01,2023-12,FY2024,9,AP,Purchase invoice PI-2023-00864,1072,1071,POSTED
JE-2023-02063,2023-09-07,2023-09-08,2023-09,FY2024,6,CASH,Customer receipt SI-2023-00952,1072,1071,POSTED
JE-2023-02064,2023-11-17,2023-11-17,2023-11,FY2024,8,CASH,Customer receipt SI-2023-00990,1072,1071,POSTED
JE-2023-02065,2023-11-03,2023-11-03,2023-11,FY2024,8,CASH,Customer receipt SI-2023-01001,1072,1071,POSTED
JE-2023-02066,2023-11-24,2023-11-27,2023-11,FY2024,8,CASH,Customer receipt SI-2023-01002,1072,1071,POSTED
JE-2023-02067,2023-12-22,2023-12-22,2023-12,FY2024,9,CASH,Customer receipt SI-2023-01004,1072,1071,POSTED
JE-2023-02068,2023-11-17,2023-11-17,2023-11,FY2024,8,CASH,Customer receipt SI-2023-01014,1072,1071,POSTED
JE-2023-02069,2023-11-15,2023-11-17,2023-11,FY2024,8,CASH,Customer receipt SI-2023-01017,1072,1071,POSTED
JE-2023-02070,2023-11-16,2023-11-17,2023-11,FY2024,8,CASH,Customer receipt SI-2023-01020,1072,1071,POSTED
JE-2023-02071,2023-12-15,2023-12-15,2023-12,FY2024,9,CASH,Customer receipt SI-2023-01021,1072,1071,POSTED
JE-2023-02072,2023-12-29,2023-12-29,2023-12,FY2024,9,CASH,Customer receipt SI-2023-01022,1072,1071,POSTED
JE-2023-02073,2023-11-10,2023-11-10,2023-11,FY2024,8,CASH,Customer receipt SI-2023-01024,1072,1071,POSTED
JE-2023-02074,2023-12-29,2023-12-29,2023-12,FY2024,9,CASH,Customer receipt SI-2023-01027,1072,1071,POSTED
JE-2023-02075,2023-12-01,2023-12-01,2023-12,FY2024,9,CASH,Customer receipt SI-2023-01029,1072,1071,POSTED
JE-2023-02076,2023-12-04,2023-12-04,2023-12,FY2024,9,CASH,Customer receipt SI-2023-01030,1072,1071,POSTED
JE-2023-02077,2023-12-29,2023-12-29,2023-12,FY2024,9,CASH,Customer receipt SI-2023-01034,1072,1071,POSTED
JE-2023-02078,2023-12-21,2023-12-22,2023-12,FY2024,9,CASH,Customer receipt SI-2023-01037,1072,1071,POSTED
JE-2023-02079,2023-11-16,2023-11-17,2023-11,FY2024,8,CASH,Customer receipt SI-2023-01039,1072,1071,POSTED
JE-2023-02080,2023-11-07,2023-11-08,2023-11,FY2024,8,CASH,Customer receipt SI-2023-01049,1072,1071,POSTED
JE-2023-02081,2023-12-05,2023-12-08,2023-12,FY2024,9,CASH,Customer receipt SI-2023-01050,1072,1071,POSTED
JE-2023-02082,2023-11-20,2023-11-20,2023-11,FY2024,8,CASH,Customer receipt SI-2023-01053,1072,1071,POSTED
JE-2023-02083,2023-12-06,2023-12-07,2023-12,FY2024,9,CASH,Customer receipt SI-2023-01054,1072,1071,POSTED
JE-2023-02084,2023-11-10,2023-11-10,2023-11,FY2024,8,CASH,Customer receipt SI-2023-01056,1072,1071,POSTED
JE-2023-02085,2023-12-01,2023-12-04,2023-12,FY2024,9,CASH,Customer receipt SI-2023-01057,1072,1071,POSTED
JE-2023-02086,2023-11-14,2023-11-14,2023-11,FY2024,8,CASH,Customer receipt SI-2023-01061,1072,1071,POSTED
JE-2023-02087,2023-11-20,2023-11-22,2023-11,FY2024,8,CASH,Customer receipt SI-2023-01064,1072,1071,POSTED
JE-2023-02088,2023-12-22,2023-12-22,2023-12,FY2024,9,CASH,Customer receipt SI-2023-01066,1072,1071,POSTED
JE-2023-02089,2023-12-15,2023-12-15,2023-12,FY2024,9,CASH,Customer receipt SI-2023-01067,1072,1071,POSTED
JE-2023-02090,2023-12-07,2023-12-07,2023-12,FY2024,9,CASH,Customer receipt SI-2023-01070,1072,1071,POSTED
JE-2023-02091,2023-12-22,2023-12-22,2023-12,FY2024,9,CASH,Customer receipt SI-2023-01083,1072,1071,POSTED
JE-2023-02092,2023-11-24,2023-11-24,2023-11,FY2024,8,CASH,Customer receipt SI-2023-01085,1072,1071,POSTED
JE-2023-02093,2023-12-18,2023-12-21,2023-12,FY2024,9,CASH,Customer receipt SI-2023-01086,1072,1071,POSTED
JE-2023-02094,2023-11-07,2023-11-07,2023-11,FY2024,8,CASH,Customer receipt SI-2023-01089,1072,1071,POSTED
JE-2023-02095,2023-12-21,2023-12-22,2023-12,FY2024,9,CASH,Customer receipt SI-2023-01090,1072,1071,POSTED
JE-2023-02096,2023-12-18,2023-12-18,2023-12,FY2024,9,CASH,Customer receipt SI-2023-01096,1072,1071,POSTED
JE-2023-02097,2023-12-07,2023-12-08,2023-12,FY2024,9,CASH,Customer receipt SI-2023-01098,1072,1071,POSTED
JE-2023-02098,2023-11-24,2023-11-24,2023-11,FY2024,8,CASH,Customer receipt SI-2023-01101,1072,1071,POSTED
JE-2023-02099,2023-11-10,2023-11-13,2023-11,FY2024,8,CASH,Customer receipt SI-2023-01102,1072,1071,POSTED
JE-2023-02100,2023-12-28,2023-12-29,2023-12,FY2024,9,CASH,Customer receipt SI-2023-01105,1072,1071,POSTED
JE-2023-02101,2023-12-15,2023-12-15,2023-12,FY2024,9,CASH,Customer receipt SI-2023-01107,1072,1071,POSTED
JE-2023-02102,2023-12-01,2023-12-01,2023-12,FY2024,9,CASH,Customer receipt SI-2023-01108,1072,1071,POSTED
JE-2023-02103,2023-12-15,2023-12-15,2023-12,FY2024,9,CASH,Customer receipt SI-2023-01109,1072,1071,POSTED
JE-2023-02104,2023-12-15,2023-12-15,2023-12,FY2024,9,CASH,Customer receipt SI-2023-01110,1072,1071,POSTED
JE-2023-02105,2023-12-29,2024-01-01,2023-12,FY2024,9,CASH,Customer receipt SI-2023-01112,1072,1071,POSTED
JE-2023-02106,2023-12-08,2023-12-08,2023-12,FY2024,9,CASH,Customer receipt SI-2023-01113,1072,1071,POSTED
JE-2023-02107,2023-12-22,2023-12-22,2023-12,FY2024,9,CASH,Customer receipt SI-2023-01114,1072,1071,POSTED
JE-2023-02108,2023-12-12,2023-12-15,2023-12,FY2024,9,CASH,Customer receipt SI-2023-01116,1072,1071,POSTED
JE-2023-02109,2023-12-26,2023-12-26,2023-12,FY2024,9,CASH,Customer receipt SI-2023-01119,1072,1071,POSTED
JE-2023-02110,2023-11-23,2023-11-24,2023-11,FY2024,8,CASH,Customer receipt SI-2023-01121,1072,1071,POSTED
JE-2023-02111,2023-12-29,2024-01-01,2023-12,FY2024,9,CASH,Customer receipt SI-2023-01122,1072,1071,POSTED
JE-2023-02112,2023-12-11,2023-12-12,2023-12,FY2024,9,CASH,Customer receipt SI-2023-01125,1072,1071,POSTED
JE-2023-02113,2023-11-24,2023-11-27,2023-11,FY2024,8,CASH,Customer receipt SI-2023-01132,1072,1071,POSTED
JE-2023-02114,2023-11-29,2023-11-29,2023-11,FY2024,8,CASH,Customer receipt SI-2023-01139,1072,1071,POSTED
JE-2023-02115,2023-12-20,2023-12-20,2023-12,FY2024,9,CASH,Customer receipt SI-2023-01140,1072,1071,POSTED
JE-2023-02116,2023-11-29,2023-11-29,2023-11,FY2024,8,CASH,Customer receipt SI-2023-01141,1072,1071,POSTED
JE-2023-02117,2023-12-01,2023-12-01,2023-12,FY2024,9,CASH,Customer receipt SI-2023-01145,1072,1071,POSTED
JE-2023-02118,2023-12-08,2023-12-11,2023-12,FY2024,9,CASH,Customer receipt SI-2023-01156,1072,1071,POSTED
JE-2023-02119,2023-12-12,2023-12-13,2023-12,FY2024,9,CASH,Customer receipt SI-2023-01162,1072,1071,POSTED
JE-2023-02120,2023-12-27,2023-12-29,2023-12,FY2024,9,CASH,Customer receipt SI-2023-01169,1072,1071,POSTED
JE-2023-02121,2023-12-22,2023-12-25,2023-12,FY2024,9,CASH,Customer receipt SI-2023-01216,1072,1071,POSTED
JE-2023-02122,2023-11-21,2023-11-23,2023-11,FY2024,8,CASH,Supplier payment PI-2023-00723,1072,1071,POSTED
JE-2023-02123,2023-12-15,2023-12-15,2023-12,FY2024,9,CASH,Supplier payment PI-2023-00753,1072,1071,POSTED
JE-2023-02124,2023-12-15,2023-12-18,2023-12,FY2024,9,CASH,Supplier payment PI-2023-00754,1072,1071,POSTED
JE-2023-02125,2023-11-23,2023-11-24,2023-11,FY2024,8,CASH,Supplier payment PI-2023-00757,1072,1071,POSTED
JE-2023-02126,2023-12-22,2023-12-22,2023-12,FY2024,9,CASH,Supplier payment PI-2023-00759,1072,1071,POSTED
JE-2023-02127,2023-12-26,2023-12-26,2023-12,FY2024,9,CASH,Supplier payment PI-2023-00765,1072,1071,POSTED
JE-2023-02128,2023-12-01,2023-12-01,2023-12,FY2024,9,CASH,Supplier payment PI-2023-00766,1072,1071,POSTED
JE-2023-02129,2023-12-21,2023-12-22,2023-12,FY2024,9,CASH,Supplier payment PI-2023-00769,1072,1071,POSTED
JE-2023-02130,2023-12-08,2023-12-11,2023-12,FY2024,9,CASH,Supplier payment PI-2023-00772,1072,1071,POSTED
JE-2023-02131,2023-12-15,2023-12-15,2023-12,FY2024,9,CASH,Supplier payment PI-2023-00778,1072,1071,POSTED
JE-2023-02132,2023-12-22,2023-12-25,2023-12,FY2024,9,CASH,Supplier payment PI-2023-00780,1072,1071,POSTED
JE-2023-02133,2023-12-15,2023-12-18,2023-12,FY2024,9,CASH,Supplier payment PI-2023-00781,1072,1071,POSTED
JE-2023-02134,2023-11-24,2023-11-27,2023-11,FY2024,8,CASH,Supplier payment PI-2023-00782,1072,1071,POSTED
JE-2023-02135,2023-12-05,2023-12-06,2023-12,FY2024,9,CASH,Supplier payment PI-2023-00784,1072,1071,POSTED
JE-2023-02136,2023-12-15,2023-12-15,2023-12,FY2024,9,CASH,Supplier payment PI-2023-00786,1072,1071,POSTED
JE-2023-02137,2023-12-21,2023-12-22,2023-12,FY2024,9,CASH,Supplier payment PI-2023-00787,1072,1071,POSTED
JE-2023-02138,2023-12-01,2023-12-01,2023-12,FY2024,9,CASH,Supplier payment PI-2023-00788,1072,1071,POSTED
JE-2023-02139,2023-12-01,2023-12-01,2023-12,FY2024,9,CASH,Supplier payment PI-2023-00789,1072,1071,POSTED
JE-2023-02140,2023-12-29,2024-01-01,2023-12,FY2024,9,CASH,Supplier payment PI-2023-00790,1072,1071,POSTED
JE-2023-02141,2023-12-22,2023-12-22,2023-12,FY2024,9,CASH,Supplier payment PI-2023-00791,1072,1071,POSTED
JE-2023-02142,2023-12-22,2023-12-25,2023-12,FY2024,9,CASH,Supplier payment PI-2023-00792,1072,1071,POSTED
JE-2023-02143,2023-11-23,2023-11-23,2023-11,FY2024,8,CASH,Supplier payment PI-2023-00794,1072,1071,POSTED
JE-2023-02144,2023-12-15,2023-12-15,2023-12,FY2024,9,CASH,Supplier payment PI-2023-00795,1072,1071,POSTED
JE-2023-02145,2023-12-08,2023-12-11,2023-12,FY2024,9,CASH,Supplier payment PI-2023-00797,1072,1071,POSTED
JE-2023-02146,2023-12-19,2023-12-22,2023-12,FY2024,9,CASH,Supplier payment PI-2023-00799,1072,1071,POSTED
JE-2023-02147,2023-12-22,2023-12-22,2023-12,FY2024,9,CASH,Supplier payment PI-2023-00800,1072,1071,POSTED
JE-2023-02148,2023-12-22,2023-12-22,2023-12,FY2024,9,CASH,Supplier payment PI-2023-00801,1072,1071,POSTED
JE-2023-02149,2023-12-28,2023-12-28,2023-12,FY2024,9,CASH,Supplier payment PI-2023-00808,1072,1071,POSTED
JE-2023-02150,2023-12-04,2023-12-06,2023-12,FY2024,9,CASH,Supplier payment PI-2023-00809,1072,1071,POSTED
JE-2023-02151,2023-12-29,2023-12-29,2023-12,FY2024,9,CASH,Supplier payment PI-2023-00810,1072,1071,POSTED
JE-2023-02152,2023-12-14,2023-12-15,2023-12,FY2024,9,CASH,Supplier payment PI-2023-00811,1072,1071,POSTED
JE-2023-02153,2023-12-29,2023-12-29,2023-12,FY2024,9,CASH,Supplier payment PI-2023-00813,1072,1071,POSTED
JE-2023-02154,2023-12-11,2023-12-14,2023-12,FY2024,9,CASH,Supplier payment PI-2023-00814,1072,1071,POSTED
JE-2023-02155,2023-12-01,2023-12-01,2023-12,FY2024,9,CASH,Supplier payment PI-2023-00823,1072,1071,POSTED
JE-2023-02156,2023-12-22,2023-12-22,2023-12,FY2024,9,CASH,Supplier payment PI-2023-00830,1072,1071,POSTED
JE-2023-02157,2023-12-22,2023-12-22,2023-12,FY2024,9,CASH,Supplier payment PI-2023-00840,1072,1071,POSTED
JE-2023-02158,2023-12-27,2023-12-29,2023-12,FY2024,9,CASH,Supplier payment PI-2023-00846,1072,1071,POSTED
JE-2023-02159,2023-12-29,2024-01-01,2023-12,FY2024,9,CASH,Supplier payment PI-2023-00849,1072,1071,POSTED
JE-2023-02160,2023-12-29,2023-12-29,2023-12,FY2024,9,CASH,Supplier payment PI-2023-00855,1072,1071,POSTED
JE-2023-02161,2023-12-29,2024-01-01,2023-12,FY2024,9,CASH,Supplier payment PI-2023-00863,1072,1071,POSTED
JE-2023-02162,2023-12-29,2023-12-29,2023-12,FY2024,9,CASH,Supplier payment PI-2023-00864,1072,1071,POSTED
JE-2023-02163,2023-12-28,2023-12-29,2023-12,FY2024,9,PAYROLL,Payroll December 2023,1072,1071,POSTED
JE-2023-02164,2023-12-31,2024-01-02,2023-12,FY2024,9,GENERAL,Depreciation Dec 2023,1072,1071,POSTED
JE-2023-02165,2023-12-31,2024-01-01,2023-12,FY2024,9,GENERAL,Bank charges and interest Dec 2023,1072,1071,POSTED
JE-2024-00001,2024-01-24,2024-01-26,2024-01,FY2024,10,AR,Sales invoice SI-2024-01221,1072,1071,POSTED
JE-2024-00002,2024-01-09,2024-01-10,2024-01,FY2024,10,AR,Sales invoice SI-2024-01222,1072,1071,POSTED
JE-2024-00003,2024-01-19,2024-01-19,2024-01,FY2024,10,AR,Sales invoice SI-2024-01223,1072,1071,POSTED
JE-2024-00004,2024-01-03,2024-01-03,2024-01,FY2024,10,AR,Sales invoice SI-2024-01224,1072,1071,POSTED
JE-2024-00005,2024-01-31,2024-02-01,2024-01,FY2024,10,AR,Sales invoice SI-2024-01225,1072,1071,POSTED
JE-2024-00006,2024-01-16,2024-01-17,2024-01,FY2024,10,AR,Sales invoice SI-2024-01226,1072,1071,POSTED
JE-2024-00007,2024-01-12,2024-01-12,2024-01,FY2024,10,AR,Sales invoice SI-2024-01227,1072,1071,POSTED
JE-2024-00008,2024-01-05,2024-01-05,2024-01,FY2024,10,AR,Sales invoice SI-2024-01228,1072,1071,POSTED
JE-2024-00009,2024-01-17,2024-01-19,2024-01,FY2024,10,AR,Sales invoice SI-2024-01229,1072,1071,POSTED
JE-2024-00010,2024-01-01,2024-01-01,2024-01,FY2024,10,AR,Sales invoice SI-2024-01230,1072,1071,POSTED
JE-2024-00011,2024-01-19,2024-01-22,2024-01,FY2024,10,AR,Sales invoice SI-2024-01231,1072,1071,POSTED
JE-2024-00012,2024-01-15,2024-01-16,2024-01,FY2024,10,AR,Sales invoice SI-2024-01232,1072,1071,POSTED
JE-2024-00013,2024-01-22,2024-01-22,2024-01,FY2024,10,AR,Sales invoice SI-2024-01233,1072,1071,POSTED
JE-2024-00014,2024-01-19,2024-01-19,2024-01,FY2024,10,AR,Sales invoice SI-2024-01234,1072,1071,POSTED
JE-2024-00015,2024-01-11,2024-01-12,2024-01,FY2024,10,AR,Sales invoice SI-2024-01235,1072,1071,POSTED
JE-2024-00016,2024-01-10,2024-01-11,2024-01,FY2024,10,AR,Sales invoice SI-2024-01236,1072,1071,POSTED
JE-2024-00017,2024-01-17,2024-01-19,2024-01,FY2024,10,AR,Sales invoice SI-2024-01237,1072,1071,POSTED
JE-2024-00018,2024-01-29,2024-02-01,2024-01,FY2024,10,AR,Sales invoice SI-2024-01238,1072,1071,POSTED
JE-2024-00019,2024-01-19,2024-01-22,2024-01,FY2024,10,AR,Sales invoice SI-2024-01239,1072,1071,POSTED
JE-2024-00020,2024-01-19,2024-01-19,2024-01,FY2024,10,AR,Sales invoice SI-2024-01240,1072,1071,POSTED
JE-2024-00021,2024-01-19,2024-01-19,2024-01,FY2024,10,AR,Sales invoice SI-2024-01241,1072,1071,POSTED
JE-2024-00022,2024-01-26,2024-01-26,2024-01,FY2024,10,AR,Sales invoice SI-2024-01242,1072,1071,POSTED
JE-2024-00023,2024-01-02,2024-01-03,2024-01,FY2024,10,AR,Sales invoice SI-2024-01243,1072,1071,POSTED
JE-2024-00024,2024-01-29,2024-02-01,2024-01,FY2024,10,AR,Sales invoice SI-2024-01244,1072,1071,POSTED
JE-2024-00025,2024-01-04,2024-01-04,2024-01,FY2024,10,AR,Sales invoice SI-2024-01245,1072,1071,POSTED
JE-2024-00026,2024-01-30,2024-02-02,2024-01,FY2024,10,AR,Sales invoice SI-2024-01246,1072,1071,POSTED
JE-2024-00027,2024-01-12,2024-01-12,2024-01,FY2024,10,AR,Sales invoice SI-2024-01247,1072,1071,POSTED
JE-2024-00028,2024-01-15,2024-01-16,2024-01,FY2024,10,AR,Sales invoice SI-2024-01248,1072,1071,POSTED
JE-2024-00029,2024-01-12,2024-01-12,2024-01,FY2024,10,AR,Sales invoice SI-2024-01249,1072,1071,POSTED
JE-2024-00030,2024-01-19,2024-01-22,2024-01,FY2024,10,AR,Sales invoice SI-2024-01250,1072,1071,POSTED
JE-2024-00031,2024-01-19,2024-01-22,2024-01,FY2024,10,AR,Sales invoice SI-2024-01251,1072,1071,POSTED
JE-2024-00032,2024-01-17,2024-01-19,2024-01,FY2024,10,AR,Sales invoice SI-2024-01252,1072,1071,POSTED
JE-2024-00033,2024-01-19,2024-01-19,2024-01,FY2024,10,AR,Sales invoice SI-2024-01253,1072,1071,POSTED
JE-2024-00034,2024-01-16,2024-01-17,2024-01,FY2024,10,AR,Sales invoice SI-2024-01254,1072,1071,POSTED
JE-2024-00035,2024-01-01,2024-01-03,2024-01,FY2024,10,AR,Sales invoice SI-2024-01255,1072,1071,POSTED
JE-2024-00036,2024-01-26,2024-01-26,2024-01,FY2024,10,AR,Sales invoice SI-2024-01256,1072,1071,POSTED
JE-2024-00037,2024-01-15,2024-01-16,2024-01,FY2024,10,AR,Sales invoice SI-2024-01257,1072,1071,POSTED
JE-2024-00038,2024-01-04,2024-01-05,2024-01,FY2024,10,AR,Sales invoice SI-2024-01258,1072,1071,POSTED
JE-2024-00039,2024-01-02,2024-01-04,2024-01,FY2024,10,AR,Sales invoice SI-2024-01259,1072,1071,POSTED
JE-2024-00040,2024-01-05,2024-01-05,2024-01,FY2024,10,AR,Sales invoice SI-2024-01260,1072,1071,POSTED
JE-2024-00041,2024-01-29,2024-02-01,2024-01,FY2024,10,AR,Sales invoice SI-2024-01261,1072,1071,POSTED
JE-2024-00042,2024-01-02,2024-01-04,2024-01,FY2024,10,AR,Sales invoice SI-2024-01262,1072,1071,POSTED
JE-2024-00043,2024-01-19,2024-01-19,2024-01,FY2024,10,AR,Sales invoice SI-2024-01263,1072,1071,POSTED
JE-2024-00044,2024-01-10,2024-01-10,2024-01,FY2024,10,AR,Sales invoice SI-2024-01264,1072,1071,POSTED
JE-2024-00045,2024-01-12,2024-01-12,2024-01,FY2024,10,AR,Sales invoice SI-2024-01265,1072,1071,POSTED
JE-2024-00046,2024-01-19,2024-01-19,2024-01,FY2024,10,AR,Sales invoice SI-2024-01266,1072,1071,POSTED
JE-2024-00047,2024-01-12,2024-01-12,2024-01,FY2024,10,AR,Sales invoice SI-2024-01267,1072,1071,POSTED
JE-2024-00048,2024-01-30,2024-02-02,2024-01,FY2024,10,AR,Sales invoice SI-2024-01268,1072,1071,POSTED
JE-2024-00049,2024-01-12,2024-01-12,2024-01,FY2024,10,AR,Sales invoice SI-2024-01269,1072,1071,POSTED
JE-2024-00050,2024-01-24,2024-01-25,2024-01,FY2024,10,AR,Sales invoice SI-2024-01270,1072,1071,POSTED
JE-2024-00051,2024-01-24,2024-01-26,2024-01,FY2024,10,AP,Purchase invoice PI-2024-00865,1072,1071,POSTED
JE-2024-00052,2024-01-12,2024-01-12,2024-01,FY2024,10,AP,Purchase invoice PI-2024-00866,1072,1071,POSTED
JE-2024-00053,2024-01-29,2024-01-29,2024-01,FY2024,10,AP,Purchase invoice PI-2024-00867,1072,1071,POSTED
JE-2024-00054,2024-01-16,2024-01-16,2024-01,FY2024,10,AP,Purchase invoice PI-2024-00868,1072,1071,POSTED
JE-2024-00055,2024-01-12,2024-01-15,2024-01,FY2024,10,AP,Purchase invoice PI-2024-00869,1072,1071,POSTED
JE-2024-00056,2024-01-05,2024-01-05,2024-01,FY2024,10,AP,Purchase invoice PI-2024-00870,1072,1071,POSTED
JE-2024-00057,2024-01-16,2024-01-18,2024-01,FY2024,10,AP,Purchase invoice PI-2024-00871,1072,1071,POSTED
JE-2024-00058,2024-01-19,2024-01-22,2024-01,FY2024,10,AP,Purchase invoice PI-2024-00872,1072,1071,POSTED
JE-2024-00059,2024-01-29,2024-01-30,2024-01,FY2024,10,AP,Purchase invoice PI-2024-00873,1072,1071,POSTED
JE-2024-00060,2024-01-24,2024-01-26,2024-01,FY2024,10,AP,Purchase invoice PI-2024-00874,1072,1071,POSTED
JE-2024-00061,2024-01-19,2024-01-22,2024-01,FY2024,10,AP,Purchase invoice PI-2024-00875,1072,1071,POSTED
JE-2024-00062,2024-01-29,2024-01-30,2024-01,FY2024,10,AP,Purchase invoice PI-2024-00876,1072,1071,POSTED
JE-2024-00063,2024-01-29,2024-01-29,2024-01,FY2024,10,AP,Purchase invoice PI-2024-00877,1072,1071,POSTED
JE-2024-00064,2024-01-03,2024-01-03,2024-01,FY2024,10,AP,Purchase invoice PI-2024-00878,1072,1071,POSTED
JE-2024-00065,2024-01-09,2024-01-12,2024-01,FY2024,10,AP,Purchase invoice PI-2024-00879,1072,1071,POSTED
JE-2024-00066,2024-01-19,2024-01-19,2024-01,FY2024,10,AP,Purchase invoice PI-2024-00880,1072,1071,POSTED
JE-2024-00067,2024-01-30,2024-01-30,2024-01,FY2024,10,AP,Purchase invoice PI-2024-00881,1072,1071,POSTED
JE-2024-00068,2024-01-23,2024-01-24,2024-01,FY2024,10,AP,Purchase invoice PI-2024-00882,1072,1071,POSTED
JE-2024-00069,2024-01-26,2024-01-26,2024-01,FY2024,10,AP,Purchase invoice PI-2024-00883,1072,1071,POSTED
JE-2024-00070,2024-01-12,2024-01-12,2024-01,FY2024,10,AP,Purchase invoice PI-2024-00884,1072,1071,POSTED
JE-2024-00071,2024-01-31,2024-02-02,2024-01,FY2024,10,AP,Purchase invoice PI-2024-00885,1072,1071,POSTED
JE-2024-00072,2024-01-12,2024-01-12,2024-01,FY2024,10,AP,Purchase invoice PI-2024-00886,1072,1071,POSTED
JE-2024-00073,2024-01-05,2024-01-05,2024-01,FY2024,10,AP,Purchase invoice PI-2024-00887,1072,1071,POSTED
JE-2024-00074,2024-01-09,2024-01-09,2024-01,FY2024,10,AP,Purchase invoice PI-2024-00888,1072,1071,POSTED
JE-2024-00075,2024-01-09,2024-01-10,2024-01,FY2024,10,AP,Purchase invoice PI-2024-00889,1072,1071,POSTED
JE-2024-00076,2024-01-22,2024-01-23,2024-01,FY2024,10,AP,Purchase invoice PI-2024-00890,1072,1071,POSTED
JE-2024-00077,2024-01-26,2024-01-26,2024-01,FY2024,10,AP,Purchase invoice PI-2024-00891,1072,1071,POSTED
JE-2024-00078,2024-01-15,2024-01-18,2024-01,FY2024,10,AP,Purchase invoice PI-2024-00892,1072,1071,POSTED
JE-2024-00079,2024-01-10,2024-01-12,2024-01,FY2024,10,AP,Purchase invoice PI-2024-00893,1072,1071,POSTED
JE-2024-00080,2024-01-09,2024-01-11,2024-01,FY2024,10,AP,Purchase invoice PI-2024-00894,1072,1071,POSTED
JE-2024-00081,2024-01-19,2024-01-19,2024-01,FY2024,10,AP,Purchase invoice PI-2024-00895,1072,1071,POSTED
JE-2024-00082,2024-01-05,2024-01-05,2024-01,FY2024,10,AP,Purchase invoice PI-2024-00896,1072,1071,POSTED
JE-2024-00083,2024-01-19,2024-01-19,2024-01,FY2024,10,AP,Purchase invoice PI-2024-00897,1072,1071,POSTED
JE-2024-00084,2024-01-05,2024-01-05,2024-01,FY2024,10,AP,Purchase invoice PI-2024-00898,1072,1071,POSTED
JE-2024-00085,2024-01-30,2024-01-31,2024-01,FY2024,10,AP,Purchase invoice PI-2024-00899,1072,1071,POSTED
JE-2024-00086,2024-01-16,2024-01-16,2024-01,FY2024,10,AP,Purchase invoice PI-2024-00900,1072,1071,POSTED
JE-2024-00087,2024-01-05,2024-01-08,2024-01,FY2024,10,CASH,Customer receipt SI-2023-01025,1072,1071,POSTED
JE-2023-02166,2023-12-14,2023-12-15,2023-12,FY2024,9,CASH,Customer receipt SI-2023-01033,1072,1071,POSTED
JE-2023-02167,2023-12-25,2023-12-27,2023-12,FY2024,9,CASH,Customer receipt SI-2023-01046,1072,1071,POSTED
JE-2024-00088,2024-01-05,2024-01-05,2024-01,FY2024,10,CASH,Customer receipt SI-2023-01048,1072,1071,POSTED
JE-2023-02168,2023-12-28,2023-12-29,2023-12,FY2024,9,CASH,Customer receipt SI-2023-01051,1072,1071,POSTED
JE-2024-00089,2024-01-19,2024-01-19,2024-01,FY2024,10,CASH,Customer receipt SI-2023-01052,1072,1071,POSTED
JE-2024-00090,2024-01-19,2024-01-19,2024-01,FY2024,10,CASH,Customer receipt SI-2023-01072,1072,1071,POSTED
JE-2024-00091,2024-01-12,2024-01-12,2024-01,FY2024,10,CASH,Customer receipt SI-2023-01076,1072,1071,POSTED
JE-2023-02169,2023-11-17,2023-11-20,2023-11,FY2024,8,CASH,Customer receipt SI-2023-01079,1072,1071,POSTED
JE-2024-00092,2024-01-12,2024-01-12,2024-01,FY2024,10,CASH,Customer receipt SI-2023-01087,1072,1071,POSTED
JE-2024-00093,2024-01-04,2024-01-05,2024-01,FY2024,10,CASH,Customer receipt SI-2023-01094,1072,1071,POSTED
JE-2024-00094,2024-01-19,2024-01-22,2024-01,FY2024,10,CASH,Customer receipt SI-2023-01106,1072,1071,POSTED
JE-2023-02170,2023-12-22,2023-12-25,2023-12,FY2024,9,CASH,Customer receipt SI-2023-01118,1072,1071,POSTED
JE-2023-02171,2023-12-20,2023-12-22,2023-12,FY2024,9,CASH,Customer receipt SI-2023-01120,1072,1071,POSTED
JE-2024-00095,2024-01-09,2024-01-09,2024-01,FY2024,10,CASH,Customer receipt SI-2023-01123,1072,1071,POSTED
JE-2024-00096,2024-01-12,2024-01-15,2024-01,FY2024,10,CASH,Customer receipt SI-2023-01126,1072,1071,POSTED
JE-2024-00097,2024-01-08,2024-01-11,2024-01,FY2024,10,CASH,Customer receipt SI-2023-01127,1072,1071,POSTED
JE-2024-00098,2024-01-12,2024-01-12,2024-01,FY2024,10,CASH,Customer receipt SI-2023-01128,1072,1071,POSTED
JE-2024-00099,2024-01-03,2024-01-03,2024-01,FY2024,10,CASH,Customer receipt SI-2023-01131,1072,1071,POSTED
JE-2023-02172,2023-12-25,2023-12-27,2023-12,FY2024,9,CASH,Customer receipt SI-2023-01134,1072,1071,POSTED
JE-2024-00100,2024-01-29,2024-02-01,2024-01,FY2024,10,CASH,Customer receipt SI-2023-01136,1072,1071,POSTED
JE-2023-02173,2023-12-29,2023-12-29,2023-12,FY2024,9,CASH,Customer receipt SI-2023-01137,1072,1071,POSTED
JE-2023-02174,2023-12-12,2023-12-15,2023-12,FY2024,9,CASH,Customer receipt SI-2023-01138,1072,1071,POSTED
JE-2023-02175,2023-12-20,2023-12-22,2023-12,FY2024,9,CASH,Customer receipt SI-2023-01142,1072,1071,POSTED
JE-2024-00101,2024-01-26,2024-01-26,2024-01,FY2024,10,CASH,Customer receipt SI-2023-01144,1072,1071,POSTED
JE-2024-00102,2024-01-09,2024-01-10,2024-01,FY2024,10,CASH,Customer receipt SI-2023-01148,1072,1071,POSTED
JE-2024-00103,2024-01-25,2024-01-26,2024-01,FY2024,10,CASH,Customer receipt SI-2023-01149,1072,1071,POSTED
JE-2024-00104,2024-01-19,2024-01-19,2024-01,FY2024,10,CASH,Customer receipt SI-2023-01150,1072,1071,POSTED
JE-2024-00105,2024-01-29,2024-01-29,2024-01,FY2024,10,CASH,Customer receipt SI-2023-01152,1072,1071,POSTED
JE-2023-02176,2023-12-22,2023-12-25,2023-12,FY2024,9,CASH,Customer receipt SI-2023-01155,1072,1071,POSTED
JE-2024-00106,2024-01-26,2024-01-26,2024-01,FY2024,10,CASH,Customer receipt SI-2023-01159,1072,1071,POSTED
JE-2023-02177,2023-12-12,2023-12-13,2023-12,FY2024,9,CASH,Customer receipt SI-2023-01160,1072,1071,POSTED
JE-2024-00107,2024-01-01,2024-01-02,2024-01,FY2024,10,CASH,Customer receipt SI-2023-01161,1072,1071,POSTED
JE-2024-00108,2024-01-12,2024-01-12,2024-01,FY2024,10,CASH,Customer receipt SI-2023-01164,1072,1071,POSTED
JE-2024-00109,2024-01-05,2024-01-05,2024-01,FY2024,10,CASH,Customer receipt SI-2023-01165,1072,1071,POSTED
JE-2024-00110,2024-01-17,2024-01-17,2024-01,FY2024,10,CASH,Customer receipt SI-2023-01167,1072,1071,POSTED
JE-2024-00111,2024-01-11,2024-01-11,2024-01,FY2024,10,CASH,Customer receipt SI-2023-01168,1072,1071,POSTED
JE-2024-00112,2024-01-26,2024-01-26,2024-01,FY2024,10,CASH,Customer receipt SI-2023-01170,1072,1071,POSTED
JE-2024-00113,2024-01-05,2024-01-05,2024-01,FY2024,10,CASH,Customer receipt SI-2023-01171,1072,1071,POSTED
JE-2024-00114,2024-01-12,2024-01-12,2024-01,FY2024,10,CASH,Customer receipt SI-2023-01172,1072,1071,POSTED
JE-2024-00115,2024-01-10,2024-01-12,2024-01,FY2024,10,CASH,Customer receipt SI-2023-01173,1072,1071,POSTED
JE-2024-00116,2024-01-26,2024-01-26,2024-01,FY2024,10,CASH,Customer receipt SI-2023-01175,1072,1071,POSTED
JE-2024-00117,2024-01-19,2024-01-19,2024-01,FY2024,10,CASH,Customer receipt SI-2023-01176,1072,1071,POSTED
JE-2024-00118,2024-01-12,2024-01-15,2024-01,FY2024,10,CASH,Customer receipt SI-2023-01178,1072,1071,POSTED
JE-2024-00119,2024-01-12,2024-01-12,2024-01,FY2024,10,CASH,Customer receipt SI-2023-01180,1072,1071,POSTED
JE-2024-00120,2024-01-12,2024-01-12,2024-01,FY2024,10,CASH,Customer receipt SI-2023-01182,1072,1071,POSTED
JE-2024-00121,2024-01-29,2024-02-01,2024-01,FY2024,10,CASH,Customer receipt SI-2023-01184,1072,1071,POSTED
JE-2024-00122,2024-01-24,2024-01-26,2024-01,FY2024,10,CASH,Customer receipt SI-2023-01185,1072,1071,POSTED
JE-2024-00123,2024-01-26,2024-01-26,2024-01,FY2024,10,CASH,Customer receipt SI-2023-01188,1072,1071,POSTED
JE-2024-00124,2024-01-26,2024-01-26,2024-01,FY2024,10,CASH,Customer receipt SI-2023-01192,1072,1071,POSTED
JE-2024-00125,2024-01-05,2024-01-08,2024-01,FY2024,10,CASH,Customer receipt SI-2023-01193,1072,1071,POSTED
JE-2024-00126,2024-01-24,2024-01-24,2024-01,FY2024,10,CASH,Customer receipt SI-2023-01194,1072,1071,POSTED
JE-2024-00127,2024-01-19,2024-01-22,2024-01,FY2024,10,CASH,Customer receipt SI-2023-01195,1072,1071,POSTED
JE-2024-00128,2024-01-26,2024-01-26,2024-01,FY2024,10,CASH,Customer receipt SI-2023-01196,1072,1071,POSTED
JE-2024-00129,2024-01-05,2024-01-05,2024-01,FY2024,10,CASH,Customer receipt SI-2023-01202,1072,1071,POSTED
JE-2024-00130,2024-01-26,2024-01-26,2024-01,FY2024,10,CASH,Customer receipt SI-2023-01209,1072,1071,POSTED
JE-2024-00131,2024-01-29,2024-01-29,2024-01,FY2024,10,CASH,Customer receipt SI-2023-01214,1072,1071,POSTED
JE-2024-00132,2024-01-31,2024-01-31,2024-01,FY2024,10,CASH,Customer receipt SI-2024-01230,1072,1071,POSTED
JE-2024-00133,2024-01-26,2024-01-26,2024-01,FY2024,10,CASH,Customer receipt SI-2024-01265,1072,1071,POSTED
JE-2024-00134,2024-01-01,2024-01-02,2024-01,FY2024,10,CASH,Supplier payment PI-2023-00763,1072,1071,POSTED
JE-2023-02178,2023-11-24,2023-11-24,2023-11,FY2024,8,CASH,Supplier payment PI-2023-00767,1072,1071,POSTED
JE-2023-02179,2023-12-22,2023-12-22,2023-12,FY2024,9,CASH,Supplier payment PI-2023-00779,1072,1071,POSTED
JE-2023-02180,2023-12-29,2023-12-29,2023-12,FY2024,9,CASH,Supplier payment PI-2023-00793,1072,1071,POSTED
JE-2024-00135,2024-01-19,2024-01-19,2024-01,FY2024,10,CASH,Supplier payment PI-2023-00796,1072,1071,POSTED
JE-2024-00136,2024-01-05,2024-01-05,2024-01,FY2024,10,CASH,Supplier payment PI-2023-00802,1072,1071,POSTED
JE-2024-00137,2024-01-11,2024-01-12,2024-01,FY2024,10,CASH,Supplier payment PI-2023-00803,1072,1071,POSTED
JE-2024-00138,2024-01-16,2024-01-18,2024-01,FY2024,10,CASH,Supplier payment PI-2023-00804,1072,1071,POSTED
JE-2024-00139,2024-01-05,2024-01-05,2024-01,FY2024,10,CASH,Supplier payment PI-2023-00805,1072,1071,POSTED
JE-2023-02181,2023-12-15,2023-12-15,2023-12,FY2024,9,CASH,Supplier payment PI-2023-00806,1072,1071,POSTED
JE-2023-02182,2023-12-22,2023-12-22,2023-12,FY2024,9,CASH,Supplier payment PI-2023-00807,1072,1071,POSTED
JE-2024-00140,2024-01-16,2024-01-16,2024-01,FY2024,10,CASH,Supplier payment PI-2023-00812,1072,1071,POSTED
JE-2024-00141,2024-01-12,2024-01-12,2024-01,FY2024,10,CASH,Supplier payment PI-2023-00815,1072,1071,POSTED
JE-2024-00142,2024-01-15,2024-01-15,2024-01,FY2024,10,CASH,Supplier payment PI-2023-00818,1072,1071,POSTED
JE-2023-02183,2023-12-25,2023-12-28,2023-12,FY2024,9,CASH,Supplier payment PI-2023-00819,1072,1071,POSTED
JE-2023-02184,2023-12-25,2023-12-28,2023-12,FY2024,9,CASH,Supplier payment PI-2023-00822,1072,1071,POSTED
JE-2024-00143,2024-01-22,2024-01-24,2024-01,FY2024,10,CASH,Supplier payment PI-2023-00825,1072,1071,POSTED
JE-2024-00144,2024-01-05,2024-01-05,2024-01,FY2024,10,CASH,Supplier payment PI-2023-00828,1072,1071,POSTED
JE-2024-00145,2024-01-31,2024-02-02,2024-01,FY2024,10,CASH,Supplier payment PI-2023-00829,1072,1071,POSTED
JE-2024-00146,2024-01-31,2024-02-01,2024-01,FY2024,10,CASH,Supplier payment PI-2023-00831,1072,1071,POSTED
JE-2024-00147,2024-01-24,2024-01-26,2024-01,FY2024,10,CASH,Supplier payment PI-2023-00832,1072,1071,POSTED
JE-2024-00148,2024-01-31,2024-01-31,2024-01,FY2024,10,CASH,Supplier payment PI-2023-00833,1072,1071,POSTED
JE-2024-00149,2024-01-26,2024-01-29,2024-01,FY2024,10,CASH,Supplier payment PI-2023-00834,1072,1071,POSTED
JE-2024-00150,2024-01-19,2024-01-19,2024-01,FY2024,10,CASH,Supplier payment PI-2023-00835,1072,1071,POSTED
JE-2024-00151,2024-01-26,2024-01-26,2024-01,FY2024,10,CASH,Supplier payment PI-2023-00836,1072,1071,POSTED
JE-2024-00152,2024-01-03,2024-01-04,2024-01,FY2024,10,CASH,Supplier payment PI-2023-00837,1072,1071,POSTED
JE-2024-00153,2024-01-26,2024-01-26,2024-01,FY2024,10,CASH,Supplier payment PI-2023-00838,1072,1071,POSTED
JE-2024-00154,2024-01-26,2024-01-26,2024-01,FY2024,10,CASH,Supplier payment PI-2023-00839,1072,1071,POSTED
JE-2024-00155,2024-01-17,2024-01-17,2024-01,FY2024,10,CASH,Supplier payment PI-2023-00841,1072,1071,POSTED
JE-2024-00156,2024-01-05,2024-01-05,2024-01,FY2024,10,CASH,Supplier payment PI-2023-00842,1072,1071,POSTED
JE-2024-00157,2024-01-05,2024-01-05,2024-01,FY2024,10,CASH,Supplier payment PI-2023-00844,1072,1071,POSTED
JE-2024-00158,2024-01-05,2024-01-05,2024-01,FY2024,10,CASH,Supplier payment PI-2023-00847,1072,1071,POSTED
JE-2024-00159,2024-01-26,2024-01-26,2024-01,FY2024,10,CASH,Supplier payment PI-2023-00851,1072,1071,POSTED
JE-2023-02185,2023-12-29,2024-01-01,2023-12,FY2024,9,CASH,Supplier payment PI-2023-00853,1072,1071,POSTED
JE-2024-00160,2024-01-01,2024-01-04,2024-01,FY2024,10,CASH,Supplier payment PI-2023-00854,1072,1071,POSTED
JE-2024-00161,2024-01-19,2024-01-22,2024-01,FY2024,10,CASH,Supplier payment PI-2023-00856,1072,1071,POSTED
JE-2024-00162,2024-01-17,2024-01-19,2024-01,FY2024,10,CASH,Supplier payment PI-2023-00858,1072,1071,POSTED
JE-2023-02186,2023-12-29,2024-01-01,2023-12,FY2024,9,CASH,Supplier payment PI-2023-00860,1072,1071,POSTED
JE-2024-00163,2024-01-26,2024-01-26,2024-01,FY2024,10,CASH,Supplier payment PI-2024-00868,1072,1071,POSTED
JE-2024-00164,2024-01-31,2024-02-01,2024-01,FY2024,10,CASH,Supplier payment PI-2024-00878,1072,1071,POSTED
JE-2024-00165,2024-01-30,2024-02-02,2024-01,FY2024,10,CASH,Supplier payment PI-2024-00889,1072,1071,POSTED
JE-2024-00166,2024-01-19,2024-01-19,2024-01,FY2024,10,CASH,Supplier payment PI-2024-00898,1072,1071,POSTED
JE-2024-00167,2024-01-26,2024-01-29,2024-01,FY2024,10,PAYROLL,Payroll January 2024,1072,1071,POSTED
JE-2024-00168,2024-01-31,2024-02-02,2024-01,FY2024,10,GENERAL,Depreciation Jan 2024,1072,1071,POSTED
JE-2024-00169,2024-01-31,2024-02-02,2024-01,FY2024,10,GENERAL,Bank charges and interest Jan 2024,1072,1071,POSTED
JE-2024-00170,2024-01-05,2024-01-05,2024-01,FY2024,10,GENERAL,VAT return payment,1072,1071,POSTED
JE-2024-00171,2024-02-13,2024-02-15,2024-02,FY2024,11,AR,Sales invoice SI-2024-01271,1072,1071,POSTED
JE-2024-00172,2024-02-15,2024-02-16,2024-02,FY2024,11,AR,Sales invoice SI-2024-01272,1072,1071,POSTED
JE-2024-00173,2024-02-14,2024-02-15,2024-02,FY2024,11,AR,Sales invoice SI-2024-01273,1072,1071,POSTED
JE-2024-00174,2024-02-16,2024-02-19,2024-02,FY2024,11,AR,Sales invoice SI-2024-01274,1072,1071,POSTED
JE-2024-00175,2024-02-28,2024-03-01,2024-02,FY2024,11,AR,Sales invoice SI-2024-01275,1072,1071,POSTED
JE-2024-00176,2024-02-26,2024-02-28,2024-02,FY2024,11,AR,Sales invoice SI-2024-01276,1072,1071,POSTED
JE-2024-00177,2024-02-02,2024-02-02,2024-02,FY2024,11,AR,Sales invoice SI-2024-01277,1072,1071,POSTED
JE-2024-00178,2024-02-26,2024-02-29,2024-02,FY2024,11,AR,Sales invoice SI-2024-01278,1072,1071,POSTED
JE-2024-00179,2024-02-14,2024-02-15,2024-02,FY2024,11,AR,Sales invoice SI-2024-01279,1072,1071,POSTED
JE-2024-00180,2024-02-21,2024-02-21,2024-02,FY2024,11,AR,Sales invoice SI-2024-01280,1072,1071,POSTED
JE-2024-00181,2024-02-14,2024-02-16,2024-02,FY2024,11,AR,Sales invoice SI-2024-01281,1072,1071,POSTED
JE-2024-00182,2024-02-06,2024-02-08,2024-02,FY2024,11,AR,Sales invoice SI-2024-01282,1072,1071,POSTED
JE-2024-00183,2024-02-21,2024-02-22,2024-02,FY2024,11,AR,Sales invoice SI-2024-01283,1072,1071,POSTED
JE-2024-00184,2024-02-23,2024-02-26,2024-02,FY2024,11,AR,Sales invoice SI-2024-01284,1072,1071,POSTED
JE-2024-00185,2024-02-19,2024-02-20,2024-02,FY2024,11,AR,Sales invoice SI-2024-01285,1072,1071,POSTED
JE-2024-00186,2024-02-20,2024-02-22,2024-02,FY2024,11,AR,Sales invoice SI-2024-01286,1072,1071,POSTED
JE-2024-00187,2024-02-12,2024-02-12,2024-02,FY2024,11,AR,Sales invoice SI-2024-01287,1072,1071,POSTED
JE-2024-00188,2024-02-23,2024-02-23,2024-02,FY2024,11,AR,Sales invoice SI-2024-01288,1072,1071,POSTED
JE-2024-00189,2024-02-19,2024-02-22,2024-02,FY2024,11,AR,Sales invoice SI-2024-01289,1072,1071,POSTED
JE-2024-00190,2024-02-07,2024-02-09,2024-02,FY2024,11,AR,Sales invoice SI-2024-01290,1072,1071,POSTED
JE-2024-00191,2024-02-23,2024-02-23,2024-02,FY2024,11,AR,Sales invoice SI-2024-01291,1072,1071,POSTED
JE-2024-00192,2024-02-27,2024-02-28,2024-02,FY2024,11,AR,Sales invoice SI-2024-01292,1072,1071,POSTED
JE-2024-00193,2024-02-09,2024-02-12,2024-02,FY2024,11,AR,Sales invoice SI-2024-01293,1072,1071,POSTED
JE-2024-00194,2024-02-21,2024-02-21,2024-02,FY2024,11,AR,Sales invoice SI-2024-01294,1072,1071,POSTED
JE-2024-00195,2024-02-16,2024-02-16,2024-02,FY2024,11,AR,Sales invoice SI-2024-01295,1072,1071,POSTED
JE-2024-00196,2024-02-12,2024-02-15,2024-02,FY2024,11,AR,Sales invoice SI-2024-01296,1072,1071,POSTED
JE-2024-00197,2024-02-16,2024-02-19,2024-02,FY2024,11,AR,Sales invoice SI-2024-01297,1072,1071,POSTED
JE-2024-00198,2024-02-16,2024-02-16,2024-02,FY2024,11,AR,Sales invoice SI-2024-01298,1072,1071,POSTED
JE-2024-00199,2024-02-15,2024-02-16,2024-02,FY2024,11,AR,Sales invoice SI-2024-01299,1072,1071,POSTED
JE-2024-00200,2024-02-28,2024-02-28,2024-02,FY2024,11,AR,Sales invoice SI-2024-01300,1072,1071,POSTED
JE-2024-00201,2024-02-02,2024-02-02,2024-02,FY2024,11,AR,Sales invoice SI-2024-01301,1072,1071,POSTED
JE-2024-00202,2024-02-23,2024-02-26,2024-02,FY2024,11,AR,Sales invoice SI-2024-01302,1072,1071,POSTED
JE-2024-00203,2024-02-23,2024-02-23,2024-02,FY2024,11,AR,Sales invoice SI-2024-01303,1072,1071,POSTED
JE-2024-00204,2024-02-27,2024-02-28,2024-02,FY2024,11,AR,Sales invoice SI-2024-01304,1072,1071,POSTED
JE-2024-00205,2024-02-23,2024-02-23,2024-02,FY2024,11,AR,Sales invoice SI-2024-01305,1072,1071,POSTED
JE-2024-00206,2024-02-16,2024-02-19,2024-02,FY2024,11,AR,Sales invoice SI-2024-01306,1072,1071,POSTED
JE-2024-00207,2024-02-13,2024-02-13,2024-02,FY2024,11,AR,Sales invoice SI-2024-01307,1072,1071,POSTED
JE-2024-00208,2024-02-23,2024-02-23,2024-02,FY2024,11,AR,Sales invoice SI-2024-01308,1072,1071,POSTED
JE-2024-00209,2024-02-02,2024-02-02,2024-02,FY2024,11,AR,Sales invoice SI-2024-01309,1072,1071,POSTED
JE-2024-00210,2024-02-28,2024-02-28,2024-02,FY2024,11,AR,Sales invoice SI-2024-01310,1072,1071,POSTED
JE-2024-00211,2024-02-09,2024-02-09,2024-02,FY2024,11,AR,Sales invoice SI-2024-01311,1072,1071,POSTED
JE-2024-00212,2024-02-27,2024-02-28,2024-02,FY2024,11,AR,Sales invoice SI-2024-01312,1072,1071,POSTED
JE-2024-00213,2024-02-08,2024-02-09,2024-02,FY2024,11,AR,Sales invoice SI-2024-01313,1072,1071,POSTED
JE-2024-00214,2024-02-23,2024-02-23,2024-02,FY2024,11,AR,Sales invoice SI-2024-01314,1072,1071,POSTED
JE-2024-00215,2024-02-16,2024-02-16,2024-02,FY2024,11,AR,Sales invoice SI-2024-01315,1072,1071,POSTED
JE-2024-00216,2024-02-23,2024-02-23,2024-02,FY2024,11,AR,Sales invoice SI-2024-01316,1072,1071,POSTED
JE-2024-00217,2024-02-26,2024-02-29,2024-02,FY2024,11,AR,Sales invoice SI-2024-01317,1072,1071,POSTED
JE-2024-00218,2024-02-06,2024-02-08,2024-02,FY2024,11,AR,Sales invoice SI-2024-01318,1072,1071,POSTED
JE-2024-00219,2024-02-21,2024-02-23,2024-02,FY2024,11,AR,Sales invoice SI-2024-01319,1072,1071,POSTED
JE-2024-00220,2024-02-02,2024-02-02,2024-02,FY2024,11,AR,Sales invoice SI-2024-01320,1072,1071,POSTED
JE-2024-00221,2024-02-09,2024-02-12,2024-02,FY2024,11,AR,Sales invoice SI-2024-01321,1072,1071,POSTED
JE-2024-00222,2024-02-02,2024-02-02,2024-02,FY2024,11,AR,Sales invoice SI-2024-01322,1072,1071,POSTED
JE-2024-00223,2024-02-05,2024-02-07,2024-02,FY2024,11,AP,Purchase invoice PI-2024-00901,1072,1071,POSTED
JE-2024-00224,2024-02-07,2024-02-07,2024-02,FY2024,11,AP,Purchase invoice PI-2024-00902,1072,1071,POSTED
JE-2024-00225,2024-02-02,2024-02-02,2024-02,FY2024,11,AP,Purchase invoice PI-2024-00903,1072,1071,POSTED
JE-2024-00226,2024-02-14,2024-02-14,2024-02,FY2024,11,AP,Purchase invoice PI-2024-00904,1072,1071,POSTED
JE-2024-00227,2024-02-06,2024-02-07,2024-02,FY2024,11,AP,Purchase invoice PI-2024-00905,1072,1071,POSTED
JE-2024-00228,2024-02-16,2024-02-19,2024-02,FY2024,11,AP,Purchase invoice PI-2024-00906,1072,1071,POSTED
JE-2024-00229,2024-02-05,2024-02-08,2024-02,FY2024,11,AP,Purchase invoice PI-2024-00907,1072,1071,POSTED
JE-2024-00230,2024-02-19,2024-02-20,2024-02,FY2024,11,AP,Purchase invoice PI-2024-00908,1072,1071,POSTED
JE-2024-00231,2024-02-22,2024-02-23,2024-02,FY2024,11,AP,Purchase invoice PI-2024-00909,1072,1071,POSTED
JE-2024-00232,2024-02-14,2024-02-15,2024-02,FY2024,11,AP,Purchase invoice PI-2024-00910,1072,1071,POSTED
JE-2024-00233,2024-02-09,2024-02-09,2024-02,FY2024,11,AP,Purchase invoice PI-2024-00911,1072,1071,POSTED
JE-2024-00234,2024-02-14,2024-02-14,2024-02,FY2024,11,AP,Purchase invoice PI-2024-00912,1072,1071,POSTED
JE-2024-00235,2024-02-16,2024-02-16,2024-02,FY2024,11,AP,Purchase invoice PI-2024-00913,1072,1071,POSTED
JE-2024-00236,2024-02-05,2024-02-06,2024-02,FY2024,11,AP,Purchase invoice PI-2024-00914,1072,1071,POSTED
JE-2024-00237,2024-02-02,2024-02-05,2024-02,FY2024,11,AP,Purchase invoice PI-2024-00915,1072,1071,POSTED
JE-2024-00238,2024-02-01,2024-02-02,2024-02,FY2024,11,AP,Purchase invoice PI-2024-00916,1072,1071,POSTED
JE-2024-00239,2024-02-02,2024-02-02,2024-02,FY2024,11,AP,Purchase invoice PI-2024-00917,1072,1071,POSTED
JE-2024-00240,2024-02-23,2024-02-26,2024-02,FY2024,11,AP,Purchase invoice PI-2024-00918,1072,1071,POSTED
JE-2024-00241,2024-02-05,2024-02-06,2024-02,FY2024,11,AP,Purchase invoice PI-2024-00919,1072,1071,POSTED
JE-2024-00242,2024-02-22,2024-02-23,2024-02,FY2024,11,AP,Purchase invoice PI-2024-00920,1072,1071,POSTED
JE-2024-00243,2024-02-08,2024-02-08,2024-02,FY2024,11,AP,Purchase invoice PI-2024-00921,1072,1071,POSTED
JE-2024-00244,2024-02-13,2024-02-15,2024-02,FY2024,11,AP,Purchase invoice PI-2024-00922,1072,1071,POSTED
JE-2024-00245,2024-02-20,2024-02-23,2024-02,FY2024,11,AP,Purchase invoice PI-2024-00923,1072,1071,POSTED
JE-2024-00246,2024-02-01,2024-02-02,2024-02,FY2024,11,AP,Purchase invoice PI-2024-00924,1072,1071,POSTED
JE-2024-00247,2024-02-08,2024-02-08,2024-02,FY2024,11,AP,Purchase invoice PI-2024-00925,1072,1071,POSTED
JE-2024-00248,2024-02-02,2024-02-02,2024-02,FY2024,11,AP,Purchase invoice PI-2024-00926,1072,1071,POSTED
JE-2024-00249,2024-02-06,2024-02-06,2024-02,FY2024,11,AP,Purchase invoice PI-2024-00927,1072,1071,POSTED
JE-2024-00250,2024-02-08,2024-02-09,2024-02,FY2024,11,AP,Purchase invoice PI-2024-00928,1072,1071,POSTED
JE-2024-00251,2024-02-21,2024-02-21,2024-02,FY2024,11,AP,Purchase invoice PI-2024-00929,1072,1071,POSTED
JE-2024-00252,2024-02-09,2024-02-09,2024-02,FY2024,11,AP,Purchase invoice PI-2024-00930,1072,1071,POSTED
JE-2024-00253,2024-02-23,2024-02-23,2024-02,FY2024,11,AP,Purchase invoice PI-2024-00931,1072,1071,POSTED
JE-2024-00254,2024-02-28,2024-02-28,2024-02,FY2024,11,AP,Purchase invoice PI-2024-00932,1072,1071,POSTED
JE-2024-00255,2024-02-16,2024-02-19,2024-02,FY2024,11,AP,Purchase invoice PI-2024-00933,1072,1071,POSTED
JE-2024-00256,2024-02-16,2024-02-16,2024-02,FY2024,11,AP,Purchase invoice PI-2024-00934,1072,1071,POSTED
JE-2024-00257,2024-02-23,2024-02-23,2024-02,FY2024,11,AP,Purchase invoice PI-2024-00935,1072,1071,POSTED
JE-2024-00258,2024-02-09,2024-02-09,2024-02,FY2024,11,AP,Purchase invoice PI-2024-00936,1072,1071,POSTED
JE-2024-00259,2024-02-08,2024-02-09,2024-02,FY2024,11,AP,Purchase invoice PI-2024-00937,1072,1071,POSTED
JE-2024-00260,2024-01-05,2024-01-05,2024-01,FY2024,10,CASH,Customer receipt SI-2023-01045,1072,1071,POSTED
JE-2024-00261,2024-01-12,2024-01-12,2024-01,FY2024,10,CASH,Customer receipt SI-2023-01092,1072,1071,POSTED
JE-2024-00262,2024-01-08,2024-01-11,2024-01,FY2024,10,CASH,Customer receipt SI-2023-01103,1072,1071,POSTED
JE-2024-00263,2024-01-17,2024-01-17,2024-01,FY2024,10,CASH,Customer receipt SI-2023-01111,1072,1071,POSTED
JE-2024-00264,2024-02-09,2024-02-09,2024-02,FY2024,11,CASH,Customer receipt SI-2023-01115,1072,1071,POSTED
JE-2023-02187,2023-12-22,2023-12-22,2023-12,FY2024,9,CASH,Customer receipt SI-2023-01124,1072,1071,POSTED
JE-2024-00265,2024-01-26,2024-01-29,2024-01,FY2024,10,CASH,Customer receipt SI-2023-01129,1072,1071,POSTED
JE-2024-00266,2024-02-21,2024-02-23,2024-02,FY2024,11,CASH,Customer receipt SI-2023-01133,1072,1071,POSTED
JE-2024-00267,2024-01-19,2024-01-19,2024-01,FY2024,10,CASH,Customer receipt SI-2023-01135,1072,1071,POSTED
JE-2024-00268,2024-02-09,2024-02-09,2024-02,FY2024,11,CASH,Customer receipt SI-2023-01143,1072,1071,POSTED
JE-2024-00269,2024-02-09,2024-02-12,2024-02,FY2024,11,CASH,Customer receipt SI-2023-01146,1072,1071,POSTED
JE-2024-00270,2024-01-12,2024-01-12,2024-01,FY2024,10,CASH,Customer receipt SI-2023-01151,1072,1071,POSTED
JE-2024-00271,2024-01-31,2024-01-31,2024-01,FY2024,10,CASH,Customer receipt SI-2023-01154,1072,1071,POSTED
JE-2024-00272,2024-02-21,2024-02-22,2024-02,FY2024,11,CASH,Customer receipt SI-2023-01166,1072,1071,POSTED
JE-2024-00273,2024-02-22,2024-02-23,2024-02,FY2024,11,CASH,Customer receipt SI-2023-01174,1072,1071,POSTED
JE-2024-00274,2024-01-17,2024-01-19,2024-01,FY2024,10,CASH,Customer receipt SI-2023-01181,1072,1071,POSTED
JE-2024-00275,2024-02-23,2024-02-23,2024-02,FY2024,11,CASH,Customer receipt SI-2023-01183,1072,1071,POSTED
JE-2024-00276,2024-02-12,2024-02-15,2024-02,FY2024,11,CASH,Customer receipt SI-2023-01186,1072,1071,POSTED
JE-2024-00277,2024-02-06,2024-02-07,2024-02,FY2024,11,CASH,Customer receipt SI-2023-01187,1072,1071,POSTED
JE-2024-00278,2024-01-16,2024-01-16,2024-01,FY2024,10,CASH,Customer receipt SI-2023-01189,1072,1071,POSTED
JE-2024-00279,2024-02-01,2024-02-02,2024-02,FY2024,11,CASH,Customer receipt SI-2023-01190,1072,1071,POSTED
JE-2024-00280,2024-02-09,2024-02-09,2024-02,FY2024,11,CASH,Customer receipt SI-2023-01197,1072,1071,POSTED
JE-2024-00281,2024-01-09,2024-01-12,2024-01,FY2024,10,CASH,Customer receipt SI-2023-01198,1072,1071,POSTED
JE-2023-02188,2023-12-29,2023-12-29,2023-12,FY2024,9,CASH,Customer receipt SI-2023-01201,1072,1071,POSTED
JE-2024-00282,2024-01-26,2024-01-26,2024-01,FY2024,10,CASH,Customer receipt SI-2023-01204,1072,1071,POSTED
JE-2024-00283,2024-01-05,2024-01-05,2024-01,FY2024,10,CASH,Customer receipt SI-2023-01207,1072,1071,POSTED
JE-2024-00284,2024-01-29,2024-01-31,2024-01,FY2024,10,CASH,Customer receipt SI-2023-01212,1072,1071,POSTED
JE-2024-00285,2024-01-18,2024-01-19,2024-01,FY2024,10,CASH,Customer receipt SI-2023-01213,1072,1071,POSTED
JE-2024-00286,2024-02-22,2024-02-23,2024-02,FY2024,11,CASH,Customer receipt SI-2023-01215,1072,1071,POSTED
JE-2024-00287,2024-02-26,2024-02-29,2024-02,FY2024,11,CASH,Customer receipt SI-2023-01219,1072,1071,POSTED
JE-2024-00288,2024-02-22,2024-02-23,2024-02,FY2024,11,CASH,Customer receipt SI-2024-01222,1072,1071,POSTED
JE-2024-00289,2024-02-16,2024-02-16,2024-02,FY2024,11,CASH,Customer receipt SI-2024-01224,1072,1071,POSTED
JE-2024-00290,2024-02-29,2024-03-01,2024-02,FY2024,11,CASH,Customer receipt SI-2024-01226,1072,1071,POSTED
JE-2024-00291,2024-02-16,2024-02-16,2024-02,FY2024,11,CASH,Customer receipt SI-2024-01231,1072,1071,POSTED
JE-2024-00292,2024-02-16,2024-02-16,2024-02,FY2024,11,CASH,Customer receipt SI-2024-01235,1072,1071,POSTED
JE-2024-00293,2024-02-09,2024-02-12,2024-02,FY2024,11,CASH,Customer receipt SI-2024-01236,1072,1071,POSTED
JE-2024-00294,2024-02-09,2024-02-12,2024-02,FY2024,11,CASH,Customer receipt SI-2024-01243,1072,1071,POSTED
JE-2024-00295,2024-02-08,2024-02-08,2024-02,FY2024,11,CASH,Customer receipt SI-2024-01249,1072,1071,POSTED
JE-2024-00296,2024-02-16,2024-02-19,2024-02,FY2024,11,CASH,Customer receipt SI-2024-01252,1072,1071,POSTED
JE-2024-00297,2024-01-26,2024-01-26,2024-01,FY2024,10,CASH,Customer receipt SI-2024-01255,1072,1071,POSTED
JE-2024-00298,2024-02-13,2024-02-14,2024-02,FY2024,11,CASH,Customer receipt SI-2024-01268,1072,1071,POSTED
JE-2024-00299,2024-02-13,2024-02-15,2024-02,FY2024,11,CASH,Customer receipt SI-2024-01269,1072,1071,POSTED
JE-2024-00300,2024-02-27,2024-03-01,2024-02,FY2024,11,CASH,Customer receipt SI-2024-01271,1072,1071,POSTED
JE-2024-00301,2024-02-28,2024-02-28,2024-02,FY2024,11,CASH,Customer receipt SI-2024-01279,1072,1071,POSTED
JE-2024-00302,2024-02-16,2024-02-19,2024-02,FY2024,11,CASH,Customer receipt SI-2024-01320,1072,1071,POSTED
JE-2024-00303,2024-02-02,2024-02-02,2024-02,FY2024,11,CASH,Supplier payment PI-2023-00798,1072,1071,POSTED
JE-2024-00304,2024-01-19,2024-01-19,2024-01,FY2024,10,CASH,Supplier payment PI-2023-00816,1072,1071,POSTED
JE-2024-00305,2024-02-02,2024-02-05,2024-02,FY2024,11,CASH,Supplier payment PI-2023-00826,1072,1071,POSTED
JE-2024-00306,2024-02-13,2024-02-14,2024-02,FY2024,11,CASH,Supplier payment PI-2023-00827,1072,1071,POSTED
JE-2024-00307,2024-01-05,2024-01-05,2024-01,FY2024,10,CASH,Supplier payment PI-2023-00843,1072,1071,POSTED
JE-2024-00308,2024-01-26,2024-01-26,2024-01,FY2024,10,CASH,Supplier payment PI-2023-00845,1072,1071,POSTED
JE-2024-00309,2024-02-15,2024-02-15,2024-02,FY2024,11,CASH,Supplier payment PI-2023-00848,1072,1071,POSTED
JE-2024-00310,2024-02-09,2024-02-09,2024-02,FY2024,11,CASH,Supplier payment PI-2023-00850,1072,1071,POSTED
JE-2024-00311,2024-02-09,2024-02-09,2024-02,FY2024,11,CASH,Supplier payment PI-2023-00852,1072,1071,POSTED
JE-2024-00312,2024-01-23,2024-01-24,2024-01,FY2024,10,CASH,Supplier payment PI-2023-00857,1072,1071,POSTED
JE-2024-00313,2024-01-26,2024-01-26,2024-01,FY2024,10,CASH,Supplier payment PI-2023-00859,1072,1071,POSTED
JE-2024-00314,2024-01-26,2024-01-26,2024-01,FY2024,10,CASH,Supplier payment PI-2023-00861,1072,1071,POSTED
JE-2024-00315,2024-02-09,2024-02-09,2024-02,FY2024,11,CASH,Supplier payment PI-2023-00862,1072,1071,POSTED
JE-2024-00316,2024-02-21,2024-02-22,2024-02,FY2024,11,CASH,Supplier payment PI-2024-00865,1072,1071,POSTED
JE-2024-00317,2024-02-09,2024-02-12,2024-02,FY2024,11,CASH,Supplier payment PI-2024-00866,1072,1071,POSTED
JE-2024-00318,2024-02-28,2024-02-28,2024-02,FY2024,11,CASH,Supplier payment PI-2024-00867,1072,1071,POSTED
JE-2024-00319,2024-02-26,2024-02-28,2024-02,FY2024,11,CASH,Supplier payment PI-2024-00869,1072,1071,POSTED
JE-2024-00320,2024-02-23,2024-02-23,2024-02,FY2024,11,CASH,Supplier payment PI-2024-00870,1072,1071,POSTED
JE-2024-00321,2024-02-16,2024-02-16,2024-02,FY2024,11,CASH,Supplier payment PI-2024-00875,1072,1071,POSTED
JE-2024-00322,2024-02-08,2024-02-09,2024-02,FY2024,11,CASH,Supplier payment PI-2024-00879,1072,1071,POSTED
JE-2024-00323,2024-02-16,2024-02-19,2024-02,FY2024,11,CASH,Supplier payment PI-2024-00880,1072,1071,POSTED
JE-2024-00324,2024-02-29,2024-02-29,2024-02,FY2024,11,CASH,Supplier payment PI-2024-00882,1072,1071,POSTED
JE-2024-00325,2024-02-23,2024-02-23,2024-02,FY2024,11,CASH,Supplier payment PI-2024-00883,1072,1071,POSTED
JE-2024-00326,2024-02-09,2024-02-09,2024-02,FY2024,11,CASH,Supplier payment PI-2024-00884,1072,1071,POSTED
JE-2024-00327,2024-02-09,2024-02-09,2024-02,FY2024,11,CASH,Supplier payment PI-2024-00886,1072,1071,POSTED
JE-2024-00328,2024-02-23,2024-02-23,2024-02,FY2024,11,CASH,Supplier payment PI-2024-00887,1072,1071,POSTED
JE-2024-00329,2024-02-09,2024-02-09,2024-02,FY2024,11,CASH,Supplier payment PI-2024-00888,1072,1071,POSTED
JE-2024-00330,2024-02-12,2024-02-13,2024-02,FY2024,11,CASH,Supplier payment PI-2024-00890,1072,1071,POSTED
JE-2024-00331,2024-02-14,2024-02-14,2024-02,FY2024,11,CASH,Supplier payment PI-2024-00892,1072,1071,POSTED
JE-2024-00332,2024-02-21,2024-02-23,2024-02,FY2024,11,CASH,Supplier payment PI-2024-00893,1072,1071,POSTED
JE-2024-00333,2024-02-20,2024-02-23,2024-02,FY2024,11,CASH,Supplier payment PI-2024-00894,1072,1071,POSTED
JE-2024-00334,2024-02-19,2024-02-20,2024-02,FY2024,11,CASH,Supplier payment PI-2024-00901,1072,1071,POSTED
JE-2024-00335,2024-02-26,2024-02-29,2024-02,FY2024,11,CASH,Supplier payment PI-2024-00911,1072,1071,POSTED
JE-2024-00336,2024-02-28,2024-03-01,2024-02,FY2024,11,CASH,Supplier payment PI-2024-00917,1072,1071,POSTED
JE-2024-00337,2024-02-28,2024-03-01,2024-02,FY2024,11,CASH,Supplier payment PI-2024-00933,1072,1071,POSTED
JE-2024-00338,2024-02-23,2024-02-26,2024-02,FY2024,11,CASH,Supplier payment PI-2024-00937,1072,1071,POSTED
JE-2024-00339,2024-02-28,2024-02-28,2024-02,FY2024,11,PAYROLL,Payroll February 2024,1072,1071,POSTED
JE-2024-00340,2024-02-29,2024-03-01,2024-02,FY2024,11,GENERAL,Depreciation Feb 2024,1072,1071,POSTED
JE-2024-00341,2024-02-29,2024-03-01,2024-02,FY2024,11,GENERAL,Bank charges and interest Feb 2024,1072,1071,POSTED
JE-2024-00342,2024-03-08,2024-03-08,2024-03,FY2024,12,AR,Sales invoice SI-2024-01323,1072,1071,POSTED
JE-2024-00343,2024-03-07,2024-03-08,2024-03,FY2024,12,AR,Sales invoice SI-2024-01324,1072,1071,POSTED
JE-2024-00344,2024-03-01,2024-03-01,2024-03,FY2024,12,AR,Sales invoice SI-2024-01325,1072,1071,POSTED
JE-2024-00345,2024-03-08,2024-03-11,2024-03,FY2024,12,AR,Sales invoice SI-2024-01326,1072,1071,POSTED
JE-2024-00346,2024-03-25,2024-03-26,2024-03,FY2024,12,AR,Sales invoice SI-2024-01327,1072,1071,POSTED
JE-2024-00347,2024-03-06,2024-03-06,2024-03,FY2024,12,AR,Sales invoice SI-2024-01328,1072,1071,POSTED
JE-2024-00348,2024-03-18,2024-03-19,2024-03,FY2024,12,AR,Sales invoice SI-2024-01329,1072,1071,POSTED
JE-2024-00349,2024-03-12,2024-03-12,2024-03,FY2024,12,AR,Sales invoice SI-2024-01330,1072,1071,POSTED
JE-2024-00350,2024-03-04,2024-03-06,2024-03,FY2024,12,AR,Sales invoice SI-2024-01331,1072,1071,POSTED
JE-2024-00351,2024-03-08,2024-03-08,2024-03,FY2024,12,AR,Sales invoice SI-2024-01332,1072,1071,POSTED
JE-2024-00352,2024-03-15,2024-03-18,2024-03,FY2024,12,AR,Sales invoice SI-2024-01333,1072,1071,POSTED
JE-2024-00353,2024-03-20,2024-03-21,2024-03,FY2024,12,AR,Sales invoice SI-2024-01334,1072,1071,POSTED
JE-2024-00354,2024-03-08,2024-03-08,2024-03,FY2024,12,AR,Sales invoice SI-2024-01335,1072,1071,POSTED
JE-2024-00355,2024-03-05,2024-03-05,2024-03,FY2024,12,AR,Sales invoice SI-2024-01336,1072,1071,POSTED
JE-2024-00356,2024-03-19,2024-03-22,2024-03,FY2024,12,AR,Sales invoice SI-2024-01337,1072,1071,POSTED
JE-2024-00357,2024-03-06,2024-03-06,2024-03,FY2024,12,AR,Sales invoice SI-2024-01338,1072,1071,POSTED
JE-2024-00358,2024-03-01,2024-03-01,2024-03,FY2024,12,AR,Sales invoice SI-2024-01339,1072,1071,POSTED
JE-2024-00359,2024-03-14,2024-03-15,2024-03,FY2024,12,AR,Sales invoice SI-2024-01340,1072,1071,POSTED
JE-2024-00360,2024-03-25,2024-03-27,2024-03,FY2024,12,AR,Sales invoice SI-2024-01341,1072,1071,POSTED
JE-2024-00361,2024-03-01,2024-03-01,2024-03,FY2024,12,AR,Sales invoice SI-2024-01342,1072,1071,POSTED
JE-2024-00362,2024-03-27,2024-03-29,2024-03,FY2024,12,AR,Sales invoice SI-2024-01343,1072,1071,POSTED
JE-2024-00363,2024-03-12,2024-03-14,2024-03,FY2024,12,AR,Sales invoice SI-2024-01344,1072,1071,POSTED
JE-2024-00364,2024-03-29,2024-03-29,2024-03,FY2024,12,AR,Sales invoice SI-2024-01345,1072,1071,POSTED
JE-2024-00365,2024-03-29,2024-03-29,2024-03,FY2024,12,AR,Sales invoice SI-2024-01346,1072,1071,POSTED
JE-2024-00366,2024-03-15,2024-03-15,2024-03,FY2024,12,AR,Sales invoice SI-2024-01347,1072,1071,POSTED
JE-2024-00367,2024-03-08,2024-03-08,2024-03,FY2024,12,AR,Sales invoice SI-2024-01348,1072,1071,POSTED
JE-2024-00368,2024-03-26,2024-03-29,2024-03,FY2024,12,AR,Sales invoice SI-2024-01349,1072,1071,POSTED
JE-2024-00369,2024-03-15,2024-03-15,2024-03,FY2024,12,AR,Sales invoice SI-2024-01350,1072,1071,POSTED
JE-2024-00370,2024-03-26,2024-03-26,2024-03,FY2024,12,AR,Sales invoice SI-2024-01351,1072,1071,POSTED
JE-2024-00371,2024-03-01,2024-03-01,2024-03,FY2024,12,AR,Sales invoice SI-2024-01352,1072,1071,POSTED
JE-2024-00372,2024-03-01,2024-03-04,2024-03,FY2024,12,AR,Sales invoice SI-2024-01353,1072,1071,POSTED
JE-2024-00373,2024-03-22,2024-03-25,2024-03,FY2024,12,AR,Sales invoice SI-2024-01354,1072,1071,POSTED
JE-2024-00374,2024-03-14,2024-03-15,2024-03,FY2024,12,AR,Sales invoice SI-2024-01355,1072,1071,POSTED
JE-2024-00375,2024-03-18,2024-03-18,2024-03,FY2024,12,AR,Sales invoice SI-2024-01356,1072,1071,POSTED
JE-2024-00376,2024-03-22,2024-03-25,2024-03,FY2024,12,AR,Sales invoice SI-2024-01357,1072,1071,POSTED
JE-2024-00377,2024-03-15,2024-03-18,2024-03,FY2024,12,AR,Sales invoice SI-2024-01358,1072,1071,POSTED
JE-2024-00378,2024-03-27,2024-03-29,2024-03,FY2024,12,AR,Sales invoice SI-2024-01359,1072,1071,POSTED
JE-2024-00379,2024-03-29,2024-03-29,2024-03,FY2024,12,AR,Sales invoice SI-2024-01360,1072,1071,POSTED
JE-2024-00380,2024-03-20,2024-03-20,2024-03,FY2024,12,AR,Sales invoice SI-2024-01361,1072,1071,POSTED
JE-2024-00381,2024-03-11,2024-03-13,2024-03,FY2024,12,AR,Sales invoice SI-2024-01362,1072,1071,POSTED
JE-2024-00382,2024-03-13,2024-03-13,2024-03,FY2024,12,AR,Sales invoice SI-2024-01363,1072,1071,POSTED
JE-2024-00383,2024-03-27,2024-03-28,2024-03,FY2024,12,AR,Sales invoice SI-2024-01364,1072,1071,POSTED
JE-2024-00384,2024-03-22,2024-03-22,2024-03,FY2024,12,AR,Sales invoice SI-2024-01365,1072,1071,POSTED
JE-2024-00385,2024-03-08,2024-03-08,2024-03,FY2024,12,AR,Sales invoice SI-2024-01366,1072,1071,POSTED
JE-2024-00386,2024-03-12,2024-03-13,2024-03,FY2024,12,AR,Sales invoice SI-2024-01367,1072,1071,POSTED
JE-2024-00387,2024-03-01,2024-03-01,2024-03,FY2024,12,AR,Sales invoice SI-2024-01368,1072,1071,POSTED
JE-2024-00388,2024-03-15,2024-03-15,2024-03,FY2024,12,AR,Sales invoice SI-2024-01369,1072,1071,POSTED
JE-2024-00389,2024-03-22,2024-03-25,2024-03,FY2024,12,AR,Sales invoice SI-2024-01370,1072,1071,POSTED
JE-2024-00390,2024-03-11,2024-03-13,2024-03,FY2024,12,AR,Sales invoice SI-2024-01371,1072,1071,POSTED
JE-2024-00391,2024-03-08,2024-03-08,2024-03,FY2024,12,AR,Sales invoice SI-2024-01372,1072,1071,POSTED
JE-2024-00392,2024-03-29,2024-03-29,2024-03,FY2024,12,AR,Sales invoice SI-2024-01373,1072,1071,POSTED
JE-2024-00393,2024-03-13,2024-03-15,2024-03,FY2024,12,AR,Sales invoice SI-2024-01374,1072,1071,POSTED
JE-2024-00394,2024-03-01,2024-03-01,2024-03,FY2024,12,AR,Sales invoice SI-2024-01375,1072,1071,POSTED
JE-2024-00395,2024-03-15,2024-03-18,2024-03,FY2024,12,AR,Sales invoice SI-2024-01376,1072,1071,POSTED
JE-2024-00396,2024-03-22,2024-03-22,2024-03,FY2024,12,AR,Sales invoice SI-2024-01377,1072,1071,POSTED
JE-2024-00397,2024-03-01,2024-03-04,2024-03,FY2024,12,AR,Sales invoice SI-2024-01378,1072,1071,POSTED
JE-2024-00398,2024-03-08,2024-03-08,2024-03,FY2024,12,AR,Sales invoice SI-2024-01379,1072,1071,POSTED
JE-2024-00399,2024-03-18,2024-03-19,2024-03,FY2024,12,AR,Sales invoice SI-2024-01380,1072,1071,POSTED
JE-2024-00400,2024-03-25,2024-03-27,2024-03,FY2024,12,AR,Sales invoice SI-2024-01381,1072,1071,POSTED
JE-2024-00401,2024-03-29,2024-03-29,2024-03,FY2024,12,AP,Purchase invoice PI-2024-00938,1072,1071,POSTED
JE-2024-00402,2024-03-14,2024-03-15,2024-03,FY2024,12,AP,Purchase invoice PI-2024-00939,1072,1071,POSTED
JE-2024-00403,2024-03-29,2024-03-29,2024-03,FY2024,12,AP,Purchase invoice PI-2024-00940,1072,1071,POSTED
JE-2024-00404,2024-03-07,2024-03-08,2024-03,FY2024,12,AP,Purchase invoice PI-2024-00941,1072,1071,POSTED
JE-2024-00405,2024-03-27,2024-03-27,2024-03,FY2024,12,AP,Purchase invoice PI-2024-00942,1072,1071,POSTED
JE-2024-00406,2024-03-29,2024-03-29,2024-03,FY2024,12,AP,Purchase invoice PI-2024-00943,1072,1071,POSTED
JE-2024-00407,2024-03-22,2024-03-22,2024-03,FY2024,12,AP,Purchase invoice PI-2024-00944,1072,1071,POSTED
JE-2024-00408,2024-03-01,2024-03-01,2024-03,FY2024,12,AP,Purchase invoice PI-2024-00945,1072,1071,POSTED
JE-2024-00409,2024-03-18,2024-03-19,2024-03,FY2024,12,AP,Purchase invoice PI-2024-00946,1072,1071,POSTED
JE-2024-00410,2024-03-26,2024-03-27,2024-03,FY2024,12,AP,Purchase invoice PI-2024-00947,1072,1071,POSTED
JE-2024-00411,2024-03-05,2024-03-07,2024-03,FY2024,12,AP,Purchase invoice PI-2024-00948,1072,1071,POSTED
JE-2024-00412,2024-03-13,2024-03-13,2024-03,FY2024,12,AP,Purchase invoice PI-2024-00949,1072,1071,POSTED
JE-2024-00413,2024-03-21,2024-03-22,2024-03,FY2024,12,AP,Purchase invoice PI-2024-00950,1072,1071,POSTED
JE-2024-00414,2024-03-11,2024-03-12,2024-03,FY2024,12,AP,Purchase invoice PI-2024-00951,1072,1071,POSTED
JE-2024-00415,2024-03-20,2024-03-22,2024-03,FY2024,12,AP,Purchase invoice PI-2024-00952,1072,1071,POSTED
JE-2024-00416,2024-03-12,2024-03-14,2024-03,FY2024,12,AP,Purchase invoice PI-2024-00953,1072,1071,POSTED
JE-2024-00417,2024-03-01,2024-03-01,2024-03,FY2024,12,AP,Purchase invoice PI-2024-00954,1072,1071,POSTED
JE-2024-00418,2024-03-20,2024-03-20,2024-03,FY2024,12,AP,Purchase invoice PI-2024-00955,1072,1071,POSTED
JE-2024-00419,2024-03-22,2024-03-22,2024-03,FY2024,12,AP,Purchase invoice PI-2024-00956,1072,1071,POSTED
JE-2024-00420,2024-03-12,2024-03-14,2024-03,FY2024,12,AP,Purchase invoice PI-2024-00957,1072,1071,POSTED
JE-2024-00421,2024-03-18,2024-03-21,2024-03,FY2024,12,AP,Purchase invoice PI-2024-00958,1072,1071,POSTED
JE-2024-00422,2024-03-18,2024-03-21,2024-03,FY2024,12,AP,Purchase invoice PI-2024-00959,1072,1071,POSTED
JE-2024-00423,2024-03-28,2024-03-29,2024-03,FY2024,12,AP,Purchase invoice PI-2024-00960,1072,1071,POSTED
JE-2024-00424,2024-03-29,2024-03-29,2024-03,FY2024,12,AP,Purchase invoice PI-2024-00961,1072,1071,POSTED
JE-2024-00425,2024-03-29,2024-03-29,2024-03,FY2024,12,AP,Purchase invoice PI-2024-00962,1072,1071,POSTED
JE-2024-00426,2024-03-12,2024-03-14,2024-03,FY2024,12,AP,Purchase invoice PI-2024-00963,1072,1071,POSTED
JE-2024-00427,2024-03-25,2024-03-26,2024-03,FY2024,12,AP,Purchase invoice PI-2024-00964,1072,1071,POSTED
JE-2024-00428,2024-03-15,2024-03-15,2024-03,FY2024,12,AP,Purchase invoice PI-2024-00965,1072,1071,POSTED
JE-2024-00429,2024-03-25,2024-03-25,2024-03,FY2024,12,AP,Purchase invoice PI-2024-00966,1072,1071,POSTED
JE-2024-00430,2024-03-08,2024-03-08,2024-03,FY2024,12,AP,Purchase invoice PI-2024-00967,1072,1071,POSTED
JE-2024-00431,2024-03-01,2024-03-01,2024-03,FY2024,12,AP,Purchase invoice PI-2024-00968,1072,1071,POSTED
JE-2024-00432,2024-03-15,2024-03-15,2024-03,FY2024,12,AP,Purchase invoice PI-2024-00969,1072,1071,POSTED
JE-2024-00433,2024-03-22,2024-03-22,2024-03,FY2024,12,AP,Purchase invoice PI-2024-00970,1072,1071,POSTED
JE-2024-00434,2024-03-22,2024-03-22,2024-03,FY2024,12,AP,Purchase invoice PI-2024-00971,1072,1071,POSTED
JE-2024-00435,2024-03-01,2024-03-04,2024-03,FY2024,12,AP,Purchase invoice PI-2024-00972,1072,1071,POSTED
JE-2024-00436,2024-03-08,2024-03-08,2024-03,FY2024,12,AP,Purchase invoice PI-2024-00973,1072,1071,POSTED
JE-2024-00437,2024-03-14,2024-03-15,2024-03,FY2024,12,AP,Purchase invoice PI-2024-00974,1072,1071,POSTED
JE-2024-00438,2024-03-22,2024-03-22,2024-03,FY2024,12,AP,Purchase invoice PI-2024-00975,1072,1071,POSTED
JE-2024-00439,2024-03-01,2024-03-01,2024-03,FY2024,12,AP,Purchase invoice PI-2024-00976,1072,1071,POSTED
JE-2024-00440,2024-03-08,2024-03-11,2024-03,FY2024,12,AP,Purchase invoice PI-2024-00977,1072,1071,POSTED
JE-2024-00441,2024-03-22,2024-03-22,2024-03,FY2024,12,AP,Purchase invoice PI-2024-00978,1072,1071,POSTED
JE-2024-00442,2024-03-22,2024-03-22,2024-03,FY2024,12,AP,Purchase invoice PI-2024-00979,1072,1071,POSTED
JE-2024-00443,2024-02-09,2024-02-12,2024-02,FY2024,11,CASH,Customer receipt SI-2023-01130,1072,1071,POSTED
JE-2024-00444,2024-01-24,2024-01-24,2024-01,FY2024,10,CASH,Customer receipt SI-2023-01158,1072,1071,POSTED
JE-2024-00445,2024-02-15,2024-02-15,2024-02,FY2024,11,CASH,Customer receipt SI-2023-01179,1072,1071,POSTED
JE-2024-00446,2024-02-13,2024-02-14,2024-02,FY2024,11,CASH,Customer receipt SI-2023-01191,1072,1071,POSTED
JE-2024-00447,2024-03-08,2024-03-08,2024-03,FY2024,12,CASH,Customer receipt SI-2023-01199,1072,1071,POSTED
JE-2024-00448,2024-03-06,2024-03-06,2024-03,FY2024,12,CASH,Customer receipt SI-2023-01200,1072,1071,POSTED
JE-2024-00449,2024-02-16,2024-02-19,2024-02,FY2024,11,CASH,Customer receipt SI-2023-01203,1072,1071,POSTED
JE-2024-00450,2024-02-12,2024-02-15,2024-02,FY2024,11,CASH,Customer receipt SI-2023-01205,1072,1071,POSTED
JE-2024-00451,2024-03-11,2024-03-14,2024-03,FY2024,12,CASH,Customer receipt SI-2023-01206,1072,1071,POSTED
JE-2024-00452,2024-03-04,2024-03-06,2024-03,FY2024,12,CASH,Customer receipt SI-2023-01208,1072,1071,POSTED
JE-2024-00453,2024-03-22,2024-03-22,2024-03,FY2024,12,CASH,Customer receipt SI-2023-01210,1072,1071,POSTED
JE-2024-00454,2024-03-04,2024-03-05,2024-03,FY2024,12,CASH,Customer receipt SI-2023-01211,1072,1071,POSTED
JE-2024-00455,2024-03-28,2024-03-28,2024-03,FY2024,12,CASH,Customer receipt SI-2023-01218,1072,1071,POSTED
JE-2024-00456,2024-02-20,2024-02-21,2024-02,FY2024,11,CASH,Customer receipt SI-2024-01221,1072,1071,POSTED
JE-2024-00457,2024-02-20,2024-02-20,2024-02,FY2024,11,CASH,Customer receipt SI-2024-01227,1072,1071,POSTED
JE-2024-00458,2024-02-23,2024-02-23,2024-02,FY2024,11,CASH,Customer receipt SI-2024-01228,1072,1071,POSTED
JE-2024-00459,2024-03-26,2024-03-26,2024-03,FY2024,12,CASH,Customer receipt SI-2024-01229,1072,1071,POSTED
JE-2024-00460,2024-03-05,2024-03-07,2024-03,FY2024,12,CASH,Customer receipt SI-2024-01232,1072,1071,POSTED
JE-2024-00461,2024-03-28,2024-03-29,2024-03,FY2024,12,CASH,Customer receipt SI-2024-01234,1072,1071,POSTED
JE-2024-00462,2024-02-16,2024-02-16,2024-02,FY2024,11,CASH,Customer receipt SI-2024-01237,1072,1071,POSTED
JE-2024-00463,2024-03-13,2024-03-13,2024-03,FY2024,12,CASH,Customer receipt SI-2024-01238,1072,1071,POSTED
JE-2024-00464,2024-02-23,2024-02-23,2024-02,FY2024,11,CASH,Customer receipt SI-2024-01239,1072,1071,POSTED
JE-2024-00465,2024-03-01,2024-03-01,2024-03,FY2024,12,CASH,Customer receipt SI-2024-01240,1072,1071,POSTED
JE-2024-00466,2024-03-21,2024-03-22,2024-03,FY2024,12,CASH,Customer receipt SI-2024-01244,1072,1071,POSTED
JE-2024-00467,2024-03-26,2024-03-28,2024-03,FY2024,12,CASH,Customer receipt SI-2024-01245,1072,1071,POSTED
JE-2024-00468,2024-02-28,2024-02-28,2024-02,FY2024,11,CASH,Customer receipt SI-2024-01248,1072,1071,POSTED
JE-2024-00469,2024-03-22,2024-03-22,2024-03,FY2024,12,CASH,Customer receipt SI-2024-01250,1072,1071,POSTED
JE-2024-00470,2024-03-28,2024-03-29,2024-03,FY2024,12,CASH,Customer receipt SI-2024-01251,1072,1071,POSTED
JE-2024-00471,2024-02-16,2024-02-19,2024-02,FY2024,11,CASH,Customer receipt SI-2024-01253,1072,1071,POSTED
JE-2024-00472,2024-03-22,2024-03-25,2024-03,FY2024,12,CASH,Customer receipt SI-2024-01254,1072,1071,POSTED
JE-2024-00473,2024-03-08,2024-03-11,2024-03,FY2024,12,CASH,Customer receipt SI-2024-01256,1072,1071,POSTED
JE-2024-00474,2024-03-01,2024-03-01,2024-03,FY2024,12,CASH,Customer receipt SI-2024-01258,1072,1071,POSTED
JE-2024-00475,2024-03-04,2024-03-06,2024-03,FY2024,12,CASH,Customer receipt SI-2024-01262,1072,1071,POSTED
JE-2024-00476,2024-02-07,2024-02-07,2024-02,FY2024,11,CASH,Customer receipt SI-2024-01263,1072,1071,POSTED
JE-2024-00477,2024-03-26,2024-03-29,2024-03,FY2024,12,CASH,Customer receipt SI-2024-01267,1072,1071,POSTED
JE-2024-00478,2024-03-14,2024-03-15,2024-03,FY2024,12,CASH,Customer receipt SI-2024-01270,1072,1071,POSTED
JE-2024-00479,2024-03-29,2024-03-29,2024-03,FY2024,12,CASH,Customer receipt SI-2024-01273,1072,1071,POSTED
JE-2024-00480,2024-03-21,2024-03-22,2024-03,FY2024,12,CASH,Customer receipt SI-2024-01284,1072,1071,POSTED
JE-2024-00481,2024-03-18,2024-03-21,2024-03,FY2024,12,CASH,Customer receipt SI-2024-01287,1072,1071,POSTED
JE-2024-00482,2024-03-26,2024-03-27,2024-03,FY2024,12,CASH,Customer receipt SI-2024-01288,1072,1071,POSTED
JE-2024-00483,2024-03-29,2024-03-29,2024-03,FY2024,12,CASH,Customer receipt SI-2024-01291,1072,1071,POSTED
JE-2024-00484,2024-03-29,2024-03-29,2024-03,FY2024,12,CASH,Customer receipt SI-2024-01292,1072,1071,POSTED
JE-2024-00485,2024-03-11,2024-03-11,2024-03,FY2024,12,CASH,Customer receipt SI-2024-01296,1072,1071,POSTED
JE-2024-00486,2024-03-05,2024-03-07,2024-03,FY2024,12,CASH,Customer receipt SI-2024-01308,1072,1071,POSTED
JE-2024-00487,2024-03-05,2024-03-08,2024-03,FY2024,12,CASH,Customer receipt SI-2024-01309,1072,1071,POSTED
JE-2024-00488,2024-03-29,2024-04-01,2024-03,FY2024,12,CASH,Customer receipt SI-2024-01310,1072,1071,POSTED
JE-2024-00489,2024-03-22,2024-03-22,2024-03,FY2024,12,CASH,Customer receipt SI-2024-01315,1072,1071,POSTED
JE-2024-00490,2024-03-22,2024-03-25,2024-03,FY2024,12,CASH,Customer receipt SI-2024-01319,1072,1071,POSTED
JE-2024-00491,2024-02-13,2024-02-13,2024-02,FY2024,11,CASH,Customer receipt SI-2024-01322,1072,1071,POSTED
JE-2024-00492,2024-03-22,2024-03-22,2024-03,FY2024,12,CASH,Customer receipt SI-2024-01335,1072,1071,POSTED
JE-2024-00493,2024-03-29,2024-03-29,2024-03,FY2024,12,CASH,Customer receipt SI-2024-01339,1072,1071,POSTED
JE-2024-00494,2024-02-16,2024-02-19,2024-02,FY2024,11,CASH,Supplier payment PI-2024-00872,1072,1071,POSTED
JE-2024-00495,2024-03-06,2024-03-08,2024-03,FY2024,12,CASH,Supplier payment PI-2024-00873,1072,1071,POSTED
JE-2024-00496,2024-02-28,2024-02-28,2024-02,FY2024,11,CASH,Supplier payment PI-2024-00876,1072,1071,POSTED
JE-2024-00497,2024-02-28,2024-03-01,2024-02,FY2024,11,CASH,Supplier payment PI-2024-00877,1072,1071,POSTED
JE-2024-00498,2024-02-27,2024-02-27,2024-02,FY2024,11,CASH,Supplier payment PI-2024-00881,1072,1071,POSTED
JE-2024-00499,2024-03-21,2024-03-22,2024-03,FY2024,12,CASH,Supplier payment PI-2024-00885,1072,1071,POSTED
JE-2024-00500,2024-03-01,2024-03-04,2024-03,FY2024,12,CASH,Supplier payment PI-2024-00891,1072,1071,POSTED
JE-2024-00501,2024-03-26,2024-03-29,2024-03,FY2024,12,CASH,Supplier payment PI-2024-00895,1072,1071,POSTED
JE-2024-00502,2024-02-16,2024-02-16,2024-02,FY2024,11,CASH,Supplier payment PI-2024-00896,1072,1071,POSTED
JE-2024-00503,2024-03-07,2024-03-08,2024-03,FY2024,12,CASH,Supplier payment PI-2024-00897,1072,1071,POSTED
JE-2024-00504,2024-03-14,2024-03-15,2024-03,FY2024,12,CASH,Supplier payment PI-2024-00900,1072,1071,POSTED
JE-2024-00505,2024-03-01,2024-03-01,2024-03,FY2024,12,CASH,Supplier payment PI-2024-00903,1072,1071,POSTED
JE-2024-00506,2024-03-01,2024-03-04,2024-03,FY2024,12,CASH,Supplier payment PI-2024-00904,1072,1071,POSTED
JE-2024-00507,2024-03-14,2024-03-14,2024-03,FY2024,12,CASH,Supplier payment PI-2024-00905,1072,1071,POSTED
JE-2024-00508,2024-03-01,2024-03-01,2024-03,FY2024,12,CASH,Supplier payment PI-2024-00906,1072,1071,POSTED
JE-2024-00509,2024-03-07,2024-03-08,2024-03,FY2024,12,CASH,Supplier payment PI-2024-00908,1072,1071,POSTED
JE-2024-00510,2024-03-21,2024-03-22,2024-03,FY2024,12,CASH,Supplier payment PI-2024-00909,1072,1071,POSTED
JE-2024-00511,2024-03-19,2024-03-19,2024-03,FY2024,12,CASH,Supplier payment PI-2024-00914,1072,1071,POSTED
JE-2024-00512,2024-03-18,2024-03-20,2024-03,FY2024,12,CASH,Supplier payment PI-2024-00915,1072,1071,POSTED
JE-2024-00513,2024-03-01,2024-03-04,2024-03,FY2024,12,CASH,Supplier payment PI-2024-00916,1072,1071,POSTED
JE-2024-00514,2024-03-27,2024-03-28,2024-03,FY2024,12,CASH,Supplier payment PI-2024-00920,1072,1071,POSTED
JE-2024-00515,2024-03-22,2024-03-25,2024-03,FY2024,12,CASH,Supplier payment PI-2024-00921,1072,1071,POSTED
JE-2024-00516,2024-03-21,2024-03-22,2024-03,FY2024,12,CASH,Supplier payment PI-2024-00922,1072,1071,POSTED
JE-2024-00517,2024-03-28,2024-03-29,2024-03,FY2024,12,CASH,Supplier payment PI-2024-00923,1072,1071,POSTED
JE-2024-00518,2024-03-22,2024-03-22,2024-03,FY2024,12,CASH,Supplier payment PI-2024-00924,1072,1071,POSTED
JE-2024-00519,2024-03-22,2024-03-22,2024-03,FY2024,12,CASH,Supplier payment PI-2024-00926,1072,1071,POSTED
JE-2024-00520,2024-03-22,2024-03-25,2024-03,FY2024,12,CASH,Supplier payment PI-2024-00927,1072,1071,POSTED
JE-2024-00521,2024-03-12,2024-03-13,2024-03,FY2024,12,CASH,Supplier payment PI-2024-00928,1072,1071,POSTED
JE-2024-00522,2024-03-25,2024-03-28,2024-03,FY2024,12,CASH,Supplier payment PI-2024-00929,1072,1071,POSTED
JE-2024-00523,2024-03-01,2024-03-04,2024-03,FY2024,12,CASH,Supplier payment PI-2024-00934,1072,1071,POSTED
JE-2024-00524,2024-03-22,2024-03-22,2024-03,FY2024,12,CASH,Supplier payment PI-2024-00935,1072,1071,POSTED
JE-2024-00525,2024-02-26,2024-02-29,2024-02,FY2024,11,CASH,Supplier payment PI-2024-00936,1072,1071,POSTED
JE-2024-00526,2024-03-15,2024-03-15,2024-03,FY2024,12,CASH,Supplier payment PI-2024-00945,1072,1071,POSTED
JE-2024-00527,2024-03-29,2024-03-29,2024-03,FY2024,12,CASH,Supplier payment PI-2024-00972,1072,1071,POSTED
JE-2024-00528,2024-03-28,2024-03-29,2024-03,FY2024,12,PAYROLL,Payroll March 2024,1072,1071,POSTED
JE-2024-00529,2024-03-31,2024-04-03,2024-03,FY2024,12,GENERAL,Depreciation Mar 2024,1072,1071,POSTED
JE-2024-00530,2024-03-31,2024-03-29,2024-03,FY2024,12,GENERAL,Bank charges and interest Mar 2024,1072,1071,POSTED
JE-2024-00531,2024-03-31,2024-04-02,2024-03,FY2024,12,GENERAL,Year end accruals FY2024,1072,1071,POSTED
JE-2024-00532,2024-03-31,2024-04-01,2024-03,FY2024,12,GENERAL,Corporation tax provision FY2024,1072,1071,POSTED
JE-2024-00533,2024-04-18,2024-04-19,2024-04,FY2025,1,AR,Sales invoice SI-2024-01382,1072,1071,POSTED
JE-2024-00534,2024-04-22,2024-04-25,2024-04,FY2025,1,AR,Sales invoice SI-2024-01383,1072,1071,POSTED
JE-2024-00535,2024-04-26,2024-04-26,2024-04,FY2025,1,AR,Sales invoice SI-2024-01384,1072,1071,POSTED
JE-2024-00536,2024-04-12,2024-04-12,2024-04,FY2025,1,AR,Sales invoice SI-2024-01385,1072,1071,POSTED
JE-2024-00537,2024-04-23,2024-04-24,2024-04,FY2025,1,AR,Sales invoice SI-2024-01386,1072,1071,POSTED
JE-2024-00538,2024-04-25,2024-04-26,2024-04,FY2025,1,AR,Sales invoice SI-2024-01387,1072,1071,POSTED
JE-2024-00539,2024-04-08,2024-04-11,2024-04,FY2025,1,AR,Sales invoice SI-2024-01388,1072,1071,POSTED
JE-2024-00540,2024-04-23,2024-04-26,2024-04,FY2025,1,AR,Sales invoice SI-2024-01389,1072,1071,POSTED
JE-2024-00541,2024-04-01,2024-04-02,2024-04,FY2025,1,AR,Sales invoice SI-2024-01390,1072,1071,POSTED
JE-2024-00542,2024-04-26,2024-04-26,2024-04,FY2025,1,AR,Sales invoice SI-2024-01391,1072,1071,POSTED
JE-2024-00543,2024-04-12,2024-04-15,2024-04,FY2025,1,AR,Sales invoice SI-2024-01392,1072,1071,POSTED
JE-2024-00544,2024-04-22,2024-04-22,2024-04,FY2025,1,AR,Sales invoice SI-2024-01393,1072,1071,POSTED
JE-2024-00545,2024-04-05,2024-04-05,2024-04,FY2025,1,AR,Sales invoice SI-2024-01394,1072,1071,POSTED
JE-2024-00546,2024-04-18,2024-04-19,2024-04,FY2025,1,AR,Sales invoice SI-2024-01395,1072,1071,POSTED
JE-2024-00547,2024-04-26,2024-04-26,2024-04,FY2025,1,AR,Sales invoice SI-2024-01396,1072,1071,POSTED
JE-2024-00548,2024-04-12,2024-04-15,2024-04,FY2025,1,AR,Sales invoice SI-2024-01397,1072,1071,POSTED
JE-2024-00549,2024-04-17,2024-04-17,2024-04,FY2025,1,AR,Sales invoice SI-2024-01398,1072,1071,POSTED
JE-2024-00550,2024-04-05,2024-04-05,2024-04,FY2025,1,AR,Sales invoice SI-2024-01399,1072,1071,POSTED
JE-2024-00551,2024-04-03,2024-04-04,2024-04,FY2025,1,AR,Sales invoice SI-2024-01400,1072,1071,POSTED
JE-2024-00552,2024-04-19,2024-04-19,2024-04,FY2025,1,AR,Sales invoice SI-2024-01401,1072,1071,POSTED
JE-2024-00553,2024-04-11,2024-04-11,2024-04,FY2025,1,AR,Sales invoice SI-2024-01402,1072,1071,POSTED
JE-2024-00554,2024-04-19,2024-04-19,2024-04,FY2025,1,AR,Sales invoice SI-2024-01403,1072,1071,POSTED
JE-2024-00555,2024-04-12,2024-04-15,2024-04,FY2025,1,AR,Sales invoice SI-2024-01404,1072,1071,POSTED
JE-2024-00556,2024-04-19,2024-04-19,2024-04,FY2025,1,AR,Sales invoice SI-2024-01405,1072,1071,POSTED
JE-2024-00557,2024-04-18,2024-04-19,2024-04,FY2025,1,AR,Sales invoice SI-2024-01406,1072,1071,POSTED
JE-2024-00558,2024-04-11,2024-04-12,2024-04,FY2025,1,AR,Sales invoice SI-2024-01407,1072,1071,POSTED
JE-2024-00559,2024-04-04,2024-04-04,2024-04,FY2025,1,AR,Sales invoice SI-2024-01408,1072,1071,POSTED
JE-2024-00560,2024-04-04,2024-04-05,2024-04,FY2025,1,AR,Sales invoice SI-2024-01409,1072,1071,POSTED
JE-2024-00561,2024-04-02,2024-04-05,2024-04,FY2025,1,AR,Sales invoice SI-2024-01410,1072,1071,POSTED
JE-2024-00562,2024-04-25,2024-04-25,2024-04,FY2025,1,AR,Sales invoice SI-2024-01411,1072,1071,POSTED
JE-2024-00563,2024-04-12,2024-04-12,2024-04,FY2025,1,AR,Sales invoice SI-2024-01412,1072,1071,POSTED
JE-2024-00564,2024-04-11,2024-04-11,2024-04,FY2025,1,AR,Sales invoice SI-2024-01413,1072,1071,POSTED
JE-2024-00565,2024-04-08,2024-04-08,2024-04,FY2025,1,AR,Sales invoice SI-2024-01414,1072,1071,POSTED
JE-2024-00566,2024-04-29,2024-04-29,2024-04,FY2025,1,AR,Sales invoice SI-2024-01415,1072,1071,POSTED
JE-2024-00567,2024-04-05,2024-04-05,2024-04,FY2025,1,AR,Sales invoice SI-2024-01416,1072,1071,POSTED
JE-2024-00568,2024-04-12,2024-04-15,2024-04,FY2025,1,AR,Sales invoice SI-2024-01417,1072,1071,POSTED
JE-2024-00569,2024-04-05,2024-04-05,2024-04,FY2025,1,AR,Sales invoice SI-2024-01418,1072,1071,POSTED
JE-2024-00570,2024-04-16,2024-04-19,2024-04,FY2025,1,AR,Sales invoice SI-2024-01419,1072,1071,POSTED
JE-2024-00571,2024-04-02,2024-04-02,2024-04,FY2025,1,AR,Sales invoice SI-2024-01420,1072,1071,POSTED
JE-2024-00572,2024-04-19,2024-04-19,2024-04,FY2025,1,AR,Sales invoice SI-2024-01421,1072,1071,POSTED
JE-2024-00573,2024-04-04,2024-04-04,2024-04,FY2025,1,AR,Sales invoice SI-2024-01422,1072,1071,POSTED
JE-2024-00574,2024-04-19,2024-04-19,2024-04,FY2025,1,AR,Sales invoice SI-2024-01423,1072,1071,POSTED
JE-2024-00575,2024-04-26,2024-04-26,2024-04,FY2025,1,AR,Sales invoice SI-2024-01424,1072,1071,POSTED
JE-2024-00576,2024-04-03,2024-04-04,2024-04,FY2025,1,AR,Sales invoice SI-2024-01425,1072,1071,POSTED
JE-2024-00577,2024-04-08,2024-04-08,2024-04,FY2025,1,AR,Sales invoice SI-2024-01426,1072,1071,POSTED
JE-2024-00578,2024-04-05,2024-04-05,2024-04,FY2025,1,AR,Sales invoice SI-2024-01427,1072,1071,POSTED
JE-2024-00579,2024-04-19,2024-04-19,2024-04,FY2025,1,AR,Sales invoice SI-2024-01428,1072,1071,POSTED
JE-2024-00580,2024-04-15,2024-04-18,2024-04,FY2025,1,AR,Sales invoice SI-2024-01429,1072,1071,POSTED
JE-2024-00581,2024-04-12,2024-04-12,2024-04,FY2025,1,AR,Sales invoice SI-2024-01430,1072,1071,POSTED
JE-2024-00582,2024-04-30,2024-04-30,2024-04,FY2025,1,AR,Sales invoice SI-2024-01431,1072,1071,POSTED
JE-2024-00583,2024-04-08,2024-04-09,2024-04,FY2025,1,AR,Sales invoice SI-2024-01432,1072,1071,POSTED
JE-2024-00584,2024-04-26,2024-04-26,2024-04,FY2025,1,AR,Sales invoice SI-2024-01433,1072,1071,POSTED
JE-2024-00585,2024-04-03,2024-04-04,2024-04,FY2025,1,AR,Sales invoice SI-2024-01434,1072,1071,POSTED
JE-2024-00586,2024-04-05,2024-04-05,2024-04,FY2025,1,AR,Sales invoice SI-2024-01435,1072,1071,POSTED
JE-2024-00587,2024-04-19,2024-04-19,2024-04,FY2025,1,AP,Purchase invoice PI-2024-00980,1072,1071,POSTED
JE-2024-00588,2024-04-19,2024-04-19,2024-04,FY2025,1,AP,Purchase invoice PI-2024-00981,1072,1071,POSTED
JE-2024-00589,2024-04-18,2024-04-19,2024-04,FY2025,1,AP,Purchase invoice PI-2024-00982,1072,1071,POSTED
JE-2024-00590,2024-04-19,2024-04-19,2024-04,FY2025,1,AP,Purchase invoice PI-2024-00983,1072,1071,POSTED
JE-2024-00591,2024-04-19,2024-04-22,2024-04,FY2025,1,AP,Purchase invoice PI-2024-00984,1072,1071,POSTED
JE-2024-00592,2024-04-12,2024-04-12,2024-04,FY2025,1,AP,Purchase invoice PI-2024-00985,1072,1071,POSTED
JE-2024-00593,2024-04-15,2024-04-16,2024-04,FY2025,1,AP,Purchase invoice PI-2024-00986,1072,1071,POSTED
JE-2024-00594,2024-04-19,2024-04-19,2024-04,FY2025,1,AP,Purchase invoice PI-2024-00987,1072,1071,POSTED
JE-2024-00595,2024-04-08,2024-04-11,2024-04,FY2025,1,AP,Purchase invoice PI-2024-00988,1072,1071,POSTED
JE-2024-00596,2024-04-18,2024-04-19,2024-04,FY2025,1,AP,Purchase invoice PI-2024-00989,1072,1071,POSTED
JE-2024-00597,2024-04-05,2024-04-05,2024-04,FY2025,1,AP,Purchase invoice PI-2024-00990,1072,1071,POSTED
JE-2024-00598,2024-04-09,2024-04-10,2024-04,FY2025,1,AP,Purchase invoice PI-2024-00991,1072,1071,POSTED
JE-2024-00599,2024-04-12,2024-04-12,2024-04,FY2025,1,AP,Purchase invoice PI-2024-00992,1072,1071,POSTED
JE-2024-00600,2024-04-26,2024-04-26,2024-04,FY2025,1,AP,Purchase invoice PI-2024-00993,1072,1071,POSTED
JE-2024-00601,2024-04-04,2024-04-05,2024-04,FY2025,1,AP,Purchase invoice PI-2024-00994,1072,1071,POSTED
JE-2024-00602,2024-04-10,2024-04-11,2024-04,FY2025,1,AP,Purchase invoice PI-2024-00995,1072,1071,POSTED
JE-2024-00603,2024-04-09,2024-04-12,2024-04,FY2025,1,AP,Purchase invoice PI-2024-00996,1072,1071,POSTED
JE-2024-00604,2024-04-05,2024-04-05,2024-04,FY2025,1,AP,Purchase invoice PI-2024-00997,1072,1071,POSTED
JE-2024-00605,2024-04-05,2024-04-05,2024-04,FY2025,1,AP,Purchase invoice PI-2024-00998,1072,1071,POSTED
JE-2024-00606,2024-04-05,2024-04-05,2024-04,FY2025,1,AP,Purchase invoice PI-2024-00999,1072,1071,POSTED
JE-2024-00607,2024-04-01,2024-04-03,2024-04,FY2025,1,AP,Purchase invoice PI-2024-01000,1072,1071,POSTED
JE-2024-00608,2024-04-02,2024-04-04,2024-04,FY2025,1,AP,Purchase invoice PI-2024-01001,1072,1071,POSTED
JE-2024-00609,2024-04-24,2024-04-26,2024-04,FY2025,1,AP,Purchase invoice PI-2024-01002,1072,1071,POSTED
JE-2024-00610,2024-04-10,2024-04-11,2024-04,FY2025,1,AP,Purchase invoice PI-2024-01003,1072,1071,POSTED
JE-2024-00611,2024-04-19,2024-04-19,2024-04,FY2025,1,AP,Purchase invoice PI-2024-01004,1072,1071,POSTED
JE-2024-00612,2024-04-05,2024-04-05,2024-04,FY2025,1,AP,Purchase invoice PI-2024-01005,1072,1071,POSTED
JE-2024-00613,2024-04-15,2024-04-15,2024-04,FY2025,1,AP,Purchase invoice PI-2024-01006,1072,1071,POSTED
JE-2024-00614,2024-04-05,2024-04-05,2024-04,FY2025,1,AP,Purchase invoice PI-2024-01007,1072,1071,POSTED
JE-2024-00615,2024-04-12,2024-04-12,2024-04,FY2025,1,AP,Purchase invoice PI-2024-01008,1072,1071,POSTED
JE-2024-00616,2024-04-19,2024-04-19,2024-04,FY2025,1,AP,Purchase invoice PI-2024-01009,1072,1071,POSTED
JE-2024-00617,2024-04-05,2024-04-05,2024-04,FY2025,1,AP,Purchase invoice PI-2024-01010,1072,1071,POSTED
JE-2024-00618,2024-04-04,2024-04-05,2024-04,FY2025,1,AP,Purchase invoice PI-2024-01011,1072,1071,POSTED
JE-2024-00619,2024-04-11,2024-04-12,2024-04,FY2025,1,AP,Purchase invoice PI-2024-01012,1072,1071,POSTED
JE-2024-00620,2024-04-03,2024-04-03,2024-04,FY2025,1,AP,Purchase invoice PI-2024-01013,1072,1071,POSTED
JE-2024-00621,2024-04-19,2024-04-19,2024-04,FY2025,1,AP,Purchase invoice PI-2024-01014,1072,1071,POSTED
JE-2024-00622,2024-04-12,2024-04-12,2024-04,FY2025,1,AP,Purchase invoice PI-2024-01015,1072,1071,POSTED
JE-2024-00623,2024-04-01,2024-04-03,2024-04,FY2025,1,AP,Purchase invoice PI-2024-01016,1072,1071,POSTED
JE-2024-00624,2024-04-24,2024-04-26,2024-04,FY2025,1,AP,Purchase invoice PI-2024-01017,1072,1071,POSTED
JE-2024-00625,2024-02-23,2024-02-26,2024-02,FY2024,11,CASH,Customer receipt SI-2023-01177,1072,1071,POSTED
JE-2024-00626,2024-03-20,2024-03-21,2024-03,FY2024,12,CASH,Customer receipt SI-2023-01217,1072,1071,POSTED
JE-2024-00627,2024-04-02,2024-04-04,2024-04,FY2025,1,CASH,Customer receipt SI-2023-01220,1072,1071,POSTED
JE-2024-00628,2024-03-28,2024-03-28,2024-03,FY2024,12,CASH,Customer receipt SI-2024-01223,1072,1071,POSTED
JE-2024-00629,2024-04-23,2024-04-25,2024-04,FY2025,1,CASH,Customer receipt SI-2024-01233,1072,1071,POSTED
JE-2024-00630,2024-02-20,2024-02-23,2024-02,FY2024,11,CASH,Customer receipt SI-2024-01241,1072,1071,POSTED
JE-2024-00631,2024-04-15,2024-04-18,2024-04,FY2025,1,CASH,Customer receipt SI-2024-01242,1072,1071,POSTED
JE-2024-00632,2024-04-26,2024-04-26,2024-04,FY2025,1,CASH,Customer receipt SI-2024-01246,1072,1071,POSTED
JE-2024-00633,2024-04-05,2024-04-08,2024-04,FY2025,1,CASH,Customer receipt SI-2024-01259,1072,1071,POSTED
JE-2024-00634,2024-04-18,2024-04-19,2024-04,FY2025,1,CASH,Customer receipt SI-2024-01260,1072,1071,POSTED
JE-2024-00635,2024-04-03,2024-04-05,2024-04,FY2025,1,CASH,Customer receipt SI-2024-01261,1072,1071,POSTED
JE-2024-00636,2024-03-12,2024-03-14,2024-03,FY2024,12,CASH,Customer receipt SI-2024-01264,1072,1071,POSTED
JE-2024-00637,2024-03-11,2024-03-14,2024-03,FY2024,12,CASH,Customer receipt SI-2024-01266,1072,1071,POSTED
JE-2024-00638,2024-04-19,2024-04-19,2024-04,FY2025,1,CASH,Customer receipt SI-2024-01272,1072,1071,POSTED
JE-2024-00639,2024-04-30,2024-05-03,2024-04,FY2025,1,CASH,Customer receipt SI-2024-01274,1072,1071,POSTED
JE-2024-00640,2024-04-12,2024-04-12,2024-04,FY2025,1,CASH,Customer receipt SI-2024-01275,1072,1071,POSTED
JE-2024-00641,2024-03-19,2024-03-21,2024-03,FY2024,12,CASH,Customer receipt SI-2024-01280,1072,1071,POSTED
JE-2024-00642,2024-04-26,2024-04-29,2024-04,FY2025,1,CASH,Customer receipt SI-2024-01282,1072,1071,POSTED
JE-2024-00643,2024-04-26,2024-04-26,2024-04,FY2025,1,CASH,Customer receipt SI-2024-01283,1072,1071,POSTED
JE-2024-00644,2024-04-05,2024-04-05,2024-04,FY2025,1,CASH,Customer receipt SI-2024-01286,1072,1071,POSTED
JE-2024-00645,2024-04-16,2024-04-17,2024-04,FY2025,1,CASH,Customer receipt SI-2024-01289,1072,1071,POSTED
JE-2024-00646,2024-03-20,2024-03-20,2024-03,FY2024,12,CASH,Customer receipt SI-2024-01290,1072,1071,POSTED
JE-2024-00647,2024-04-29,2024-04-29,2024-04,FY2025,1,CASH,Customer receipt SI-2024-01293,1072,1071,POSTED
JE-2024-00648,2024-04-12,2024-04-12,2024-04,FY2025,1,CASH,Customer receipt SI-2024-01294,1072,1071,POSTED
JE-2024-00649,2024-04-09,2024-04-09,2024-04,FY2025,1,CASH,Customer receipt SI-2024-01299,1072,1071,POSTED
JE-2024-00650,2024-03-21,2024-03-22,2024-03,FY2024,12,CASH,Customer receipt SI-2024-01303,1072,1071,POSTED
JE-2024-00651,2024-04-23,2024-04-23,2024-04,FY2025,1,CASH,Customer receipt SI-2024-01306,1072,1071,POSTED
JE-2024-00652,2024-04-19,2024-04-22,2024-04,FY2025,1,CASH,Customer receipt SI-2024-01318,1072,1071,POSTED
JE-2024-00653,2024-04-15,2024-04-18,2024-04,FY2025,1,CASH,Customer receipt SI-2024-01324,1072,1071,POSTED
JE-2024-00654,2024-04-12,2024-04-12,2024-04,FY2025,1,CASH,Customer receipt SI-2024-01325,1072,1071,POSTED
JE-2024-00655,2024-04-08,2024-04-10,2024-04,FY2025,1,CASH,Customer receipt SI-2024-01330,1072,1071,POSTED
JE-2024-00656,2024-04-23,2024-04-23,2024-04,FY2025,1,CASH,Customer receipt SI-2024-01331,1072,1071,POSTED
JE-2024-00657,2024-04-26,2024-04-26,2024-04,FY2025,1,CASH,Customer receipt SI-2024-01333,1072,1071,POSTED
JE-2024-00658,2024-04-26,2024-04-26,2024-04,FY2025,1,CASH,Customer receipt SI-2024-01337,1072,1071,POSTED
JE-2024-00659,2024-04-30,2024-05-02,2024-04,FY2025,1,CASH,Customer receipt SI-2024-01340,1072,1071,POSTED
JE-2024-00660,2024-04-05,2024-04-08,2024-04,FY2025,1,CASH,Customer receipt SI-2024-01341,1072,1071,POSTED
JE-2024-00661,2024-04-09,2024-04-10,2024-04,FY2025,1,CASH,Customer receipt SI-2024-01352,1072,1071,POSTED
JE-2024-00662,2024-04-19,2024-04-19,2024-04,FY2025,1,CASH,Customer receipt SI-2024-01354,1072,1071,POSTED
JE-2024-00663,2024-04-23,2024-04-26,2024-04,FY2025,1,CASH,Customer receipt SI-2024-01358,1072,1071,POSTED
JE-2024-00664,2024-04-23,2024-04-25,2024-04,FY2025,1,CASH,Customer receipt SI-2024-01359,1072,1071,POSTED
JE-2024-00665,2024-04-01,2024-04-04,2024-04,FY2025,1,CASH,Customer receipt SI-2024-01363,1072,1071,POSTED
JE-2024-00666,2024-04-11,2024-04-12,2024-04,FY2025,1,CASH,Customer receipt SI-2024-01369,1072,1071,POSTED
JE-2024-00667,2024-04-19,2024-04-22,2024-04,FY2025,1,CASH,Customer receipt SI-2024-01373,1072,1071,POSTED
JE-2024-00668,2024-04-23,2024-04-26,2024-04,FY2025,1,CASH,Customer receipt SI-2024-01376,1072,1071,POSTED
JE-2024-00669,2024-03-28,2024-03-29,2024-03,FY2024,12,CASH,Customer receipt SI-2024-01378,1072,1071,POSTED
JE-2024-00670,2024-04-29,2024-05-02,2024-04,FY2025,1,CASH,Customer receipt SI-2024-01380,1072,1071,POSTED
JE-2024-00671,2024-03-15,2024-03-15,2024-03,FY2024,12,CASH,Supplier payment PI-2024-00871,1072,1071,POSTED
JE-2024-00672,2024-03-22,2024-03-22,2024-03,FY2024,12,CASH,Supplier payment PI-2024-00874,1072,1071,POSTED
JE-2024-00673,2024-04-05,2024-04-05,2024-04,FY2025,1,CASH,Supplier payment PI-2024-00902,1072,1071,POSTED
JE-2024-00674,2024-04-08,2024-04-09,2024-04,FY2025,1,CASH,Supplier payment PI-2024-00907,1072,1071,POSTED
JE-2024-00675,2024-04-19,2024-04-22,2024-04,FY2025,1,CASH,Supplier payment PI-2024-00912,1072,1071,POSTED
JE-2024-00676,2024-03-15,2024-03-15,2024-03,FY2024,12,CASH,Supplier payment PI-2024-00913,1072,1071,POSTED
JE-2024-00677,2024-04-26,2024-04-29,2024-04,FY2025,1,CASH,Supplier payment PI-2024-00918,1072,1071,POSTED
JE-2024-00678,2024-04-12,2024-04-12,2024-04,FY2025,1,CASH,Supplier payment PI-2024-00919,1072,1071,POSTED
JE-2024-00679,2024-04-15,2024-04-16,2024-04,FY2025,1,CASH,Supplier payment PI-2024-00925,1072,1071,POSTED
JE-2024-00680,2024-04-09,2024-04-10,2024-04,FY2025,1,CASH,Supplier payment PI-2024-00930,1072,1071,POSTED
JE-2024-00681,2024-03-22,2024-03-22,2024-03,FY2024,12,CASH,Supplier payment PI-2024-00931,1072,1071,POSTED
JE-2024-00682,2024-04-05,2024-04-08,2024-04,FY2025,1,CASH,Supplier payment PI-2024-00932,1072,1071,POSTED
JE-2024-00683,2024-04-26,2024-04-26,2024-04,FY2025,1,CASH,Supplier payment PI-2024-00938,1072,1071,POSTED
JE-2024-00684,2024-04-12,2024-04-15,2024-04,FY2025,1,CASH,Supplier payment PI-2024-00939,1072,1071,POSTED
JE-2024-00685,2024-04-26,2024-04-29,2024-04,FY2025,1,CASH,Supplier payment PI-2024-00942,1072,1071,POSTED
JE-2024-00686,2024-04-26,2024-04-26,2024-04,FY2025,1,CASH,Supplier payment PI-2024-00943,1072,1071,POSTED
JE-2024-00687,2024-04-16,2024-04-18,2024-04,FY2025,1,CASH,Supplier payment PI-2024-00948,1072,1071,POSTED
JE-2024-00688,2024-04-30,2024-05-02,2024-04,FY2025,1,CASH,Supplier payment PI-2024-00951,1072,1071,POSTED
JE-2024-00689,2024-04-22,2024-04-24,2024-04,FY2025,1,CASH,Supplier payment PI-2024-00952,1072,1071,POSTED
JE-2024-00690,2024-04-11,2024-04-12,2024-04,FY2025,1,CASH,Supplier payment PI-2024-00953,1072,1071,POSTED
JE-2024-00691,2024-04-09,2024-04-11,2024-04,FY2025,1,CASH,Supplier payment PI-2024-00957,1072,1071,POSTED
JE-2024-00692,2024-04-29,2024-04-29,2024-04,FY2025,1,CASH,Supplier payment PI-2024-00958,1072,1071,POSTED
JE-2024-00693,2024-04-17,2024-04-19,2024-04,FY2025,1,CASH,Supplier payment PI-2024-00959,1072,1071,POSTED
JE-2024-00694,2024-04-10,2024-04-12,2024-04,FY2025,1,CASH,Supplier payment PI-2024-00962,1072,1071,POSTED
JE-2024-00695,2024-04-23,2024-04-24,2024-04,FY2025,1,CASH,Supplier payment PI-2024-00963,1072,1071,POSTED
JE-2024-00696,2024-04-12,2024-04-12,2024-04,FY2025,1,CASH,Supplier payment PI-2024-00965,1072,1071,POSTED
JE-2024-00697,2024-04-26,2024-04-26,2024-04,FY2025,1,CASH,Supplier payment PI-2024-00966,1072,1071,POSTED
JE-2024-00698,2024-04-12,2024-04-15,2024-04,FY2025,1,CASH,Supplier payment PI-2024-00968,1072,1071,POSTED
JE-2024-00699,2024-04-17,2024-04-18,2024-04,FY2025,1,CASH,Supplier payment PI-2024-00969,1072,1071,POSTED
JE-2024-00700,2024-04-19,2024-04-19,2024-04,FY2025,1,CASH,Supplier payment PI-2024-00971,1072,1071,POSTED
JE-2024-00701,2024-03-20,2024-03-20,2024-03,FY2024,12,CASH,Supplier payment PI-2024-00973,1072,1071,POSTED
JE-2024-00702,2024-04-08,2024-04-09,2024-04,FY2025,1,CASH,Supplier payment PI-2024-00975,1072,1071,POSTED
JE-2024-00703,2024-03-29,2024-03-29,2024-03,FY2024,12,CASH,Supplier payment PI-2024-00976,1072,1071,POSTED
JE-2024-00704,2024-04-05,2024-04-05,2024-04,FY2025,1,CASH,Supplier payment PI-2024-00977,1072,1071,POSTED
JE-2024-00705,2024-04-19,2024-04-22,2024-04,FY2025,1,CASH,Supplier payment PI-2024-00978,1072,1071,POSTED
JE-2024-00706,2024-04-24,2024-04-26,2024-04,FY2025,1,CASH,Supplier payment PI-2024-00985,1072,1071,POSTED
JE-2024-00707,2024-04-16,2024-04-17,2024-04,FY2025,1,CASH,Supplier payment PI-2024-01001,1072,1071,POSTED
JE-2024-00708,2024-04-26,2024-04-29,2024-04,FY2025,1,PAYROLL,Payroll April 2024,1072,1071,POSTED
JE-2024-00709,2024-04-30,2024-04-30,2024-04,FY2025,1,GENERAL,Depreciation Apr 2024,1072,1071,POSTED
JE-2024-00710,2024-04-30,2024-05-02,2024-04,FY2025,1,GENERAL,Bank charges and interest Apr 2024,1072,1071,POSTED
JE-2024-00711,2024-04-05,2024-04-08,2024-04,FY2025,1,GENERAL,VAT return payment,1072,1071,POSTED
JE-2024-00712,2024-05-22,2024-05-23,2024-05,FY2025,2,AR,Sales invoice SI-2024-01436,1072,1071,POSTED
JE-2024-00713,2024-05-03,2024-05-06,2024-05,FY2025,2,AR,Sales invoice SI-2024-01437,1072,1071,POSTED
JE-2024-00714,2024-05-20,2024-05-21,2024-05,FY2025,2,AR,Sales invoice SI-2024-01438,1072,1071,POSTED
JE-2024-00715,2024-05-24,2024-05-24,2024-05,FY2025,2,AR,Sales invoice SI-2024-01439,1072,1071,POSTED
JE-2024-00716,2024-05-02,2024-05-03,2024-05,FY2025,2,AR,Sales invoice SI-2024-01440,1072,1071,POSTED
JE-2024-00717,2024-05-20,2024-05-22,2024-05,FY2025,2,AR,Sales invoice SI-2024-01441,1072,1071,POSTED
JE-2024-00718,2024-05-10,2024-05-10,2024-05,FY2025,2,AR,Sales invoice SI-2024-01442,1072,1071,POSTED
JE-2024-00719,2024-05-27,2024-05-28,2024-05,FY2025,2,AR,Sales invoice SI-2024-01443,1072,1071,POSTED
JE-2024-00720,2024-05-17,2024-05-20,2024-05,FY2025,2,AR,Sales invoice SI-2024-01444,1072,1071,POSTED
JE-2024-00721,2024-05-24,2024-05-27,2024-05,FY2025,2,AR,Sales invoice SI-2024-01445,1072,1071,POSTED
JE-2024-00722,2024-05-31,2024-05-31,2024-05,FY2025,2,AR,Sales invoice SI-2024-01446,1072,1071,POSTED
JE-2024-00723,2024-05-30,2024-05-30,2024-05,FY2025,2,AR,Sales invoice SI-2024-01447,1072,1071,POSTED
JE-2024-00724,2024-05-24,2024-05-27,2024-05,FY2025,2,AR,Sales invoice SI-2024-01448,1072,1071,POSTED
JE-2024-00725,2024-05-09,2024-05-10,2024-05,FY2025,2,AR,Sales invoice SI-2024-01449,1072,1071,POSTED
JE-2024-00726,2024-05-01,2024-05-03,2024-05,FY2025,2,AR,Sales invoice SI-2024-01450,1072,1071,POSTED
JE-2024-00727,2024-05-30,2024-05-31,2024-05,FY2025,2,AR,Sales invoice SI-2024-01451,1072,1071,POSTED
JE-2024-00728,2024-05-28,2024-05-28,2024-05,FY2025,2,AR,Sales invoice SI-2024-01452,1072,1071,POSTED
JE-2024-00729,2024-05-03,2024-05-03,2024-05,FY2025,2,AR,Sales invoice SI-2024-01453,1072,1071,POSTED
JE-2024-00730,2024-05-06,2024-05-07,2024-05,FY2025,2,AR,Sales invoice SI-2024-01454,1072,1071,POSTED
JE-2024-00731,2024-05-03,2024-05-03,2024-05,FY2025,2,AR,Sales invoice SI-2024-01455,1072,1071,POSTED
JE-2024-00732,2024-05-17,2024-05-17,2024-05,FY2025,2,AR,Sales invoice SI-2024-01456,1072,1071,POSTED
JE-2024-00733,2024-05-17,2024-05-20,2024-05,FY2025,2,AR,Sales invoice SI-2024-01457,1072,1071,POSTED
JE-2024-00734,2024-05-02,2024-05-03,2024-05,FY2025,2,AR,Sales invoice SI-2024-01458,1072,1071,POSTED
JE-2024-00735,2024-05-24,2024-05-24,2024-05,FY2025,2,AR,Sales invoice SI-2024-01459,1072,1071,POSTED
JE-2024-00736,2024-05-01,2024-05-01,2024-05,FY2025,2,AR,Sales invoice SI-2024-01460,1072,1071,POSTED
JE-2024-00737,2024-05-22,2024-05-24,2024-05,FY2025,2,AR,Sales invoice SI-2024-01461,1072,1071,POSTED
JE-2024-00738,2024-05-03,2024-05-03,2024-05,FY2025,2,AR,Sales invoice SI-2024-01462,1072,1071,POSTED
JE-2024-00739,2024-05-28,2024-05-29,2024-05,FY2025,2,AR,Sales invoice SI-2024-01463,1072,1071,POSTED
JE-2024-00740,2024-05-10,2024-05-10,2024-05,FY2025,2,AR,Sales invoice SI-2024-01464,1072,1071,POSTED
JE-2024-00741,2024-05-03,2024-05-03,2024-05,FY2025,2,AR,Sales invoice SI-2024-01465,1072,1071,POSTED
JE-2024-00742,2024-05-07,2024-05-10,2024-05,FY2025,2,AR,Sales invoice SI-2024-01466,1072,1071,POSTED
JE-2024-00743,2024-05-08,2024-05-08,2024-05,FY2025,2,AR,Sales invoice SI-2024-01467,1072,1071,POSTED
JE-2024-00744,2024-05-16,2024-05-16,2024-05,FY2025,2,AR,Sales invoice SI-2024-01468,1072,1071,POSTED
JE-2024-00745,2024-05-13,2024-05-16,2024-05,FY2025,2,AR,Sales invoice SI-2024-01469,1072,1071,POSTED
JE-2024-00746,2024-05-10,2024-05-10,2024-05,FY2025,2,AR,Sales invoice SI-2024-01470,1072,1071,POSTED
JE-2024-00747,2024-05-30,2024-05-30,2024-05,FY2025,2,AR,Sales invoice SI-2024-01471,1072,1071,POSTED
JE-2024-00748,2024-05-15,2024-05-17,2024-05,FY2025,2,AR,Sales invoice SI-2024-01472,1072,1071,POSTED
JE-2024-00749,2024-05-17,2024-05-17,2024-05,FY2025,2,AR,Sales invoice SI-2024-01473,1072,1071,POSTED
JE-2024-00750,2024-05-16,2024-05-17,2024-05,FY2025,2,AR,Sales invoice SI-2024-01474,1072,1071,POSTED
JE-2024-00751,2024-05-03,2024-05-06,2024-05,FY2025,2,AR,Sales invoice SI-2024-01475,1072,1071,POSTED
JE-2024-00752,2024-05-17,2024-05-17,2024-05,FY2025,2,AR,Sales invoice SI-2024-01476,1072,1071,POSTED
JE-2024-00753,2024-05-24,2024-05-24,2024-05,FY2025,2,AR,Sales invoice SI-2024-01477,1072,1071,POSTED
JE-2024-00754,2024-05-17,2024-05-17,2024-05,FY2025,2,AR,Sales invoice SI-2024-01478,1072,1071,POSTED
JE-2024-00755,2024-05-10,2024-05-10,2024-05,FY2025,2,AR,Sales invoice SI-2024-01479,1072,1071,POSTED
JE-2024-00756,2024-05-17,2024-05-17,2024-05,FY2025,2,AR,Sales invoice SI-2024-01480,1072,1071,POSTED
JE-2024-00757,2024-05-15,2024-05-16,2024-05,FY2025,2,AR,Sales invoice SI-2024-01481,1072,1071,POSTED
JE-2024-00758,2024-05-02,2024-05-03,2024-05,FY2025,2,AR,Sales invoice SI-2024-01482,1072,1071,POSTED
JE-2024-00759,2024-05-07,2024-05-07,2024-05,FY2025,2,AR,Sales invoice SI-2024-01483,1072,1071,POSTED
JE-2024-00760,2024-05-24,2024-05-27,2024-05,FY2025,2,AR,Sales invoice SI-2024-01484,1072,1071,POSTED
JE-2024-00761,2024-05-02,2024-05-02,2024-05,FY2025,2,AR,Sales invoice SI-2024-01485,1072,1071,POSTED
JE-2024-00762,2024-05-13,2024-05-16,2024-05,FY2025,2,AR,Sales invoice SI-2024-01486,1072,1071,POSTED
JE-2024-00763,2024-05-24,2024-05-27,2024-05,FY2025,2,AR,Sales invoice SI-2024-01487,1072,1071,POSTED
JE-2024-00764,2024-05-30,2024-05-31,2024-05,FY2025,2,AR,Sales invoice SI-2024-01488,1072,1071,POSTED
JE-2024-00765,2024-05-16,2024-05-16,2024-05,FY2025,2,AR,Sales invoice SI-2024-01489,1072,1071,POSTED
JE-2024-00766,2024-05-15,2024-05-15,2024-05,FY2025,2,AR,Sales invoice SI-2024-01490,1072,1071,POSTED
JE-2024-00767,2024-05-17,2024-05-17,2024-05,FY2025,2,AR,Sales invoice SI-2024-01491,1072,1071,POSTED
JE-2024-00768,2024-05-13,2024-05-16,2024-05,FY2025,2,AP,Purchase invoice PI-2024-01018,1072,1071,POSTED
JE-2024-00769,2024-05-09,2024-05-10,2024-05,FY2025,2,AP,Purchase invoice PI-2024-01019,1072,1071,POSTED
JE-2024-00770,2024-05-23,2024-05-24,2024-05,FY2025,2,AP,Purchase invoice PI-2024-01020,1072,1071,POSTED
JE-2024-00771,2024-05-08,2024-05-09,2024-05,FY2025,2,AP,Purchase invoice PI-2024-01021,1072,1071,POSTED
JE-2024-00772,2024-05-17,2024-05-17,2024-05,FY2025,2,AP,Purchase invoice PI-2024-01022,1072,1071,POSTED
JE-2024-00773,2024-05-06,2024-05-08,2024-05,FY2025,2,AP,Purchase invoice PI-2024-01023,1072,1071,POSTED
JE-2024-00774,2024-05-02,2024-05-03,2024-05,FY2025,2,AP,Purchase invoice PI-2024-01024,1072,1071,POSTED
JE-2024-00775,2024-05-31,2024-05-31,2024-05,FY2025,2,AP,Purchase invoice PI-2024-01025,1072,1071,POSTED
JE-2024-00776,2024-05-29,2024-05-30,2024-05,FY2025,2,AP,Purchase invoice PI-2024-01026,1072,1071,POSTED
JE-2024-00777,2024-05-15,2024-05-16,2024-05,FY2025,2,AP,Purchase invoice PI-2024-01027,1072,1071,POSTED
JE-2024-00778,2024-05-08,2024-05-10,2024-05,FY2025,2,AP,Purchase invoice PI-2024-01028,1072,1071,POSTED
JE-2024-00779,2024-05-10,2024-05-10,2024-05,FY2025,2,AP,Purchase invoice PI-2024-01029,1072,1071,POSTED
JE-2024-00780,2024-05-10,2024-05-10,2024-05,FY2025,2,AP,Purchase invoice PI-2024-01030,1072,1071,POSTED
JE-2024-00781,2024-05-22,2024-05-24,2024-05,FY2025,2,AP,Purchase invoice PI-2024-01031,1072,1071,POSTED
JE-2024-00782,2024-05-08,2024-05-10,2024-05,FY2025,2,AP,Purchase invoice PI-2024-01032,1072,1071,POSTED
JE-2024-00783,2024-05-17,2024-05-17,2024-05,FY2025,2,AP,Purchase invoice PI-2024-01033,1072,1071,POSTED
JE-2024-00784,2024-05-22,2024-05-23,2024-05,FY2025,2,AP,Purchase invoice PI-2024-01034,1072,1071,POSTED
JE-2024-00785,2024-05-24,2024-05-24,2024-05,FY2025,2,AP,Purchase invoice PI-2024-01035,1072,1071,POSTED
JE-2024-00786,2024-05-03,2024-05-03,2024-05,FY2025,2,AP,Purchase invoice PI-2024-01036,1072,1071,POSTED
JE-2024-00787,2024-05-27,2024-05-27,2024-05,FY2025,2,AP,Purchase invoice PI-2024-01037,1072,1071,POSTED
JE-2024-00788,2024-05-14,2024-05-15,2024-05,FY2025,2,AP,Purchase invoice PI-2024-01038,1072,1071,POSTED
JE-2024-00789,2024-05-17,2024-05-17,2024-05,FY2025,2,AP,Purchase invoice PI-2024-01039,1072,1071,POSTED
JE-2024-00790,2024-05-31,2024-06-03,2024-05,FY2025,2,AP,Purchase invoice PI-2024-01040,1072,1071,POSTED
JE-2024-00791,2024-05-28,2024-05-30,2024-05,FY2025,2,AP,Purchase invoice PI-2024-01041,1072,1071,POSTED
JE-2024-00792,2024-05-02,2024-05-03,2024-05,FY2025,2,AP,Purchase invoice PI-2024-01042,1072,1071,POSTED
JE-2024-00793,2024-05-03,2024-05-03,2024-05,FY2025,2,AP,Purchase invoice PI-2024-01043,1072,1071,POSTED
JE-2024-00794,2024-05-16,2024-05-16,2024-05,FY2025,2,AP,Purchase invoice PI-2024-01044,1072,1071,POSTED
JE-2024-00795,2024-05-24,2024-05-24,2024-05,FY2025,2,AP,Purchase invoice PI-2024-01045,1072,1071,POSTED
JE-2024-00796,2024-05-03,2024-05-03,2024-05,FY2025,2,AP,Purchase invoice PI-2024-01046,1072,1071,POSTED
JE-2024-00797,2024-05-03,2024-05-06,2024-05,FY2025,2,AP,Purchase invoice PI-2024-01047,1072,1071,POSTED
JE-2024-00798,2024-05-03,2024-05-03,2024-05,FY2025,2,AP,Purchase invoice PI-2024-01048,1072,1071,POSTED
JE-2024-00799,2024-05-08,2024-05-10,2024-05,FY2025,2,AP,Purchase invoice PI-2024-01049,1072,1071,POSTED
JE-2024-00800,2024-05-24,2024-05-24,2024-05,FY2025,2,AP,Purchase invoice PI-2024-01050,1072,1071,POSTED
JE-2024-00801,2024-05-31,2024-05-31,2024-05,FY2025,2,AP,Purchase invoice PI-2024-01051,1072,1071,POSTED
JE-2024-00802,2024-05-27,2024-05-27,2024-05,FY2025,2,AP,Purchase invoice PI-2024-01052,1072,1071,POSTED
JE-2024-00803,2024-05-10,2024-05-10,2024-05,FY2025,2,AP,Purchase invoice PI-2024-01053,1072,1071,POSTED
JE-2024-00804,2024-05-03,2024-05-03,2024-05,FY2025,2,AP,Purchase invoice PI-2024-01054,1072,1071,POSTED
JE-2024-00805,2024-05-10,2024-05-10,2024-05,FY2025,2,AP,Purchase invoice PI-2024-01055,1072,1071,POSTED
JE-2024-00806,2024-04-12,2024-04-12,2024-04,FY2025,1,CASH,Customer receipt SI-2024-01247,1072,1071,POSTED
JE-2024-00807,2024-03-12,2024-03-12,2024-03,FY2024,12,CASH,Customer receipt SI-2024-01257,1072,1071,POSTED
JE-2024-00808,2024-04-25,2024-04-25,2024-04,FY2025,1,CASH,Customer receipt SI-2024-01276,1072,1071,POSTED
JE-2024-00809,2024-04-11,2024-04-12,2024-04,FY2025,1,CASH,Customer receipt SI-2024-01277,1072,1071,POSTED
JE-2024-00810,2024-04-11,2024-04-12,2024-04,FY2025,1,CASH,Customer receipt SI-2024-01278,1072,1071,POSTED
JE-2024-00811,2024-05-28,2024-05-29,2024-05,FY2025,2,CASH,Customer receipt SI-2024-01281,1072,1071,POSTED
JE-2024-00812,2024-05-28,2024-05-30,2024-05,FY2025,2,CASH,Customer receipt SI-2024-01285,1072,1071,POSTED
JE-2024-00813,2024-05-08,2024-05-10,2024-05,FY2025,2,CASH,Customer receipt SI-2024-01295,1072,1071,POSTED
JE-2024-00814,2024-04-12,2024-04-15,2024-04,FY2025,1,CASH,Customer receipt SI-2024-01297,1072,1071,POSTED
JE-2024-00815,2024-04-02,2024-04-03,2024-04,FY2025,1,CASH,Customer receipt SI-2024-01302,1072,1071,POSTED
JE-2024-00816,2024-05-27,2024-05-28,2024-05,FY2025,2,CASH,Customer receipt SI-2024-01304,1072,1071,POSTED
JE-2024-00817,2024-05-27,2024-05-30,2024-05,FY2025,2,CASH,Customer receipt SI-2024-01307,1072,1071,POSTED
JE-2024-00818,2024-05-06,2024-05-07,2024-05,FY2025,2,CASH,Customer receipt SI-2024-01311,1072,1071,POSTED
JE-2024-00819,2024-05-27,2024-05-30,2024-05,FY2025,2,CASH,Customer receipt SI-2024-01312,1072,1071,POSTED
JE-2024-00820,2024-05-10,2024-05-10,2024-05,FY2025,2,CASH,Customer receipt SI-2024-01313,1072,1071,POSTED
JE-2024-00821,2024-05-02,2024-05-03,2024-05,FY2025,2,CASH,Customer receipt SI-2024-01316,1072,1071,POSTED
JE-2024-00822,2024-03-29,2024-04-01,2024-03,FY2024,12,CASH,Customer receipt SI-2024-01317,1072,1071,POSTED
JE-2024-00823,2024-05-16,2024-05-17,2024-05,FY2025,2,CASH,Customer receipt SI-2024-01323,1072,1071,POSTED
JE-2024-00824,2024-05-31,2024-05-31,2024-05,FY2025,2,CASH,Customer receipt SI-2024-01327,1072,1071,POSTED
JE-2024-00825,2024-05-02,2024-05-02,2024-05,FY2025,2,CASH,Customer receipt SI-2024-01328,1072,1071,POSTED
JE-2024-00826,2024-04-26,2024-04-26,2024-04,FY2025,1,CASH,Customer receipt SI-2024-01329,1072,1071,POSTED
JE-2024-00827,2024-04-12,2024-04-12,2024-04,FY2025,1,CASH,Customer receipt SI-2024-01332,1072,1071,POSTED
JE-2024-00828,2024-04-24,2024-04-26,2024-04,FY2025,1,CASH,Customer receipt SI-2024-01334,1072,1071,POSTED
JE-2024-00829,2024-05-09,2024-05-09,2024-05,FY2025,2,CASH,Customer receipt SI-2024-01336,1072,1071,POSTED
JE-2024-00830,2024-04-12,2024-04-12,2024-04,FY2025,1,CASH,Customer receipt SI-2024-01344,1072,1071,POSTED
JE-2024-00831,2024-05-10,2024-05-10,2024-05,FY2025,2,CASH,Customer receipt SI-2024-01348,1072,1071,POSTED
JE-2024-00832,2024-04-25,2024-04-26,2024-04,FY2025,1,CASH,Customer receipt SI-2024-01351,1072,1071,POSTED
JE-2024-00833,2024-05-07,2024-05-07,2024-05,FY2025,2,CASH,Customer receipt SI-2024-01353,1072,1071,POSTED
JE-2024-00834,2024-04-26,2024-04-26,2024-04,FY2025,1,CASH,Customer receipt SI-2024-01355,1072,1071,POSTED
JE-2024-00835,2024-05-01,2024-05-03,2024-05,FY2025,2,CASH,Customer receipt SI-2024-01356,1072,1071,POSTED
JE-2024-00836,2024-05-28,2024-05-29,2024-05,FY2025,2,CASH,Customer receipt SI-2024-01357,1072,1071,DRAFT
JE-2024-00837,2024-05-20,2024-05-23,2024-05,FY2025,2,CASH,Customer receipt SI-2024-01365,1072,1071,POSTED
JE-2024-00838,2024-05-09,2024-05-10,2024-05,FY2025,2,CASH,Customer receipt SI-2024-01368,1072,1071,POSTED
JE-2024-00839,2024-04-19,2024-04-19,2024-04,FY2025,1,CASH,Customer receipt SI-2024-01370,1072,1071,POSTED
JE-2024-00840,2024-04-16,2024-04-17,2024-04,FY2025,1,CASH,Customer receipt SI-2024-01372,1072,1071,POSTED
JE-2024-00841,2024-04-24,2024-04-26,2024-04,FY2025,1,CASH,Customer receipt SI-2024-01374,1072,1071,POSTED
JE-2024-00842,2024-05-29,2024-05-31,2024-05,FY2025,2,CASH,Customer receipt SI-2024-01381,1072,1071,POSTED
JE-2024-00843,2024-05-29,2024-05-31,2024-05,FY2025,2,CASH,Customer receipt SI-2024-01385,1072,1071,POSTED
JE-2024-00844,2024-05-28,2024-05-30,2024-05,FY2025,2,CASH,Customer receipt SI-2024-01386,1072,1071,POSTED
JE-2024-00845,2024-05-08,2024-05-08,2024-05,FY2025,2,CASH,Customer receipt SI-2024-01388,1072,1071,POSTED
JE-2024-00846,2024-05-23,2024-05-24,2024-05,FY2025,2,CASH,Customer receipt SI-2024-01390,1072,1071,POSTED
JE-2024-00847,2024-05-31,2024-05-31,2024-05,FY2025,2,CASH,Customer receipt SI-2024-01393,1072,1071,POSTED
JE-2024-00848,2024-05-03,2024-05-03,2024-05,FY2025,2,CASH,Customer receipt SI-2024-01394,1072,1071,POSTED
JE-2024-00849,2024-05-17,2024-05-17,2024-05,FY2025,2,CASH,Customer receipt SI-2024-01399,1072,1071,POSTED
JE-2024-00850,2024-05-13,2024-05-16,2024-05,FY2025,2,CASH,Customer receipt SI-2024-01402,1072,1071,POSTED
JE-2024-00851,2024-05-24,2024-05-24,2024-05,FY2025,2,CASH,Customer receipt SI-2024-01403,1072,1071,POSTED
JE-2024-00852,2024-05-09,2024-05-09,2024-05,FY2025,2,CASH,Customer receipt SI-2024-01404,1072,1071,POSTED
JE-2024-00853,2024-05-03,2024-05-06,2024-05,FY2025,2,CASH,Customer receipt SI-2024-01408,1072,1071,POSTED
JE-2024-00854,2024-05-24,2024-05-24,2024-05,FY2025,2,CASH,Customer receipt SI-2024-01410,1072,1071,POSTED
JE-2024-00855,2024-05-14,2024-05-17,2024-05,FY2025,2,CASH,Customer receipt SI-2024-01411,1072,1071,POSTED
JE-2024-00856,2024-05-16,2024-05-16,2024-05,FY2025,2,CASH,Customer receipt SI-2024-01413,1072,1071,POSTED
JE-2024-00857,2024-05-30,2024-05-30,2024-05,FY2025,2,CASH,Customer receipt SI-2024-01414,1072,1071,POSTED
JE-2024-00858,2024-04-19,2024-04-19,2024-04,FY2025,1,CASH,Customer receipt SI-2024-01416,1072,1071,POSTED
JE-2024-00859,2024-05-17,2024-05-20,2024-05,FY2025,2,CASH,Customer receipt SI-2024-01418,1072,1071,POSTED
JE-2024-00860,2024-05-10,2024-05-10,2024-05,FY2025,2,CASH,Customer receipt SI-2024-01420,1072,1071,POSTED
JE-2024-00861,2024-05-14,2024-05-15,2024-05,FY2025,2,CASH,Customer receipt SI-2024-01427,1072,1071,POSTED
JE-2024-00862,2024-05-17,2024-05-20,2024-05,FY2025,2,CASH,Customer receipt SI-2024-01434,1072,1071,POSTED
JE-2024-00863,2024-04-19,2024-04-22,2024-04,FY2025,1,CASH,Customer receipt SI-2024-01435,1072,1071,POSTED
JE-2024-00864,2024-05-17,2024-05-17,2024-05,FY2025,2,CASH,Customer receipt SI-2024-01455,1072,1071,POSTED
JE-2024-00865,2024-05-29,2024-05-30,2024-05,FY2025,2,CASH,Customer receipt SI-2024-01458,1072,1071,POSTED
JE-2024-00866,2024-04-11,2024-04-11,2024-04,FY2025,1,CASH,Supplier payment PI-2024-00899,1072,1071,POSTED
JE-2024-00867,2024-04-26,2024-04-26,2024-04,FY2025,1,CASH,Supplier payment PI-2024-00910,1072,1071,POSTED
JE-2024-00868,2024-05-17,2024-05-17,2024-05,FY2025,2,CASH,Supplier payment PI-2024-00941,1072,1071,POSTED
JE-2024-00869,2024-05-03,2024-05-03,2024-05,FY2025,2,CASH,Supplier payment PI-2024-00944,1072,1071,POSTED
JE-2024-00870,2024-04-17,2024-04-19,2024-04,FY2025,1,CASH,Supplier payment PI-2024-00946,1072,1071,POSTED
JE-2024-00871,2024-05-15,2024-05-16,2024-05,FY2025,2,CASH,Supplier payment PI-2024-00947,1072,1071,POSTED
JE-2024-00872,2024-04-26,2024-04-26,2024-04,FY2025,1,CASH,Supplier payment PI-2024-00949,1072,1071,POSTED
JE-2024-00873,2024-04-19,2024-04-19,2024-04,FY2025,1,CASH,Supplier payment PI-2024-00950,1072,1071,POSTED
JE-2024-00874,2024-04-26,2024-04-26,2024-04,FY2025,1,CASH,Supplier payment PI-2024-00954,1072,1071,POSTED
JE-2024-00875,2024-05-24,2024-05-24,2024-05,FY2025,2,CASH,Supplier payment PI-2024-00955,1072,1071,POSTED
JE-2024-00876,2024-05-24,2024-05-24,2024-05,FY2025,2,CASH,Supplier payment PI-2024-00956,1072,1071,POSTED
JE-2024-00877,2024-05-09,2024-05-10,2024-05,FY2025,2,CASH,Supplier payment PI-2024-00960,1072,1071,POSTED
JE-2024-00878,2024-04-26,2024-04-26,2024-04,FY2025,1,CASH,Supplier payment PI-2024-00961,1072,1071,DRAFT
JE-2024-00879,2024-05-01,2024-05-03,2024-05,FY2025,2,CASH,Supplier payment PI-2024-00964,1072,1071,POSTED
JE-2024-00880,2024-05-07,2024-05-08,2024-05,FY2025,2,CASH,Supplier payment PI-2024-00967,1072,1071,POSTED
JE-2024-00881,2024-04-19,2024-04-19,2024-04,FY2025,1,CASH,Supplier payment PI-2024-00970,1072,1071,POSTED
JE-2024-00882,2024-05-16,2024-05-17,2024-05,FY2025,2,CASH,Supplier payment PI-2024-00974,1072,1071,POSTED
JE-2024-00883,2024-05-03,2024-05-03,2024-05,FY2025,2,CASH,Supplier payment PI-2024-00979,1072,1071,POSTED
JE-2024-00884,2024-05-31,2024-06-03,2024-05,FY2025,2,CASH,Supplier payment PI-2024-00980,1072,1071,POSTED
JE-2024-00885,2024-05-17,2024-05-17,2024-05,FY2025,2,CASH,Supplier payment PI-2024-00981,1072,1071,POSTED
JE-2024-00886,2024-05-03,2024-05-03,2024-05,FY2025,2,CASH,Supplier payment PI-2024-00984,1072,1071,POSTED
JE-2024-00887,2024-05-30,2024-05-31,2024-05,FY2025,2,CASH,Supplier payment PI-2024-00988,1072,1071,POSTED
JE-2024-00888,2024-05-30,2024-05-31,2024-05,FY2025,2,CASH,Supplier payment PI-2024-00989,1072,1071,POSTED
JE-2024-00889,2024-05-24,2024-05-27,2024-05,FY2025,2,CASH,Supplier payment PI-2024-00990,1072,1071,POSTED
JE-2024-00890,2024-05-09,2024-05-10,2024-05,FY2025,2,CASH,Supplier payment PI-2024-00991,1072,1071,POSTED
JE-2024-00891,2024-05-08,2024-05-10,2024-05,FY2025,2,CASH,Supplier payment PI-2024-00992,1072,1071,POSTED
JE-2024-00892,2024-05-24,2024-05-24,2024-05,FY2025,2,CASH,Supplier payment PI-2024-00993,1072,1071,POSTED
JE-2024-00893,2024-05-30,2024-05-31,2024-05,FY2025,2,CASH,Supplier payment PI-2024-00995,1072,1071,POSTED
JE-2024-00894,2024-05-20,2024-05-23,2024-05,FY2025,2,CASH,Supplier payment PI-2024-00998,1072,1071,POSTED
JE-2024-00895,2024-05-03,2024-05-06,2024-05,FY2025,2,CASH,Supplier payment PI-2024-00999,1072,1071,POSTED
JE-2024-00896,2024-04-29,2024-05-02,2024-04,FY2025,1,CASH,Supplier payment PI-2024-01000,1072,1071,POSTED
JE-2024-00897,2024-05-08,2024-05-10,2024-05,FY2025,2,CASH,Supplier payment PI-2024-01003,1072,1071,POSTED
JE-2024-00898,2024-05-22,2024-05-24,2024-05,FY2025,2,CASH,Supplier payment PI-2024-01004,1072,1071,POSTED
JE-2024-00899,2024-05-24,2024-05-24,2024-05,FY2025,2,CASH,Supplier payment PI-2024-01005,1072,1071,POSTED
JE-2024-00900,2024-05-28,2024-05-28,2024-05,FY2025,2,CASH,Supplier payment PI-2024-01006,1072,1071,POSTED
JE-2024-00901,2024-05-15,2024-05-16,2024-05,FY2025,2,CASH,Supplier payment PI-2024-01008,1072,1071,POSTED
JE-2024-00902,2024-05-22,2024-05-24,2024-05,FY2025,2,CASH,Supplier payment PI-2024-01009,1072,1071,POSTED
JE-2024-00903,2024-05-20,2024-05-23,2024-05,FY2025,2,CASH,Supplier payment PI-2024-01010,1072,1071,POSTED
JE-2024-00904,2024-05-24,2024-05-27,2024-05,FY2025,2,CASH,Supplier payment PI-2024-01012,1072,1071,POSTED
JE-2024-00905,2024-05-06,2024-05-06,2024-05,FY2025,2,CASH,Supplier payment PI-2024-01013,1072,1071,POSTED
JE-2024-00906,2024-05-24,2024-05-27,2024-05,FY2025,2,CASH,Supplier payment PI-2024-01015,1072,1071,POSTED
JE-2024-00907,2024-05-08,2024-05-08,2024-05,FY2025,2,CASH,Supplier payment PI-2024-01016,1072,1071,POSTED
JE-2024-00908,2024-05-10,2024-05-10,2024-05,FY2025,2,CASH,Supplier payment PI-2024-01017,1072,1071,POSTED
JE-2024-00909,2024-05-16,2024-05-17,2024-05,FY2025,2,CASH,Supplier payment PI-2024-01024,1072,1071,POSTED
JE-2024-00910,2024-05-31,2024-06-03,2024-05,FY2025,2,CASH,Supplier payment PI-2024-01039,1072,1071,POSTED
JE-2024-00911,2024-05-17,2024-05-17,2024-05,FY2025,2,CASH,Supplier payment PI-2024-01043,1072,1071,POSTED
JE-2024-00912,2024-05-28,2024-05-29,2024-05,FY2025,2,PAYROLL,Payroll May 2024,1072,1071,POSTED
JE-2024-00913,2024-05-31,2024-06-03,2024-05,FY2025,2,GENERAL,Depreciation May 2024,1072,1071,POSTED
JE-2024-00914,2024-05-31,2024-06-03,2024-05,FY2025,2,GENERAL,Bank charges and interest May 2024,1072,1071,POSTED
JE-2024-00915,2024-06-14,2024-06-14,2024-06,FY2025,3,AR,Sales invoice SI-2024-01492,1072,1071,POSTED
JE-2024-00916,2024-06-07,2024-06-07,2024-06,FY2025,3,AR,Sales invoice SI-2024-01493,1072,1071,POSTED
JE-2024-00917,2024-06-17,2024-06-20,2024-06,FY2025,3,AR,Sales invoice SI-2024-01494,1072,1071,POSTED
JE-2024-00918,2024-06-06,2024-06-06,2024-06,FY2025,3,AR,Sales invoice SI-2024-01495,1072,1071,POSTED
JE-2024-00919,2024-06-07,2024-06-07,2024-06,FY2025,3,AR,Sales invoice SI-2024-01496,1072,1071,POSTED
JE-2024-00920,2024-06-19,2024-06-19,2024-06,FY2025,3,AR,Sales invoice SI-2024-01497,1072,1071,POSTED
JE-2024-00921,2024-06-21,2024-06-21,2024-06,FY2025,3,AR,Sales invoice SI-2024-01498,1072,1071,POSTED
JE-2024-00922,2024-06-28,2024-06-28,2024-06,FY2025,3,AR,Sales invoice SI-2024-01499,1072,1071,POSTED
JE-2024-00923,2024-06-07,2024-06-07,2024-06,FY2025,3,AR,Sales invoice SI-2024-01500,1072,1071,POSTED
JE-2024-00924,2024-06-21,2024-06-21,2024-06,FY2025,3,AR,Sales invoice SI-2024-01501,1072,1071,POSTED
JE-2024-00925,2024-06-14,2024-06-14,2024-06,FY2025,3,AR,Sales invoice SI-2024-01502,1072,1071,POSTED
JE-2024-00926,2024-06-21,2024-06-21,2024-06,FY2025,3,AR,Sales invoice SI-2024-01503,1072,1071,POSTED
JE-2024-00927,2024-06-07,2024-06-07,2024-06,FY2025,3,AR,Sales invoice SI-2024-01504,1072,1071,POSTED
JE-2024-00928,2024-06-06,2024-06-07,2024-06,FY2025,3,AR,Sales invoice SI-2024-01505,1072,1071,POSTED
JE-2024-00929,2024-06-20,2024-06-21,2024-06,FY2025,3,AR,Sales invoice SI-2024-01506,1072,1071,POSTED
JE-2024-00930,2024-06-21,2024-06-21,2024-06,FY2025,3,AR,Sales invoice SI-2024-01507,1072,1071,POSTED
JE-2024-00931,2024-06-21,2024-06-24,2024-06,FY2025,3,AR,Sales invoice SI-2024-01508,1072,1071,POSTED
JE-2024-00932,2024-06-19,2024-06-21,2024-06,FY2025,3,AR,Sales invoice SI-2024-01509,1072,1071,POSTED
JE-2024-00933,2024-06-21,2024-06-21,2024-06,FY2025,3,AR,Sales invoice SI-2024-01510,1072,1071,POSTED
JE-2024-00934,2024-06-21,2024-06-24,2024-06,FY2025,3,AR,Sales invoice SI-2024-01511,1072,1071,POSTED
JE-2024-00935,2024-06-07,2024-06-07,2024-06,FY2025,3,AR,Sales invoice SI-2024-01512,1072,1071,POSTED
JE-2024-00936,2024-05-31,2024-05-31,2024-05,FY2025,2,AR,Sales invoice SI-2024-01513,1072,1071,POSTED
JE-2024-00937,2024-06-28,2024-06-28,2024-06,FY2025,3,AR,Sales invoice SI-2024-01514,1072,1071,POSTED
JE-2024-00938,2024-06-05,2024-06-06,2024-06,FY2025,3,AR,Sales invoice SI-2024-01515,1072,1071,POSTED
JE-2024-00939,2024-06-12,2024-06-14,2024-06,FY2025,3,AR,Sales invoice SI-2024-01516,1072,1071,POSTED
JE-2024-00940,2024-05-31,2024-05-31,2024-05,FY2025,2,AR,Sales invoice SI-2024-01517,1072,1071,POSTED
JE-2024-00941,2024-06-05,2024-06-07,2024-06,FY2025,3,AR,Sales invoice SI-2024-01518,1072,1071,POSTED
JE-2024-00942,2024-06-14,2024-06-14,2024-06,FY2025,3,AR,Sales invoice SI-2024-01519,1072,1071,POSTED
JE-2024-00943,2024-06-28,2024-06-28,2024-06,FY2025,3,AR,Sales invoice SI-2024-01520,1072,1071,POSTED
JE-2024-00944,2024-06-28,2024-07-01,2024-06,FY2025,3,AR,Sales invoice SI-2024-01521,1072,1071,POSTED
JE-2024-00945,2024-06-07,2024-06-07,2024-06,FY2025,3,AR,Sales invoice SI-2024-01522,1072,1071,POSTED
JE-2024-00946,2024-06-24,2024-06-25,2024-06,FY2025,3,AR,Sales invoice SI-2024-01523,1072,1071,POSTED
JE-2024-00947,2024-06-27,2024-06-27,2024-06,FY2025,3,AR,Sales invoice SI-2024-01524,1072,1071,POSTED
JE-2024-00948,2024-06-17,2024-06-17,2024-06,FY2025,3,AR,Sales invoice SI-2024-01525,1072,1071,POSTED
JE-2024-00949,2024-06-05,2024-06-05,2024-06,FY2025,3,AR,Sales invoice SI-2024-01526,1072,1071,POSTED
JE-2024-00950,2024-06-24,2024-06-24,2024-06,FY2025,3,AR,Sales invoice SI-2024-01527,1072,1071,POSTED
JE-2024-00951,2024-06-25,2024-06-28,2024-06,FY2025,3,AR,Sales invoice SI-2024-01528,1072,1071,POSTED
JE-2024-00952,2024-06-18,2024-06-19,2024-06,FY2025,3,AR,Sales invoice SI-2024-01529,1072,1071,POSTED
JE-2024-00953,2024-06-18,2024-06-20,2024-06,FY2025,3,AR,Sales invoice SI-2024-01530,1072,1071,POSTED
JE-2024-00954,2024-06-25,2024-06-25,2024-06,FY2025,3,AR,Sales invoice SI-2024-01531,1072,1071,POSTED
JE-2024-00955,2024-06-28,2024-06-28,2024-06,FY2025,3,AR,Sales invoice SI-2024-01532,1072,1071,POSTED
JE-2024-00956,2024-06-06,2024-06-07,2024-06,FY2025,3,AR,Sales invoice SI-2024-01533,1072,1071,POSTED
JE-2024-00957,2024-06-12,2024-06-13,2024-06,FY2025,3,AR,Sales invoice SI-2024-01534,1072,1071,POSTED
JE-2024-00958,2024-06-03,2024-06-04,2024-06,FY2025,3,AR,Sales invoice SI-2024-01535,1072,1071,POSTED
JE-2024-00959,2024-06-26,2024-06-26,2024-06,FY2025,3,AR,Sales invoice SI-2024-01536,1072,1071,POSTED
JE-2024-00960,2024-06-27,2024-06-27,2024-06,FY2025,3,AR,Sales invoice SI-2024-01537,1072,1071,POSTED
JE-2024-00961,2024-06-14,2024-06-14,2024-06,FY2025,3,AR,Sales invoice SI-2024-01538,1072,1071,POSTED
JE-2024-00962,2024-06-13,2024-06-13,2024-06,FY2025,3,AR,Sales invoice SI-2024-01539,1072,1071,POSTED
JE-2024-00963,2024-06-14,2024-06-14,2024-06,FY2025,3,AR,Sales invoice SI-2024-01540,1072,1071,POSTED
JE-2024-00964,2024-06-14,2024-06-14,2024-06,FY2025,3,AR,Sales invoice SI-2024-01541,1072,1071,POSTED
JE-2024-00965,2024-06-14,2024-06-14,2024-06,FY2025,3,AR,Sales invoice SI-2024-01542,1072,1071,POSTED
JE-2024-00966,2024-06-25,2024-06-27,2024-06,FY2025,3,AR,Sales invoice SI-2024-01543,1072,1071,POSTED
JE-2024-00967,2024-06-04,2024-06-06,2024-06,FY2025,3,AR,Sales invoice SI-2024-01544,1072,1071,POSTED
JE-2024-00968,2024-06-24,2024-06-24,2024-06,FY2025,3,AR,Sales invoice SI-2024-01545,1072,1071,POSTED
JE-2024-00969,2024-06-11,2024-06-14,2024-06,FY2025,3,AR,Sales invoice SI-2024-01546,1072,1071,POSTED
JE-2024-00970,2024-06-27,2024-06-28,2024-06,FY2025,3,AR,Sales invoice SI-2024-01547,1072,1071,POSTED
JE-2024-00971,2024-06-10,2024-06-10,2024-06,FY2025,3,AR,Sales invoice SI-2024-01548,1072,1071,POSTED
JE-2024-00972,2024-06-21,2024-06-24,2024-06,FY2025,3,AR,Sales invoice SI-2024-01549,1072,1071,POSTED
JE-2024-00973,2024-06-19,2024-06-21,2024-06,FY2025,3,AP,Purchase invoice PI-2024-01056,1072,1071,POSTED
JE-2024-00974,2024-06-07,2024-06-10,2024-06,FY2025,3,AP,Purchase invoice PI-2024-01057,1072,1071,POSTED
JE-2024-00975,2024-06-07,2024-06-07,2024-06,FY2025,3,AP,Purchase invoice PI-2024-01058,1072,1071,POSTED
JE-2024-00976,2024-06-12,2024-06-14,2024-06,FY2025,3,AP,Purchase invoice PI-2024-01059,1072,1071,POSTED
JE-2024-00977,2024-06-12,2024-06-14,2024-06,FY2025,3,AP,Purchase invoice PI-2024-01060,1072,1071,POSTED
JE-2024-00978,2024-06-06,2024-06-06,2024-06,FY2025,3,AP,Purchase invoice PI-2024-01061,1072,1071,POSTED
JE-2024-00979,2024-06-07,2024-06-07,2024-06,FY2025,3,AP,Purchase invoice PI-2024-01062,1072,1071,POSTED
JE-2024-00980,2024-06-21,2024-06-21,2024-06,FY2025,3,AP,Purchase invoice PI-2024-01063,1072,1071,POSTED
JE-2024-00981,2024-06-11,2024-06-11,2024-06,FY2025,3,AP,Purchase invoice PI-2024-01064,1072,1071,POSTED
JE-2024-00982,2024-06-10,2024-06-11,2024-06,FY2025,3,AP,Purchase invoice PI-2024-01065,1072,1071,POSTED
JE-2024-00983,2024-06-06,2024-06-07,2024-06,FY2025,3,AP,Purchase invoice PI-2024-01066,1072,1071,POSTED
JE-2024-00984,2024-06-11,2024-06-13,2024-06,FY2025,3,AP,Purchase invoice PI-2024-01067,1072,1071,POSTED
JE-2024-00985,2024-05-31,2024-05-31,2024-05,FY2025,2,AP,Purchase invoice PI-2024-01068,1072,1071,POSTED
JE-2024-00986,2024-06-27,2024-06-28,2024-06,FY2025,3,AP,Purchase invoice PI-2024-01069,1072,1071,POSTED
JE-2024-00987,2024-06-07,2024-06-07,2024-06,FY2025,3,AP,Purchase invoice PI-2024-01070,1072,1071,POSTED
JE-2024-00988,2024-06-07,2024-06-07,2024-06,FY2025,3,AP,Purchase invoice PI-2024-01071,1072,1071,POSTED
JE-2024-00989,2024-06-28,2024-06-28,2024-06,FY2025,3,AP,Purchase invoice PI-2024-01072,1072,1071,POSTED
JE-2024-00990,2024-06-14,2024-06-14,2024-06,FY2025,3,AP,Purchase invoice PI-2024-01073,1072,1071,POSTED
JE-2024-00991,2024-06-07,2024-06-07,2024-06,FY2025,3,AP,Purchase invoice PI-2024-01074,1072,1071,POSTED
JE-2024-00992,2024-06-06,2024-06-07,2024-06,FY2025,3,AP,Purchase invoice PI-2024-01075,1072,1071,POSTED
JE-2024-00993,2024-06-14,2024-06-14,2024-06,FY2025,3,AP,Purchase invoice PI-2024-01076,1072,1071,POSTED
JE-2024-00994,2024-06-24,2024-06-25,2024-06,FY2025,3,AP,Purchase invoice PI-2024-01077,1072,1071,POSTED
JE-2024-00995,2024-06-10,2024-06-10,2024-06,FY2025,3,AP,Purchase invoice PI-2024-01078,1072,1071,POSTED
JE-2024-00996,2024-06-27,2024-06-28,2024-06,FY2025,3,AP,Purchase invoice PI-2024-01079,1072,1071,POSTED
JE-2024-00997,2024-06-19,2024-06-19,2024-06,FY2025,3,AP,Purchase invoice PI-2024-01080,1072,1071,POSTED
JE-2024-00998,2024-06-17,2024-06-20,2024-06,FY2025,3,AP,Purchase invoice PI-2024-01081,1072,1071,POSTED
JE-2024-00999,2024-06-14,2024-06-14,2024-06,FY2025,3,AP,Purchase invoice PI-2024-01082,1072,1071,POSTED
JE-2024-01000,2024-06-10,2024-06-11,2024-06,FY2025,3,AP,Purchase invoice PI-2024-01083,1072,1071,POSTED
JE-2024-01001,2024-06-03,2024-06-04,2024-06,FY2025,3,AP,Purchase invoice PI-2024-01084,1072,1071,POSTED
JE-2024-01002,2024-06-28,2024-06-28,2024-06,FY2025,3,AP,Purchase invoice PI-2024-01085,1072,1071,POSTED
JE-2024-01003,2024-06-14,2024-06-14,2024-06,FY2025,3,AP,Purchase invoice PI-2024-01086,1072,1071,POSTED
JE-2024-01004,2024-06-07,2024-06-10,2024-06,FY2025,3,AP,Purchase invoice PI-2024-01087,1072,1071,POSTED
JE-2024-01005,2024-06-19,2024-06-19,2024-06,FY2025,3,AP,Purchase invoice PI-2024-01088,1072,1071,POSTED
JE-2024-01006,2024-06-10,2024-06-13,2024-06,FY2025,3,AP,Purchase invoice PI-2024-01089,1072,1071,POSTED
JE-2024-01007,2024-06-21,2024-06-21,2024-06,FY2025,3,AP,Purchase invoice PI-2024-01090,1072,1071,POSTED
JE-2024-01008,2024-06-21,2024-06-21,2024-06,FY2025,3,AP,Purchase invoice PI-2024-01091,1072,1071,POSTED
JE-2024-01009,2024-06-04,2024-06-05,2024-06,FY2025,3,AP,Purchase invoice PI-2024-01092,1072,1071,POSTED
JE-2024-01010,2024-06-13,2024-06-14,2024-06,FY2025,3,AP,Purchase invoice PI-2024-01093,1072,1071,POSTED
JE-2024-01011,2024-05-22,2024-05-24,2024-05,FY2025,2,CASH,Customer receipt SI-2024-01225,1072,1071,POSTED
JE-2024-01012,2024-04-30,2024-04-30,2024-04,FY2025,1,CASH,Customer receipt SI-2024-01298,1072,1071,POSTED
JE-2024-01013,2024-05-24,2024-05-24,2024-05,FY2025,2,CASH,Customer receipt SI-2024-01305,1072,1071,POSTED
JE-2024-01014,2024-05-14,2024-05-16,2024-05,FY2025,2,CASH,Customer receipt SI-2024-01321,1072,1071,POSTED
JE-2024-01015,2024-05-07,2024-05-10,2024-05,FY2025,2,CASH,Customer receipt SI-2024-01326,1072,1071,POSTED
JE-2024-01016,2024-06-27,2024-06-28,2024-06,FY2025,3,CASH,Customer receipt SI-2024-01347,1072,1071,POSTED
JE-2024-01017,2024-06-14,2024-06-14,2024-06,FY2025,3,CASH,Customer receipt SI-2024-01349,1072,1071,POSTED
JE-2024-01018,2024-06-14,2024-06-14,2024-06,FY2025,3,CASH,Customer receipt SI-2024-01350,1072,1071,POSTED
JE-2024-01019,2024-05-31,2024-05-31,2024-05,FY2025,2,CASH,Customer receipt SI-2024-01361,1072,1071,POSTED
JE-2024-01020,2024-06-06,2024-06-07,2024-06,FY2025,3,CASH,Customer receipt SI-2024-01362,1072,1071,POSTED
JE-2024-01021,2024-05-16,2024-05-17,2024-05,FY2025,2,CASH,Customer receipt SI-2024-01366,1072,1071,POSTED
JE-2024-01022,2024-06-12,2024-06-12,2024-06,FY2025,3,CASH,Customer receipt SI-2024-01367,1072,1071,POSTED
JE-2024-01023,2024-05-20,2024-05-20,2024-05,FY2025,2,CASH,Customer receipt SI-2024-01377,1072,1071,POSTED
JE-2024-01024,2024-06-11,2024-06-11,2024-06,FY2025,3,CASH,Customer receipt SI-2024-01379,1072,1071,POSTED
JE-2024-01025,2024-06-07,2024-06-07,2024-06,FY2025,3,CASH,Customer receipt SI-2024-01382,1072,1071,POSTED
JE-2024-01026,2024-06-06,2024-06-07,2024-06,FY2025,3,CASH,Customer receipt SI-2024-01383,1072,1071,POSTED
JE-2024-01027,2024-06-19,2024-06-20,2024-06,FY2025,3,CASH,Customer receipt SI-2024-01389,1072,1071,POSTED
JE-2024-01028,2024-05-17,2024-05-20,2024-05,FY2025,2,CASH,Customer receipt SI-2024-01395,1072,1071,POSTED
JE-2024-01029,2024-05-09,2024-05-09,2024-05,FY2025,2,CASH,Customer receipt SI-2024-01397,1072,1071,POSTED
JE-2024-01030,2024-06-28,2024-07-01,2024-06,FY2025,3,CASH,Customer receipt SI-2024-01398,1072,1071,POSTED
JE-2024-01031,2024-05-30,2024-05-31,2024-05,FY2025,2,CASH,Customer receipt SI-2024-01400,1072,1071,POSTED
JE-2024-01032,2024-06-27,2024-06-28,2024-06,FY2025,3,CASH,Customer receipt SI-2024-01405,1072,1071,POSTED
JE-2024-01033,2024-05-24,2024-05-24,2024-05,FY2025,2,CASH,Customer receipt SI-2024-01409,1072,1071,POSTED
JE-2024-01034,2024-06-07,2024-06-07,2024-06,FY2025,3,CASH,Customer receipt SI-2024-01412,1072,1071,POSTED
JE-2024-01035,2024-06-20,2024-06-20,2024-06,FY2025,3,CASH,Customer receipt SI-2024-01415,1072,1071,POSTED
JE-2024-01036,2024-06-12,2024-06-14,2024-06,FY2025,3,CASH,Customer receipt SI-2024-01419,1072,1071,POSTED
JE-2024-01037,2024-06-07,2024-06-07,2024-06,FY2025,3,CASH,Customer receipt SI-2024-01422,1072,1071,POSTED
JE-2024-01038,2024-05-24,2024-05-24,2024-05,FY2025,2,CASH,Customer receipt SI-2024-01424,1072,1071,POSTED
JE-2024-01039,2024-05-23,2024-05-24,2024-05,FY2025,2,CASH,Customer receipt SI-2024-01425,1072,1071,POSTED
JE-2024-01040,2024-06-27,2024-06-28,2024-06,FY2025,3,CASH,Customer receipt SI-2024-01428,1072,1071,POSTED
JE-2024-01041,2024-06-13,2024-06-14,2024-06,FY2025,3,CASH,Customer receipt SI-2024-01429,1072,1071,POSTED
JE-2024-01042,2024-06-03,2024-06-03,2024-06,FY2025,3,CASH,Customer receipt SI-2024-01430,1072,1071,POSTED
JE-2024-01043,2024-05-23,2024-05-24,2024-05,FY2025,2,CASH,Customer receipt SI-2024-01432,1072,1071,POSTED
JE-2024-01044,2024-06-28,2024-06-28,2024-06,FY2025,3,CASH,Customer receipt SI-2024-01433,1072,1071,POSTED
JE-2024-01045,2024-05-31,2024-06-03,2024-05,FY2025,2,CASH,Customer receipt SI-2024-01437,1072,1071,POSTED
JE-2024-01046,2024-06-14,2024-06-17,2024-06,FY2025,3,CASH,Customer receipt SI-2024-01440,1072,1071,POSTED
JE-2024-01047,2024-06-24,2024-06-25,2024-06,FY2025,3,CASH,Customer receipt SI-2024-01442,1072,1071,POSTED
JE-2024-01048,2024-06-07,2024-06-07,2024-06,FY2025,3,CASH,Customer receipt SI-2024-01443,1072,1071,POSTED
JE-2024-01049,2024-06-28,2024-06-28,2024-06,FY2025,3,CASH,Customer receipt SI-2024-01446,1072,1071,POSTED
JE-2024-01050,2024-05-31,2024-06-03,2024-05,FY2025,2,CASH,Customer receipt SI-2024-01460,1072,1071,POSTED
JE-2024-01051,2024-06-11,2024-06-13,2024-06,FY2025,3,CASH,Customer receipt SI-2024-01462,1072,1071,POSTED
JE-2024-01052,2024-06-04,2024-06-04,2024-06,FY2025,3,CASH,Customer receipt SI-2024-01465,1072,1071,POSTED
JE-2024-01053,2024-06-28,2024-06-28,2024-06,FY2025,3,CASH,Customer receipt SI-2024-01468,1072,1071,POSTED
JE-2024-01054,2024-06-07,2024-06-07,2024-06,FY2025,3,CASH,Customer receipt SI-2024-01470,1072,1071,POSTED
JE-2024-01055,2024-06-14,2024-06-17,2024-06,FY2025,3,CASH,Customer receipt SI-2024-01475,1072,1071,POSTED
JE-2024-01056,2024-06-20,2024-06-21,2024-06,FY2025,3,CASH,Customer receipt SI-2024-01477,1072,1071,POSTED
JE-2024-01057,2024-06-14,2024-06-14,2024-06,FY2025,3,CASH,Customer receipt SI-2024-01478,1072,1071,POSTED
JE-2024-01058,2024-06-14,2024-06-14,2024-06,FY2025,3,CASH,Customer receipt SI-2024-01479,1072,1071,POSTED
JE-2024-01059,2024-06-28,2024-06-28,2024-06,FY2025,3,CASH,Customer receipt SI-2024-01481,1072,1071,POSTED
JE-2024-01060,2024-06-07,2024-06-10,2024-06,FY2025,3,CASH,Customer receipt SI-2024-01482,1072,1071,POSTED
JE-2024-01061,2024-06-28,2024-06-28,2024-06,FY2025,3,CASH,Customer receipt SI-2024-01484,1072,1071,POSTED
JE-2024-01062,2024-06-20,2024-06-20,2024-06,FY2025,3,CASH,Customer receipt SI-2024-01489,1072,1071,POSTED
JE-2024-01063,2024-06-28,2024-06-28,2024-06,FY2025,3,CASH,Customer receipt SI-2024-01509,1072,1071,POSTED
JE-2024-01064,2024-06-25,2024-06-28,2024-06,FY2025,3,CASH,Customer receipt SI-2024-01546,1072,1071,POSTED
JE-2024-01065,2024-06-07,2024-06-07,2024-06,FY2025,3,CASH,Supplier payment PI-2024-00940,1072,1071,POSTED
JE-2024-01066,2024-06-14,2024-06-14,2024-06,FY2025,3,CASH,Supplier payment PI-2024-00982,1072,1071,POSTED
JE-2024-01067,2024-06-21,2024-06-21,2024-06,FY2025,3,CASH,Supplier payment PI-2024-00983,1072,1071,POSTED
JE-2024-01068,2024-06-14,2024-06-14,2024-06,FY2025,3,CASH,Supplier payment PI-2024-00986,1072,1071,POSTED
JE-2024-01069,2024-06-03,2024-06-03,2024-06,FY2025,3,CASH,Supplier payment PI-2024-00987,1072,1071,POSTED
JE-2024-01070,2024-05-31,2024-05-31,2024-05,FY2025,2,CASH,Supplier payment PI-2024-00994,1072,1071,POSTED
JE-2024-01071,2024-05-31,2024-06-03,2024-05,FY2025,2,CASH,Supplier payment PI-2024-00996,1072,1071,POSTED
JE-2024-01072,2024-06-07,2024-06-07,2024-06,FY2025,3,CASH,Supplier payment PI-2024-00997,1072,1071,POSTED
JE-2024-01073,2024-06-28,2024-06-28,2024-06,FY2025,3,CASH,Supplier payment PI-2024-01002,1072,1071,POSTED
JE-2024-01074,2024-06-11,2024-06-14,2024-06,FY2025,3,CASH,Supplier payment PI-2024-01007,1072,1071,POSTED
JE-2024-01075,2024-06-06,2024-06-07,2024-06,FY2025,3,CASH,Supplier payment PI-2024-01011,1072,1071,POSTED
JE-2024-01076,2024-06-21,2024-06-21,2024-06,FY2025,3,CASH,Supplier payment PI-2024-01014,1072,1071,POSTED
JE-2024-01077,2024-06-27,2024-06-27,2024-06,FY2025,3,CASH,Supplier payment PI-2024-01018,1072,1071,POSTED
JE-2024-01078,2024-06-14,2024-06-14,2024-06,FY2025,3,CASH,Supplier payment PI-2024-01019,1072,1071,POSTED
JE-2024-01079,2024-06-07,2024-06-10,2024-06,FY2025,3,CASH,Supplier payment PI-2024-01021,1072,1071,POSTED
JE-2024-01080,2024-06-17,2024-06-17,2024-06,FY2025,3,CASH,Supplier payment PI-2024-01023,1072,1071,POSTED
JE-2024-01081,2024-06-12,2024-06-14,2024-06,FY2025,3,CASH,Supplier payment PI-2024-01029,1072,1071,POSTED
JE-2024-01082,2024-06-28,2024-06-28,2024-06,FY2025,3,CASH,Supplier payment PI-2024-01030,1072,1071,POSTED
JE-2024-01083,2024-06-12,2024-06-13,2024-06,FY2025,3,CASH,Supplier payment PI-2024-01033,1072,1071,POSTED
JE-2024-01084,2024-06-25,2024-06-25,2024-06,FY2025,3,CASH,Supplier payment PI-2024-01038,1072,1071,POSTED
JE-2024-01085,2024-06-28,2024-06-28,2024-06,FY2025,3,CASH,Supplier payment PI-2024-01042,1072,1071,POSTED
JE-2024-01086,2024-06-18,2024-06-21,2024-06,FY2025,3,CASH,Supplier payment PI-2024-01044,1072,1071,POSTED
JE-2024-01087,2024-06-26,2024-06-28,2024-06,FY2025,3,CASH,Supplier payment PI-2024-01045,1072,1071,POSTED
JE-2024-01088,2024-06-14,2024-06-14,2024-06,FY2025,3,CASH,Supplier payment PI-2024-01046,1072,1071,POSTED
JE-2024-01089,2024-06-05,2024-06-05,2024-06,FY2025,3,CASH,Supplier payment PI-2024-01047,1072,1071,POSTED
JE-2024-01090,2024-05-31,2024-05-31,2024-05,FY2025,2,CASH,Supplier payment PI-2024-01048,1072,1071,POSTED
JE-2024-01091,2024-06-05,2024-06-07,2024-06,FY2025,3,CASH,Supplier payment PI-2024-01049,1072,1071,POSTED
JE-2024-01092,2024-06-07,2024-06-07,2024-06,FY2025,3,CASH,Supplier payment PI-2024-01050,1072,1071,POSTED
JE-2024-01093,2024-06-14,2024-06-14,2024-06,FY2025,3,CASH,Supplier payment PI-2024-01051,1072,1071,POSTED
JE-2024-01094,2024-06-14,2024-06-14,2024-06,FY2025,3,CASH,Supplier payment PI-2024-01053,1072,1071,POSTED
JE-2024-01095,2024-06-17,2024-06-17,2024-06,FY2025,3,CASH,Supplier payment PI-2024-01054,1072,1071,POSTED
JE-2024-01096,2024-06-13,2024-06-13,2024-06,FY2025,3,CASH,Supplier payment PI-2024-01055,1072,1071,POSTED
JE-2024-01097,2024-06-28,2024-06-28,2024-06,FY2025,3,PAYROLL,Payroll June 2024,1072,1071,POSTED
JE-2024-01098,2024-06-30,2024-07-01,2024-06,FY2025,3,GENERAL,Depreciation Jun 2024,1072,1071,POSTED
JE-2024-01099,2024-06-30,2024-07-03,2024-06,FY2025,3,GENERAL,Bank charges and interest Jun 2024,1072,1071,POSTED
JE-2024-01100,2024-07-05,2024-07-05,2024-07,FY2025,4,AR,Sales invoice SI-2024-01550,1072,1071,POSTED
JE-2024-01101,2024-07-25,2024-07-25,2024-07,FY2025,4,AR,Sales invoice SI-2024-01551,1072,1071,POSTED
JE-2024-01102,2024-07-26,2024-07-29,2024-07,FY2025,4,AR,Sales invoice SI-2024-01552,1072,1071,POSTED
JE-2024-01103,2024-07-26,2024-07-26,2024-07,FY2025,4,AR,Sales invoice SI-2024-01553,1072,1071,POSTED
JE-2024-01104,2024-07-10,2024-07-12,2024-07,FY2025,4,AR,Sales invoice SI-2024-01554,1072,1071,POSTED
JE-2024-01105,2024-07-16,2024-07-19,2024-07,FY2025,4,AR,Sales invoice SI-2024-01555,1072,1071,POSTED
JE-2024-01106,2024-07-02,2024-07-02,2024-07,FY2025,4,AR,Sales invoice SI-2024-01556,1072,1071,POSTED
JE-2024-01107,2024-07-01,2024-07-02,2024-07,FY2025,4,AR,Sales invoice SI-2024-01557,1072,1071,POSTED
JE-2024-01108,2024-07-09,2024-07-10,2024-07,FY2025,4,AR,Sales invoice SI-2024-01558,1072,1071,POSTED
JE-2024-01109,2024-07-09,2024-07-10,2024-07,FY2025,4,AR,Sales invoice SI-2024-01559,1072,1071,POSTED
JE-2024-01110,2024-07-19,2024-07-19,2024-07,FY2025,4,AR,Sales invoice SI-2024-01560,1072,1071,POSTED
JE-2024-01111,2024-07-23,2024-07-26,2024-07,FY2025,4,AR,Sales invoice SI-2024-01561,1072,1071,POSTED
JE-2024-01112,2024-07-26,2024-07-26,2024-07,FY2025,4,AR,Sales invoice SI-2024-01562,1072,1071,POSTED
JE-2024-01113,2024-07-19,2024-07-19,2024-07,FY2025,4,AR,Sales invoice SI-2024-01563,1072,1071,POSTED
JE-2024-01114,2024-07-26,2024-07-29,2024-07,FY2025,4,AR,Sales invoice SI-2024-01564,1072,1071,POSTED
JE-2024-01115,2024-07-11,2024-07-12,2024-07,FY2025,4,AR,Sales invoice SI-2024-01565,1072,1071,POSTED
JE-2024-01116,2024-07-03,2024-07-05,2024-07,FY2025,4,AR,Sales invoice SI-2024-01566,1072,1071,POSTED
JE-2024-01117,2024-07-23,2024-07-25,2024-07,FY2025,4,AR,Sales invoice SI-2024-01567,1072,1071,POSTED
JE-2024-01118,2024-07-18,2024-07-19,2024-07,FY2025,4,AR,Sales invoice SI-2024-01568,1072,1071,POSTED
JE-2024-01119,2024-07-19,2024-07-19,2024-07,FY2025,4,AR,Sales invoice SI-2024-01569,1072,1071,POSTED
JE-2024-01120,2024-07-01,2024-07-01,2024-07,FY2025,4,AR,Sales invoice SI-2024-01570,1072,1071,POSTED
JE-2024-01121,2024-07-19,2024-07-19,2024-07,FY2025,4,AR,Sales invoice SI-2024-01571,1072,1071,POSTED
JE-2024-01122,2024-07-05,2024-07-05,2024-07,FY2025,4,AR,Sales invoice SI-2024-01572,1072,1071,POSTED
JE-2024-01123,2024-07-25,2024-07-25,2024-07,FY2025,4,AR,Sales invoice SI-2024-01573,1072,1071,POSTED
JE-2024-01124,2024-07-02,2024-07-05,2024-07,FY2025,4,AR,Sales invoice SI-2024-01574,1072,1071,POSTED
JE-2024-01125,2024-07-19,2024-07-22,2024-07,FY2025,4,AR,Sales invoice SI-2024-01575,1072,1071,POSTED
JE-2024-01126,2024-07-08,2024-07-10,2024-07,FY2025,4,AR,Sales invoice SI-2024-01576,1072,1071,POSTED
JE-2024-01127,2024-07-10,2024-07-10,2024-07,FY2025,4,AR,Sales invoice SI-2024-01577,1072,1071,POSTED
JE-2024-01128,2024-07-26,2024-07-29,2024-07,FY2025,4,AR,Sales invoice SI-2024-01578,1072,1071,POSTED
JE-2024-01129,2024-07-15,2024-07-17,2024-07,FY2025,4,AR,Sales invoice SI-2024-01579,1072,1071,POSTED
JE-2024-01130,2024-07-19,2024-07-22,2024-07,FY2025,4,AR,Sales invoice SI-2024-01580,1072,1071,POSTED
JE-2024-01131,2024-07-26,2024-07-26,2024-07,FY2025,4,AR,Sales invoice SI-2024-01581,1072,1071,POSTED
JE-2024-01132,2024-07-18,2024-07-19,2024-07,FY2025,4,AR,Sales invoice SI-2024-01582,1072,1071,POSTED
JE-2024-01133,2024-07-19,2024-07-19,2024-07,FY2025,4,AR,Sales invoice SI-2024-01583,1072,1071,POSTED
JE-2024-01134,2024-07-05,2024-07-05,2024-07,FY2025,4,AR,Sales invoice SI-2024-01584,1072,1071,POSTED
JE-2024-01135,2024-07-05,2024-07-05,2024-07,FY2025,4,AR,Sales invoice SI-2024-01585,1072,1071,POSTED
JE-2024-01136,2024-07-29,2024-07-31,2024-07,FY2025,4,AR,Sales invoice SI-2024-01586,1072,1071,POSTED
JE-2024-01137,2024-07-19,2024-07-22,2024-07,FY2025,4,AR,Sales invoice SI-2024-01587,1072,1071,POSTED
JE-2024-01138,2024-07-19,2024-07-19,2024-07,FY2025,4,AR,Sales invoice SI-2024-01588,1072,1071,POSTED
JE-2024-01139,2024-07-02,2024-07-02,2024-07,FY2025,4,AR,Sales invoice SI-2024-01589,1072,1071,POSTED
JE-2024-01140,2024-07-26,2024-07-29,2024-07,FY2025,4,AR,Sales invoice SI-2024-01590,1072,1071,POSTED
JE-2024-01141,2024-07-19,2024-07-19,2024-07,FY2025,4,AR,Sales invoice SI-2024-01591,1072,1071,POSTED
JE-2024-01142,2024-07-31,2024-08-02,2024-07,FY2025,4,AR,Sales invoice SI-2024-01592,1072,1071,POSTED
JE-2024-01143,2024-07-01,2024-07-03,2024-07,FY2025,4,AR,Sales invoice SI-2024-01593,1072,1071,POSTED
JE-2024-01144,2024-07-02,2024-07-03,2024-07,FY2025,4,AR,Sales invoice SI-2024-01594,1072,1071,POSTED
JE-2024-01145,2024-07-26,2024-07-26,2024-07,FY2025,4,AR,Sales invoice SI-2024-01595,1072,1071,POSTED
JE-2024-01146,2024-07-02,2024-07-02,2024-07,FY2025,4,AR,Sales invoice SI-2024-01596,1072,1071,POSTED
JE-2024-01147,2024-07-15,2024-07-16,2024-07,FY2025,4,AR,Sales invoice SI-2024-01597,1072,1071,POSTED
JE-2024-01148,2024-07-26,2024-07-26,2024-07,FY2025,4,AP,Purchase invoice PI-2024-01094,1072,1071,POSTED
JE-2024-01149,2024-07-23,2024-07-25,2024-07,FY2025,4,AP,Purchase invoice PI-2024-01095,1072,1071,POSTED
JE-2024-01150,2024-07-08,2024-07-11,2024-07,FY2025,4,AP,Purchase invoice PI-2024-01096,1072,1071,POSTED
JE-2024-01151,2024-07-05,2024-07-05,2024-07,FY2025,4,AP,Purchase invoice PI-2024-01097,1072,1071,POSTED
JE-2024-01152,2024-07-05,2024-07-05,2024-07,FY2025,4,AP,Purchase invoice PI-2024-01098,1072,1071,POSTED
JE-2024-01153,2024-07-15,2024-07-18,2024-07,FY2025,4,AP,Purchase invoice PI-2024-01099,1072,1071,POSTED
JE-2024-01154,2024-07-10,2024-07-12,2024-07,FY2025,4,AP,Purchase invoice PI-2024-01100,1072,1071,POSTED
JE-2024-01155,2024-07-18,2024-07-18,2024-07,FY2025,4,AP,Purchase invoice PI-2024-01101,1072,1071,POSTED
JE-2024-01156,2024-07-09,2024-07-10,2024-07,FY2025,4,AP,Purchase invoice PI-2024-01102,1072,1071,POSTED
JE-2024-01157,2024-07-26,2024-07-26,2024-07,FY2025,4,AP,Purchase invoice PI-2024-01103,1072,1071,POSTED
JE-2024-01158,2024-07-24,2024-07-25,2024-07,FY2025,4,AP,Purchase invoice PI-2024-01104,1072,1071,POSTED
JE-2024-01159,2024-07-05,2024-07-05,2024-07,FY2025,4,AP,Purchase invoice PI-2024-01105,1072,1071,POSTED
JE-2024-01160,2024-07-31,2024-08-02,2024-07,FY2025,4,AP,Purchase invoice PI-2024-01106,1072,1071,POSTED
JE-2024-01161,2024-07-30,2024-08-02,2024-07,FY2025,4,AP,Purchase invoice PI-2024-01107,1072,1071,POSTED
JE-2024-01162,2024-07-12,2024-07-12,2024-07,FY2025,4,AP,Purchase invoice PI-2024-01108,1072,1071,POSTED
JE-2024-01163,2024-07-05,2024-07-05,2024-07,FY2025,4,AP,Purchase invoice PI-2024-01109,1072,1071,POSTED
JE-2024-01164,2024-07-05,2024-07-05,2024-07,FY2025,4,AP,Purchase invoice PI-2024-01110,1072,1071,POSTED
JE-2024-01165,2024-07-05,2024-07-05,2024-07,FY2025,4,AP,Purchase invoice PI-2024-01111,1072,1071,POSTED
JE-2024-01166,2024-07-01,2024-07-04,2024-07,FY2025,4,AP,Purchase invoice PI-2024-01112,1072,1071,POSTED
JE-2024-01167,2024-07-19,2024-07-19,2024-07,FY2025,4,AP,Purchase invoice PI-2024-01113,1072,1071,POSTED
JE-2024-01168,2024-07-24,2024-07-26,2024-07,FY2025,4,AP,Purchase invoice PI-2024-01114,1072,1071,POSTED
JE-2024-01169,2024-07-19,2024-07-22,2024-07,FY2025,4,AP,Purchase invoice PI-2024-01115,1072,1071,POSTED
JE-2024-01170,2024-07-05,2024-07-08,2024-07,FY2025,4,AP,Purchase invoice PI-2024-01116,1072,1071,POSTED
JE-2024-01171,2024-07-11,2024-07-12,2024-07,FY2025,4,AP,Purchase invoice PI-2024-01117,1072,1071,POSTED
JE-2024-01172,2024-07-31,2024-08-02,2024-07,FY2025,4,AP,Purchase invoice PI-2024-01118,1072,1071,POSTED
JE-2024-01173,2024-07-18,2024-07-18,2024-07,FY2025,4,AP,Purchase invoice PI-2024-01119,1072,1071,POSTED
JE-2024-01174,2024-07-08,2024-07-11,2024-07,FY2025,4,AP,Purchase invoice PI-2024-01120,1072,1071,POSTED
JE-2024-01175,2024-07-11,2024-07-11,2024-07,FY2025,4,AP,Purchase invoice PI-2024-01121,1072,1071,POSTED
JE-2024-01176,2024-07-17,2024-07-19,2024-07,FY2025,4,AP,Purchase invoice PI-2024-01122,1072,1071,POSTED
JE-2024-01177,2024-07-29,2024-07-30,2024-07,FY2025,4,AP,Purchase invoice PI-2024-01123,1072,1071,POSTED
JE-2024-01178,2024-07-31,2024-07-31,2024-07,FY2025,4,AP,Purchase invoice PI-2024-01124,1072,1071,POSTED
JE-2024-01179,2024-07-17,2024-07-19,2024-07,FY2025,4,AP,Purchase invoice PI-2024-01125,1072,1071,POSTED
JE-2024-01180,2024-07-26,2024-07-26,2024-07,FY2025,4,AP,Purchase invoice PI-2024-01126,1072,1071,POSTED
JE-2024-01181,2024-07-01,2024-07-04,2024-07,FY2025,4,AP,Purchase invoice PI-2024-01127,1072,1071,POSTED
JE-2024-01182,2024-07-09,2024-07-09,2024-07,FY2025,4,AP,Purchase invoice PI-2024-01128,1072,1071,POSTED
JE-2024-01183,2024-07-03,2024-07-03,2024-07,FY2025,4,AP,Purchase invoice PI-2024-01129,1072,1071,POSTED
JE-2024-01184,2024-07-08,2024-07-09,2024-07,FY2025,4,AP,Purchase invoice PI-2024-01130,1072,1071,POSTED
JE-2024-01185,2024-07-19,2024-07-19,2024-07,FY2025,4,AP,Purchase invoice PI-2024-01131,1072,1071,POSTED
JE-2024-01186,2024-07-03,2024-07-05,2024-07,FY2025,4,AP,Purchase invoice PI-2024-01132,1072,1071,POSTED
JE-2024-01187,2024-07-19,2024-07-19,2024-07,FY2025,4,AP,Purchase invoice PI-2024-01133,1072,1071,POSTED
JE-2024-01188,2024-05-24,2024-05-24,2024-05,FY2025,2,CASH,Customer receipt SI-2024-01300,1072,1071,POSTED
JE-2024-01189,2024-05-16,2024-05-16,2024-05,FY2025,2,CASH,Customer receipt SI-2024-01301,1072,1071,POSTED
JE-2024-01190,2024-05-31,2024-05-31,2024-05,FY2025,2,CASH,Customer receipt SI-2024-01314,1072,1071,POSTED
JE-2024-01191,2024-06-26,2024-06-28,2024-06,FY2025,3,CASH,Customer receipt SI-2024-01338,1072,1071,POSTED
JE-2024-01192,2024-05-31,2024-05-31,2024-05,FY2025,2,CASH,Customer receipt SI-2024-01342,1072,1071,POSTED
JE-2024-01193,2024-07-26,2024-07-26,2024-07,FY2025,4,CASH,Customer receipt SI-2024-01345,1072,1071,POSTED
JE-2024-01194,2024-07-02,2024-07-03,2024-07,FY2025,4,CASH,Customer receipt SI-2024-01360,1072,1071,POSTED
JE-2024-01195,2024-07-25,2024-07-26,2024-07,FY2025,4,CASH,Customer receipt SI-2024-01364,1072,1071,POSTED
JE-2024-01196,2024-06-14,2024-06-17,2024-06,FY2025,3,CASH,Customer receipt SI-2024-01371,1072,1071,POSTED
JE-2024-01197,2024-05-31,2024-05-31,2024-05,FY2025,2,CASH,Customer receipt SI-2024-01375,1072,1071,POSTED
JE-2024-01198,2024-07-17,2024-07-17,2024-07,FY2025,4,CASH,Customer receipt SI-2024-01384,1072,1071,POSTED
JE-2024-01199,2024-07-22,2024-07-25,2024-07,FY2025,4,CASH,Customer receipt SI-2024-01391,1072,1071,POSTED
JE-2024-01200,2024-06-11,2024-06-12,2024-06,FY2025,3,CASH,Customer receipt SI-2024-01392,1072,1071,POSTED
JE-2024-01201,2024-07-09,2024-07-10,2024-07,FY2025,4,CASH,Customer receipt SI-2024-01396,1072,1071,POSTED
JE-2024-01202,2024-06-18,2024-06-18,2024-06,FY2025,3,CASH,Customer receipt SI-2024-01401,1072,1071,POSTED
JE-2024-01203,2024-06-07,2024-06-07,2024-06,FY2025,3,CASH,Customer receipt SI-2024-01406,1072,1071,POSTED
JE-2024-01204,2024-06-14,2024-06-14,2024-06,FY2025,3,CASH,Customer receipt SI-2024-01417,1072,1071,POSTED
JE-2024-01205,2024-07-23,2024-07-25,2024-07,FY2025,4,CASH,Customer receipt SI-2024-01421,1072,1071,POSTED
JE-2024-01206,2024-07-23,2024-07-24,2024-07,FY2025,4,CASH,Customer receipt SI-2024-01423,1072,1071,POSTED
JE-2024-01207,2024-07-04,2024-07-04,2024-07,FY2025,4,CASH,Customer receipt SI-2024-01426,1072,1071,POSTED
JE-2024-01208,2024-06-04,2024-06-06,2024-06,FY2025,3,CASH,Customer receipt SI-2024-01439,1072,1071,POSTED
JE-2024-01209,2024-06-24,2024-06-27,2024-06,FY2025,3,CASH,Customer receipt SI-2024-01441,1072,1071,POSTED
JE-2024-01210,2024-07-29,2024-07-31,2024-07,FY2025,4,CASH,Customer receipt SI-2024-01447,1072,1071,POSTED
JE-2024-01211,2024-07-30,2024-07-31,2024-07,FY2025,4,CASH,Customer receipt SI-2024-01450,1072,1071,POSTED
JE-2024-01212,2024-06-14,2024-06-17,2024-06,FY2025,3,CASH,Customer receipt SI-2024-01453,1072,1071,POSTED
JE-2024-01213,2024-07-05,2024-07-05,2024-07,FY2025,4,CASH,Customer receipt SI-2024-01454,1072,1071,POSTED
JE-2024-01214,2024-07-30,2024-07-30,2024-07,FY2025,4,CASH,Customer receipt SI-2024-01457,1072,1071,POSTED
JE-2024-01215,2024-07-23,2024-07-23,2024-07,FY2025,4,CASH,Customer receipt SI-2024-01459,1072,1071,POSTED
JE-2024-01216,2024-07-18,2024-07-19,2024-07,FY2025,4,CASH,Customer receipt SI-2024-01461,1072,1071,POSTED
JE-2024-01217,2024-07-11,2024-07-12,2024-07,FY2025,4,CASH,Customer receipt SI-2024-01463,1072,1071,POSTED
JE-2024-01218,2024-06-21,2024-06-21,2024-06,FY2025,3,CASH,Customer receipt SI-2024-01466,1072,1071,POSTED
JE-2024-01219,2024-06-28,2024-06-28,2024-06,FY2025,3,CASH,Customer receipt SI-2024-01472,1072,1071,POSTED
JE-2024-01220,2024-06-14,2024-06-17,2024-06,FY2025,3,CASH,Customer receipt SI-2024-01473,1072,1071,POSTED
JE-2024-01221,2024-06-21,2024-06-24,2024-06,FY2025,3,CASH,Customer receipt SI-2024-01474,1072,1071,POSTED
JE-2024-01222,2024-06-13,2024-06-14,2024-06,FY2025,3,CASH,Customer receipt SI-2024-01476,1072,1071,POSTED
JE-2024-01223,2024-07-26,2024-07-26,2024-07,FY2025,4,CASH,Customer receipt SI-2024-01483,1072,1071,POSTED
JE-2024-01224,2024-07-04,2024-07-05,2024-07,FY2025,4,CASH,Customer receipt SI-2024-01486,1072,1071,POSTED
JE-2024-01225,2024-06-14,2024-06-17,2024-06,FY2025,3,CASH,Customer receipt SI-2024-01487,1072,1071,POSTED
JE-2024-01226,2024-07-04,2024-07-04,2024-07,FY2025,4,CASH,Customer receipt SI-2024-01488,1072,1071,POSTED
JE-2024-01227,2024-07-04,2024-07-05,2024-07,FY2025,4,CASH,Customer receipt SI-2024-01490,1072,1071,POSTED
JE-2024-01228,2024-07-31,2024-07-31,2024-07,FY2025,4,CASH,Customer receipt SI-2024-01492,1072,1071,POSTED
JE-2024-01229,2024-07-31,2024-08-01,2024-07,FY2025,4,CASH,Customer receipt SI-2024-01493,1072,1071,POSTED
JE-2024-01230,2024-07-31,2024-07-31,2024-07,FY2025,4,CASH,Customer receipt SI-2024-01494,1072,1071,POSTED
JE-2024-01231,2024-07-19,2024-07-22,2024-07,FY2025,4,CASH,Customer receipt SI-2024-01497,1072,1071,POSTED
JE-2024-01232,2024-07-12,2024-07-12,2024-07,FY2025,4,CASH,Customer receipt SI-2024-01498,1072,1071,POSTED
JE-2024-01233,2024-07-16,2024-07-19,2024-07,FY2025,4,CASH,Customer receipt SI-2024-01504,1072,1071,POSTED
JE-2024-01234,2024-07-26,2024-07-26,2024-07,FY2025,4,CASH,Customer receipt SI-2024-01508,1072,1071,POSTED
JE-2024-01235,2024-07-31,2024-08-02,2024-07,FY2025,4,CASH,Customer receipt SI-2024-01512,1072,1071,POSTED
JE-2024-01236,2024-07-02,2024-07-02,2024-07,FY2025,4,CASH,Customer receipt SI-2024-01513,1072,1071,POSTED
JE-2024-01237,2024-07-09,2024-07-11,2024-07,FY2025,4,CASH,Customer receipt SI-2024-01517,1072,1071,POSTED
JE-2024-01238,2024-07-29,2024-08-01,2024-07,FY2025,4,CASH,Customer receipt SI-2024-01527,1072,1071,POSTED
JE-2024-01239,2024-07-15,2024-07-16,2024-07,FY2025,4,CASH,Customer receipt SI-2024-01529,1072,1071,POSTED
JE-2024-01240,2024-07-22,2024-07-24,2024-07,FY2025,4,CASH,Customer receipt SI-2024-01531,1072,1071,POSTED
JE-2024-01241,2024-07-26,2024-07-26,2024-07,FY2025,4,CASH,Customer receipt SI-2024-01532,1072,1071,POSTED
JE-2024-01242,2024-07-25,2024-07-26,2024-07,FY2025,4,CASH,Customer receipt SI-2024-01533,1072,1071,POSTED
JE-2024-01243,2024-07-24,2024-07-26,2024-07,FY2025,4,CASH,Customer receipt SI-2024-01534,1072,1071,POSTED
JE-2024-01244,2024-06-14,2024-06-17,2024-06,FY2025,3,CASH,Customer receipt SI-2024-01535,1072,1071,POSTED
JE-2024-01245,2024-07-23,2024-07-23,2024-07,FY2025,4,CASH,Customer receipt SI-2024-01538,1072,1071,POSTED
JE-2024-01246,2024-07-18,2024-07-19,2024-07,FY2025,4,CASH,Customer receipt SI-2024-01539,1072,1071,POSTED
JE-2024-01247,2024-07-24,2024-07-26,2024-07,FY2025,4,CASH,Customer receipt SI-2024-01577,1072,1071,POSTED
JE-2024-01248,2024-07-18,2024-07-19,2024-07,FY2025,4,CASH,Customer receipt SI-2024-01589,1072,1071,POSTED
JE-2024-01249,2024-07-16,2024-07-17,2024-07,FY2025,4,CASH,Customer receipt SI-2024-01596,1072,1071,POSTED
JE-2024-01250,2024-07-05,2024-07-05,2024-07,FY2025,4,CASH,Supplier payment PI-2024-01020,1072,1071,POSTED
JE-2024-01251,2024-07-26,2024-07-29,2024-07,FY2025,4,CASH,Supplier payment PI-2024-01022,1072,1071,POSTED
JE-2024-01252,2024-06-14,2024-06-14,2024-06,FY2025,3,CASH,Supplier payment PI-2024-01027,1072,1071,POSTED
JE-2024-01253,2024-07-26,2024-07-26,2024-07,FY2025,4,CASH,Supplier payment PI-2024-01028,1072,1071,POSTED
JE-2024-01254,2024-07-24,2024-07-26,2024-07,FY2025,4,CASH,Supplier payment PI-2024-01031,1072,1071,POSTED
JE-2024-01255,2024-07-05,2024-07-05,2024-07,FY2025,4,CASH,Supplier payment PI-2024-01032,1072,1071,POSTED
JE-2024-01256,2024-07-19,2024-07-19,2024-07,FY2025,4,CASH,Supplier payment PI-2024-01034,1072,1071,POSTED
JE-2024-01257,2024-07-15,2024-07-15,2024-07,FY2025,4,CASH,Supplier payment PI-2024-01035,1072,1071,POSTED
JE-2024-01258,2024-07-09,2024-07-10,2024-07,FY2025,4,CASH,Supplier payment PI-2024-01036,1072,1071,POSTED
JE-2024-01259,2024-06-28,2024-06-28,2024-06,FY2025,3,CASH,Supplier payment PI-2024-01037,1072,1071,POSTED
JE-2024-01260,2024-07-12,2024-07-12,2024-07,FY2025,4,CASH,Supplier payment PI-2024-01041,1072,1071,POSTED
JE-2024-01261,2024-07-16,2024-07-18,2024-07,FY2025,4,CASH,Supplier payment PI-2024-01052,1072,1071,POSTED
JE-2024-01262,2024-07-26,2024-07-26,2024-07,FY2025,4,CASH,Supplier payment PI-2024-01057,1072,1071,POSTED
JE-2024-01263,2024-07-19,2024-07-19,2024-07,FY2025,4,CASH,Supplier payment PI-2024-01059,1072,1071,POSTED
JE-2024-01264,2024-07-12,2024-07-12,2024-07,FY2025,4,CASH,Supplier payment PI-2024-01060,1072,1071,POSTED
JE-2024-01265,2024-07-19,2024-07-19,2024-07,FY2025,4,CASH,Supplier payment PI-2024-01061,1072,1071,POSTED
JE-2024-01266,2024-07-05,2024-07-05,2024-07,FY2025,4,CASH,Supplier payment PI-2024-01062,1072,1071,POSTED
JE-2024-01267,2024-07-11,2024-07-11,2024-07,FY2025,4,CASH,Supplier payment PI-2024-01064,1072,1071,POSTED
JE-2024-01268,2024-06-21,2024-06-21,2024-06,FY2025,3,CASH,Supplier payment PI-2024-01065,1072,1071,POSTED
JE-2024-01269,2024-07-18,2024-07-19,2024-07,FY2025,4,CASH,Supplier payment PI-2024-01066,1072,1071,POSTED
JE-2024-01270,2024-07-11,2024-07-12,2024-07,FY2025,4,CASH,Supplier payment PI-2024-01067,1072,1071,POSTED
JE-2024-01271,2024-06-28,2024-06-28,2024-06,FY2025,3,CASH,Supplier payment PI-2024-01068,1072,1071,POSTED
JE-2024-01272,2024-07-26,2024-07-29,2024-07,FY2025,4,CASH,Supplier payment PI-2024-01069,1072,1071,POSTED
JE-2024-01273,2024-07-05,2024-07-05,2024-07,FY2025,4,CASH,Supplier payment PI-2024-01070,1072,1071,POSTED
JE-2024-01274,2024-06-19,2024-06-21,2024-06,FY2025,3,CASH,Supplier payment PI-2024-01071,1072,1071,POSTED
JE-2024-01275,2024-06-28,2024-06-28,2024-06,FY2025,3,CASH,Supplier payment PI-2024-01073,1072,1071,POSTED
JE-2024-01276,2024-07-05,2024-07-05,2024-07,FY2025,4,CASH,Supplier payment PI-2024-01075,1072,1071,POSTED
JE-2024-01277,2024-07-10,2024-07-10,2024-07,FY2025,4,CASH,Supplier payment PI-2024-01076,1072,1071,POSTED
JE-2024-01278,2024-06-27,2024-06-28,2024-06,FY2025,3,CASH,Supplier payment PI-2024-01078,1072,1071,POSTED
JE-2024-01279,2024-07-03,2024-07-03,2024-07,FY2025,4,CASH,Supplier payment PI-2024-01080,1072,1071,POSTED
JE-2024-01280,2024-07-17,2024-07-17,2024-07,FY2025,4,CASH,Supplier payment PI-2024-01082,1072,1071,POSTED
JE-2024-01281,2024-07-12,2024-07-12,2024-07,FY2025,4,CASH,Supplier payment PI-2024-01083,1072,1071,POSTED
JE-2024-01282,2024-07-22,2024-07-25,2024-07,FY2025,4,CASH,Supplier payment PI-2024-01088,1072,1071,POSTED
JE-2024-01283,2024-07-25,2024-07-26,2024-07,FY2025,4,CASH,Supplier payment PI-2024-01089,1072,1071,POSTED
JE-2024-01284,2024-07-05,2024-07-05,2024-07,FY2025,4,CASH,Supplier payment PI-2024-01091,1072,1071,POSTED
JE-2024-01285,2024-07-04,2024-07-05,2024-07,FY2025,4,CASH,Supplier payment PI-2024-01092,1072,1071,POSTED
JE-2024-01286,2024-07-16,2024-07-19,2024-07,FY2025,4,CASH,Supplier payment PI-2024-01093,1072,1071,POSTED
JE-2024-01287,2024-07-25,2024-07-26,2024-07,FY2025,4,CASH,Supplier payment PI-2024-01096,1072,1071,POSTED
JE-2024-01288,2024-07-31,2024-08-02,2024-07,FY2025,4,CASH,Supplier payment PI-2024-01116,1072,1071,POSTED
JE-2024-01289,2024-07-31,2024-07-31,2024-07,FY2025,4,CASH,Supplier payment PI-2024-01127,1072,1071,POSTED
JE-2024-01290,2024-07-26,2024-07-26,2024-07,FY2025,4,PAYROLL,Payroll July 2024,1072,1071,POSTED
JE-2024-01291,2024-07-31,2024-08-02,2024-07,FY2025,4,GENERAL,Depreciation Jul 2024,1072,1071,POSTED
JE-2024-01292,2024-07-31,2024-07-31,2024-07,FY2025,4,GENERAL,Bank charges and interest Jul 2024,1072,1071,POSTED
JE-2024-01293,2024-07-05,2024-07-08,2024-07,FY2025,4,GENERAL,VAT return payment,1072,1071,POSTED
JE-2024-01294,2024-08-15,2024-08-16,2024-08,FY2025,5,AR,Sales invoice SI-2024-01598,1072,1071,POSTED
JE-2024-01295,2024-08-28,2024-08-28,2024-08,FY2025,5,AR,Sales invoice SI-2024-01599,1072,1071,POSTED
JE-2024-01296,2024-08-02,2024-08-02,2024-08,FY2025,5,AR,Sales invoice SI-2024-01600,1072,1071,POSTED
JE-2024-01297,2024-08-22,2024-08-23,2024-08,FY2025,5,AR,Sales invoice SI-2024-01601,1072,1071,POSTED
JE-2024-01298,2024-08-28,2024-08-28,2024-08,FY2025,5,AR,Sales invoice SI-2024-01602,1072,1071,POSTED
JE-2024-01299,2024-08-02,2024-08-02,2024-08,FY2025,5,AR,Sales invoice SI-2024-01603,1072,1071,POSTED
JE-2024-01300,2024-08-21,2024-08-22,2024-08,FY2025,5,AR,Sales invoice SI-2024-01604,1072,1071,POSTED
JE-2024-01301,2024-08-23,2024-08-23,2024-08,FY2025,5,AR,Sales invoice SI-2024-01605,1072,1071,POSTED
JE-2024-01302,2024-08-09,2024-08-09,2024-08,FY2025,5,AR,Sales invoice SI-2024-01606,1072,1071,POSTED
JE-2024-01303,2024-08-15,2024-08-15,2024-08,FY2025,5,AR,Sales invoice SI-2024-01607,1072,1071,POSTED
JE-2024-01304,2024-08-20,2024-08-21,2024-08,FY2025,5,AR,Sales invoice SI-2024-01608,1072,1071,POSTED
JE-2024-01305,2024-08-09,2024-08-09,2024-08,FY2025,5,AR,Sales invoice SI-2024-01609,1072,1071,POSTED
JE-2024-01306,2024-08-30,2024-08-30,2024-08,FY2025,5,AR,Sales invoice SI-2024-01610,1072,1071,POSTED
JE-2024-01307,2024-08-13,2024-08-14,2024-08,FY2025,5,AR,Sales invoice SI-2024-01611,1072,1071,POSTED
JE-2024-01308,2024-08-01,2024-08-02,2024-08,FY2025,5,AR,Sales invoice SI-2024-01612,1072,1071,POSTED
JE-2024-01309,2024-08-30,2024-08-30,2024-08,FY2025,5,AR,Sales invoice SI-2024-01613,1072,1071,POSTED
JE-2024-01310,2024-08-02,2024-08-02,2024-08,FY2025,5,AR,Sales invoice SI-2024-01614,1072,1071,POSTED
JE-2024-01311,2024-08-30,2024-08-30,2024-08,FY2025,5,AR,Sales invoice SI-2024-01615,1072,1071,POSTED
JE-2024-01312,2024-08-02,2024-08-02,2024-08,FY2025,5,AR,Sales invoice SI-2024-01616,1072,1071,POSTED
JE-2024-01313,2024-08-20,2024-08-22,2024-08,FY2025,5,AR,Sales invoice SI-2024-01617,1072,1071,POSTED
JE-2024-01314,2024-08-12,2024-08-14,2024-08,FY2025,5,AR,Sales invoice SI-2024-01618,1072,1071,POSTED
JE-2024-01315,2024-08-30,2024-08-30,2024-08,FY2025,5,AR,Sales invoice SI-2024-01619,1072,1071,POSTED
JE-2024-01316,2024-08-05,2024-08-05,2024-08,FY2025,5,AR,Sales invoice SI-2024-01620,1072,1071,POSTED
JE-2024-01317,2024-08-08,2024-08-08,2024-08,FY2025,5,AR,Sales invoice SI-2024-01621,1072,1071,POSTED
JE-2024-01318,2024-08-21,2024-08-23,2024-08,FY2025,5,AR,Sales invoice SI-2024-01622,1072,1071,POSTED
JE-2024-01319,2024-08-16,2024-08-16,2024-08,FY2025,5,AR,Sales invoice SI-2024-01623,1072,1071,POSTED
JE-2024-01320,2024-08-06,2024-08-08,2024-08,FY2025,5,AR,Sales invoice SI-2024-01624,1072,1071,POSTED
JE-2024-01321,2024-08-23,2024-08-26,2024-08,FY2025,5,AR,Sales invoice SI-2024-01625,1072,1071,POSTED
JE-2024-01322,2024-08-23,2024-08-26,2024-08,FY2025,5,AR,Sales invoice SI-2024-01626,1072,1071,POSTED
JE-2024-01323,2024-08-27,2024-08-29,2024-08,FY2025,5,AR,Sales invoice SI-2024-01627,1072,1071,POSTED
JE-2024-01324,2024-08-02,2024-08-05,2024-08,FY2025,5,AR,Sales invoice SI-2024-01628,1072,1071,POSTED
JE-2024-01325,2024-08-12,2024-08-14,2024-08,FY2025,5,AR,Sales invoice SI-2024-01629,1072,1071,POSTED
JE-2024-01326,2024-08-30,2024-08-30,2024-08,FY2025,5,AR,Sales invoice SI-2024-01630,1072,1071,POSTED
JE-2024-01327,2024-08-23,2024-08-23,2024-08,FY2025,5,AR,Sales invoice SI-2024-01631,1072,1071,POSTED
JE-2024-01328,2024-08-02,2024-08-02,2024-08,FY2025,5,AR,Sales invoice SI-2024-01632,1072,1071,POSTED
JE-2024-01329,2024-08-27,2024-08-28,2024-08,FY2025,5,AR,Sales invoice SI-2024-01633,1072,1071,POSTED
JE-2024-01330,2024-08-21,2024-08-23,2024-08,FY2025,5,AR,Sales invoice SI-2024-01634,1072,1071,POSTED
JE-2024-01331,2024-08-09,2024-08-09,2024-08,FY2025,5,AR,Sales invoice SI-2024-01635,1072,1071,POSTED
JE-2024-01332,2024-08-23,2024-08-23,2024-08,FY2025,5,AR,Sales invoice SI-2024-01636,1072,1071,POSTED
JE-2024-01333,2024-08-14,2024-08-16,2024-08,FY2025,5,AR,Sales invoice SI-2024-01637,1072,1071,POSTED
JE-2024-01334,2024-08-21,2024-08-22,2024-08,FY2025,5,AR,Sales invoice SI-2024-01638,1072,1071,POSTED
JE-2024-01335,2024-08-13,2024-08-15,2024-08,FY2025,5,AR,Sales invoice SI-2024-01639,1072,1071,POSTED
JE-2024-01336,2024-08-27,2024-08-27,2024-08,FY2025,5,AR,Sales invoice SI-2024-01640,1072,1071,POSTED
JE-2024-01337,2024-08-23,2024-08-23,2024-08,FY2025,5,AR,Sales invoice SI-2024-01641,1072,1071,POSTED
JE-2024-01338,2024-08-14,2024-08-16,2024-08,FY2025,5,AP,Purchase invoice PI-2024-01134,1072,1071,POSTED
JE-2024-01339,2024-08-22,2024-08-22,2024-08,FY2025,5,AP,Purchase invoice PI-2024-01135,1072,1071,POSTED
JE-2024-01340,2024-08-02,2024-08-02,2024-08,FY2025,5,AP,Purchase invoice PI-2024-01136,1072,1071,POSTED
JE-2024-01341,2024-08-27,2024-08-30,2024-08,FY2025,5,AP,Purchase invoice PI-2024-01137,1072,1071,POSTED
JE-2024-01342,2024-08-23,2024-08-26,2024-08,FY2025,5,AP,Purchase invoice PI-2024-01138,1072,1071,POSTED
JE-2024-01343,2024-08-07,2024-08-09,2024-08,FY2025,5,AP,Purchase invoice PI-2024-01139,1072,1071,POSTED
JE-2024-01344,2024-08-30,2024-08-30,2024-08,FY2025,5,AP,Purchase invoice PI-2024-01140,1072,1071,POSTED
JE-2024-01345,2024-08-06,2024-08-09,2024-08,FY2025,5,AP,Purchase invoice PI-2024-01141,1072,1071,POSTED
JE-2024-01346,2024-08-14,2024-08-16,2024-08,FY2025,5,AP,Purchase invoice PI-2024-01142,1072,1071,POSTED
JE-2024-01347,2024-08-09,2024-08-09,2024-08,FY2025,5,AP,Purchase invoice PI-2024-01143,1072,1071,POSTED
JE-2024-01348,2024-08-13,2024-08-15,2024-08,FY2025,5,AP,Purchase invoice PI-2024-01144,1072,1071,POSTED
JE-2024-01349,2024-08-08,2024-08-09,2024-08,FY2025,5,AP,Purchase invoice PI-2024-01145,1072,1071,POSTED
JE-2024-01350,2024-08-15,2024-08-16,2024-08,FY2025,5,AP,Purchase invoice PI-2024-01146,1072,1071,POSTED
JE-2024-01351,2024-08-05,2024-08-07,2024-08,FY2025,5,AP,Purchase invoice PI-2024-01147,1072,1071,POSTED
JE-2024-01352,2024-08-28,2024-08-30,2024-08,FY2025,5,AP,Purchase invoice PI-2024-01148,1072,1071,POSTED
JE-2024-01353,2024-08-06,2024-08-06,2024-08,FY2025,5,AP,Purchase invoice PI-2024-01149,1072,1071,POSTED
JE-2024-01354,2024-08-30,2024-08-30,2024-08,FY2025,5,AP,Purchase invoice PI-2024-01150,1072,1071,POSTED
JE-2024-01355,2024-08-13,2024-08-16,2024-08,FY2025,5,AP,Purchase invoice PI-2024-01151,1072,1071,POSTED
JE-2024-01356,2024-08-16,2024-08-16,2024-08,FY2025,5,AP,Purchase invoice PI-2024-01152,1072,1071,POSTED
JE-2024-01357,2024-08-28,2024-08-28,2024-08,FY2025,5,AP,Purchase invoice PI-2024-01153,1072,1071,POSTED
JE-2024-01358,2024-08-23,2024-08-23,2024-08,FY2025,5,AP,Purchase invoice PI-2024-01154,1072,1071,POSTED
JE-2024-01359,2024-08-06,2024-08-08,2024-08,FY2025,5,AP,Purchase invoice PI-2024-01155,1072,1071,POSTED
JE-2024-01360,2024-08-27,2024-08-29,2024-08,FY2025,5,AP,Purchase invoice PI-2024-01156,1072,1071,POSTED
JE-2024-01361,2024-08-23,2024-08-23,2024-08,FY2025,5,AP,Purchase invoice PI-2024-01157,1072,1071,POSTED
JE-2024-01362,2024-08-05,2024-08-05,2024-08,FY2025,5,AP,Purchase invoice PI-2024-01158,1072,1071,POSTED
JE-2024-01363,2024-08-28,2024-08-30,2024-08,FY2025,5,AP,Purchase invoice PI-2024-01159,1072,1071,POSTED
JE-2024-01364,2024-08-28,2024-08-30,2024-08,FY2025,5,AP,Purchase invoice PI-2024-01160,1072,1071,POSTED
JE-2024-01365,2024-08-23,2024-08-23,2024-08,FY2025,5,AP,Purchase invoice PI-2024-01161,1072,1071,POSTED
JE-2024-01366,2024-08-09,2024-08-09,2024-08,FY2025,5,AP,Purchase invoice PI-2024-01162,1072,1071,POSTED
JE-2024-01367,2024-08-19,2024-08-21,2024-08,FY2025,5,AP,Purchase invoice PI-2024-01163,1072,1071,POSTED
JE-2024-01368,2024-08-22,2024-08-23,2024-08,FY2025,5,AP,Purchase invoice PI-2024-01164,1072,1071,POSTED
JE-2024-01369,2024-08-01,2024-08-02,2024-08,FY2025,5,AP,Purchase invoice PI-2024-01165,1072,1071,POSTED
JE-2024-01370,2024-08-06,2024-08-07,2024-08,FY2025,5,AP,Purchase invoice PI-2024-01166,1072,1071,POSTED
JE-2024-01371,2024-08-12,2024-08-15,2024-08,FY2025,5,AP,Purchase invoice PI-2024-01167,1072,1071,POSTED
JE-2024-01372,2024-08-23,2024-08-23,2024-08,FY2025,5,AP,Purchase invoice PI-2024-01168,1072,1071,POSTED
JE-2024-01373,2024-08-01,2024-08-02,2024-08,FY2025,5,AP,Purchase invoice PI-2024-01169,1072,1071,POSTED
JE-2024-01374,2024-08-16,2024-08-16,2024-08,FY2025,5,AP,Purchase invoice PI-2024-01170,1072,1071,POSTED
JE-2024-01375,2024-08-07,2024-08-08,2024-08,FY2025,5,AP,Purchase invoice PI-2024-01171,1072,1071,POSTED
JE-2024-01376,2024-08-26,2024-08-29,2024-08,FY2025,5,AP,Purchase invoice PI-2024-01172,1072,1071,DRAFT
JE-2024-01377,2024-08-21,2024-08-22,2024-08,FY2025,5,AP,Purchase invoice PI-2024-01173,1072,1071,POSTED
JE-2024-01378,2024-08-20,2024-08-23,2024-08,FY2025,5,AP,Purchase invoice PI-2024-01174,1072,1071,POSTED
JE-2024-01379,2024-08-01,2024-08-02,2024-08,FY2025,5,AP,Purchase invoice PI-2024-01175,1072,1071,POSTED
JE-2024-01380,2024-06-27,2024-06-28,2024-06,FY2025,3,CASH,Customer receipt SI-2024-01343,1072,1071,POSTED
JE-2024-01381,2024-08-01,2024-08-02,2024-08,FY2025,5,CASH,Customer receipt SI-2024-01346,1072,1071,POSTED
JE-2024-01382,2024-08-15,2024-08-16,2024-08,FY2025,5,CASH,Customer receipt SI-2024-01387,1072,1071,POSTED
JE-2024-01383,2024-08-01,2024-08-02,2024-08,FY2025,5,CASH,Customer receipt SI-2024-01407,1072,1071,POSTED
JE-2024-01384,2024-07-31,2024-08-02,2024-07,FY2025,4,CASH,Customer receipt SI-2024-01431,1072,1071,POSTED
JE-2024-01385,2024-08-22,2024-08-23,2024-08,FY2025,5,CASH,Customer receipt SI-2024-01436,1072,1071,POSTED
JE-2024-01386,2024-06-21,2024-06-21,2024-06,FY2025,3,CASH,Customer receipt SI-2024-01444,1072,1071,POSTED
JE-2024-01387,2024-08-06,2024-08-09,2024-08,FY2025,5,CASH,Customer receipt SI-2024-01448,1072,1071,POSTED
JE-2024-01388,2024-08-21,2024-08-22,2024-08,FY2025,5,CASH,Customer receipt SI-2024-01449,1072,1071,POSTED
JE-2024-01389,2024-06-27,2024-06-28,2024-06,FY2025,3,CASH,Customer receipt SI-2024-01451,1072,1071,POSTED
JE-2024-01390,2024-08-29,2024-08-30,2024-08,FY2025,5,CASH,Customer receipt SI-2024-01456,1072,1071,POSTED
JE-2024-01391,2024-08-08,2024-08-09,2024-08,FY2025,5,CASH,Customer receipt SI-2024-01464,1072,1071,POSTED
JE-2024-01392,2024-06-12,2024-06-14,2024-06,FY2025,3,CASH,Customer receipt SI-2024-01469,1072,1071,POSTED
JE-2024-01393,2024-07-31,2024-08-02,2024-07,FY2025,4,CASH,Customer receipt SI-2024-01471,1072,1071,POSTED
JE-2024-01394,2024-07-18,2024-07-19,2024-07,FY2025,4,CASH,Customer receipt SI-2024-01480,1072,1071,POSTED
JE-2024-01395,2024-08-14,2024-08-16,2024-08,FY2025,5,CASH,Customer receipt SI-2024-01485,1072,1071,POSTED
JE-2024-01396,2024-08-20,2024-08-22,2024-08,FY2025,5,CASH,Customer receipt SI-2024-01491,1072,1071,POSTED
JE-2024-01397,2024-07-26,2024-07-26,2024-07,FY2025,4,CASH,Customer receipt SI-2024-01499,1072,1071,POSTED
JE-2024-01398,2024-07-16,2024-07-16,2024-07,FY2025,4,CASH,Customer receipt SI-2024-01502,1072,1071,POSTED
JE-2024-01399,2024-07-18,2024-07-19,2024-07,FY2025,4,CASH,Customer receipt SI-2024-01503,1072,1071,POSTED
JE-2024-01400,2024-07-19,2024-07-19,2024-07,FY2025,4,CASH,Customer receipt SI-2024-01505,1072,1071,POSTED
JE-2024-01401,2024-08-16,2024-08-16,2024-08,FY2025,5,CASH,Customer receipt SI-2024-01507,1072,1071,POSTED
JE-2024-01402,2024-07-17,2024-07-18,2024-07,FY2025,4,CASH,Customer receipt SI-2024-01515,1072,1071,POSTED
JE-2024-01403,2024-08-16,2024-08-16,2024-08,FY2025,5,CASH,Customer receipt SI-2024-01516,1072,1071,POSTED
JE-2024-01404,2024-08-26,2024-08-29,2024-08,FY2025,5,CASH,Customer receipt SI-2024-01518,1072,1071,POSTED
JE-2024-01405,2024-08-09,2024-08-12,2024-08,FY2025,5,CASH,Customer receipt SI-2024-01520,1072,1071,POSTED
JE-2024-01406,2024-08-09,2024-08-09,2024-08,FY2025,5,CASH,Customer receipt SI-2024-01521,1072,1071,POSTED
JE-2024-01407,2024-08-09,2024-08-12,2024-08,FY2025,5,CASH,Customer receipt SI-2024-01522,1072,1071,POSTED
JE-2024-01408,2024-08-20,2024-08-23,2024-08,FY2025,5,CASH,Customer receipt SI-2024-01523,1072,1071,POSTED
JE-2024-01409,2024-08-28,2024-08-30,2024-08,FY2025,5,CASH,Customer receipt SI-2024-01524,1072,1071,POSTED
JE-2024-01410,2024-08-16,2024-08-16,2024-08,FY2025,5,CASH,Customer receipt SI-2024-01525,1072,1071,POSTED
JE-2024-01411,2024-07-19,2024-07-22,2024-07,FY2025,4,CASH,Customer receipt SI-2024-01526,1072,1071,POSTED
JE-2024-01412,2024-07-30,2024-08-02,2024-07,FY2025,4,CASH,Customer receipt SI-2024-01528,1072,1071,POSTED
JE-2024-01413,2024-07-29,2024-07-29,2024-07,FY2025,4,CASH,Customer receipt SI-2024-01542,1072,1071,POSTED
JE-2024-01414,2024-07-26,2024-07-26,2024-07,FY2025,4,CASH,Customer receipt SI-2024-01544,1072,1071,POSTED
JE-2024-01415,2024-08-05,2024-08-08,2024-08,FY2025,5,CASH,Customer receipt SI-2024-01545,1072,1071,POSTED
JE-2024-01416,2024-08-01,2024-08-02,2024-08,FY2025,5,CASH,Customer receipt SI-2024-01547,1072,1071,POSTED
JE-2024-01417,2024-07-19,2024-07-22,2024-07,FY2025,4,CASH,Customer receipt SI-2024-01550,1072,1071,POSTED
JE-2024-01418,2024-08-23,2024-08-26,2024-08,FY2025,5,CASH,Customer receipt SI-2024-01551,1072,1071,POSTED
JE-2024-01419,2024-08-09,2024-08-09,2024-08,FY2025,5,CASH,Customer receipt SI-2024-01554,1072,1071,POSTED
JE-2024-01420,2024-08-27,2024-08-27,2024-08,FY2025,5,CASH,Customer receipt SI-2024-01555,1072,1071,POSTED
JE-2024-01421,2024-08-07,2024-08-08,2024-08,FY2025,5,CASH,Customer receipt SI-2024-01556,1072,1071,POSTED
JE-2024-01422,2024-08-16,2024-08-19,2024-08,FY2025,5,CASH,Customer receipt SI-2024-01558,1072,1071,POSTED
JE-2024-01423,2024-08-09,2024-08-09,2024-08,FY2025,5,CASH,Customer receipt SI-2024-01564,1072,1071,POSTED
JE-2024-01424,2024-08-15,2024-08-16,2024-08,FY2025,5,CASH,Customer receipt SI-2024-01565,1072,1071,POSTED
JE-2024-01425,2024-08-07,2024-08-09,2024-08,FY2025,5,CASH,Customer receipt SI-2024-01566,1072,1071,POSTED
JE-2024-01426,2024-08-06,2024-08-09,2024-08,FY2025,5,CASH,Customer receipt SI-2024-01567,1072,1071,POSTED
JE-2024-01427,2024-08-20,2024-08-21,2024-08,FY2025,5,CASH,Customer receipt SI-2024-01569,1072,1071,POSTED
JE-2024-01428,2024-08-02,2024-08-02,2024-08,FY2025,5,CASH,Customer receipt SI-2024-01570,1072,1071,POSTED
JE-2024-01429,2024-08-27,2024-08-28,2024-08,FY2025,5,CASH,Customer receipt SI-2024-01571,1072,1071,POSTED
JE-2024-01430,2024-08-23,2024-08-23,2024-08,FY2025,5,CASH,Customer receipt SI-2024-01573,1072,1071,POSTED
JE-2024-01431,2024-08-02,2024-08-02,2024-08,FY2025,5,CASH,Customer receipt SI-2024-01574,1072,1071,POSTED
JE-2024-01432,2024-08-27,2024-08-27,2024-08,FY2025,5,CASH,Customer receipt SI-2024-01576,1072,1071,POSTED
JE-2024-01433,2024-08-09,2024-08-09,2024-08,FY2025,5,CASH,Customer receipt SI-2024-01578,1072,1071,POSTED
JE-2024-01434,2024-08-22,2024-08-23,2024-08,FY2025,5,CASH,Customer receipt SI-2024-01582,1072,1071,POSTED
JE-2024-01435,2024-08-01,2024-08-02,2024-08,FY2025,5,CASH,Customer receipt SI-2024-01584,1072,1071,POSTED
JE-2024-01436,2024-08-14,2024-08-15,2024-08,FY2025,5,CASH,Customer receipt SI-2024-01593,1072,1071,POSTED
JE-2024-01437,2024-08-30,2024-08-30,2024-08,FY2025,5,CASH,Customer receipt SI-2024-01595,1072,1071,POSTED
JE-2024-01438,2024-08-02,2024-08-02,2024-08,FY2025,5,CASH,Supplier payment PI-2024-01025,1072,1071,POSTED
JE-2024-01439,2024-08-09,2024-08-09,2024-08,FY2025,5,CASH,Supplier payment PI-2024-01026,1072,1071,POSTED
JE-2024-01440,2024-07-18,2024-07-19,2024-07,FY2025,4,CASH,Supplier payment PI-2024-01040,1072,1071,POSTED
JE-2024-01441,2024-08-02,2024-08-02,2024-08,FY2025,5,CASH,Supplier payment PI-2024-01056,1072,1071,POSTED
JE-2024-01442,2024-07-25,2024-07-26,2024-07,FY2025,4,CASH,Supplier payment PI-2024-01058,1072,1071,POSTED
JE-2024-01443,2024-08-08,2024-08-08,2024-08,FY2025,5,CASH,Supplier payment PI-2024-01063,1072,1071,POSTED
JE-2024-01444,2024-07-12,2024-07-12,2024-07,FY2025,4,CASH,Supplier payment PI-2024-01072,1072,1071,POSTED
JE-2024-01445,2024-08-02,2024-08-02,2024-08,FY2025,5,CASH,Supplier payment PI-2024-01074,1072,1071,POSTED
JE-2024-01446,2024-07-24,2024-07-25,2024-07,FY2025,4,CASH,Supplier payment PI-2024-01077,1072,1071,POSTED
JE-2024-01447,2024-08-16,2024-08-16,2024-08,FY2025,5,CASH,Supplier payment PI-2024-01079,1072,1071,POSTED
JE-2024-01448,2024-08-28,2024-08-29,2024-08,FY2025,5,CASH,Supplier payment PI-2024-01081,1072,1071,POSTED
JE-2024-01449,2024-08-22,2024-08-23,2024-08,FY2025,5,CASH,Supplier payment PI-2024-01084,1072,1071,POSTED
JE-2024-01450,2024-08-16,2024-08-16,2024-08,FY2025,5,CASH,Supplier payment PI-2024-01086,1072,1071,POSTED
JE-2024-01451,2024-08-02,2024-08-02,2024-08,FY2025,5,CASH,Supplier payment PI-2024-01087,1072,1071,POSTED
JE-2024-01452,2024-07-19,2024-07-22,2024-07,FY2025,4,CASH,Supplier payment PI-2024-01090,1072,1071,POSTED
JE-2024-01453,2024-08-09,2024-08-09,2024-08,FY2025,5,CASH,Supplier payment PI-2024-01094,1072,1071,POSTED
JE-2024-01454,2024-08-16,2024-08-19,2024-08,FY2025,5,CASH,Supplier payment PI-2024-01095,1072,1071,POSTED
JE-2024-01455,2024-08-09,2024-08-09,2024-08,FY2025,5,CASH,Supplier payment PI-2024-01097,1072,1071,POSTED
JE-2024-01456,2024-08-16,2024-08-16,2024-08,FY2025,5,CASH,Supplier payment PI-2024-01101,1072,1071,POSTED
JE-2024-01457,2024-08-08,2024-08-09,2024-08,FY2025,5,CASH,Supplier payment PI-2024-01102,1072,1071,POSTED
JE-2024-01458,2024-08-09,2024-08-09,2024-08,FY2025,5,CASH,Supplier payment PI-2024-01105,1072,1071,POSTED
JE-2024-01459,2024-08-30,2024-08-30,2024-08,FY2025,5,CASH,Supplier payment PI-2024-01108,1072,1071,POSTED
JE-2024-01460,2024-08-02,2024-08-05,2024-08,FY2025,5,CASH,Supplier payment PI-2024-01109,1072,1071,POSTED
JE-2024-01461,2024-08-19,2024-08-19,2024-08,FY2025,5,CASH,Supplier payment PI-2024-01110,1072,1071,POSTED
JE-2024-01462,2024-08-16,2024-08-16,2024-08,FY2025,5,CASH,Supplier payment PI-2024-01111,1072,1071,POSTED
JE-2024-01463,2024-07-29,2024-07-29,2024-07,FY2025,4,CASH,Supplier payment PI-2024-01112,1072,1071,POSTED
JE-2024-01464,2024-08-23,2024-08-26,2024-08,FY2025,5,CASH,Supplier payment PI-2024-01113,1072,1071,POSTED
JE-2024-01465,2024-08-08,2024-08-09,2024-08,FY2025,5,CASH,Supplier payment PI-2024-01117,1072,1071,POSTED
JE-2024-01466,2024-08-29,2024-08-30,2024-08,FY2025,5,CASH,Supplier payment PI-2024-01119,1072,1071,POSTED
JE-2024-01467,2024-08-09,2024-08-12,2024-08,FY2025,5,CASH,Supplier payment PI-2024-01120,1072,1071,POSTED
JE-2024-01468,2024-08-30,2024-09-02,2024-08,FY2025,5,CASH,Supplier payment PI-2024-01121,1072,1071,POSTED
JE-2024-01469,2024-08-16,2024-08-16,2024-08,FY2025,5,CASH,Supplier payment PI-2024-01122,1072,1071,POSTED
JE-2024-01470,2024-07-31,2024-07-31,2024-07,FY2025,4,CASH,Supplier payment PI-2024-01125,1072,1071,POSTED
JE-2024-01471,2024-08-26,2024-08-28,2024-08,FY2025,5,CASH,Supplier payment PI-2024-01128,1072,1071,POSTED
JE-2024-01472,2024-08-02,2024-08-02,2024-08,FY2025,5,CASH,Supplier payment PI-2024-01129,1072,1071,POSTED
JE-2024-01473,2024-08-05,2024-08-08,2024-08,FY2025,5,CASH,Supplier payment PI-2024-01131,1072,1071,POSTED
JE-2024-01474,2024-08-21,2024-08-23,2024-08,FY2025,5,CASH,Supplier payment PI-2024-01139,1072,1071,POSTED
JE-2024-01475,2024-08-19,2024-08-21,2024-08,FY2025,5,CASH,Supplier payment PI-2024-01147,1072,1071,POSTED
JE-2024-01476,2024-08-16,2024-08-16,2024-08,FY2025,5,CASH,Supplier payment PI-2024-01149,1072,1071,POSTED
JE-2024-01477,2024-08-29,2024-08-30,2024-08,FY2025,5,CASH,Supplier payment PI-2024-01175,1072,1071,POSTED
JE-2024-01478,2024-08-28,2024-08-30,2024-08,FY2025,5,PAYROLL,Payroll August 2024,1072,1071,POSTED
JE-2024-01479,2024-08-31,2024-08-30,2024-08,FY2025,5,GENERAL,Depreciation Aug 2024,1072,1071,POSTED
JE-2024-01480,2024-08-31,2024-09-02,2024-08,FY2025,5,GENERAL,Bank charges and interest Aug 2024,1072,1071,POSTED
JE-2024-01481,2024-09-30,2024-10-02,2024-09,FY2025,6,AR,Sales invoice SI-2024-01642,1072,1071,POSTED
JE-2024-01482,2024-09-27,2024-09-30,2024-09,FY2025,6,AR,Sales invoice SI-2024-01643,1072,1071,POSTED
JE-2024-01483,2024-08-30,2024-09-02,2024-08,FY2025,5,AR,Sales invoice SI-2024-01644,1072,1071,POSTED
JE-2024-01484,2024-09-26,2024-09-27,2024-09,FY2025,6,AR,Sales invoice SI-2024-01645,1072,1071,POSTED
JE-2024-01485,2024-09-24,2024-09-26,2024-09,FY2025,6,AR,Sales invoice SI-2024-01646,1072,1071,POSTED
JE-2024-01486,2024-09-16,2024-09-18,2024-09,FY2025,6,AR,Sales invoice SI-2024-01647,1072,1071,POSTED
JE-2024-01487,2024-09-23,2024-09-25,2024-09,FY2025,6,AR,Sales invoice SI-2024-01648,1072,1071,POSTED
JE-2024-01488,2024-09-27,2024-09-27,2024-09,FY2025,6,AR,Sales invoice SI-2024-01649,1072,1071,POSTED
JE-2024-01489,2024-09-20,2024-09-20,2024-09,FY2025,6,AR,Sales invoice SI-2024-01650,1072,1071,POSTED
JE-2024-01490,2024-09-04,2024-09-05,2024-09,FY2025,6,AR,Sales invoice SI-2024-01651,1072,1071,POSTED
JE-2024-01491,2024-09-27,2024-09-27,2024-09,FY2025,6,AR,Sales invoice SI-2024-01652,1072,1071,POSTED
JE-2024-01492,2024-09-20,2024-09-20,2024-09,FY2025,6,AR,Sales invoice SI-2024-01653,1072,1071,POSTED
JE-2024-01493,2024-09-12,2024-09-13,2024-09,FY2025,6,AR,Sales invoice SI-2024-01654,1072,1071,POSTED
JE-2024-01494,2024-09-06,2024-09-06,2024-09,FY2025,6,AR,Sales invoice SI-2024-01655,1072,1071,POSTED
JE-2024-01495,2024-09-30,2024-10-01,2024-09,FY2025,6,AR,Sales invoice SI-2024-01656,1072,1071,POSTED
JE-2024-01496,2024-09-27,2024-09-30,2024-09,FY2025,6,AR,Sales invoice SI-2024-01657,1072,1071,POSTED
JE-2024-01497,2024-09-10,2024-09-12,2024-09,FY2025,6,AR,Sales invoice SI-2024-01658,1072,1071,POSTED
JE-2024-01498,2024-09-18,2024-09-19,2024-09,FY2025,6,AR,Sales invoice SI-2024-01659,1072,1071,POSTED
JE-2024-01499,2024-09-13,2024-09-13,2024-09,FY2025,6,AR,Sales invoice SI-2024-01660,1072,1071,POSTED
JE-2024-01500,2024-09-20,2024-09-20,2024-09,FY2025,6,AR,Sales invoice SI-2024-01661,1072,1071,POSTED
JE-2024-01501,2024-09-23,2024-09-24,2024-09,FY2025,6,AR,Sales invoice SI-2024-01662,1072,1071,POSTED
JE-2024-01502,2024-09-27,2024-09-27,2024-09,FY2025,6,AR,Sales invoice SI-2024-01663,1072,1071,POSTED
JE-2024-01503,2024-09-06,2024-09-06,2024-09,FY2025,6,AR,Sales invoice SI-2024-01664,1072,1071,POSTED
JE-2024-01504,2024-09-13,2024-09-16,2024-09,FY2025,6,AR,Sales invoice SI-2024-01665,1072,1071,POSTED
JE-2024-01505,2024-09-20,2024-09-20,2024-09,FY2025,6,AR,Sales invoice SI-2024-01666,1072,1071,POSTED
JE-2024-01506,2024-09-03,2024-09-03,2024-09,FY2025,6,AR,Sales invoice SI-2024-01667,1072,1071,POSTED
JE-2024-01507,2024-09-27,2024-09-27,2024-09,FY2025,6,AR,Sales invoice SI-2024-01668,1072,1071,POSTED
JE-2024-01508,2024-09-24,2024-09-25,2024-09,FY2025,6,AR,Sales invoice SI-2024-01669,1072,1071,POSTED
JE-2024-01509,2024-09-06,2024-09-06,2024-09,FY2025,6,AR,Sales invoice SI-2024-01670,1072,1071,POSTED
JE-2024-01510,2024-09-27,2024-09-30,2024-09,FY2025,6,AR,Sales invoice SI-2024-01671,1072,1071,POSTED
JE-2024-01511,2024-09-23,2024-09-25,2024-09,FY2025,6,AR,Sales invoice SI-2024-01672,1072,1071,POSTED
JE-2024-01512,2024-09-20,2024-09-20,2024-09,FY2025,6,AR,Sales invoice SI-2024-01673,1072,1071,POSTED
JE-2024-01513,2024-09-03,2024-09-06,2024-09,FY2025,6,AR,Sales invoice SI-2024-01674,1072,1071,POSTED
JE-2024-01514,2024-09-05,2024-09-06,2024-09,FY2025,6,AR,Sales invoice SI-2024-01675,1072,1071,POSTED
JE-2024-01515,2024-09-20,2024-09-20,2024-09,FY2025,6,AR,Sales invoice SI-2024-01676,1072,1071,POSTED
JE-2024-01516,2024-09-10,2024-09-10,2024-09,FY2025,6,AR,Sales invoice SI-2024-01677,1072,1071,POSTED
JE-2024-01517,2024-09-18,2024-09-20,2024-09,FY2025,6,AR,Sales invoice SI-2024-01678,1072,1071,POSTED
JE-2024-01518,2024-09-24,2024-09-27,2024-09,FY2025,6,AR,Sales invoice SI-2024-01679,1072,1071,POSTED
JE-2024-01519,2024-09-04,2024-09-06,2024-09,FY2025,6,AR,Sales invoice SI-2024-01680,1072,1071,POSTED
JE-2024-01520,2024-09-26,2024-09-26,2024-09,FY2025,6,AR,Sales invoice SI-2024-01681,1072,1071,POSTED
JE-2024-01521,2024-09-20,2024-09-20,2024-09,FY2025,6,AR,Sales invoice SI-2024-01682,1072,1071,POSTED
JE-2024-01522,2024-09-06,2024-09-06,2024-09,FY2025,6,AR,Sales invoice SI-2024-01683,1072,1071,POSTED
JE-2024-01523,2024-09-20,2024-09-20,2024-09,FY2025,6,AR,Sales invoice SI-2024-01684,1072,1071,POSTED
JE-2024-01524,2024-09-03,2024-09-06,2024-09,FY2025,6,AR,Sales invoice SI-2024-01685,1072,1071,POSTED
JE-2024-01525,2024-09-25,2024-09-27,2024-09,FY2025,6,AR,Sales invoice SI-2024-01686,1072,1071,POSTED
JE-2024-01526,2024-09-24,2024-09-25,2024-09,FY2025,6,AR,Sales invoice SI-2024-01687,1072,1071,POSTED
JE-2024-01527,2024-09-16,2024-09-19,2024-09,FY2025,6,AR,Sales invoice SI-2024-01688,1072,1071,POSTED
JE-2024-01528,2024-09-04,2024-09-06,2024-09,FY2025,6,AR,Sales invoice SI-2024-01689,1072,1071,POSTED
JE-2024-01529,2024-09-13,2024-09-13,2024-09,FY2025,6,AR,Sales invoice SI-2024-01690,1072,1071,POSTED
JE-2024-01530,2024-09-12,2024-09-12,2024-09,FY2025,6,AR,Sales invoice SI-2024-01691,1072,1071,POSTED
JE-2024-01531,2024-09-12,2024-09-13,2024-09,FY2025,6,AR,Sales invoice SI-2024-01692,1072,1071,POSTED
JE-2024-01532,2024-09-26,2024-09-27,2024-09,FY2025,6,AR,Sales invoice SI-2024-01693,1072,1071,POSTED
JE-2024-01533,2024-09-20,2024-09-20,2024-09,FY2025,6,AR,Sales invoice SI-2024-01694,1072,1071,POSTED
JE-2024-01534,2024-09-09,2024-09-11,2024-09,FY2025,6,AR,Sales invoice SI-2024-01695,1072,1071,POSTED
JE-2024-01535,2024-09-20,2024-09-23,2024-09,FY2025,6,AR,Sales invoice SI-2024-01696,1072,1071,POSTED
JE-2024-01536,2024-09-27,2024-09-27,2024-09,FY2025,6,AR,Sales invoice SI-2024-01697,1072,1071,POSTED
JE-2024-01537,2024-09-20,2024-09-23,2024-09,FY2025,6,AR,Sales invoice SI-2024-01698,1072,1071,POSTED
JE-2024-01538,2024-09-20,2024-09-20,2024-09,FY2025,6,AR,Sales invoice SI-2024-01699,1072,1071,POSTED
JE-2024-01539,2024-09-30,2024-10-02,2024-09,FY2025,6,AR,Sales invoice SI-2024-01700,1072,1071,POSTED
JE-2024-01540,2024-09-20,2024-09-23,2024-09,FY2025,6,AR,Sales invoice SI-2024-01701,1072,1071,POSTED
JE-2024-01541,2024-09-17,2024-09-17,2024-09,FY2025,6,AP,Purchase invoice PI-2024-01176,1072,1071,POSTED
JE-2024-01542,2024-09-12,2024-09-13,2024-09,FY2025,6,AP,Purchase invoice PI-2024-01177,1072,1071,POSTED
JE-2024-01543,2024-09-16,2024-09-17,2024-09,FY2025,6,AP,Purchase invoice PI-2024-01178,1072,1071,POSTED
JE-2024-01544,2024-09-06,2024-09-06,2024-09,FY2025,6,AP,Purchase invoice PI-2024-01179,1072,1071,POSTED
JE-2024-01545,2024-08-30,2024-08-30,2024-08,FY2025,5,AP,Purchase invoice PI-2024-01180,1072,1071,POSTED
JE-2024-01546,2024-09-30,2024-10-02,2024-09,FY2025,6,AP,Purchase invoice PI-2024-01181,1072,1071,POSTED
JE-2024-01547,2024-09-10,2024-09-12,2024-09,FY2025,6,AP,Purchase invoice PI-2024-01182,1072,1071,POSTED
JE-2024-01548,2024-09-05,2024-09-06,2024-09,FY2025,6,AP,Purchase invoice PI-2024-01183,1072,1071,POSTED
JE-2024-01549,2024-09-10,2024-09-12,2024-09,FY2025,6,AP,Purchase invoice PI-2024-01184,1072,1071,POSTED
JE-2024-01550,2024-09-09,2024-09-11,2024-09,FY2025,6,AP,Purchase invoice PI-2024-01185,1072,1071,POSTED
JE-2024-01551,2024-09-11,2024-09-11,2024-09,FY2025,6,AP,Purchase invoice PI-2024-01186,1072,1071,POSTED
JE-2024-01552,2024-09-19,2024-09-20,2024-09,FY2025,6,AP,Purchase invoice PI-2024-01187,1072,1071,POSTED
JE-2024-01553,2024-09-20,2024-09-20,2024-09,FY2025,6,AP,Purchase invoice PI-2024-01188,1072,1071,POSTED
JE-2024-01554,2024-09-05,2024-09-06,2024-09,FY2025,6,AP,Purchase invoice PI-2024-01189,1072,1071,POSTED
JE-2024-01555,2024-09-13,2024-09-13,2024-09,FY2025,6,AP,Purchase invoice PI-2024-01190,1072,1071,POSTED
JE-2024-01556,2024-09-11,2024-09-12,2024-09,FY2025,6,AP,Purchase invoice PI-2024-01191,1072,1071,POSTED
JE-2024-01557,2024-09-20,2024-09-20,2024-09,FY2025,6,AP,Purchase invoice PI-2024-01192,1072,1071,POSTED
JE-2024-01558,2024-09-27,2024-09-27,2024-09,FY2025,6,AP,Purchase invoice PI-2024-01193,1072,1071,POSTED
JE-2024-01559,2024-09-11,2024-09-13,2024-09,FY2025,6,AP,Purchase invoice PI-2024-01194,1072,1071,POSTED
JE-2024-01560,2024-09-11,2024-09-13,2024-09,FY2025,6,AP,Purchase invoice PI-2024-01195,1072,1071,POSTED
JE-2024-01561,2024-09-24,2024-09-25,2024-09,FY2025,6,AP,Purchase invoice PI-2024-01196,1072,1071,POSTED
JE-2024-01562,2024-09-27,2024-09-30,2024-09,FY2025,6,AP,Purchase invoice PI-2024-01197,1072,1071,POSTED
JE-2024-01563,2024-09-13,2024-09-13,2024-09,FY2025,6,AP,Purchase invoice PI-2024-01198,1072,1071,POSTED
JE-2024-01564,2024-09-13,2024-09-13,2024-09,FY2025,6,AP,Purchase invoice PI-2024-01199,1072,1071,POSTED
JE-2024-01565,2024-09-20,2024-09-20,2024-09,FY2025,6,AP,Purchase invoice PI-2024-01200,1072,1071,POSTED
JE-2024-01566,2024-09-17,2024-09-19,2024-09,FY2025,6,AP,Purchase invoice PI-2024-01201,1072,1071,POSTED
JE-2024-01567,2024-09-09,2024-09-10,2024-09,FY2025,6,AP,Purchase invoice PI-2024-01202,1072,1071,POSTED
JE-2024-01568,2024-09-13,2024-09-13,2024-09,FY2025,6,AP,Purchase invoice PI-2024-01203,1072,1071,POSTED
JE-2024-01569,2024-09-04,2024-09-06,2024-09,FY2025,6,AP,Purchase invoice PI-2024-01204,1072,1071,POSTED
JE-2024-01570,2024-09-27,2024-09-27,2024-09,FY2025,6,AP,Purchase invoice PI-2024-01205,1072,1071,POSTED
JE-2024-01571,2024-09-17,2024-09-17,2024-09,FY2025,6,AP,Purchase invoice PI-2024-01206,1072,1071,POSTED
JE-2024-01572,2024-09-18,2024-09-20,2024-09,FY2025,6,AP,Purchase invoice PI-2024-01207,1072,1071,POSTED
JE-2024-01573,2024-09-13,2024-09-13,2024-09,FY2025,6,AP,Purchase invoice PI-2024-01208,1072,1071,POSTED
JE-2024-01574,2024-09-12,2024-09-13,2024-09,FY2025,6,AP,Purchase invoice PI-2024-01209,1072,1071,POSTED
JE-2024-01575,2024-09-09,2024-09-09,2024-09,FY2025,6,AP,Purchase invoice PI-2024-01210,1072,1071,POSTED
JE-2024-01576,2024-09-10,2024-09-11,2024-09,FY2025,6,AP,Purchase invoice PI-2024-01211,1072,1071,POSTED
JE-2024-01577,2024-09-30,2024-10-01,2024-09,FY2025,6,AP,Purchase invoice PI-2024-01212,1072,1071,POSTED
JE-2024-01578,2024-09-27,2024-09-27,2024-09,FY2025,6,AP,Purchase invoice PI-2024-01213,1072,1071,POSTED
JE-2024-01579,2024-08-16,2024-08-16,2024-08,FY2025,5,CASH,Customer receipt SI-2024-01438,1072,1071,POSTED
JE-2024-01580,2024-08-19,2024-08-22,2024-08,FY2025,5,CASH,Customer receipt SI-2024-01445,1072,1071,POSTED
JE-2024-01581,2024-08-26,2024-08-27,2024-08,FY2025,5,CASH,Customer receipt SI-2024-01452,1072,1071,POSTED
JE-2024-01582,2024-08-08,2024-08-08,2024-08,FY2025,5,CASH,Customer receipt SI-2024-01467,1072,1071,POSTED
JE-2024-01583,2024-09-06,2024-09-06,2024-09,FY2025,6,CASH,Customer receipt SI-2024-01496,1072,1071,POSTED
JE-2024-01584,2024-08-05,2024-08-05,2024-08,FY2025,5,CASH,Customer receipt SI-2024-01500,1072,1071,POSTED
JE-2024-01585,2024-09-18,2024-09-20,2024-09,FY2025,6,CASH,Customer receipt SI-2024-01506,1072,1071,POSTED
JE-2024-01586,2024-09-20,2024-09-20,2024-09,FY2025,6,CASH,Customer receipt SI-2024-01510,1072,1071,POSTED
JE-2024-01587,2024-09-23,2024-09-25,2024-09,FY2025,6,CASH,Customer receipt SI-2024-01514,1072,1071,POSTED
JE-2024-01588,2024-09-16,2024-09-19,2024-09,FY2025,6,CASH,Customer receipt SI-2024-01530,1072,1071,POSTED
JE-2024-01589,2024-09-24,2024-09-27,2024-09,FY2025,6,CASH,Customer receipt SI-2024-01536,1072,1071,POSTED
JE-2024-01590,2024-08-15,2024-08-16,2024-08,FY2025,5,CASH,Customer receipt SI-2024-01540,1072,1071,POSTED
JE-2024-01591,2024-08-16,2024-08-16,2024-08,FY2025,5,CASH,Customer receipt SI-2024-01543,1072,1071,POSTED
JE-2024-01592,2024-09-24,2024-09-24,2024-09,FY2025,6,CASH,Customer receipt SI-2024-01549,1072,1071,POSTED
JE-2024-01593,2024-09-26,2024-09-26,2024-09,FY2025,6,CASH,Customer receipt SI-2024-01552,1072,1071,POSTED
JE-2024-01594,2024-08-27,2024-08-27,2024-08,FY2025,5,CASH,Customer receipt SI-2024-01557,1072,1071,POSTED
JE-2024-01595,2024-08-30,2024-08-30,2024-08,FY2025,5,CASH,Customer receipt SI-2024-01560,1072,1071,POSTED
JE-2024-01596,2024-08-27,2024-08-29,2024-08,FY2025,5,CASH,Customer receipt SI-2024-01562,1072,1071,POSTED
JE-2024-01597,2024-08-30,2024-09-02,2024-08,FY2025,5,CASH,Customer receipt SI-2024-01563,1072,1071,POSTED
JE-2024-01598,2024-08-26,2024-08-27,2024-08,FY2025,5,CASH,Customer receipt SI-2024-01568,1072,1071,POSTED
JE-2024-01599,2024-08-16,2024-08-19,2024-08,FY2025,5,CASH,Customer receipt SI-2024-01572,1072,1071,POSTED
JE-2024-01600,2024-09-13,2024-09-13,2024-09,FY2025,6,CASH,Customer receipt SI-2024-01575,1072,1071,POSTED
JE-2024-01601,2024-08-15,2024-08-16,2024-08,FY2025,5,CASH,Customer receipt SI-2024-01587,1072,1071,POSTED
JE-2024-01602,2024-09-17,2024-09-18,2024-09,FY2025,6,CASH,Customer receipt SI-2024-01588,1072,1071,POSTED
JE-2024-01603,2024-09-30,2024-10-02,2024-09,FY2025,6,CASH,Customer receipt SI-2024-01594,1072,1071,POSTED
JE-2024-01604,2024-08-30,2024-08-30,2024-08,FY2025,5,CASH,Customer receipt SI-2024-01597,1072,1071,POSTED
JE-2024-01605,2024-09-10,2024-09-13,2024-09,FY2025,6,CASH,Customer receipt SI-2024-01601,1072,1071,POSTED
JE-2024-01606,2024-09-03,2024-09-03,2024-09,FY2025,6,CASH,Customer receipt SI-2024-01603,1072,1071,POSTED
JE-2024-01607,2024-09-16,2024-09-19,2024-09,FY2025,6,CASH,Customer receipt SI-2024-01607,1072,1071,POSTED
JE-2024-01608,2024-09-06,2024-09-06,2024-09,FY2025,6,CASH,Customer receipt SI-2024-01608,1072,1071,POSTED
JE-2024-01609,2024-09-23,2024-09-25,2024-09,FY2025,6,CASH,Customer receipt SI-2024-01609,1072,1071,POSTED
JE-2024-01610,2024-09-02,2024-09-02,2024-09,FY2025,6,CASH,Customer receipt SI-2024-01612,1072,1071,POSTED
JE-2024-01611,2024-09-20,2024-09-20,2024-09,FY2025,6,CASH,Customer receipt SI-2024-01616,1072,1071,POSTED
JE-2024-01612,2024-09-23,2024-09-24,2024-09,FY2025,6,CASH,Customer receipt SI-2024-01620,1072,1071,POSTED
JE-2024-01613,2024-09-06,2024-09-09,2024-09,FY2025,6,CASH,Customer receipt SI-2024-01621,1072,1071,POSTED
JE-2024-01614,2024-09-13,2024-09-13,2024-09,FY2025,6,CASH,Customer receipt SI-2024-01623,1072,1071,POSTED
JE-2024-01615,2024-09-17,2024-09-17,2024-09,FY2025,6,CASH,Customer receipt SI-2024-01624,1072,1071,POSTED
JE-2024-01616,2024-09-23,2024-09-24,2024-09,FY2025,6,CASH,Customer receipt SI-2024-01627,1072,1071,POSTED
JE-2024-01617,2024-09-20,2024-09-20,2024-09,FY2025,6,CASH,Customer receipt SI-2024-01629,1072,1071,POSTED
JE-2024-01618,2024-09-24,2024-09-25,2024-09,FY2025,6,CASH,Customer receipt SI-2024-01631,1072,1071,POSTED
JE-2024-01619,2024-09-27,2024-09-30,2024-09,FY2025,6,CASH,Customer receipt SI-2024-01640,1072,1071,POSTED
JE-2024-01620,2024-09-06,2024-09-06,2024-09,FY2025,6,CASH,Customer receipt SI-2024-01641,1072,1071,POSTED
JE-2024-01621,2024-09-16,2024-09-19,2024-09,FY2025,6,CASH,Supplier payment PI-2024-01085,1072,1071,POSTED
JE-2024-01622,2024-09-13,2024-09-13,2024-09,FY2025,6,CASH,Supplier payment PI-2024-01098,1072,1071,POSTED
JE-2024-01623,2024-09-20,2024-09-23,2024-09,FY2025,6,CASH,Supplier payment PI-2024-01099,1072,1071,POSTED
JE-2024-01624,2024-09-06,2024-09-06,2024-09,FY2025,6,CASH,Supplier payment PI-2024-01100,1072,1071,POSTED
JE-2024-01625,2024-09-26,2024-09-27,2024-09,FY2025,6,CASH,Supplier payment PI-2024-01106,1072,1071,POSTED
JE-2024-01626,2024-09-05,2024-09-06,2024-09,FY2025,6,CASH,Supplier payment PI-2024-01107,1072,1071,POSTED
JE-2024-01627,2024-09-02,2024-09-02,2024-09,FY2025,6,CASH,Supplier payment PI-2024-01115,1072,1071,POSTED
JE-2024-01628,2024-09-20,2024-09-23,2024-09,FY2025,6,CASH,Supplier payment PI-2024-01124,1072,1071,POSTED
JE-2024-01629,2024-09-12,2024-09-13,2024-09,FY2025,6,CASH,Supplier payment PI-2024-01126,1072,1071,POSTED
JE-2024-01630,2024-08-22,2024-08-22,2024-08,FY2025,5,CASH,Supplier payment PI-2024-01130,1072,1071,POSTED
JE-2024-01631,2024-09-13,2024-09-13,2024-09,FY2025,6,CASH,Supplier payment PI-2024-01132,1072,1071,POSTED
JE-2024-01632,2024-09-13,2024-09-13,2024-09,FY2025,6,CASH,Supplier payment PI-2024-01133,1072,1071,POSTED
JE-2024-01633,2024-09-16,2024-09-17,2024-09,FY2025,6,CASH,Supplier payment PI-2024-01134,1072,1071,POSTED
JE-2024-01634,2024-09-24,2024-09-26,2024-09,FY2025,6,CASH,Supplier payment PI-2024-01137,1072,1071,POSTED
JE-2024-01635,2024-09-27,2024-09-27,2024-09,FY2025,6,CASH,Supplier payment PI-2024-01138,1072,1071,POSTED
JE-2024-01636,2024-09-27,2024-09-27,2024-09,FY2025,6,CASH,Supplier payment PI-2024-01140,1072,1071,POSTED
JE-2024-01637,2024-09-05,2024-09-06,2024-09,FY2025,6,CASH,Supplier payment PI-2024-01141,1072,1071,POSTED
JE-2024-01638,2024-08-30,2024-08-30,2024-08,FY2025,5,CASH,Supplier payment PI-2024-01142,1072,1071,POSTED
JE-2024-01639,2024-08-30,2024-08-30,2024-08,FY2025,5,CASH,Supplier payment PI-2024-01143,1072,1071,POSTED
JE-2024-01640,2024-09-27,2024-09-27,2024-09,FY2025,6,CASH,Supplier payment PI-2024-01145,1072,1071,POSTED
JE-2024-01641,2024-09-26,2024-09-27,2024-09,FY2025,6,CASH,Supplier payment PI-2024-01146,1072,1071,POSTED
JE-2024-01642,2024-09-20,2024-09-23,2024-09,FY2025,6,CASH,Supplier payment PI-2024-01150,1072,1071,POSTED
JE-2024-01643,2024-09-25,2024-09-27,2024-09,FY2025,6,CASH,Supplier payment PI-2024-01155,1072,1071,POSTED
JE-2024-01644,2024-09-27,2024-09-27,2024-09,FY2025,6,CASH,Supplier payment PI-2024-01162,1072,1071,POSTED
JE-2024-01645,2024-09-16,2024-09-18,2024-09,FY2025,6,CASH,Supplier payment PI-2024-01163,1072,1071,POSTED
JE-2024-01646,2024-09-13,2024-09-13,2024-09,FY2025,6,CASH,Supplier payment PI-2024-01165,1072,1071,POSTED
JE-2024-01647,2024-09-27,2024-09-27,2024-09,FY2025,6,CASH,Supplier payment PI-2024-01166,1072,1071,POSTED
JE-2024-01648,2024-09-11,2024-09-13,2024-09,FY2025,6,CASH,Supplier payment PI-2024-01167,1072,1071,POSTED
JE-2024-01649,2024-09-06,2024-09-06,2024-09,FY2025,6,CASH,Supplier payment PI-2024-01168,1072,1071,POSTED
JE-2024-01650,2024-09-13,2024-09-16,2024-09,FY2025,6,CASH,Supplier payment PI-2024-01169,1072,1071,POSTED
JE-2024-01651,2024-09-27,2024-09-30,2024-09,FY2025,6,CASH,Supplier payment PI-2024-01170,1072,1071,POSTED
JE-2024-01652,2024-09-09,2024-09-09,2024-09,FY2025,6,CASH,Supplier payment PI-2024-01171,1072,1071,POSTED
JE-2024-01653,2024-09-27,2024-09-27,2024-09,FY2025,6,CASH,Supplier payment PI-2024-01173,1072,1071,POSTED
JE-2024-01654,2024-09-19,2024-09-20,2024-09,FY2025,6,CASH,Supplier payment PI-2024-01174,1072,1071,POSTED
JE-2024-01655,2024-09-19,2024-09-20,2024-09,FY2025,6,CASH,Supplier payment PI-2024-01189,1072,1071,POSTED
JE-2024-01656,2024-09-30,2024-10-01,2024-09,FY2025,6,CASH,Supplier payment PI-2024-01199,1072,1071,POSTED
JE-2024-01657,2024-09-30,2024-09-30,2024-09,FY2025,6,CASH,Supplier payment PI-2024-01204,1072,1071,POSTED
JE-2024-01658,2024-09-27,2024-09-30,2024-09,FY2025,6,PAYROLL,Payroll September 2024,1072,1071,POSTED
JE-2024-01659,2024-09-30,2024-10-03,2024-09,FY2025,6,GENERAL,Depreciation Sep 2024,1072,1071,POSTED
JE-2024-01660,2024-09-30,2024-10-01,2024-09,FY2025,6,GENERAL,Bank charges and interest Sep 2024,1072,1071,POSTED
JE-2024-01661,2024-10-24,2024-10-25,2024-10,FY2025,7,AR,Sales invoice SI-2024-01702,1072,1071,POSTED
JE-2024-01662,2024-10-18,2024-10-18,2024-10,FY2025,7,AR,Sales invoice SI-2024-01703,1072,1071,POSTED
JE-2024-01663,2024-10-23,2024-10-25,2024-10,FY2025,7,AR,Sales invoice SI-2024-01704,1072,1071,POSTED
JE-2024-01664,2024-10-10,2024-10-11,2024-10,FY2025,7,AR,Sales invoice SI-2024-01705,1072,1071,POSTED
JE-2024-01665,2024-10-11,2024-10-11,2024-10,FY2025,7,AR,Sales invoice SI-2024-01706,1072,1071,POSTED
JE-2024-01666,2024-10-14,2024-10-17,2024-10,FY2025,7,AR,Sales invoice SI-2024-01707,1072,1071,POSTED
JE-2024-01667,2024-10-01,2024-10-02,2024-10,FY2025,7,AR,Sales invoice SI-2024-01708,1072,1071,POSTED
JE-2024-01668,2024-10-24,2024-10-25,2024-10,FY2025,7,AR,Sales invoice SI-2024-01709,1072,1071,POSTED
JE-2024-01669,2024-10-18,2024-10-18,2024-10,FY2025,7,AR,Sales invoice SI-2024-01710,1072,1071,POSTED
JE-2024-01670,2024-10-24,2024-10-25,2024-10,FY2025,7,AR,Sales invoice SI-2024-01711,1072,1071,POSTED
JE-2024-01671,2024-10-11,2024-10-11,2024-10,FY2025,7,AR,Sales invoice SI-2024-01712,1072,1071,POSTED
JE-2024-01672,2024-10-09,2024-10-10,2024-10,FY2025,7,AR,Sales invoice SI-2024-01713,1072,1071,POSTED
JE-2024-01673,2024-10-11,2024-10-11,2024-10,FY2025,7,AR,Sales invoice SI-2024-01714,1072,1071,POSTED
JE-2024-01674,2024-10-21,2024-10-23,2024-10,FY2025,7,AR,Sales invoice SI-2024-01715,1072,1071,POSTED
JE-2024-01675,2024-10-15,2024-10-18,2024-10,FY2025,7,AR,Sales invoice SI-2024-01716,1072,1071,POSTED
JE-2024-01676,2024-10-11,2024-10-11,2024-10,FY2025,7,AR,Sales invoice SI-2024-01717,1072,1071,POSTED
JE-2024-01677,2024-10-30,2024-10-31,2024-10,FY2025,7,AR,Sales invoice SI-2024-01718,1072,1071,POSTED
JE-2024-01678,2024-10-14,2024-10-16,2024-10,FY2025,7,AR,Sales invoice SI-2024-01719,1072,1071,POSTED
JE-2024-01679,2024-10-07,2024-10-07,2024-10,FY2025,7,AR,Sales invoice SI-2024-01720,1072,1071,POSTED
JE-2024-01680,2024-10-08,2024-10-10,2024-10,FY2025,7,AR,Sales invoice SI-2024-01721,1072,1071,POSTED
JE-2024-01681,2024-10-09,2024-10-11,2024-10,FY2025,7,AR,Sales invoice SI-2024-01722,1072,1071,POSTED
JE-2024-01682,2024-10-21,2024-10-22,2024-10,FY2025,7,AR,Sales invoice SI-2024-01723,1072,1071,POSTED
JE-2024-01683,2024-10-03,2024-10-04,2024-10,FY2025,7,AR,Sales invoice SI-2024-01724,1072,1071,POSTED
JE-2024-01684,2024-10-28,2024-10-28,2024-10,FY2025,7,AR,Sales invoice SI-2024-01725,1072,1071,POSTED
JE-2024-01685,2024-10-23,2024-10-25,2024-10,FY2025,7,AR,Sales invoice SI-2024-01726,1072,1071,POSTED
JE-2024-01686,2024-10-11,2024-10-11,2024-10,FY2025,7,AR,Sales invoice SI-2024-01727,1072,1071,POSTED
JE-2024-01687,2024-10-24,2024-10-25,2024-10,FY2025,7,AR,Sales invoice SI-2024-01728,1072,1071,POSTED
JE-2024-01688,2024-10-21,2024-10-23,2024-10,FY2025,7,AR,Sales invoice SI-2024-01729,1072,1071,POSTED
JE-2024-01689,2024-10-24,2024-10-24,2024-10,FY2025,7,AR,Sales invoice SI-2024-01730,1072,1071,POSTED
JE-2024-01690,2024-10-25,2024-10-25,2024-10,FY2025,7,AR,Sales invoice SI-2024-01731,1072,1071,POSTED
JE-2024-01691,2024-10-08,2024-10-11,2024-10,FY2025,7,AR,Sales invoice SI-2024-01732,1072,1071,POSTED
JE-2024-01692,2024-10-18,2024-10-18,2024-10,FY2025,7,AR,Sales invoice SI-2024-01733,1072,1071,POSTED
JE-2024-01693,2024-10-22,2024-10-24,2024-10,FY2025,7,AR,Sales invoice SI-2024-01734,1072,1071,POSTED
JE-2024-01694,2024-10-01,2024-10-01,2024-10,FY2025,7,AR,Sales invoice SI-2024-01735,1072,1071,POSTED
JE-2024-01695,2024-10-10,2024-10-10,2024-10,FY2025,7,AR,Sales invoice SI-2024-01736,1072,1071,POSTED
JE-2024-01696,2024-10-07,2024-10-08,2024-10,FY2025,7,AR,Sales invoice SI-2024-01737,1072,1071,POSTED
JE-2024-01697,2024-10-02,2024-10-04,2024-10,FY2025,7,AR,Sales invoice SI-2024-01738,1072,1071,POSTED
JE-2024-01698,2024-10-11,2024-10-11,2024-10,FY2025,7,AR,Sales invoice SI-2024-01739,1072,1071,POSTED
JE-2024-01699,2024-10-11,2024-10-11,2024-10,FY2025,7,AR,Sales invoice SI-2024-01740,1072,1071,POSTED
JE-2024-01700,2024-10-04,2024-10-04,2024-10,FY2025,7,AR,Sales invoice SI-2024-01741,1072,1071,POSTED
JE-2024-01701,2024-10-15,2024-10-15,2024-10,FY2025,7,AR,Sales invoice SI-2024-01742,1072,1071,POSTED
JE-2024-01702,2024-10-25,2024-10-25,2024-10,FY2025,7,AR,Sales invoice SI-2024-01743,1072,1071,POSTED
JE-2024-01703,2024-10-01,2024-10-03,2024-10,FY2025,7,AR,Sales invoice SI-2024-01744,1072,1071,POSTED
JE-2024-01704,2024-10-02,2024-10-04,2024-10,FY2025,7,AR,Sales invoice SI-2024-01745,1072,1071,POSTED
JE-2024-01705,2024-10-29,2024-10-29,2024-10,FY2025,7,AR,Sales invoice SI-2024-01746,1072,1071,POSTED
JE-2024-01706,2024-10-03,2024-10-04,2024-10,FY2025,7,AR,Sales invoice SI-2024-01747,1072,1071,POSTED
JE-2024-01707,2024-10-11,2024-10-11,2024-10,FY2025,7,AR,Sales invoice SI-2024-01748,1072,1071,POSTED
JE-2024-01708,2024-10-10,2024-10-10,2024-10,FY2025,7,AR,Sales invoice SI-2024-01749,1072,1071,POSTED
JE-2024-01709,2024-10-24,2024-10-25,2024-10,FY2025,7,AR,Sales invoice SI-2024-01750,1072,1071,POSTED
JE-2024-01710,2024-10-14,2024-10-14,2024-10,FY2025,7,AR,Sales invoice SI-2024-01751,1072,1071,POSTED
JE-2024-01711,2024-10-21,2024-10-21,2024-10,FY2025,7,AR,Sales invoice SI-2024-01752,1072,1071,POSTED
JE-2024-01712,2024-10-11,2024-10-11,2024-10,FY2025,7,AR,Sales invoice SI-2024-01753,1072,1071,POSTED
JE-2024-01713,2024-10-18,2024-10-18,2024-10,FY2025,7,AR,Sales invoice SI-2024-01754,1072,1071,POSTED
JE-2024-01714,2024-10-04,2024-10-04,2024-10,FY2025,7,AR,Sales invoice SI-2024-01755,1072,1071,POSTED
JE-2024-01715,2024-10-31,2024-10-31,2024-10,FY2025,7,AR,Sales invoice SI-2024-01756,1072,1071,POSTED
JE-2024-01716,2024-10-01,2024-10-02,2024-10,FY2025,7,AR,Sales invoice SI-2024-01757,1072,1071,POSTED
JE-2024-01717,2024-10-31,2024-11-01,2024-10,FY2025,7,AR,Sales invoice SI-2024-01758,1072,1071,POSTED
JE-2024-01718,2024-10-21,2024-10-21,2024-10,FY2025,7,AR,Sales invoice SI-2024-01759,1072,1071,POSTED
JE-2024-01719,2024-10-24,2024-10-25,2024-10,FY2025,7,AR,Sales invoice SI-2024-01760,1072,1071,POSTED
JE-2024-01720,2024-10-21,2024-10-22,2024-10,FY2025,7,AR,Sales invoice SI-2024-01761,1072,1071,POSTED
JE-2024-01721,2024-10-04,2024-10-04,2024-10,FY2025,7,AR,Sales invoice SI-2024-01762,1072,1071,POSTED
JE-2024-01722,2024-10-29,2024-10-29,2024-10,FY2025,7,AR,Sales invoice SI-2024-01763,1072,1071,POSTED
JE-2024-01723,2024-10-29,2024-10-31,2024-10,FY2025,7,AP,Purchase invoice PI-2024-01214,1072,1071,POSTED
JE-2024-01724,2024-10-01,2024-10-01,2024-10,FY2025,7,AP,Purchase invoice PI-2024-01215,1072,1071,POSTED
JE-2024-01725,2024-10-04,2024-10-07,2024-10,FY2025,7,AP,Purchase invoice PI-2024-01216,1072,1071,POSTED
JE-2024-01726,2024-10-03,2024-10-04,2024-10,FY2025,7,AP,Purchase invoice PI-2024-01217,1072,1071,POSTED
JE-2024-01727,2024-10-28,2024-10-31,2024-10,FY2025,7,AP,Purchase invoice PI-2024-01218,1072,1071,POSTED
JE-2024-01728,2024-10-11,2024-10-14,2024-10,FY2025,7,AP,Purchase invoice PI-2024-01219,1072,1071,POSTED
JE-2024-01729,2024-10-25,2024-10-25,2024-10,FY2025,7,AP,Purchase invoice PI-2024-01220,1072,1071,POSTED
JE-2024-01730,2024-10-31,2024-11-01,2024-10,FY2025,7,AP,Purchase invoice PI-2024-01221,1072,1071,POSTED
JE-2024-01731,2024-10-15,2024-10-18,2024-10,FY2025,7,AP,Purchase invoice PI-2024-01222,1072,1071,POSTED
JE-2024-01732,2024-10-30,2024-10-30,2024-10,FY2025,7,AP,Purchase invoice PI-2024-01223,1072,1071,POSTED
JE-2024-01733,2024-10-31,2024-11-01,2024-10,FY2025,7,AP,Purchase invoice PI-2024-01224,1072,1071,POSTED
JE-2024-01734,2024-10-18,2024-10-18,2024-10,FY2025,7,AP,Purchase invoice PI-2024-01225,1072,1071,POSTED
JE-2024-01735,2024-10-10,2024-10-11,2024-10,FY2025,7,AP,Purchase invoice PI-2024-01226,1072,1071,POSTED
JE-2024-01736,2024-10-22,2024-10-25,2024-10,FY2025,7,AP,Purchase invoice PI-2024-01227,1072,1071,POSTED
JE-2024-01737,2024-10-11,2024-10-14,2024-10,FY2025,7,AP,Purchase invoice PI-2024-01228,1072,1071,POSTED
JE-2024-01738,2024-10-11,2024-10-11,2024-10,FY2025,7,AP,Purchase invoice PI-2024-01229,1072,1071,POSTED
JE-2024-01739,2024-10-23,2024-10-24,2024-10,FY2025,7,AP,Purchase invoice PI-2024-01230,1072,1071,POSTED
JE-2024-01740,2024-10-30,2024-11-01,2024-10,FY2025,7,AP,Purchase invoice PI-2024-01231,1072,1071,POSTED
JE-2024-01741,2024-10-02,2024-10-03,2024-10,FY2025,7,AP,Purchase invoice PI-2024-01232,1072,1071,POSTED
JE-2024-01742,2024-10-14,2024-10-16,2024-10,FY2025,7,AP,Purchase invoice PI-2024-01233,1072,1071,POSTED
JE-2024-01743,2024-10-10,2024-10-10,2024-10,FY2025,7,AP,Purchase invoice PI-2024-01234,1072,1071,POSTED
JE-2024-01744,2024-10-18,2024-10-18,2024-10,FY2025,7,AP,Purchase invoice PI-2024-01235,1072,1071,POSTED
JE-2024-01745,2024-10-17,2024-10-17,2024-10,FY2025,7,AP,Purchase invoice PI-2024-01236,1072,1071,POSTED
JE-2024-01746,2024-10-03,2024-10-04,2024-10,FY2025,7,AP,Purchase invoice PI-2024-01237,1072,1071,POSTED
JE-2024-01747,2024-10-04,2024-10-04,2024-10,FY2025,7,AP,Purchase invoice PI-2024-01238,1072,1071,POSTED
JE-2024-01748,2024-10-07,2024-10-09,2024-10,FY2025,7,AP,Purchase invoice PI-2024-01239,1072,1071,POSTED
JE-2024-01749,2024-10-11,2024-10-11,2024-10,FY2025,7,AP,Purchase invoice PI-2024-01240,1072,1071,POSTED
JE-2024-01750,2024-10-31,2024-11-01,2024-10,FY2025,7,AP,Purchase invoice PI-2024-01241,1072,1071,POSTED
JE-2024-01751,2024-10-10,2024-10-11,2024-10,FY2025,7,AP,Purchase invoice PI-2024-01242,1072,1071,POSTED
JE-2024-01752,2024-10-28,2024-10-28,2024-10,FY2025,7,AP,Purchase invoice PI-2024-01243,1072,1071,POSTED
JE-2024-01753,2024-10-14,2024-10-17,2024-10,FY2025,7,AP,Purchase invoice PI-2024-01244,1072,1071,POSTED
JE-2024-01754,2024-10-15,2024-10-18,2024-10,FY2025,7,AP,Purchase invoice PI-2024-01245,1072,1071,POSTED
JE-2024-01755,2024-10-24,2024-10-24,2024-10,FY2025,7,AP,Purchase invoice PI-2024-01246,1072,1071,POSTED
JE-2024-01756,2024-10-21,2024-10-23,2024-10,FY2025,7,AP,Purchase invoice PI-2024-01247,1072,1071,POSTED
JE-2024-01757,2024-10-17,2024-10-17,2024-10,FY2025,7,AP,Purchase invoice PI-2024-01248,1072,1071,POSTED
JE-2024-01758,2024-10-02,2024-10-04,2024-10,FY2025,7,AP,Purchase invoice PI-2024-01249,1072,1071,POSTED
JE-2024-01759,2024-10-11,2024-10-14,2024-10,FY2025,7,AP,Purchase invoice PI-2024-01250,1072,1071,POSTED
JE-2024-01760,2024-10-25,2024-10-25,2024-10,FY2025,7,AP,Purchase invoice PI-2024-01251,1072,1071,POSTED
JE-2024-01761,2024-10-03,2024-10-04,2024-10,FY2025,7,AP,Purchase invoice PI-2024-01252,1072,1071,POSTED
JE-2024-01762,2024-10-29,2024-10-30,2024-10,FY2025,7,AP,Purchase invoice PI-2024-01253,1072,1071,POSTED
JE-2024-01763,2024-10-08,2024-10-08,2024-10,FY2025,7,AP,Purchase invoice PI-2024-01254,1072,1071,POSTED
JE-2024-01764,2024-09-18,2024-09-20,2024-09,FY2025,6,CASH,Customer receipt SI-2024-01495,1072,1071,POSTED
JE-2024-01765,2024-09-11,2024-09-12,2024-09,FY2025,6,CASH,Customer receipt SI-2024-01501,1072,1071,POSTED
JE-2024-01766,2024-07-26,2024-07-26,2024-07,FY2025,4,CASH,Customer receipt SI-2024-01511,1072,1071,POSTED
JE-2024-01767,2024-10-04,2024-10-07,2024-10,FY2025,7,CASH,Customer receipt SI-2024-01519,1072,1071,POSTED
JE-2024-01768,2024-09-25,2024-09-25,2024-09,FY2025,6,CASH,Customer receipt SI-2024-01537,1072,1071,POSTED
JE-2024-01769,2024-09-13,2024-09-13,2024-09,FY2025,6,CASH,Customer receipt SI-2024-01541,1072,1071,POSTED
JE-2024-01770,2024-09-30,2024-10-02,2024-09,FY2025,6,CASH,Customer receipt SI-2024-01548,1072,1071,POSTED
JE-2024-01771,2024-09-27,2024-09-27,2024-09,FY2025,6,CASH,Customer receipt SI-2024-01553,1072,1071,POSTED
JE-2024-01772,2024-08-30,2024-08-30,2024-08,FY2025,5,CASH,Customer receipt SI-2024-01561,1072,1071,POSTED
JE-2024-01773,2024-09-27,2024-09-27,2024-09,FY2025,6,CASH,Customer receipt SI-2024-01579,1072,1071,POSTED
JE-2024-01774,2024-10-18,2024-10-21,2024-10,FY2025,7,CASH,Customer receipt SI-2024-01580,1072,1071,POSTED
JE-2024-01775,2024-10-08,2024-10-08,2024-10,FY2025,7,CASH,Customer receipt SI-2024-01581,1072,1071,POSTED
JE-2024-01776,2024-08-20,2024-08-20,2024-08,FY2025,5,CASH,Customer receipt SI-2024-01583,1072,1071,POSTED
JE-2024-01777,2024-10-25,2024-10-28,2024-10,FY2025,7,CASH,Customer receipt SI-2024-01585,1072,1071,POSTED
JE-2024-01778,2024-08-28,2024-08-30,2024-08,FY2025,5,CASH,Customer receipt SI-2024-01586,1072,1071,POSTED
JE-2024-01779,2024-10-16,2024-10-18,2024-10,FY2025,7,CASH,Customer receipt SI-2024-01590,1072,1071,POSTED
JE-2024-01780,2024-09-02,2024-09-02,2024-09,FY2025,6,CASH,Customer receipt SI-2024-01591,1072,1071,POSTED
JE-2024-01781,2024-08-30,2024-08-30,2024-08,FY2025,5,CASH,Customer receipt SI-2024-01592,1072,1071,POSTED
JE-2024-01782,2024-09-27,2024-09-30,2024-09,FY2025,6,CASH,Customer receipt SI-2024-01599,1072,1071,POSTED
JE-2024-01783,2024-10-11,2024-10-14,2024-10,FY2025,7,CASH,Customer receipt SI-2024-01602,1072,1071,POSTED
JE-2024-01784,2024-09-05,2024-09-05,2024-09,FY2025,6,CASH,Customer receipt SI-2024-01606,1072,1071,POSTED
JE-2024-01785,2024-10-25,2024-10-25,2024-10,FY2025,7,CASH,Customer receipt SI-2024-01610,1072,1071,POSTED
JE-2024-01786,2024-10-21,2024-10-22,2024-10,FY2025,7,CASH,Customer receipt SI-2024-01615,1072,1071,POSTED
JE-2024-01787,2024-10-31,2024-11-01,2024-10,FY2025,7,CASH,Customer receipt SI-2024-01618,1072,1071,POSTED
JE-2024-01788,2024-10-11,2024-10-11,2024-10,FY2025,7,CASH,Customer receipt SI-2024-01625,1072,1071,POSTED
JE-2024-01789,2024-10-08,2024-10-10,2024-10,FY2025,7,CASH,Customer receipt SI-2024-01632,1072,1071,POSTED
JE-2024-01790,2024-10-17,2024-10-18,2024-10,FY2025,7,CASH,Customer receipt SI-2024-01634,1072,1071,POSTED
JE-2024-01791,2024-10-15,2024-10-15,2024-10,FY2025,7,CASH,Customer receipt SI-2024-01637,1072,1071,POSTED
JE-2024-01792,2024-10-25,2024-10-25,2024-10,FY2025,7,CASH,Customer receipt SI-2024-01638,1072,1071,POSTED
JE-2024-01793,2024-10-25,2024-10-25,2024-10,FY2025,7,CASH,Customer receipt SI-2024-01647,1072,1071,POSTED
JE-2024-01794,2024-10-18,2024-10-18,2024-10,FY2025,7,CASH,Customer receipt SI-2024-01650,1072,1071,POSTED
JE-2024-01795,2024-10-09,2024-10-09,2024-10,FY2025,7,CASH,Customer receipt SI-2024-01651,1072,1071,POSTED
JE-2024-01796,2024-10-11,2024-10-14,2024-10,FY2025,7,CASH,Customer receipt SI-2024-01654,1072,1071,POSTED
JE-2024-01797,2024-10-15,2024-10-18,2024-10,FY2025,7,CASH,Customer receipt SI-2024-01667,1072,1071,POSTED
JE-2024-01798,2024-10-03,2024-10-04,2024-10,FY2025,7,CASH,Customer receipt SI-2024-01670,1072,1071,POSTED
JE-2024-01799,2024-10-17,2024-10-18,2024-10,FY2025,7,CASH,Customer receipt SI-2024-01673,1072,1071,POSTED
JE-2024-01800,2024-09-30,2024-10-03,2024-09,FY2025,6,CASH,Customer receipt SI-2024-01674,1072,1071,POSTED
JE-2024-01801,2024-10-22,2024-10-25,2024-10,FY2025,7,CASH,Customer receipt SI-2024-01676,1072,1071,POSTED
JE-2024-01802,2024-10-23,2024-10-25,2024-10,FY2025,7,CASH,Customer receipt SI-2024-01678,1072,1071,POSTED
JE-2024-01803,2024-10-04,2024-10-04,2024-10,FY2025,7,CASH,Customer receipt SI-2024-01680,1072,1071,POSTED
JE-2024-01804,2024-10-29,2024-11-01,2024-10,FY2025,7,CASH,Customer receipt SI-2024-01682,1072,1071,POSTED
JE-2024-01805,2024-10-01,2024-10-04,2024-10,FY2025,7,CASH,Customer receipt SI-2024-01685,1072,1071,POSTED
JE-2024-01806,2024-10-10,2024-10-11,2024-10,FY2025,7,CASH,Customer receipt SI-2024-01687,1072,1071,POSTED
JE-2024-01807,2024-10-11,2024-10-11,2024-10,FY2025,7,CASH,Customer receipt SI-2024-01688,1072,1071,POSTED
JE-2024-01808,2024-10-25,2024-10-28,2024-10,FY2025,7,CASH,Customer receipt SI-2024-01691,1072,1071,POSTED
JE-2024-01809,2024-10-22,2024-10-24,2024-10,FY2025,7,CASH,Customer receipt SI-2024-01694,1072,1071,POSTED
JE-2024-01810,2024-10-04,2024-10-07,2024-10,FY2025,7,CASH,Customer receipt SI-2024-01699,1072,1071,POSTED
JE-2024-01811,2024-10-29,2024-11-01,2024-10,FY2025,7,CASH,Customer receipt SI-2024-01742,1072,1071,POSTED
JE-2024-01812,2024-09-20,2024-09-20,2024-09,FY2025,6,CASH,Supplier payment PI-2024-01103,1072,1071,POSTED
JE-2024-01813,2024-10-04,2024-10-04,2024-10,FY2025,7,CASH,Supplier payment PI-2024-01104,1072,1071,POSTED
JE-2024-01814,2024-10-04,2024-10-07,2024-10,FY2025,7,CASH,Supplier payment PI-2024-01114,1072,1071,POSTED
JE-2024-01815,2024-09-27,2024-09-27,2024-09,FY2025,6,CASH,Supplier payment PI-2024-01118,1072,1071,POSTED
JE-2024-01816,2024-08-26,2024-08-26,2024-08,FY2025,5,CASH,Supplier payment PI-2024-01123,1072,1071,POSTED
JE-2024-01817,2024-10-11,2024-10-11,2024-10,FY2025,7,CASH,Supplier payment PI-2024-01135,1072,1071,POSTED
JE-2024-01818,2024-10-01,2024-10-03,2024-10,FY2025,7,CASH,Supplier payment PI-2024-01136,1072,1071,POSTED
JE-2024-01819,2024-09-19,2024-09-20,2024-09,FY2025,6,CASH,Supplier payment PI-2024-01144,1072,1071,POSTED
JE-2024-01820,2024-10-15,2024-10-18,2024-10,FY2025,7,CASH,Supplier payment PI-2024-01151,1072,1071,POSTED
JE-2024-01821,2024-10-18,2024-10-18,2024-10,FY2025,7,CASH,Supplier payment PI-2024-01152,1072,1071,POSTED
JE-2024-01822,2024-10-25,2024-10-25,2024-10,FY2025,7,CASH,Supplier payment PI-2024-01153,1072,1071,POSTED
JE-2024-01823,2024-09-27,2024-09-30,2024-09,FY2025,6,CASH,Supplier payment PI-2024-01154,1072,1071,POSTED
JE-2024-01824,2024-09-24,2024-09-24,2024-09,FY2025,6,CASH,Supplier payment PI-2024-01156,1072,1071,POSTED
JE-2024-01825,2024-09-20,2024-09-20,2024-09,FY2025,6,CASH,Supplier payment PI-2024-01157,1072,1071,POSTED
JE-2024-01826,2024-10-02,2024-10-04,2024-10,FY2025,7,CASH,Supplier payment PI-2024-01158,1072,1071,POSTED
JE-2024-01827,2024-10-04,2024-10-04,2024-10,FY2025,7,CASH,Supplier payment PI-2024-01159,1072,1071,POSTED
JE-2024-01828,2024-10-25,2024-10-28,2024-10,FY2025,7,CASH,Supplier payment PI-2024-01160,1072,1071,POSTED
JE-2024-01829,2024-10-10,2024-10-11,2024-10,FY2025,7,CASH,Supplier payment PI-2024-01161,1072,1071,POSTED
JE-2024-01830,2024-10-11,2024-10-14,2024-10,FY2025,7,CASH,Supplier payment PI-2024-01164,1072,1071,POSTED
JE-2024-01831,2024-10-24,2024-10-25,2024-10,FY2025,7,CASH,Supplier payment PI-2024-01176,1072,1071,POSTED
JE-2024-01832,2024-10-21,2024-10-22,2024-10,FY2025,7,CASH,Supplier payment PI-2024-01179,1072,1071,POSTED
JE-2024-01833,2024-09-27,2024-09-27,2024-09,FY2025,6,CASH,Supplier payment PI-2024-01180,1072,1071,POSTED
JE-2024-01834,2024-10-10,2024-10-11,2024-10,FY2025,7,CASH,Supplier payment PI-2024-01182,1072,1071,POSTED
JE-2024-01835,2024-10-04,2024-10-04,2024-10,FY2025,7,CASH,Supplier payment PI-2024-01183,1072,1071,POSTED
JE-2024-01836,2024-10-10,2024-10-11,2024-10,FY2025,7,CASH,Supplier payment PI-2024-01184,1072,1071,POSTED
JE-2024-01837,2024-10-09,2024-10-10,2024-10,FY2025,7,CASH,Supplier payment PI-2024-01185,1072,1071,POSTED
JE-2024-01838,2024-10-15,2024-10-17,2024-10,FY2025,7,CASH,Supplier payment PI-2024-01186,1072,1071,POSTED
JE-2024-01839,2024-10-15,2024-10-18,2024-10,FY2025,7,CASH,Supplier payment PI-2024-01187,1072,1071,POSTED
JE-2024-01840,2024-10-23,2024-10-24,2024-10,FY2025,7,CASH,Supplier payment PI-2024-01188,1072,1071,POSTED
JE-2024-01841,2024-10-11,2024-10-11,2024-10,FY2025,7,CASH,Supplier payment PI-2024-01190,1072,1071,POSTED
JE-2024-01842,2024-10-30,2024-11-01,2024-10,FY2025,7,CASH,Supplier payment PI-2024-01193,1072,1071,POSTED
JE-2024-01843,2024-10-14,2024-10-15,2024-10,FY2025,7,CASH,Supplier payment PI-2024-01194,1072,1071,POSTED
JE-2024-01844,2024-10-11,2024-10-11,2024-10,FY2025,7,CASH,Supplier payment PI-2024-01195,1072,1071,POSTED
JE-2024-01845,2024-09-27,2024-09-27,2024-09,FY2025,6,CASH,Supplier payment PI-2024-01198,1072,1071,POSTED
JE-2024-01846,2024-10-25,2024-10-28,2024-10,FY2025,7,CASH,Supplier payment PI-2024-01200,1072,1071,POSTED
JE-2024-01847,2024-10-11,2024-10-11,2024-10,FY2025,7,CASH,Supplier payment PI-2024-01202,1072,1071,POSTED
JE-2024-01848,2024-10-11,2024-10-11,2024-10,FY2025,7,CASH,Supplier payment PI-2024-01203,1072,1071,POSTED
JE-2024-01849,2024-10-11,2024-10-11,2024-10,FY2025,7,CASH,Supplier payment PI-2024-01208,1072,1071,POSTED
JE-2024-01850,2024-10-11,2024-10-11,2024-10,FY2025,7,CASH,Supplier payment PI-2024-01209,1072,1071,POSTED
JE-2024-01851,2024-10-11,2024-10-11,2024-10,FY2025,7,CASH,Supplier payment PI-2024-01210,1072,1071,POSTED
JE-2024-01852,2024-10-21,2024-10-22,2024-10,FY2025,7,CASH,Supplier payment PI-2024-01212,1072,1071,POSTED
JE-2024-01853,2024-10-25,2024-10-25,2024-10,FY2025,7,CASH,Supplier payment PI-2024-01213,1072,1071,POSTED
JE-2024-01854,2024-10-23,2024-10-25,2024-10,FY2025,7,CASH,Supplier payment PI-2024-01240,1072,1071,POSTED
JE-2024-01855,2024-10-18,2024-10-18,2024-10,FY2025,7,CASH,Supplier payment PI-2024-01254,1072,1071,POSTED
JE-2024-01856,2024-10-28,2024-10-31,2024-10,FY2025,7,PAYROLL,Payroll October 2024,1072,1071,POSTED
JE-2024-01857,2024-10-31,2024-11-01,2024-10,FY2025,7,GENERAL,Depreciation Oct 2024,1072,1071,POSTED
JE-2024-01858,2024-10-31,2024-11-01,2024-10,FY2025,7,GENERAL,Bank charges and interest Oct 2024,1072,1071,POSTED
JE-2024-01859,2024-10-07,2024-10-09,2024-10,FY2025,7,GENERAL,VAT return payment,1072,1071,POSTED
JE-2024-01860,2024-11-22,2024-11-25,2024-11,FY2025,8,AR,Sales invoice SI-2024-01764,1072,1071,POSTED
JE-2024-01861,2024-11-14,2024-11-15,2024-11,FY2025,8,AR,Sales invoice SI-2024-01765,1072,1071,POSTED
JE-2024-01862,2024-11-22,2024-11-22,2024-11,FY2025,8,AR,Sales invoice SI-2024-01766,1072,1071,POSTED
JE-2024-01863,2024-11-25,2024-11-25,2024-11,FY2025,8,AR,Sales invoice SI-2024-01767,1072,1071,POSTED
JE-2024-01864,2024-11-06,2024-11-07,2024-11,FY2025,8,AR,Sales invoice SI-2024-01768,1072,1071,POSTED
JE-2024-01865,2024-11-06,2024-11-06,2024-11,FY2025,8,AR,Sales invoice SI-2024-01769,1072,1071,POSTED
JE-2024-01866,2024-11-12,2024-11-15,2024-11,FY2025,8,AR,Sales invoice SI-2024-01770,1072,1071,POSTED
JE-2024-01867,2024-11-21,2024-11-22,2024-11,FY2025,8,AR,Sales invoice SI-2024-01771,1072,1071,POSTED
JE-2024-01868,2024-11-25,2024-11-25,2024-11,FY2025,8,AR,Sales invoice SI-2024-01772,1072,1071,POSTED
JE-2024-01869,2024-11-08,2024-11-08,2024-11,FY2025,8,AR,Sales invoice SI-2024-01773,1072,1071,POSTED
JE-2024-01870,2024-11-20,2024-11-22,2024-11,FY2025,8,AR,Sales invoice SI-2024-01774,1072,1071,POSTED
JE-2024-01871,2024-11-12,2024-11-13,2024-11,FY2025,8,AR,Sales invoice SI-2024-01775,1072,1071,POSTED
JE-2024-01872,2024-11-01,2024-11-04,2024-11,FY2025,8,AR,Sales invoice SI-2024-01776,1072,1071,POSTED
JE-2024-01873,2024-11-11,2024-11-11,2024-11,FY2025,8,AR,Sales invoice SI-2024-01777,1072,1071,POSTED
JE-2024-01874,2024-11-28,2024-11-29,2024-11,FY2025,8,AR,Sales invoice SI-2024-01778,1072,1071,POSTED
JE-2024-01875,2024-11-14,2024-11-15,2024-11,FY2025,8,AR,Sales invoice SI-2024-01779,1072,1071,POSTED
JE-2024-01876,2024-11-29,2024-11-29,2024-11,FY2025,8,AR,Sales invoice SI-2024-01780,1072,1071,POSTED
JE-2024-01877,2024-11-05,2024-11-07,2024-11,FY2025,8,AR,Sales invoice SI-2024-01781,1072,1071,POSTED
JE-2024-01878,2024-11-15,2024-11-18,2024-11,FY2025,8,AR,Sales invoice SI-2024-01782,1072,1071,POSTED
JE-2024-01879,2024-11-27,2024-11-29,2024-11,FY2025,8,AR,Sales invoice SI-2024-01783,1072,1071,POSTED
JE-2024-01880,2024-11-08,2024-11-08,2024-11,FY2025,8,AR,Sales invoice SI-2024-01784,1072,1071,POSTED
JE-2024-01881,2024-11-15,2024-11-15,2024-11,FY2025,8,AR,Sales invoice SI-2024-01785,1072,1071,POSTED
JE-2024-01882,2024-11-28,2024-11-28,2024-11,FY2025,8,AR,Sales invoice SI-2024-01786,1072,1071,POSTED
JE-2024-01883,2024-11-13,2024-11-15,2024-11,FY2025,8,AR,Sales invoice SI-2024-01787,1072,1071,POSTED
JE-2024-01884,2024-11-15,2024-11-15,2024-11,FY2025,8,AR,Sales invoice SI-2024-01788,1072,1071,POSTED
JE-2024-01885,2024-11-15,2024-11-15,2024-11,FY2025,8,AR,Sales invoice SI-2024-01789,1072,1071,POSTED
JE-2024-01886,2024-11-01,2024-11-04,2024-11,FY2025,8,AR,Sales invoice SI-2024-01790,1072,1071,POSTED
JE-2024-01887,2024-11-15,2024-11-18,2024-11,FY2025,8,AR,Sales invoice SI-2024-01791,1072,1071,POSTED
JE-2024-01888,2024-11-22,2024-11-22,2024-11,FY2025,8,AR,Sales invoice SI-2024-01792,1072,1071,POSTED
JE-2024-01889,2024-11-25,2024-11-25,2024-11,FY2025,8,AR,Sales invoice SI-2024-01793,1072,1071,POSTED
JE-2024-01890,2024-11-14,2024-11-14,2024-11,FY2025,8,AR,Sales invoice SI-2024-01794,1072,1071,POSTED
JE-2024-01891,2024-11-05,2024-11-07,2024-11,FY2025,8,AR,Sales invoice SI-2024-01795,1072,1071,POSTED
JE-2024-01892,2024-11-01,2024-11-01,2024-11,FY2025,8,AR,Sales invoice SI-2024-01796,1072,1071,POSTED
JE-2024-01893,2024-11-14,2024-11-14,2024-11,FY2025,8,AR,Sales invoice SI-2024-01797,1072,1071,POSTED
JE-2024-01894,2024-11-04,2024-11-07,2024-11,FY2025,8,AR,Sales invoice SI-2024-01798,1072,1071,POSTED
JE-2024-01895,2024-11-22,2024-11-22,2024-11,FY2025,8,AR,Sales invoice SI-2024-01799,1072,1071,POSTED
JE-2024-01896,2024-11-20,2024-11-21,2024-11,FY2025,8,AR,Sales invoice SI-2024-01800,1072,1071,POSTED
JE-2024-01897,2024-11-08,2024-11-08,2024-11,FY2025,8,AR,Sales invoice SI-2024-01801,1072,1071,POSTED
JE-2024-01898,2024-11-22,2024-11-25,2024-11,FY2025,8,AR,Sales invoice SI-2024-01802,1072,1071,POSTED
JE-2024-01899,2024-11-11,2024-11-14,2024-11,FY2025,8,AR,Sales invoice SI-2024-01803,1072,1071,POSTED
JE-2024-01900,2024-11-12,2024-11-12,2024-11,FY2025,8,AR,Sales invoice SI-2024-01804,1072,1071,POSTED
JE-2024-01901,2024-11-08,2024-11-11,2024-11,FY2025,8,AR,Sales invoice SI-2024-01805,1072,1071,POSTED
JE-2024-01902,2024-11-14,2024-11-15,2024-11,FY2025,8,AR,Sales invoice SI-2024-01806,1072,1071,POSTED
JE-2024-01903,2024-11-05,2024-11-05,2024-11,FY2025,8,AR,Sales invoice SI-2024-01807,1072,1071,POSTED
JE-2024-01904,2024-11-15,2024-11-18,2024-11,FY2025,8,AR,Sales invoice SI-2024-01808,1072,1071,POSTED
JE-2024-01905,2024-11-04,2024-11-06,2024-11,FY2025,8,AR,Sales invoice SI-2024-01809,1072,1071,POSTED
JE-2024-01906,2024-11-21,2024-11-22,2024-11,FY2025,8,AR,Sales invoice SI-2024-01810,1072,1071,POSTED
JE-2024-01907,2024-11-29,2024-11-29,2024-11,FY2025,8,AR,Sales invoice SI-2024-01811,1072,1071,POSTED
JE-2024-01908,2024-11-01,2024-11-04,2024-11,FY2025,8,AR,Sales invoice SI-2024-01812,1072,1071,POSTED
JE-2024-01909,2024-11-08,2024-11-08,2024-11,FY2025,8,AR,Sales invoice SI-2024-01813,1072,1071,POSTED
JE-2024-01910,2024-11-13,2024-11-14,2024-11,FY2025,8,AR,Sales invoice SI-2024-01814,1072,1071,POSTED
JE-2024-01911,2024-11-26,2024-11-28,2024-11,FY2025,8,AR,Sales invoice SI-2024-01815,1072,1071,POSTED
JE-2024-01912,2024-11-25,2024-11-26,2024-11,FY2025,8,AR,Sales invoice SI-2024-01816,1072,1071,POSTED
JE-2024-01913,2024-11-04,2024-11-07,2024-11,FY2025,8,AR,Sales invoice SI-2024-01817,1072,1071,POSTED
JE-2024-01914,2024-11-15,2024-11-18,2024-11,FY2025,8,AR,Sales invoice SI-2024-01818,1072,1071,POSTED
JE-2024-01915,2024-11-01,2024-11-01,2024-11,FY2025,8,AR,Sales invoice SI-2024-01819,1072,1071,POSTED
JE-2024-01916,2024-11-08,2024-11-11,2024-11,FY2025,8,AR,Sales invoice SI-2024-01820,1072,1071,POSTED
JE-2024-01917,2024-11-12,2024-11-14,2024-11,FY2025,8,AR,Sales invoice SI-2024-01821,1072,1071,POSTED
JE-2024-01918,2024-11-22,2024-11-22,2024-11,FY2025,8,AR,Sales invoice SI-2024-01822,1072,1071,POSTED
JE-2024-01919,2024-11-25,2024-11-27,2024-11,FY2025,8,AR,Sales invoice SI-2024-01823,1072,1071,POSTED
JE-2024-01920,2024-11-22,2024-11-22,2024-11,FY2025,8,AR,Sales invoice SI-2024-01824,1072,1071,POSTED
JE-2024-01921,2024-11-14,2024-11-15,2024-11,FY2025,8,AR,Sales invoice SI-2024-01825,1072,1071,POSTED
JE-2024-01922,2024-11-08,2024-11-08,2024-11,FY2025,8,AR,Sales invoice SI-2024-01826,1072,1071,POSTED
JE-2024-01923,2024-11-22,2024-11-22,2024-11,FY2025,8,AR,Sales invoice SI-2024-01827,1072,1071,POSTED
JE-2024-01924,2024-11-01,2024-11-04,2024-11,FY2025,8,AR,Sales invoice SI-2024-01828,1072,1071,POSTED
JE-2024-01925,2024-11-08,2024-11-11,2024-11,FY2025,8,AP,Purchase invoice PI-2024-01255,1072,1071,POSTED
JE-2024-01926,2024-11-25,2024-11-27,2024-11,FY2025,8,AP,Purchase invoice PI-2024-01256,1072,1071,POSTED
JE-2024-01927,2024-11-04,2024-11-04,2024-11,FY2025,8,AP,Purchase invoice PI-2024-01257,1072,1071,POSTED
JE-2024-01928,2024-11-25,2024-11-28,2024-11,FY2025,8,AP,Purchase invoice PI-2024-01258,1072,1071,POSTED
JE-2024-01929,2024-11-19,2024-11-21,2024-11,FY2025,8,AP,Purchase invoice PI-2024-01259,1072,1071,POSTED
JE-2024-01930,2024-11-22,2024-11-22,2024-11,FY2025,8,AP,Purchase invoice PI-2024-01260,1072,1071,POSTED
JE-2024-01931,2024-11-07,2024-11-08,2024-11,FY2025,8,AP,Purchase invoice PI-2024-01261,1072,1071,POSTED
JE-2024-01932,2024-11-29,2024-11-29,2024-11,FY2025,8,AP,Purchase invoice PI-2024-01262,1072,1071,POSTED
JE-2024-01933,2024-11-08,2024-11-08,2024-11,FY2025,8,AP,Purchase invoice PI-2024-01263,1072,1071,POSTED
JE-2024-01934,2024-11-15,2024-11-15,2024-11,FY2025,8,AP,Purchase invoice PI-2024-01264,1072,1071,POSTED
JE-2024-01935,2024-11-14,2024-11-15,2024-11,FY2025,8,AP,Purchase invoice PI-2024-01265,1072,1071,POSTED
JE-2024-01936,2024-11-22,2024-11-22,2024-11,FY2025,8,AP,Purchase invoice PI-2024-01266,1072,1071,POSTED
JE-2024-01937,2024-11-07,2024-11-07,2024-11,FY2025,8,AP,Purchase invoice PI-2024-01267,1072,1071,POSTED
JE-2024-01938,2024-11-08,2024-11-08,2024-11,FY2025,8,AP,Purchase invoice PI-2024-01268,1072,1071,POSTED
JE-2024-01939,2024-11-27,2024-11-28,2024-11,FY2025,8,AP,Purchase invoice PI-2024-01269,1072,1071,POSTED
JE-2024-01940,2024-11-07,2024-11-07,2024-11,FY2025,8,AP,Purchase invoice PI-2024-01270,1072,1071,POSTED
JE-2024-01941,2024-11-06,2024-11-08,2024-11,FY2025,8,AP,Purchase invoice PI-2024-01271,1072,1071,POSTED
JE-2024-01942,2024-11-12,2024-11-13,2024-11,FY2025,8,AP,Purchase invoice PI-2024-01272,1072,1071,POSTED
JE-2024-01943,2024-11-08,2024-11-08,2024-11,FY2025,8,AP,Purchase invoice PI-2024-01273,1072,1071,POSTED
JE-2024-01944,2024-11-27,2024-11-29,2024-11,FY2025,8,AP,Purchase invoice PI-2024-01274,1072,1071,POSTED
JE-2024-01945,2024-11-22,2024-11-22,2024-11,FY2025,8,AP,Purchase invoice PI-2024-01275,1072,1071,POSTED
JE-2024-01946,2024-11-12,2024-11-14,2024-11,FY2025,8,AP,Purchase invoice PI-2024-01276,1072,1071,POSTED
JE-2024-01947,2024-11-22,2024-11-22,2024-11,FY2025,8,AP,Purchase invoice PI-2024-01277,1072,1071,POSTED
JE-2024-01948,2024-11-07,2024-11-08,2024-11,FY2025,8,AP,Purchase invoice PI-2024-01278,1072,1071,POSTED
JE-2024-01949,2024-11-27,2024-11-28,2024-11,FY2025,8,AP,Purchase invoice PI-2024-01279,1072,1071,POSTED
JE-2024-01950,2024-11-01,2024-11-01,2024-11,FY2025,8,AP,Purchase invoice PI-2024-01280,1072,1071,POSTED
JE-2024-01951,2024-11-21,2024-11-21,2024-11,FY2025,8,AP,Purchase invoice PI-2024-01281,1072,1071,POSTED
JE-2024-01952,2024-11-05,2024-11-07,2024-11,FY2025,8,AP,Purchase invoice PI-2024-01282,1072,1071,POSTED
JE-2024-01953,2024-11-01,2024-11-01,2024-11,FY2025,8,AP,Purchase invoice PI-2024-01283,1072,1071,POSTED
JE-2024-01954,2024-11-26,2024-11-29,2024-11,FY2025,8,AP,Purchase invoice PI-2024-01284,1072,1071,POSTED
JE-2024-01955,2024-11-11,2024-11-11,2024-11,FY2025,8,AP,Purchase invoice PI-2024-01285,1072,1071,POSTED
JE-2024-01956,2024-11-15,2024-11-18,2024-11,FY2025,8,AP,Purchase invoice PI-2024-01286,1072,1071,POSTED
JE-2024-01957,2024-11-15,2024-11-15,2024-11,FY2025,8,AP,Purchase invoice PI-2024-01287,1072,1071,POSTED
JE-2024-01958,2024-11-05,2024-11-08,2024-11,FY2025,8,AP,Purchase invoice PI-2024-01288,1072,1071,POSTED
JE-2024-01959,2024-11-11,2024-11-11,2024-11,FY2025,8,AP,Purchase invoice PI-2024-01289,1072,1071,POSTED
JE-2024-01960,2024-11-22,2024-11-22,2024-11,FY2025,8,AP,Purchase invoice PI-2024-01290,1072,1071,POSTED
JE-2024-01961,2024-11-22,2024-11-22,2024-11,FY2025,8,AP,Purchase invoice PI-2024-01291,1072,1071,POSTED
JE-2024-01962,2024-11-20,2024-11-22,2024-11,FY2025,8,AP,Purchase invoice PI-2024-01292,1072,1071,POSTED
JE-2024-01963,2024-11-08,2024-11-08,2024-11,FY2025,8,AP,Purchase invoice PI-2024-01293,1072,1071,POSTED
JE-2024-01964,2024-11-01,2024-11-04,2024-11,FY2025,8,AP,Purchase invoice PI-2024-01294,1072,1071,POSTED
JE-2024-01965,2024-10-07,2024-10-10,2024-10,FY2025,7,CASH,Customer receipt SI-2024-01559,1072,1071,POSTED
JE-2024-01966,2024-10-16,2024-10-16,2024-10,FY2025,7,CASH,Customer receipt SI-2024-01598,1072,1071,POSTED
JE-2024-01967,2024-11-05,2024-11-05,2024-11,FY2025,8,CASH,Customer receipt SI-2024-01600,1072,1071,POSTED
JE-2024-01968,2024-10-17,2024-10-18,2024-10,FY2025,7,CASH,Customer receipt SI-2024-01604,1072,1071,POSTED
JE-2024-01969,2024-10-18,2024-10-21,2024-10,FY2025,7,CASH,Customer receipt SI-2024-01605,1072,1071,POSTED
JE-2024-01970,2024-11-25,2024-11-25,2024-11,FY2025,8,CASH,Customer receipt SI-2024-01611,1072,1071,POSTED
JE-2024-01971,2024-11-22,2024-11-22,2024-11,FY2025,8,CASH,Customer receipt SI-2024-01614,1072,1071,POSTED
JE-2024-01972,2024-11-20,2024-11-22,2024-11,FY2025,8,CASH,Customer receipt SI-2024-01617,1072,1071,POSTED
JE-2024-01973,2024-10-01,2024-10-01,2024-10,FY2025,7,CASH,Customer receipt SI-2024-01619,1072,1071,POSTED
JE-2024-01974,2024-10-04,2024-10-04,2024-10,FY2025,7,CASH,Customer receipt SI-2024-01626,1072,1071,POSTED
JE-2024-01975,2024-10-02,2024-10-04,2024-10,FY2025,7,CASH,Customer receipt SI-2024-01635,1072,1071,POSTED
JE-2024-01976,2024-11-22,2024-11-22,2024-11,FY2025,8,CASH,Customer receipt SI-2024-01636,1072,1071,POSTED
JE-2024-01977,2024-11-20,2024-11-20,2024-11,FY2025,8,CASH,Customer receipt SI-2024-01639,1072,1071,POSTED
JE-2024-01978,2024-11-04,2024-11-06,2024-11,FY2025,8,CASH,Customer receipt SI-2024-01642,1072,1071,POSTED
JE-2024-01979,2024-10-29,2024-10-31,2024-10,FY2025,7,CASH,Customer receipt SI-2024-01643,1072,1071,POSTED
JE-2024-01980,2024-11-07,2024-11-07,2024-11,FY2025,8,CASH,Customer receipt SI-2024-01644,1072,1071,POSTED
JE-2024-01981,2024-11-25,2024-11-26,2024-11,FY2025,8,CASH,Customer receipt SI-2024-01646,1072,1071,POSTED
JE-2024-01982,2024-11-19,2024-11-20,2024-11,FY2025,8,CASH,Customer receipt SI-2024-01648,1072,1071,POSTED
JE-2024-01983,2024-10-24,2024-10-25,2024-10,FY2025,7,CASH,Customer receipt SI-2024-01649,1072,1071,POSTED
JE-2024-01984,2024-10-11,2024-10-11,2024-10,FY2025,7,CASH,Customer receipt SI-2024-01652,1072,1071,POSTED
JE-2024-01985,2024-11-08,2024-11-08,2024-11,FY2025,8,CASH,Customer receipt SI-2024-01653,1072,1071,POSTED
JE-2024-01986,2024-11-27,2024-11-29,2024-11,FY2025,8,CASH,Customer receipt SI-2024-01655,1072,1071,POSTED
JE-2024-01987,2024-11-13,2024-11-15,2024-11,FY2025,8,CASH,Customer receipt SI-2024-01656,1072,1071,POSTED
JE-2024-01988,2024-11-26,2024-11-29,2024-11,FY2025,8,CASH,Customer receipt SI-2024-01659,1072,1071,POSTED
JE-2024-01989,2024-11-27,2024-11-27,2024-11,FY2025,8,CASH,Customer receipt SI-2024-01662,1072,1071,POSTED
JE-2024-01990,2024-10-29,2024-10-30,2024-10,FY2025,7,CASH,Customer receipt SI-2024-01663,1072,1071,POSTED
JE-2024-01991,2024-10-18,2024-10-18,2024-10,FY2025,7,CASH,Customer receipt SI-2024-01664,1072,1071,POSTED
JE-2024-01992,2024-10-04,2024-10-04,2024-10,FY2025,7,CASH,Customer receipt SI-2024-01665,1072,1071,POSTED
JE-2024-01993,2024-11-11,2024-11-12,2024-11,FY2025,8,CASH,Customer receipt SI-2024-01666,1072,1071,POSTED
JE-2024-01994,2024-11-29,2024-11-29,2024-11,FY2025,8,CASH,Customer receipt SI-2024-01669,1072,1071,POSTED
JE-2024-01995,2024-11-13,2024-11-15,2024-11,FY2025,8,CASH,Customer receipt SI-2024-01671,1072,1071,POSTED
JE-2024-01996,2024-11-14,2024-11-15,2024-11,FY2025,8,CASH,Customer receipt SI-2024-01672,1072,1071,POSTED
JE-2024-01997,2024-11-22,2024-11-22,2024-11,FY2025,8,CASH,Customer receipt SI-2024-01677,1072,1071,POSTED
JE-2024-01998,2024-10-22,2024-10-23,2024-10,FY2025,7,CASH,Customer receipt SI-2024-01679,1072,1071,POSTED
JE-2024-01999,2024-11-08,2024-11-11,2024-11,FY2025,8,CASH,Customer receipt SI-2024-01681,1072,1071,POSTED
JE-2024-02000,2024-11-27,2024-11-29,2024-11,FY2025,8,CASH,Customer receipt SI-2024-01683,1072,1071,POSTED
JE-2024-02001,2024-11-08,2024-11-08,2024-11,FY2025,8,CASH,Customer receipt SI-2024-01686,1072,1071,POSTED
JE-2024-02002,2024-11-12,2024-11-13,2024-11,FY2025,8,CASH,Customer receipt SI-2024-01690,1072,1071,POSTED
JE-2024-02003,2024-10-09,2024-10-09,2024-10,FY2025,7,CASH,Customer receipt SI-2024-01692,1072,1071,POSTED
JE-2024-02004,2024-11-06,2024-11-08,2024-11,FY2025,8,CASH,Customer receipt SI-2024-01696,1072,1071,POSTED
JE-2024-02005,2024-11-22,2024-11-25,2024-11,FY2025,8,CASH,Customer receipt SI-2024-01698,1072,1071,POSTED
JE-2024-02006,2024-11-11,2024-11-13,2024-11,FY2025,8,CASH,Customer receipt SI-2024-01700,1072,1071,POSTED
JE-2024-02007,2024-11-22,2024-11-22,2024-11,FY2025,8,CASH,Customer receipt SI-2024-01703,1072,1071,POSTED
JE-2024-02008,2024-11-15,2024-11-15,2024-11,FY2025,8,CASH,Customer receipt SI-2024-01705,1072,1071,POSTED
JE-2024-02009,2024-11-08,2024-11-11,2024-11,FY2025,8,CASH,Customer receipt SI-2024-01706,1072,1071,POSTED
JE-2024-02010,2024-11-06,2024-11-07,2024-11,FY2025,8,CASH,Customer receipt SI-2024-01707,1072,1071,POSTED
JE-2024-02011,2024-10-31,2024-10-31,2024-10,FY2025,7,CASH,Customer receipt SI-2024-01708,1072,1071,POSTED
JE-2024-02012,2024-11-12,2024-11-13,2024-11,FY2025,8,CASH,Customer receipt SI-2024-01709,1072,1071,POSTED
JE-2024-02013,2024-11-27,2024-11-28,2024-11,FY2025,8,CASH,Customer receipt SI-2024-01712,1072,1071,POSTED
JE-2024-02014,2024-11-05,2024-11-06,2024-11,FY2025,8,CASH,Customer receipt SI-2024-01713,1072,1071,POSTED
JE-2024-02015,2024-11-22,2024-11-22,2024-11,FY2025,8,CASH,Customer receipt SI-2024-01714,1072,1071,POSTED
JE-2024-02016,2024-11-18,2024-11-20,2024-11,FY2025,8,CASH,Customer receipt SI-2024-01719,1072,1071,POSTED
JE-2024-02017,2024-11-29,2024-11-29,2024-11,FY2025,8,CASH,Customer receipt SI-2024-01721,1072,1071,POSTED
JE-2024-02018,2024-11-15,2024-11-15,2024-11,FY2025,8,CASH,Customer receipt SI-2024-01724,1072,1071,POSTED
JE-2024-02019,2024-11-25,2024-11-26,2024-11,FY2025,8,CASH,Customer receipt SI-2024-01727,1072,1071,POSTED
JE-2024-02020,2024-11-15,2024-11-15,2024-11,FY2025,8,CASH,Customer receipt SI-2024-01731,1072,1071,POSTED
JE-2024-02021,2024-11-18,2024-11-20,2024-11,FY2025,8,CASH,Customer receipt SI-2024-01734,1072,1071,POSTED
JE-2024-02022,2024-11-05,2024-11-08,2024-11,FY2025,8,CASH,Customer receipt SI-2024-01735,1072,1071,POSTED
JE-2024-02023,2024-11-22,2024-11-22,2024-11,FY2025,8,CASH,Customer receipt SI-2024-01736,1072,1071,POSTED
JE-2024-02024,2024-11-28,2024-11-29,2024-11,FY2025,8,CASH,Customer receipt SI-2024-01738,1072,1071,POSTED
JE-2024-02025,2024-11-22,2024-11-22,2024-11,FY2025,8,CASH,Customer receipt SI-2024-01739,1072,1071,POSTED
JE-2024-02026,2024-11-15,2024-11-15,2024-11,FY2025,8,CASH,Customer receipt SI-2024-01740,1072,1071,POSTED
JE-2024-02027,2024-10-31,2024-10-31,2024-10,FY2025,7,CASH,Customer receipt SI-2024-01741,1072,1071,POSTED
JE-2024-02028,2024-11-01,2024-11-04,2024-11,FY2025,8,CASH,Customer receipt SI-2024-01744,1072,1071,POSTED
JE-2024-02029,2024-11-22,2024-11-25,2024-11,FY2025,8,CASH,Customer receipt SI-2024-01747,1072,1071,POSTED
JE-2024-02030,2024-11-08,2024-11-08,2024-11,FY2025,8,CASH,Customer receipt SI-2024-01748,1072,1071,POSTED
JE-2024-02031,2024-11-28,2024-11-28,2024-11,FY2025,8,CASH,Customer receipt SI-2024-01750,1072,1071,POSTED
JE-2024-02032,2024-11-15,2024-11-15,2024-11,FY2025,8,CASH,Customer receipt SI-2024-01751,1072,1071,POSTED
JE-2024-02033,2024-11-25,2024-11-26,2024-11,FY2025,8,CASH,Customer receipt SI-2024-01752,1072,1071,POSTED
JE-2024-02034,2024-10-22,2024-10-22,2024-10,FY2025,7,CASH,Customer receipt SI-2024-01753,1072,1071,POSTED
JE-2024-02035,2024-11-12,2024-11-15,2024-11,FY2025,8,CASH,Customer receipt SI-2024-01755,1072,1071,POSTED
JE-2024-02036,2024-11-26,2024-11-27,2024-11,FY2025,8,CASH,Customer receipt SI-2024-01759,1072,1071,POSTED
JE-2024-02037,2024-10-25,2024-10-25,2024-10,FY2025,7,CASH,Supplier payment PI-2024-01148,1072,1071,POSTED
JE-2024-02038,2024-11-14,2024-11-15,2024-11,FY2025,8,CASH,Supplier payment PI-2024-01172,1072,1071,POSTED
JE-2024-02039,2024-10-29,2024-10-30,2024-10,FY2025,7,CASH,Supplier payment PI-2024-01178,1072,1071,POSTED
JE-2024-02040,2024-11-12,2024-11-14,2024-11,FY2025,8,CASH,Supplier payment PI-2024-01181,1072,1071,POSTED
JE-2024-02041,2024-11-22,2024-11-25,2024-11,FY2025,8,CASH,Supplier payment PI-2024-01191,1072,1071,POSTED
JE-2024-02042,2024-10-18,2024-10-21,2024-10,FY2025,7,CASH,Supplier payment PI-2024-01192,1072,1071,POSTED
JE-2024-02043,2024-11-22,2024-11-25,2024-11,FY2025,8,CASH,Supplier payment PI-2024-01196,1072,1071,POSTED
JE-2024-02044,2024-11-01,2024-11-04,2024-11,FY2025,8,CASH,Supplier payment PI-2024-01197,1072,1071,POSTED
JE-2024-02045,2024-11-13,2024-11-13,2024-11,FY2025,8,CASH,Supplier payment PI-2024-01201,1072,1071,POSTED
JE-2024-02046,2024-11-01,2024-11-01,2024-11,FY2025,8,CASH,Supplier payment PI-2024-01205,1072,1071,POSTED
JE-2024-02047,2024-10-25,2024-10-25,2024-10,FY2025,7,CASH,Supplier payment PI-2024-01207,1072,1071,POSTED
JE-2024-02048,2024-10-23,2024-10-25,2024-10,FY2025,7,CASH,Supplier payment PI-2024-01211,1072,1071,POSTED
JE-2024-02049,2024-11-25,2024-11-28,2024-11,FY2025,8,CASH,Supplier payment PI-2024-01216,1072,1071,POSTED
JE-2024-02050,2024-11-14,2024-11-14,2024-11,FY2025,8,CASH,Supplier payment PI-2024-01217,1072,1071,POSTED
JE-2024-02051,2024-11-08,2024-11-08,2024-11,FY2025,8,CASH,Supplier payment PI-2024-01219,1072,1071,POSTED
JE-2024-02052,2024-11-22,2024-11-25,2024-11,FY2025,8,CASH,Supplier payment PI-2024-01220,1072,1071,POSTED
JE-2024-02053,2024-11-29,2024-12-02,2024-11,FY2025,8,CASH,Supplier payment PI-2024-01223,1072,1071,POSTED
JE-2024-02054,2024-11-19,2024-11-22,2024-11,FY2025,8,CASH,Supplier payment PI-2024-01227,1072,1071,POSTED
JE-2024-02055,2024-11-29,2024-12-02,2024-11,FY2025,8,CASH,Supplier payment PI-2024-01228,1072,1071,POSTED
JE-2024-02056,2024-11-22,2024-11-22,2024-11,FY2025,8,CASH,Supplier payment PI-2024-01229,1072,1071,POSTED
JE-2024-02057,2024-11-27,2024-11-27,2024-11,FY2025,8,CASH,Supplier payment PI-2024-01231,1072,1071,POSTED
JE-2024-02058,2024-11-13,2024-11-15,2024-11,FY2025,8,CASH,Supplier payment PI-2024-01232,1072,1071,POSTED
JE-2024-02059,2024-11-13,2024-11-14,2024-11,FY2025,8,CASH,Supplier payment PI-2024-01233,1072,1071,POSTED
JE-2024-02060,2024-10-25,2024-10-25,2024-10,FY2025,7,CASH,Supplier payment PI-2024-01234,1072,1071,POSTED
JE-2024-02061,2024-11-15,2024-11-15,2024-11,FY2025,8,CASH,Supplier payment PI-2024-01236,1072,1071,POSTED
JE-2024-02062,2024-11-22,2024-11-22,2024-11,FY2025,8,CASH,Supplier payment PI-2024-01237,1072,1071,POSTED
JE-2024-02063,2024-11-01,2024-11-04,2024-11,FY2025,8,CASH,Supplier payment PI-2024-01238,1072,1071,POSTED
JE-2024-02064,2024-11-18,2024-11-19,2024-11,FY2025,8,CASH,Supplier payment PI-2024-01239,1072,1071,POSTED
JE-2024-02065,2024-11-29,2024-11-29,2024-11,FY2025,8,CASH,Supplier payment PI-2024-01243,1072,1071,POSTED
JE-2024-02066,2024-11-22,2024-11-22,2024-11,FY2025,8,CASH,Supplier payment PI-2024-01248,1072,1071,POSTED
JE-2024-02067,2024-11-04,2024-11-04,2024-11,FY2025,8,CASH,Supplier payment PI-2024-01249,1072,1071,POSTED
JE-2024-02068,2024-11-08,2024-11-08,2024-11,FY2025,8,CASH,Supplier payment PI-2024-01251,1072,1071,POSTED
JE-2024-02069,2024-11-26,2024-11-26,2024-11,FY2025,8,CASH,Supplier payment PI-2024-01265,1072,1071,POSTED
JE-2024-02070,2024-11-22,2024-11-25,2024-11,FY2025,8,CASH,Supplier payment PI-2024-01280,1072,1071,POSTED
JE-2024-02071,2024-11-28,2024-11-28,2024-11,FY2025,8,PAYROLL,Payroll November 2024,1072,1071,POSTED
JE-2024-02072,2024-11-30,2024-11-29,2024-11,FY2025,8,GENERAL,Depreciation Nov 2024,1072,1071,POSTED
JE-2024-02073,2024-11-30,2024-11-29,2024-11,FY2025,8,GENERAL,Bank charges and interest Nov 2024,1072,1071,POSTED
JE-2024-02074,2024-12-16,2024-12-18,2024-12,FY2025,9,AR,Sales invoice SI-2024-01829,1072,1071,POSTED
JE-2024-02075,2024-12-25,2024-12-27,2024-12,FY2025,9,AR,Sales invoice SI-2024-01830,1072,1071,POSTED
JE-2024-02076,2024-12-27,2024-12-30,2024-12,FY2025,9,AR,Sales invoice SI-2024-01831,1072,1071,POSTED
JE-2024-02077,2024-12-24,2024-12-26,2024-12,FY2025,9,AR,Sales invoice SI-2024-01832,1072,1071,POSTED
JE-2024-02078,2024-12-17,2024-12-17,2024-12,FY2025,9,AR,Sales invoice SI-2024-01833,1072,1071,POSTED
JE-2024-02079,2024-12-20,2024-12-20,2024-12,FY2025,9,AR,Sales invoice SI-2024-01834,1072,1071,POSTED
JE-2024-02080,2024-12-19,2024-12-20,2024-12,FY2025,9,AR,Sales invoice SI-2024-01835,1072,1071,POSTED
JE-2024-02081,2024-12-27,2024-12-27,2024-12,FY2025,9,AR,Sales invoice SI-2024-01836,1072,1071,POSTED
JE-2024-02082,2024-11-29,2024-11-29,2024-11,FY2025,8,AR,Sales invoice SI-2024-01837,1072,1071,POSTED
JE-2024-02083,2024-12-19,2024-12-20,2024-12,FY2025,9,AR,Sales invoice SI-2024-01838,1072,1071,POSTED
JE-2024-02084,2024-12-13,2024-12-13,2024-12,FY2025,9,AR,Sales invoice SI-2024-01839,1072,1071,POSTED
JE-2024-02085,2024-12-27,2024-12-30,2024-12,FY2025,9,AR,Sales invoice SI-2024-01840,1072,1071,POSTED
JE-2024-02086,2024-12-27,2024-12-27,2024-12,FY2025,9,AR,Sales invoice SI-2024-01841,1072,1071,POSTED
JE-2024-02087,2024-12-12,2024-12-12,2024-12,FY2025,9,AR,Sales invoice SI-2024-01842,1072,1071,POSTED
JE-2024-02088,2024-12-16,2024-12-17,2024-12,FY2025,9,AR,Sales invoice SI-2024-01843,1072,1071,POSTED
JE-2024-02089,2024-12-04,2024-12-04,2024-12,FY2025,9,AR,Sales invoice SI-2024-01844,1072,1071,POSTED
JE-2024-02090,2024-12-04,2024-12-06,2024-12,FY2025,9,AR,Sales invoice SI-2024-01845,1072,1071,POSTED
JE-2024-02091,2024-12-16,2024-12-17,2024-12,FY2025,9,AR,Sales invoice SI-2024-01846,1072,1071,POSTED
JE-2024-02092,2024-12-09,2024-12-09,2024-12,FY2025,9,AR,Sales invoice SI-2024-01847,1072,1071,POSTED
JE-2024-02093,2024-12-27,2024-12-27,2024-12,FY2025,9,AR,Sales invoice SI-2024-01848,1072,1071,POSTED
JE-2024-02094,2024-12-27,2024-12-27,2024-12,FY2025,9,AR,Sales invoice SI-2024-01849,1072,1071,POSTED
JE-2024-02095,2024-12-18,2024-12-20,2024-12,FY2025,9,AR,Sales invoice SI-2024-01850,1072,1071,POSTED
JE-2024-02096,2024-12-04,2024-12-06,2024-12,FY2025,9,AR,Sales invoice SI-2024-01851,1072,1071,POSTED
JE-2024-02097,2024-12-09,2024-12-09,2024-12,FY2025,9,AR,Sales invoice SI-2024-01852,1072,1071,POSTED
JE-2024-02098,2024-12-11,2024-12-13,2024-12,FY2025,9,AR,Sales invoice SI-2024-01853,1072,1071,POSTED
JE-2024-02099,2024-12-31,2025-01-01,2024-12,FY2025,9,AR,Sales invoice SI-2024-01854,1072,1071,POSTED
JE-2024-02100,2024-12-13,2024-12-13,2024-12,FY2025,9,AR,Sales invoice SI-2024-01855,1072,1071,POSTED
JE-2024-02101,2024-12-06,2024-12-06,2024-12,FY2025,9,AR,Sales invoice SI-2024-01856,1072,1071,POSTED
JE-2024-02102,2024-12-11,2024-12-12,2024-12,FY2025,9,AR,Sales invoice SI-2024-01857,1072,1071,POSTED
JE-2024-02103,2024-12-31,2025-01-03,2024-12,FY2025,9,AR,Sales invoice SI-2024-01858,1072,1071,POSTED
JE-2024-02104,2024-12-20,2024-12-23,2024-12,FY2025,9,AR,Sales invoice SI-2024-01859,1072,1071,POSTED
JE-2024-02105,2024-12-17,2024-12-18,2024-12,FY2025,9,AR,Sales invoice SI-2024-01860,1072,1071,POSTED
JE-2024-02106,2024-12-24,2024-12-27,2024-12,FY2025,9,AR,Sales invoice SI-2024-01861,1072,1071,POSTED
JE-2024-02107,2024-12-02,2024-12-03,2024-12,FY2025,9,AR,Sales invoice SI-2024-01862,1072,1071,POSTED
JE-2024-02108,2024-12-13,2024-12-13,2024-12,FY2025,9,AR,Sales invoice SI-2024-01863,1072,1071,POSTED
JE-2024-02109,2024-12-31,2025-01-03,2024-12,FY2025,9,AR,Sales invoice SI-2024-01864,1072,1071,POSTED
JE-2024-02110,2024-12-05,2024-12-05,2024-12,FY2025,9,AR,Sales invoice SI-2024-01865,1072,1071,POSTED
JE-2024-02111,2024-12-12,2024-12-12,2024-12,FY2025,9,AR,Sales invoice SI-2024-01866,1072,1071,POSTED
JE-2024-02112,2024-12-12,2024-12-13,2024-12,FY2025,9,AR,Sales invoice SI-2024-01867,1072,1071,POSTED
JE-2024-02113,2024-12-25,2024-12-25,2024-12,FY2025,9,AR,Sales invoice SI-2024-01868,1072,1071,POSTED
JE-2024-02114,2024-11-29,2024-11-29,2024-11,FY2025,8,AR,Sales invoice SI-2024-01869,1072,1071,POSTED
JE-2024-02115,2024-12-10,2024-12-10,2024-12,FY2025,9,AR,Sales invoice SI-2024-01870,1072,1071,POSTED
JE-2024-02116,2024-12-13,2024-12-13,2024-12,FY2025,9,AR,Sales invoice SI-2024-01871,1072,1071,POSTED
JE-2024-02117,2024-12-19,2024-12-20,2024-12,FY2025,9,AR,Sales invoice SI-2024-01872,1072,1071,POSTED
JE-2024-02118,2024-12-09,2024-12-10,2024-12,FY2025,9,AR,Sales invoice SI-2024-01873,1072,1071,POSTED
JE-2024-02119,2024-12-19,2024-12-19,2024-12,FY2025,9,AR,Sales invoice SI-2024-01874,1072,1071,POSTED
JE-2024-02120,2024-12-04,2024-12-04,2024-12,FY2025,9,AR,Sales invoice SI-2024-01875,1072,1071,POSTED
JE-2024-02121,2024-12-06,2024-12-06,2024-12,FY2025,9,AR,Sales invoice SI-2024-01876,1072,1071,POSTED
JE-2024-02122,2024-11-29,2024-11-29,2024-11,FY2025,8,AR,Sales invoice SI-2024-01877,1072,1071,POSTED
JE-2024-02123,2024-12-16,2024-12-18,2024-12,FY2025,9,AR,Sales invoice SI-2024-01878,1072,1071,POSTED
JE-2024-02124,2024-12-25,2024-12-25,2024-12,FY2025,9,AR,Sales invoice SI-2024-01879,1072,1071,POSTED
JE-2024-02125,2024-11-29,2024-12-02,2024-11,FY2025,8,AR,Sales invoice SI-2024-01880,1072,1071,POSTED
JE-2024-02126,2024-12-17,2024-12-20,2024-12,FY2025,9,AR,Sales invoice SI-2024-01881,1072,1071,POSTED
JE-2024-02127,2024-12-04,2024-12-04,2024-12,FY2025,9,AR,Sales invoice SI-2024-01882,1072,1071,POSTED
JE-2024-02128,2024-12-16,2024-12-17,2024-12,FY2025,9,AR,Sales invoice SI-2024-01883,1072,1071,POSTED
JE-2024-02129,2024-12-10,2024-12-10,2024-12,FY2025,9,AR,Sales invoice SI-2024-01884,1072,1071,POSTED
JE-2024-02130,2024-12-09,2024-12-11,2024-12,FY2025,9,AR,Sales invoice SI-2024-01885,1072,1071,POSTED
JE-2024-02131,2024-12-27,2024-12-27,2024-12,FY2025,9,AR,Sales invoice SI-2024-01886,1072,1071,POSTED
JE-2024-02132,2024-12-13,2024-12-13,2024-12,FY2025,9,AP,Purchase invoice PI-2024-01295,1072,1071,POSTED
JE-2024-02133,2024-12-26,2024-12-27,2024-12,FY2025,9,AP,Purchase invoice PI-2024-01296,1072,1071,POSTED
JE-2024-02134,2024-12-13,2024-12-13,2024-12,FY2025,9,AP,Purchase invoice PI-2024-01297,1072,1071,POSTED
JE-2024-02135,2024-12-20,2024-12-20,2024-12,FY2025,9,AP,Purchase invoice PI-2024-01298,1072,1071,POSTED
JE-2024-02136,2024-12-09,2024-12-12,2024-12,FY2025,9,AP,Purchase invoice PI-2024-01299,1072,1071,POSTED
JE-2024-02137,2024-12-02,2024-12-03,2024-12,FY2025,9,AP,Purchase invoice PI-2024-01300,1072,1071,POSTED
JE-2024-02138,2024-12-20,2024-12-20,2024-12,FY2025,9,AP,Purchase invoice PI-2024-01301,1072,1071,POSTED
JE-2024-02139,2024-12-16,2024-12-19,2024-12,FY2025,9,AP,Purchase invoice PI-2024-01302,1072,1071,POSTED
JE-2024-02140,2024-12-16,2024-12-17,2024-12,FY2025,9,AP,Purchase invoice PI-2024-01303,1072,1071,POSTED
JE-2024-02141,2024-12-17,2024-12-18,2024-12,FY2025,9,AP,Purchase invoice PI-2024-01304,1072,1071,POSTED
JE-2024-02142,2024-12-05,2024-12-05,2024-12,FY2025,9,AP,Purchase invoice PI-2024-01305,1072,1071,POSTED
JE-2024-02143,2024-12-03,2024-12-06,2024-12,FY2025,9,AP,Purchase invoice PI-2024-01306,1072,1071,POSTED
JE-2024-02144,2024-12-25,2024-12-25,2024-12,FY2025,9,AP,Purchase invoice PI-2024-01307,1072,1071,POSTED
JE-2024-02145,2024-12-11,2024-12-11,2024-12,FY2025,9,AP,Purchase invoice PI-2024-01308,1072,1071,POSTED
JE-2024-02146,2024-12-12,2024-12-13,2024-12,FY2025,9,AP,Purchase invoice PI-2024-01309,1072,1071,POSTED
JE-2024-02147,2024-12-27,2024-12-30,2024-12,FY2025,9,AP,Purchase invoice PI-2024-01310,1072,1071,POSTED
JE-2024-02148,2024-12-16,2024-12-16,2024-12,FY2025,9,AP,Purchase invoice PI-2024-01311,1072,1071,POSTED
JE-2024-02149,2024-12-25,2024-12-27,2024-12,FY2025,9,AP,Purchase invoice PI-2024-01312,1072,1071,POSTED
JE-2024-02150,2024-12-06,2024-12-06,2024-12,FY2025,9,AP,Purchase invoice PI-2024-01313,1072,1071,POSTED
JE-2024-02151,2024-12-02,2024-12-04,2024-12,FY2025,9,AP,Purchase invoice PI-2024-01314,1072,1071,POSTED
JE-2024-02152,2024-12-02,2024-12-03,2024-12,FY2025,9,AP,Purchase invoice PI-2024-01315,1072,1071,POSTED
JE-2024-02153,2024-12-02,2024-12-04,2024-12,FY2025,9,AP,Purchase invoice PI-2024-01316,1072,1071,POSTED
JE-2024-02154,2024-11-29,2024-11-29,2024-11,FY2025,8,AP,Purchase invoice PI-2024-01317,1072,1071,POSTED
JE-2024-02155,2024-12-23,2024-12-25,2024-12,FY2025,9,AP,Purchase invoice PI-2024-01318,1072,1071,POSTED
JE-2024-02156,2024-12-20,2024-12-20,2024-12,FY2025,9,AP,Purchase invoice PI-2024-01319,1072,1071,POSTED
JE-2024-02157,2024-12-23,2024-12-24,2024-12,FY2025,9,AP,Purchase invoice PI-2024-01320,1072,1071,POSTED
JE-2024-02158,2024-12-12,2024-12-13,2024-12,FY2025,9,AP,Purchase invoice PI-2024-01321,1072,1071,POSTED
JE-2024-02159,2024-12-27,2024-12-30,2024-12,FY2025,9,AP,Purchase invoice PI-2024-01322,1072,1071,POSTED
JE-2024-02160,2024-12-12,2024-12-12,2024-12,FY2025,9,AP,Purchase invoice PI-2024-01323,1072,1071,POSTED
JE-2024-02161,2024-12-17,2024-12-17,2024-12,FY2025,9,AP,Purchase invoice PI-2024-01324,1072,1071,POSTED
JE-2024-02162,2024-12-04,2024-12-06,2024-12,FY2025,9,AP,Purchase invoice PI-2024-01325,1072,1071,POSTED
JE-2024-02163,2024-12-13,2024-12-13,2024-12,FY2025,9,AP,Purchase invoice PI-2024-01326,1072,1071,POSTED
JE-2024-02164,2024-12-27,2024-12-30,2024-12,FY2025,9,AP,Purchase invoice PI-2024-01327,1072,1071,POSTED
JE-2024-02165,2024-12-12,2024-12-13,2024-12,FY2025,9,AP,Purchase invoice PI-2024-01328,1072,1071,POSTED
JE-2024-02166,2024-12-30,2024-12-31,2024-12,FY2025,9,AP,Purchase invoice PI-2024-01329,1072,1071,POSTED
JE-2024-02167,2024-12-05,2024-12-06,2024-12,FY2025,9,AP,Purchase invoice PI-2024-01330,1072,1071,POSTED
JE-2024-02168,2024-12-06,2024-12-06,2024-12,FY2025,9,AP,Purchase invoice PI-2024-01331,1072,1071,POSTED
JE-2024-02169,2024-12-06,2024-12-06,2024-12,FY2025,9,AP,Purchase invoice PI-2024-01332,1072,1071,POSTED
JE-2024-02170,2024-12-20,2024-12-20,2024-12,FY2025,9,AP,Purchase invoice PI-2024-01333,1072,1071,POSTED
JE-2024-02171,2024-12-27,2024-12-27,2024-12,FY2025,9,AP,Purchase invoice PI-2024-01334,1072,1071,POSTED
JE-2024-02172,2024-12-13,2024-12-13,2024-12,FY2025,9,AP,Purchase invoice PI-2024-01335,1072,1071,POSTED
JE-2024-02173,2024-12-20,2024-12-20,2024-12,FY2025,9,AP,Purchase invoice PI-2024-01336,1072,1071,POSTED
JE-2024-02174,2024-12-03,2024-12-04,2024-12,FY2025,9,CASH,Customer receipt SI-2024-01613,1072,1071,POSTED
JE-2024-02175,2024-11-15,2024-11-15,2024-11,FY2025,8,CASH,Customer receipt SI-2024-01622,1072,1071,POSTED
JE-2024-02176,2024-10-28,2024-10-31,2024-10,FY2025,7,CASH,Customer receipt SI-2024-01628,1072,1071,POSTED
JE-2024-02177,2024-11-25,2024-11-25,2024-11,FY2025,8,CASH,Customer receipt SI-2024-01633,1072,1071,POSTED
JE-2024-02178,2024-11-04,2024-11-05,2024-11,FY2025,8,CASH,Customer receipt SI-2024-01645,1072,1071,POSTED
JE-2024-02179,2024-12-11,2024-12-12,2024-12,FY2025,9,CASH,Customer receipt SI-2024-01658,1072,1071,POSTED
JE-2024-02180,2024-11-15,2024-11-15,2024-11,FY2025,8,CASH,Customer receipt SI-2024-01660,1072,1071,POSTED
JE-2024-02181,2024-12-11,2024-12-11,2024-12,FY2025,9,CASH,Customer receipt SI-2024-01661,1072,1071,POSTED
JE-2024-02182,2024-12-26,2024-12-27,2024-12,FY2025,9,CASH,Customer receipt SI-2024-01675,1072,1071,POSTED
JE-2024-02183,2024-11-28,2024-11-29,2024-11,FY2025,8,CASH,Customer receipt SI-2024-01684,1072,1071,POSTED
JE-2024-02184,2024-12-06,2024-12-06,2024-12,FY2025,9,CASH,Customer receipt SI-2024-01689,1072,1071,POSTED
JE-2024-02185,2024-12-13,2024-12-13,2024-12,FY2025,9,CASH,Customer receipt SI-2024-01695,1072,1071,POSTED
JE-2024-02186,2024-12-27,2024-12-27,2024-12,FY2025,9,CASH,Customer receipt SI-2024-01704,1072,1071,POSTED
JE-2024-02187,2024-12-13,2024-12-13,2024-12,FY2025,9,CASH,Customer receipt SI-2024-01711,1072,1071,POSTED
JE-2024-02188,2024-11-25,2024-11-28,2024-11,FY2025,8,CASH,Customer receipt SI-2024-01715,1072,1071,POSTED
JE-2024-02189,2024-11-07,2024-11-07,2024-11,FY2025,8,CASH,Customer receipt SI-2024-01716,1072,1071,POSTED
JE-2024-02190,2024-12-03,2024-12-06,2024-12,FY2025,9,CASH,Customer receipt SI-2024-01720,1072,1071,POSTED
JE-2024-02191,2024-12-02,2024-12-04,2024-12,FY2025,9,CASH,Customer receipt SI-2024-01722,1072,1071,POSTED
JE-2024-02192,2024-12-11,2024-12-13,2024-12,FY2025,9,CASH,Customer receipt SI-2024-01725,1072,1071,POSTED
JE-2024-02193,2024-12-27,2024-12-27,2024-12,FY2025,9,CASH,Customer receipt SI-2024-01726,1072,1071,POSTED
JE-2024-02194,2024-11-20,2024-11-20,2024-11,FY2025,8,CASH,Customer receipt SI-2024-01728,1072,1071,POSTED
JE-2024-02195,2024-11-22,2024-11-22,2024-11,FY2025,8,CASH,Customer receipt SI-2024-01729,1072,1071,POSTED
JE-2024-02196,2024-12-16,2024-12-16,2024-12,FY2025,9,CASH,Customer receipt SI-2024-01733,1072,1071,POSTED
JE-2024-02197,2024-12-27,2024-12-30,2024-12,FY2025,9,CASH,Customer receipt SI-2024-01745,1072,1071,POSTED
JE-2024-02198,2024-12-13,2024-12-16,2024-12,FY2025,9,CASH,Customer receipt SI-2024-01746,1072,1071,POSTED
JE-2024-02199,2024-12-04,2024-12-06,2024-12,FY2025,9,CASH,Customer receipt SI-2024-01754,1072,1071,POSTED
JE-2024-02200,2024-12-27,2024-12-30,2024-12,FY2025,9,CASH,Customer receipt SI-2024-01757,1072,1071,POSTED
JE-2024-02201,2024-12-06,2024-12-06,2024-12,FY2025,9,CASH,Customer receipt SI-2024-01761,1072,1071,POSTED
JE-2024-02202,2024-12-12,2024-12-12,2024-12,FY2025,9,CASH,Customer receipt SI-2024-01763,1072,1071,POSTED
JE-2024-02203,2024-12-11,2024-12-12,2024-12,FY2025,9,CASH,Customer receipt SI-2024-01766,1072,1071,POSTED
JE-2024-02204,2024-12-11,2024-12-11,2024-12,FY2025,9,CASH,Customer receipt SI-2024-01768,1072,1071,POSTED
JE-2024-02205,2024-12-20,2024-12-20,2024-12,FY2025,9,CASH,Customer receipt SI-2024-01774,1072,1071,POSTED
JE-2024-02206,2024-12-12,2024-12-13,2024-12,FY2025,9,CASH,Customer receipt SI-2024-01775,1072,1071,POSTED
JE-2024-02207,2024-12-20,2024-12-23,2024-12,FY2025,9,CASH,Customer receipt SI-2024-01777,1072,1071,POSTED
JE-2024-02208,2024-12-16,2024-12-19,2024-12,FY2025,9,CASH,Customer receipt SI-2024-01779,1072,1071,POSTED
JE-2024-02209,2024-12-13,2024-12-13,2024-12,FY2025,9,CASH,Customer receipt SI-2024-01783,1072,1071,POSTED
JE-2024-02210,2024-12-05,2024-12-06,2024-12,FY2025,9,CASH,Customer receipt SI-2024-01784,1072,1071,POSTED
JE-2024-02211,2024-12-13,2024-12-13,2024-12,FY2025,9,CASH,Customer receipt SI-2024-01788,1072,1071,POSTED
JE-2024-02212,2024-12-26,2024-12-27,2024-12,FY2025,9,CASH,Customer receipt SI-2024-01794,1072,1071,POSTED
JE-2024-02213,2024-12-27,2024-12-27,2024-12,FY2025,9,CASH,Customer receipt SI-2024-01800,1072,1071,POSTED
JE-2024-02214,2024-12-20,2024-12-20,2024-12,FY2025,9,CASH,Customer receipt SI-2024-01801,1072,1071,POSTED
JE-2024-02215,2024-11-28,2024-11-28,2024-11,FY2025,8,CASH,Customer receipt SI-2024-01804,1072,1071,POSTED
JE-2024-02216,2024-12-06,2024-12-06,2024-12,FY2025,9,CASH,Customer receipt SI-2024-01805,1072,1071,POSTED
JE-2024-02217,2024-12-26,2024-12-27,2024-12,FY2025,9,CASH,Customer receipt SI-2024-01806,1072,1071,POSTED
JE-2024-02218,2024-12-16,2024-12-16,2024-12,FY2025,9,CASH,Customer receipt SI-2024-01809,1072,1071,POSTED
JE-2024-02219,2024-12-23,2024-12-26,2024-12,FY2025,9,CASH,Customer receipt SI-2024-01810,1072,1071,POSTED
JE-2024-02220,2024-12-18,2024-12-18,2024-12,FY2025,9,CASH,Customer receipt SI-2024-01811,1072,1071,POSTED
JE-2024-02221,2024-12-06,2024-12-06,2024-12,FY2025,9,CASH,Customer receipt SI-2024-01815,1072,1071,POSTED
JE-2024-02222,2024-12-13,2024-12-13,2024-12,FY2025,9,CASH,Customer receipt SI-2024-01817,1072,1071,POSTED
JE-2024-02223,2024-12-18,2024-12-19,2024-12,FY2025,9,CASH,Customer receipt SI-2024-01823,1072,1071,POSTED
JE-2024-02224,2024-12-19,2024-12-20,2024-12,FY2025,9,CASH,Customer receipt SI-2024-01824,1072,1071,POSTED
JE-2024-02225,2024-12-16,2024-12-19,2024-12,FY2025,9,CASH,Customer receipt SI-2024-01825,1072,1071,POSTED
JE-2024-02226,2024-12-30,2024-12-31,2024-12,FY2025,9,CASH,Customer receipt SI-2024-01862,1072,1071,POSTED
JE-2024-02227,2024-11-14,2024-11-15,2024-11,FY2025,8,CASH,Supplier payment PI-2024-01177,1072,1071,POSTED
JE-2024-02228,2024-11-15,2024-11-15,2024-11,FY2025,8,CASH,Supplier payment PI-2024-01206,1072,1071,POSTED
JE-2024-02229,2024-11-26,2024-11-29,2024-11,FY2025,8,CASH,Supplier payment PI-2024-01214,1072,1071,POSTED
JE-2024-02230,2024-11-29,2024-11-29,2024-11,FY2025,8,CASH,Supplier payment PI-2024-01215,1072,1071,POSTED
JE-2024-02231,2024-12-20,2024-12-20,2024-12,FY2025,9,CASH,Supplier payment PI-2024-01221,1072,1071,POSTED
JE-2024-02232,2024-11-29,2024-11-29,2024-11,FY2025,8,CASH,Supplier payment PI-2024-01222,1072,1071,POSTED
JE-2024-02233,2024-12-13,2024-12-13,2024-12,FY2025,9,CASH,Supplier payment PI-2024-01224,1072,1071,POSTED
JE-2024-02234,2024-12-17,2024-12-18,2024-12,FY2025,9,CASH,Supplier payment PI-2024-01225,1072,1071,POSTED
JE-2024-02235,2024-12-09,2024-12-10,2024-12,FY2025,9,CASH,Supplier payment PI-2024-01226,1072,1071,POSTED
JE-2024-02236,2024-11-29,2024-11-29,2024-11,FY2025,8,CASH,Supplier payment PI-2024-01230,1072,1071,POSTED
JE-2024-02237,2024-12-24,2024-12-27,2024-12,FY2025,9,CASH,Supplier payment PI-2024-01235,1072,1071,POSTED
JE-2024-02238,2024-11-28,2024-11-29,2024-11,FY2025,8,CASH,Supplier payment PI-2024-01241,1072,1071,POSTED
JE-2024-02239,2024-12-06,2024-12-06,2024-12,FY2025,9,CASH,Supplier payment PI-2024-01242,1072,1071,POSTED
JE-2024-02240,2024-11-29,2024-11-29,2024-11,FY2025,8,CASH,Supplier payment PI-2024-01244,1072,1071,POSTED
JE-2024-02241,2024-12-04,2024-12-04,2024-12,FY2025,9,CASH,Supplier payment PI-2024-01245,1072,1071,POSTED
JE-2024-02242,2024-11-22,2024-11-22,2024-11,FY2025,8,CASH,Supplier payment PI-2024-01246,1072,1071,POSTED
JE-2024-02243,2024-12-10,2024-12-11,2024-12,FY2025,9,CASH,Supplier payment PI-2024-01247,1072,1071,POSTED
JE-2024-02244,2024-12-30,2025-01-01,2024-12,FY2025,9,CASH,Supplier payment PI-2024-01250,1072,1071,POSTED
JE-2024-02245,2024-11-20,2024-11-22,2024-11,FY2025,8,CASH,Supplier payment PI-2024-01252,1072,1071,POSTED
JE-2024-02246,2024-11-26,2024-11-29,2024-11,FY2025,8,CASH,Supplier payment PI-2024-01253,1072,1071,POSTED
JE-2024-02247,2024-12-13,2024-12-13,2024-12,FY2025,9,CASH,Supplier payment PI-2024-01255,1072,1071,POSTED
JE-2024-02248,2024-12-25,2024-12-27,2024-12,FY2025,9,CASH,Supplier payment PI-2024-01258,1072,1071,POSTED
JE-2024-02249,2024-12-17,2024-12-18,2024-12,FY2025,9,CASH,Supplier payment PI-2024-01259,1072,1071,POSTED
JE-2024-02250,2024-12-19,2024-12-19,2024-12,FY2025,9,CASH,Supplier payment PI-2024-01261,1072,1071,POSTED
JE-2024-02251,2024-12-27,2024-12-27,2024-12,FY2025,9,CASH,Supplier payment PI-2024-01262,1072,1071,POSTED
JE-2024-02252,2024-12-06,2024-12-09,2024-12,FY2025,9,CASH,Supplier payment PI-2024-01263,1072,1071,POSTED
JE-2024-02253,2024-12-20,2024-12-23,2024-12,FY2025,9,CASH,Supplier payment PI-2024-01266,1072,1071,POSTED
JE-2024-02254,2024-12-19,2024-12-20,2024-12,FY2025,9,CASH,Supplier payment PI-2024-01267,1072,1071,POSTED
JE-2024-02255,2024-12-11,2024-12-12,2024-12,FY2025,9,CASH,Supplier payment PI-2024-01268,1072,1071,POSTED
JE-2024-02256,2024-12-09,2024-12-12,2024-12,FY2025,9,CASH,Supplier payment PI-2024-01271,1072,1071,POSTED
JE-2024-02257,2024-12-20,2024-12-20,2024-12,FY2025,9,CASH,Supplier payment PI-2024-01273,1072,1071,POSTED
JE-2024-02258,2024-12-18,2024-12-20,2024-12,FY2025,9,CASH,Supplier payment PI-2024-01275,1072,1071,POSTED
JE-2024-02259,2024-12-12,2024-12-13,2024-12,FY2025,9,CASH,Supplier payment PI-2024-01276,1072,1071,POSTED
JE-2024-02260,2024-12-27,2024-12-30,2024-12,FY2025,9,CASH,Supplier payment PI-2024-01277,1072,1071,POSTED
JE-2024-02261,2024-12-27,2024-12-30,2024-12,FY2025,9,CASH,Supplier payment PI-2024-01278,1072,1071,POSTED
JE-2024-02262,2024-12-17,2024-12-19,2024-12,FY2025,9,CASH,Supplier payment PI-2024-01281,1072,1071,POSTED
JE-2024-02263,2024-12-05,2024-12-06,2024-12,FY2025,9,CASH,Supplier payment PI-2024-01282,1072,1071,POSTED
JE-2024-02264,2024-11-29,2024-11-29,2024-11,FY2025,8,CASH,Supplier payment PI-2024-01283,1072,1071,POSTED
JE-2024-02265,2024-12-09,2024-12-12,2024-12,FY2025,9,CASH,Supplier payment PI-2024-01285,1072,1071,POSTED
JE-2024-02266,2024-12-11,2024-12-11,2024-12,FY2025,9,CASH,Supplier payment PI-2024-01286,1072,1071,POSTED
JE-2024-02267,2024-12-23,2024-12-25,2024-12,FY2025,9,CASH,Supplier payment PI-2024-01289,1072,1071,POSTED
JE-2024-02268,2024-12-02,2024-12-03,2024-12,FY2025,9,CASH,Supplier payment PI-2024-01292,1072,1071,POSTED
JE-2024-02269,2024-12-06,2024-12-06,2024-12,FY2025,9,CASH,Supplier payment PI-2024-01293,1072,1071,POSTED
JE-2024-02270,2024-12-27,2024-12-27,2024-12,FY2025,9,CASH,Supplier payment PI-2024-01314,1072,1071,POSTED
JE-2024-02271,2024-12-27,2024-12-27,2024-12,FY2025,9,CASH,Supplier payment PI-2024-01323,1072,1071,POSTED
JE-2024-02272,2024-12-27,2024-12-27,2024-12,FY2025,9,PAYROLL,Payroll December 2024,1072,1071,POSTED
JE-2024-02273,2024-12-31,2024-12-31,2024-12,FY2025,9,GENERAL,Depreciation Dec 2024,1072,1071,POSTED
JE-2024-02274,2024-12-31,2025-01-02,2024-12,FY2025,9,GENERAL,Bank charges and interest Dec 2024,1072,1071,POSTED
