payment_id,invoice_id,direction,payment_date,currency,amount,amount_gbp,method,bank_reference
RCP-2022-00001,SI-2022-00010,RECEIPT,2022-01-31,GBP,5448.13,5448.13,BACS,BNK533308
RCP-2022-00002,SI-2022-00024,RECEIPT,2022-01-25,EUR,12064.86,10047.74,CARD,BNK163810
RCP-2022-00003,SI-2022-00027,RECEIPT,2022-01-18,GBP,9047.65,9047.65,BACS,BNK229560
RCP-2022-00004,SI-2022-00044,RECEIPT,2022-01-28,EUR,6520.76,5441.09,CARD,BNK425084
PAY-2022-00005,PI-2022-00004,PAYMENT,2022-01-31,USD,2573.2,2094.05,CHEQUE,BNK551301
PAY-2022-00006,PI-2022-00014,PAYMENT,2022-01-19,GBP,10233.08,10233.08,bacs,BNK708446
PAY-2022-00007,PI-2022-00029,PAYMENT,2022-01-28,EUR,10851.2,9054.51,DD,BNK398830
RCP-2022-00008,SI-2022-00001,RECEIPT,2022-02-22,GBP,7634.83,7634.83,BACS,BNK948175
RCP-2022-00009,SI-2022-00003,RECEIPT,2022-02-11,GBP,9674.92,9674.92,BACS,BNK757817
RCP-2022-00010,SI-2022-00006,RECEIPT,2022-02-28,GBP,5044.31,5044.31,CHEQUE,BNK892472
RCP-2022-00011,SI-2022-00007,RECEIPT,2022-02-25,EUR,5070.5,4164.25,BACS,BNK573941
RCP-2022-00012,SI-2022-00026,RECEIPT,2022-01-28,USD,10048.38,8095.3,CARD,BNK372460
RCP-2022-00013,SI-2022-00030,RECEIPT,2022-02-25,GBP,4998.12,4998.12,BACS,BNK853581
RCP-2022-00014,SI-2022-00033,RECEIPT,2022-02-21,GBP,14009.86,14009.86,BACS,BNK921111
RCP-2022-00015,SI-2022-00034,RECEIPT,2022-02-22,GBP,5239.88,5239.88,CARD,BNK767500
RCP-2022-00016,SI-2022-00035,RECEIPT,2022-02-03,GBP,42276.38,42276.38,BACS,BNK318901
RCP-2022-00017,SI-2022-00037,RECEIPT,2022-02-18,GBP,15728.12,15728.12,BACS,BNK895230
RCP-2022-00018,SI-2022-00041,RECEIPT,2022-02-25,EUR,11825.12,9711.62,CARD,BNK377887
RCP-2022-00019,SI-2022-00043,RECEIPT,2022-01-27,GBP,4828.82,4828.82,CHEQUE,BNK335397
RCP-2022-00020,SI-2022-00056,RECEIPT,2022-02-24,GBP,5467.76,5467.76,CARD,BNK573401
RCP-2022-00021,SI-2022-00082,RECEIPT,2022-02-18,GBP,5408.34,5408.34,BACS,BNK853700
PAY-2022-00022,PI-2022-00001,PAYMENT,2022-02-21,GBP,1776.4,1776.4,BACS,BNK541544
PAY-2022-00023,PI-2022-00002,PAYMENT,2022-01-31,USD,706.8,575.19,BACS,BNK695671
PAY-2022-00024,PI-2022-00005,PAYMENT,2022-02-24,GBP,2018.7,2018.7,DD,BNK211922
PAY-2022-00025,PI-2022-00006,PAYMENT,2022-02-21,EUR,752.75,624.46,BACS,BNK492842
PAY-2022-00026,PI-2022-00008,PAYMENT,2022-02-07,EUR,1385.86,1141.78,CHEQUE,BNK903324
PAY-2022-00027,PI-2022-00009,PAYMENT,2022-02-03,EUR,2302.37,1919.51,BACS,BNK862061
PAY-2022-00028,PI-2022-00010,PAYMENT,2022-02-03,GBP,5009.95,5009.95,CHEQUE,BNK835917
PAY-2022-00029,PI-2022-00012,PAYMENT,2022-02-11,EUR,3699.88,3065.85,cheque,BNK234448
PAY-2022-00030,PI-2022-00016,PAYMENT,2022-02-16,EUR,2625.18,2165.77,BACS,BNK792647
PAY-2022-00031,PI-2022-00017,PAYMENT,2022-02-28,USD,654.53,519.43,CHEQUE,BNK258739
PAY-2022-00032,PI-2022-00018,PAYMENT,2022-02-21,GBP,19800.0,19800.0,BACS,BNK787629
PAY-2022-00033,PI-2022-00020,PAYMENT,2022-02-08,EUR,35403.37,29126.74,BACS,BNK997982
PAY-2022-00034,PI-2022-00021,PAYMENT,2022-02-03,EUR,10738.5,8952.78,BACS,BNK656597
PAY-2022-00035,PI-2022-00022,PAYMENT,2022-02-15,EUR,25628.48,21136.35,CHEQUE,BNK184507
PAY-2022-00036,PI-2022-00023,PAYMENT,2022-02-11,EUR,2211.25,1832.32,BACS,BNK710120
PAY-2022-00037,PI-2022-00024,PAYMENT,2022-02-17,GBP,1725.77,1725.77,BACS,BNK329481
PAY-2022-00038,PI-2022-00025,PAYMENT,2022-02-23,USD,2332.85,1826.66,BACS,BNK882897
PAY-2022-00039,PI-2022-00030,PAYMENT,2022-02-11,GBP,30041.72,30041.72,BACS,BNK328623
PAY-2022-00040,PI-2022-00031,PAYMENT,2022-02-18,EUR,5974.44,4935.53,BACS,BNK215853
PAY-2022-00041,PI-2022-00032,PAYMENT,2022-01-28,GBP,2324.44,2324.44,CHEQUE,BNK984434
PAY-2022-00042,PI-2022-00034,PAYMENT,2022-02-10,EUR,912.4,752.97,BACS,BNK898940
PAY-2022-00043,PI-2022-00045,PAYMENT,2022-02-25,GBP,2331.88,2331.88,BACS,BNK823501
PAY-2022-00044,PI-2022-00052,PAYMENT,2022-02-18,GBP,804.34,804.34,BACS,BNK448893
RCP-2022-00045,SI-2022-00002,RECEIPT,2022-02-09,EUR,2621.23,2154.6,BACS,BNK658346
RCP-2022-00046,SI-2022-00004,RECEIPT,2022-02-22,GBP,5838.42,5838.42,CHEQUE,BNK570891
RCP-2022-00047,SI-2022-00005,RECEIPT,2022-03-01,GBP,29747.39,29747.39,BACS,BNK321527
RCP-2022-00048,SI-2022-00009,RECEIPT,2022-03-04,EUR,7862.84,6578.07,BACS,BNK672210
RCP-2022-00049,SI-2022-00011,RECEIPT,2022-03-16,EUR,15162.42,12686.56,BACS,BNK495233
RCP-2022-00050,SI-2022-00013,RECEIPT,2022-02-18,EUR,7430.0,6137.98,BACS,BNK692000
RCP-2022-00051,SI-2022-00014,RECEIPT,2022-03-01,GBP,24284.44,24284.44,BACS,BNK176338
RCP-2022-00052,SI-2022-00015,RECEIPT,2022-03-04,EUR,10761.75,9003.3,bacs,BNK373341
RCP-2022-00053,SI-2022-00016,RECEIPT,2022-03-30,GBP,15047.83,15047.83,BACS,BNK596449
RCP-2022-00054,SI-2022-00017,RECEIPT,2022-03-11,GBP,4240.5,4240.5,BACS,BNK198694
RCP-2022-00055,SI-2022-00018,RECEIPT,2022-02-11,GBP,19092.35,19092.35,BACS,BNK866577
RCP-2022-00056,SI-2022-00021,RECEIPT,2022-02-25,GBP,8925.16,8925.16,CHEQUE,BNK252745
RCP-2022-00057,SI-2022-00023,RECEIPT,2022-02-28,GBP,3901.61,3901.61,BACS,BNK930634
RCP-2022-00058,SI-2022-00029,RECEIPT,2022-02-17,GBP,11993.14,11993.14,CARD,BNK894850
RCP-2022-00059,SI-2022-00031,RECEIPT,2022-03-18,GBP,16113.11,16113.11,BACS,BNK438105
RCP-2022-00060,SI-2022-00032,RECEIPT,2022-02-11,GBP,28476.79,28476.79,BACS,BNK251727
RCP-2022-00061,SI-2022-00039,RECEIPT,2022-03-04,USD,3571.16,2811.69,CARD,BNK395538
RCP-2022-00062,SI-2022-00042,RECEIPT,2022-03-07,GBP,5692.03,5692.03,BACS,BNK434112
RCP-2022-00063,SI-2022-00046,RECEIPT,2022-03-31,EUR,4143.71,3486.68,BACS,BNK770164
RCP-2022-00064,SI-2022-00053,RECEIPT,2022-03-18,GBP,38117.36,38117.36,BACS,BNK994069
RCP-2022-00065,SI-2022-00057,RECEIPT,2022-03-25,EUR,29632.09,24960.21,BACS,BNK212885
RCP-2022-00066,SI-2022-00058,RECEIPT,2022-03-23,EUR,11073.54,9357.78,CHEQUE,BNK764927
RCP-2022-00067,SI-2022-00059,RECEIPT,2022-03-25,GBP,6828.43,6828.43,BACS,BNK850421
RCP-2022-00068,SI-2022-00060,RECEIPT,2022-03-11,GBP,19135.92,19135.92,BACS,BNK862358
RCP-2022-00069,SI-2022-00063,RECEIPT,2022-03-14,USD,3559.44,2777.13,CARD,BNK449856
RCP-2022-00070,SI-2022-00067,RECEIPT,2022-03-29,USD,23397.5,18470.97,BACS,BNK413378
RCP-2022-00071,SI-2022-00068,RECEIPT,2022-03-29,GBP,7519.14,7519.14,BACS,BNK996740
RCP-2022-00072,SI-2022-00069,RECEIPT,2022-03-11,GBP,4280.42,4280.42,BACS,BNK733625
RCP-2022-00073,SI-2022-00076,RECEIPT,2022-03-08,USD,2985.22,2324.13,BACS,BNK403868
RCP-2022-00074,SI-2022-00077,RECEIPT,2022-03-29,GBP,3355.0,3355.0,BACS,BNK694255
RCP-2022-00075,SI-2022-00078,RECEIPT,2022-03-17,GBP,4492.82,4492.82,cheque,BNK433449
RCP-2022-00076,SI-2022-00079,RECEIPT,2022-03-25,USD,6217.47,4952.0,CARD,BNK868591
RCP-2022-00077,SI-2022-00080,RECEIPT,2022-03-08,GBP,3592.63,3592.63,BACS,BNK383968
RCP-2022-00078,SI-2022-00081,RECEIPT,2022-03-04,EUR,9583.87,8017.88,CHEQUE,BNK726245
RCP-2022-00079,SI-2022-00084,RECEIPT,2022-03-18,GBP,4213.7,4213.7,BACS,BNK406952
RCP-2022-00080,SI-2022-00086,RECEIPT,2022-03-16,GBP,2514.37,2514.37,BACS,BNK467609
RCP-2022-00081,SI-2022-00087,RECEIPT,2022-03-15,GBP,9875.23,9875.23,BACS,BNK623347
RCP-2022-00082,SI-2022-00110,RECEIPT,2022-03-18,GBP,6571.86,6571.86,CHEQUE,BNK331401
RCP-2022-00083,SI-2022-00135,RECEIPT,2022-03-30,GBP,7487.45,7487.45,BACS,BNK495115
PAY-2022-00084,PI-2022-00003,PAYMENT,2022-03-29,EUR,3168.62,2655.47,CHEQUE,BNK197045
PAY-2022-00085,PI-2022-00007,PAYMENT,2022-03-07,GBP,14351.23,14351.23,DD,BNK348042
PAY-2022-00086,PI-2022-00011,PAYMENT,2022-03-18,EUR,37704.13,31824.74,BACS,BNK460032
PAY-2022-00087,PI-2022-00013,PAYMENT,2022-03-11,GBP,816.3,816.3,BACS,BNK798635
PAY-2022-00088,PI-2022-00015,PAYMENT,2022-03-14,GBP,2083.51,2083.51,CHEQUE,BNK143104
PAY-2022-00089,PI-2022-00019,PAYMENT,2022-03-11,GBP,12160.76,12160.76,BACS,BNK608838
PAY-2022-00090,PI-2022-00026,PAYMENT,2022-03-04,EUR,855.51,715.72,DD,BNK667824
PAY-2022-00091,PI-2022-00028,PAYMENT,2022-03-18,GBP,5054.77,5054.77,BACS,BNK564848
PAY-2022-00092,PI-2022-00033,PAYMENT,2022-02-15,GBP,5644.8,5644.8,BACS,BNK449862
PAY-2022-00093,PI-2022-00035,PAYMENT,2022-03-04,GBP,9203.09,9203.09,BACS,BNK141340
PAY-2022-00094,PI-2022-00036,PAYMENT,2022-03-18,EUR,395.81,334.09,CHEQUE,BNK552522
PAY-2022-00095,PI-2022-00038,PAYMENT,2022-03-10,GBP,1761.34,1761.34,CHEQUE,BNK439469
PAY-2022-00096,PI-2022-00039,PAYMENT,2022-03-02,EUR,5911.55,4953.28,BACS,BNK985993
PAY-2022-00097,PI-2022-00040,PAYMENT,2022-03-02,EUR,19260.76,16138.55,CHEQUE,BNK484536
PAY-2022-00098,PI-2022-00041,PAYMENT,2022-03-04,GBP,3147.4,3147.4,bacs,BNK204423
PAY-2022-00099,PI-2022-00043,PAYMENT,2022-03-29,EUR,26483.58,22194.62,BACS,BNK438821
PAY-2022-00100,PI-2022-00044,PAYMENT,2022-03-23,GBP,1345.31,1345.31,BACS,BNK781382
PAY-2022-00101,PI-2022-00048,PAYMENT,2022-03-04,GBP,21175.4,21175.4,BACS,BNK448509
PAY-2022-00102,PI-2022-00050,PAYMENT,2022-03-17,EUR,21505.48,18014.22,BACS,BNK192749
PAY-2022-00103,PI-2022-00051,PAYMENT,2022-02-22,EUR,6779.38,5615.67,BACS,BNK709317
PAY-2022-00104,PI-2022-00053,PAYMENT,2022-03-29,USD,468.46,369.82,DD,BNK450093
PAY-2022-00105,PI-2022-00058,PAYMENT,2022-03-25,GBP,7193.8,7193.8,BACS,BNK592488
PAY-2022-00106,PI-2022-00059,PAYMENT,2022-03-04,USD,2142.12,1686.56,BACS,BNK128901
PAY-2022-00107,PI-2022-00061,PAYMENT,2022-03-11,EUR,9821.95,8185.14,BACS,BNK182220
PAY-2022-00108,PI-2022-00063,PAYMENT,2022-03-15,USD,885.42,688.95,BACS,BNK385085
PAY-2022-00109,PI-2022-00065,PAYMENT,2022-02-18,EUR,1008.27,832.94,BACS,BNK816714
PAY-2022-00110,PI-2022-00066,PAYMENT,2022-03-25,GBP,48679.45,48679.45,DD,BNK601896
PAY-2022-00111,PI-2022-00067,PAYMENT,2022-03-21,GBP,3441.05,3441.05,CHEQUE,BNK250916
PAY-2022-00112,PI-2022-00069,PAYMENT,2022-03-25,GBP,4291.58,4291.58,DD,BNK916208
RCP-2022-00113,SI-2022-00008,RECEIPT,2022-03-11,GBP,4226.59,4226.59,BACS,BNK854440
RCP-2022-00114,SI-2022-00012,RECEIPT,2022-02-18,GBP,7148.1,7148.1,BACS,BNK715921
RCP-2022-00115,SI-2022-00019,RECEIPT,2022-04-29,GBP,32007.08,32007.08,CARD,BNK132856
RCP-2022-00116,SI-2022-00022,RECEIPT,2022-04-01,GBP,19069.93,19069.93,BACS,BNK192821
RCP-2022-00117,SI-2022-00025,RECEIPT,2022-03-14,GBP,4017.97,4017.97,CHEQUE,BNK799849
RCP-2022-00118,SI-2022-00038,RECEIPT,2022-02-25,EUR,5302.09,4354.45,BACS,BNK513826
RCP-2022-00119,SI-2022-00040,RECEIPT,2022-03-25,EUR,11286.43,9506.98,CARD,BNK920850
RCP-2022-00120,SI-2022-00047,RECEIPT,2022-04-15,EUR,2747.07,2301.93,BACS,BNK393055
RCP-2022-00121,SI-2022-00051,RECEIPT,2022-03-25,GBP,6072.6,6072.6,bacs,BNK968734
RCP-2022-00122,SI-2022-00052,RECEIPT,2022-04-05,EUR,4409.63,3678.6,BACS,BNK424369
RCP-2022-00123,SI-2022-00054,RECEIPT,2022-04-18,EUR,1056.5,889.33,BACS,BNK986062
RCP-2022-00124,SI-2022-00062,RECEIPT,2022-03-18,USD,3716.07,2888.61,CARD,BNK860873
RCP-2022-00125,SI-2022-00070,RECEIPT,2022-04-08,GBP,3449.5,3449.5,BACS,BNK374730
RCP-2022-00126,SI-2022-00073,RECEIPT,2022-03-25,GBP,14088.97,14088.97,BACS,BNK874657
RCP-2022-00127,SI-2022-00075,RECEIPT,2022-03-17,GBP,14242.78,14242.78,BACS,BNK489100
RCP-2022-00128,SI-2022-00088,RECEIPT,2022-03-28,EUR,4810.97,4053.12,CHEQUE,BNK776865
RCP-2022-00129,SI-2022-00090,RECEIPT,2022-04-15,GBP,1374.96,1374.96,CARD,BNK748572
RCP-2022-00130,SI-2022-00091,RECEIPT,2022-04-06,EUR,18524.56,15465.36,BACS,BNK329537
RCP-2022-00131,SI-2022-00092,RECEIPT,2022-04-15,GBP,12421.2,12421.2,CHEQUE,BNK851760
RCP-2022-00132,SI-2022-00094,RECEIPT,2022-04-22,GBP,6645.24,6645.24,BACS,BNK280156
RCP-2022-00133,SI-2022-00096,RECEIPT,2022-04-08,GBP,5857.24,5857.24,CHEQUE,BNK703525
RCP-2022-00134,SI-2022-00099,RECEIPT,2022-04-15,GBP,23167.48,23167.48,CHEQUE,BNK408729
RCP-2022-00135,SI-2022-00101,RECEIPT,2022-04-29,GBP,25126.36,25126.36,CHEQUE,BNK861467
RCP-2022-00136,SI-2022-00102,RECEIPT,2022-04-29,GBP,19506.04,19506.04,BACS,BNK174153
RCP-2022-00137,SI-2022-00109,RECEIPT,2022-04-15,GBP,34240.87,34240.87,BACS,BNK365622
RCP-2022-00138,SI-2022-00114,RECEIPT,2022-04-14,GBP,2567.64,2567.64,CARD,BNK260523
RCP-2022-00139,SI-2022-00120,RECEIPT,2022-04-01,GBP,22075.67,22075.67,CARD,BNK406783
RCP-2022-00140,SI-2022-00121,RECEIPT,2022-04-29,GBP,17025.67,17025.67,CHEQUE,BNK818675
RCP-2022-00141,SI-2022-00124,RECEIPT,2022-04-01,GBP,4767.83,4767.83,BACS,BNK866252
RCP-2022-00142,SI-2022-00125,RECEIPT,2022-04-25,GBP,9531.74,9531.74,CARD,BNK396548
RCP-2022-00143,SI-2022-00126,RECEIPT,2022-04-12,GBP,2663.72,2663.72,BACS,BNK430711
RCP-2022-00144,SI-2022-00127,RECEIPT,2022-04-15,EUR,9414.65,7889.08,cheque,BNK557414
RCP-2022-00145,SI-2022-00128,RECEIPT,2022-04-28,EUR,35029.07,29798.91,BACS,BNK210849
RCP-2022-00146,SI-2022-00129,RECEIPT,2022-04-21,GBP,3048.97,3048.97,BACS,BNK230046
RCP-2022-00147,SI-2022-00131,RECEIPT,2022-04-29,EUR,6420.77,5433.85,BACS,BNK786415
RCP-2022-00148,SI-2022-00134,RECEIPT,2022-04-19,GBP,8550.07,8550.07,CHEQUE,BNK110861
RCP-2022-00149,SI-2022-00138,RECEIPT,2022-04-29,GBP,12926.05,12926.05,BACS,BNK429846
RCP-2022-00150,SI-2022-00139,RECEIPT,2022-04-25,GBP,5279.63,5279.63,BACS,BNK863238
RCP-2022-00151,SI-2022-00141,RECEIPT,2022-04-22,USD,17981.71,14285.35,CHEQUE,BNK971304
RCP-2022-00152,SI-2022-00143,RECEIPT,2022-04-20,EUR,3664.3,3094.03,BACS,BNK186769
PAY-2022-00153,PI-2022-00027,PAYMENT,2022-03-25,EUR,7867.72,6627.27,DD,BNK838153
PAY-2022-00154,PI-2022-00037,PAYMENT,2022-04-15,GBP,3382.66,3382.66,DD,BNK852790
PAY-2022-00155,PI-2022-00042,PAYMENT,2022-03-18,GBP,1197.58,1197.58,BACS,BNK557884
PAY-2022-00156,PI-2022-00047,PAYMENT,2022-03-25,USD,1254.89,999.48,DD,BNK811985
PAY-2022-00157,PI-2022-00049,PAYMENT,2022-04-05,GBP,7716.61,7716.61,CHEQUE,BNK764454
PAY-2022-00158,PI-2022-00054,PAYMENT,2022-04-08,GBP,2841.55,2841.55,BACS,BNK928937
PAY-2022-00159,PI-2022-00056,PAYMENT,2022-04-25,GBP,8216.04,8216.04,CHEQUE,BNK158054
PAY-2022-00160,PI-2022-00057,PAYMENT,2022-04-18,GBP,5180.59,5180.59,DD,BNK342310
PAY-2022-00161,PI-2022-00060,PAYMENT,2022-04-13,GBP,5733.05,5733.05,CHEQUE,BNK414690
PAY-2022-00162,PI-2022-00062,PAYMENT,2022-03-23,EUR,607.05,512.99,DD,BNK629311
PAY-2022-00163,PI-2022-00064,PAYMENT,2022-04-22,EUR,827.94,704.69,BACS,BNK998921
PAY-2022-00164,PI-2022-00068,PAYMENT,2022-04-22,GBP,4003.31,4003.31,BACS,BNK634143
PAY-2022-00165,PI-2022-00070,PAYMENT,2022-04-28,GBP,35727.31,35727.31,CHEQUE,BNK916533
PAY-2022-00166,PI-2022-00071,PAYMENT,2022-04-06,EUR,12374.92,10331.29,BACS,BNK657548
PAY-2022-00167,PI-2022-00072,PAYMENT,2022-04-20,GBP,29923.09,29923.09,cheque,BNK143299
PAY-2022-00168,PI-2022-00074,PAYMENT,2022-04-15,EUR,17288.61,14487.13,DD,BNK268900
PAY-2022-00169,PI-2022-00075,PAYMENT,2022-04-08,GBP,2424.19,2424.19,CHEQUE,BNK581377
PAY-2022-00170,PI-2022-00077,PAYMENT,2022-04-22,GBP,6625.13,6625.13,CHEQUE,BNK796790
PAY-2022-00171,PI-2022-00078,PAYMENT,2022-04-20,EUR,1132.41,956.17,BACS,BNK999477
PAY-2022-00172,PI-2022-00079,PAYMENT,2022-04-27,USD,2901.12,2279.33,CHEQUE,BNK871856
PAY-2022-00173,PI-2022-00080,PAYMENT,2022-04-14,EUR,1506.03,1258.82,DD,BNK951707
PAY-2022-00174,PI-2022-00082,PAYMENT,2022-04-22,EUR,611.22,520.23,DD,BNK360859
PAY-2022-00175,PI-2022-00085,PAYMENT,2022-04-22,GBP,10910.02,10910.02,BACS,BNK145074
PAY-2022-00176,PI-2022-00088,PAYMENT,2022-04-08,GBP,3158.9,3158.9,CHEQUE,BNK424908
PAY-2022-00177,PI-2022-00089,PAYMENT,2022-04-11,EUR,1505.88,1252.36,BACS,BNK231570
PAY-2022-00178,PI-2022-00090,PAYMENT,2022-04-29,GBP,2332.1,2332.1,CHEQUE,BNK815745
PAY-2022-00179,PI-2022-00091,PAYMENT,2022-03-28,EUR,5059.2,4262.25,BACS,BNK410464
PAY-2022-00180,PI-2022-00092,PAYMENT,2022-04-08,GBP,10155.9,10155.9,DD,BNK821870
PAY-2022-00181,PI-2022-00093,PAYMENT,2022-04-27,USD,2666.85,2095.27,DD,BNK632314
PAY-2022-00182,PI-2022-00094,PAYMENT,2022-04-22,USD,4479.16,3558.41,BACS,BNK225587
PAY-2022-00183,PI-2022-00096,PAYMENT,2022-04-15,USD,4073.77,3245.69,DD,BNK896178
PAY-2022-00184,PI-2022-00097,PAYMENT,2022-04-26,GBP,19677.2,19677.2,BACS,BNK127408
PAY-2022-00185,PI-2022-00098,PAYMENT,2022-04-15,EUR,2832.17,2373.24,BACS,BNK737996
PAY-2022-00186,PI-2022-00099,PAYMENT,2022-04-26,USD,425.1,336.77,BACS,BNK632686
PAY-2022-00187,PI-2022-00125,PAYMENT,2022-04-22,EUR,997.64,849.12,CHEQUE,BNK358505
PAY-2022-00188,PI-2022-00127,PAYMENT,2022-04-29,GBP,1137.35,1137.35,DD,BNK510327
PAY-2022-00189,PI-2022-00131,PAYMENT,2022-04-25,EUR,1634.76,1398.31,BACS,BNK364977
RCP-2022-00190,SI-2022-00020,RECEIPT,2022-04-18,EUR,5829.62,4907.2,bacs,BNK177667
RCP-2022-00191,SI-2022-00028,RECEIPT,2022-03-25,EUR,7455.96,6280.43,BACS,BNK182338
RCP-2022-00192,SI-2022-00036,RECEIPT,2022-05-23,EUR,10020.21,8139.08,CARD,BNK495157
RCP-2022-00193,SI-2022-00048,RECEIPT,2022-04-15,GBP,29412.35,29412.35,BACS,BNK128151
RCP-2022-00194,SI-2022-00049,RECEIPT,2022-05-04,EUR,8684.77,7306.17,BACS,BNK886811
RCP-2022-00195,SI-2022-00055,RECEIPT,2022-04-08,GBP,6953.24,6953.24,BACS,BNK424613
RCP-2022-00196,SI-2022-00064,RECEIPT,2022-05-04,GBP,4580.89,4580.89,CHEQUE,BNK335310
RCP-2022-00197,SI-2022-00065,RECEIPT,2022-04-26,GBP,10151.14,10151.14,BACS,BNK986078
RCP-2022-00198,SI-2022-00066,RECEIPT,2022-05-19,EUR,3788.62,3079.3,BACS,BNK591935
RCP-2022-00199,SI-2022-00071,RECEIPT,2022-05-25,GBP,10689.0,10689.0,CHEQUE,BNK198063
RCP-2022-00200,SI-2022-00074,RECEIPT,2022-05-27,EUR,6466.09,5291.49,BACS,BNK298056
RCP-2022-00201,SI-2022-00085,RECEIPT,2022-05-02,GBP,5589.66,5589.66,BACS,BNK346230
RCP-2022-00202,SI-2022-00089,RECEIPT,2022-04-15,GBP,15018.54,15018.54,CHEQUE,BNK552287
RCP-2022-00203,SI-2022-00097,RECEIPT,2022-04-01,GBP,46905.97,46905.97,BACS,BNK433185
RCP-2022-00204,SI-2022-00098,RECEIPT,2022-05-16,GBP,8664.31,8664.31,BACS,BNK780772
RCP-2022-00205,SI-2022-00103,RECEIPT,2022-05-27,GBP,10491.18,10491.18,BACS,BNK276854
RCP-2022-00206,SI-2022-00104,RECEIPT,2022-04-25,GBP,9151.5,9151.5,BACS,BNK160096
RCP-2022-00207,SI-2022-00105,RECEIPT,2022-04-18,USD,3208.03,2550.08,CARD,BNK548331
RCP-2022-00208,SI-2022-00111,RECEIPT,2022-05-24,GBP,4327.58,4327.58,BACS,BNK684277
RCP-2022-00209,SI-2022-00112,RECEIPT,2022-05-13,GBP,10813.2,10813.2,CARD,BNK896353
RCP-2022-00210,SI-2022-00116,RECEIPT,2022-05-12,GBP,43403.64,43403.64,BACS,BNK516719
RCP-2022-00211,SI-2022-00117,RECEIPT,2022-05-06,USD,2558.44,2000.72,CARD,BNK534720
RCP-2022-00212,SI-2022-00130,RECEIPT,2022-05-02,GBP,17484.58,17484.58,CARD,BNK499090
RCP-2022-00213,SI-2022-00137,RECEIPT,2022-04-27,GBP,3887.06,3887.06,cheque,BNK235864
RCP-2022-00214,SI-2022-00142,RECEIPT,2022-05-12,USD,6627.7,5149.25,BACS,BNK475672
RCP-2022-00215,SI-2022-00144,RECEIPT,2022-05-27,EUR,2927.99,2396.1,BACS,BNK604448
RCP-2022-00216,SI-2022-00146,RECEIPT,2022-05-13,GBP,11961.16,11961.16,CHEQUE,BNK899159
RCP-2022-00217,SI-2022-00149,RECEIPT,2022-05-13,EUR,32362.62,26686.51,BACS,BNK375773
RCP-2022-00218,SI-2022-00150,RECEIPT,2022-05-19,EUR,3039.02,2470.05,BACS,BNK291003
RCP-2022-00219,SI-2022-00152,RECEIPT,2022-05-13,GBP,39550.61,39550.61,CHEQUE,BNK353285
RCP-2022-00220,SI-2022-00153,RECEIPT,2022-05-13,GBP,19481.8,19481.8,BACS,BNK706261
RCP-2022-00221,SI-2022-00154,RECEIPT,2022-05-24,GBP,19096.92,19096.92,BACS,BNK418719
RCP-2022-00222,SI-2022-00159,RECEIPT,2022-05-19,GBP,3860.14,3860.14,CHEQUE,BNK103728
RCP-2022-00223,SI-2022-00162,RECEIPT,2022-05-13,GBP,16048.03,16048.03,BACS,BNK425542
RCP-2022-00224,SI-2022-00164,RECEIPT,2022-05-03,GBP,14968.32,14968.32,BACS,BNK207257
RCP-2022-00225,SI-2022-00165,RECEIPT,2022-05-23,GBP,7617.79,7617.79,BACS,BNK800602
RCP-2022-00226,SI-2022-00170,RECEIPT,2022-05-30,GBP,6854.71,6854.71,BACS,BNK519600
RCP-2022-00227,SI-2022-00171,RECEIPT,2022-05-19,GBP,13724.99,13724.99,BACS,BNK783013
RCP-2022-00228,SI-2022-00172,RECEIPT,2022-05-27,EUR,12251.49,10025.93,CARD,BNK407463
RCP-2022-00229,SI-2022-00174,RECEIPT,2022-05-09,GBP,1526.0,1526.0,CARD,BNK599532
RCP-2022-00230,SI-2022-00180,RECEIPT,2022-05-06,EUR,57256.74,47977.03,CARD,BNK316748
RCP-2022-00231,SI-2022-00182,RECEIPT,2022-05-20,EUR,13614.18,11135.17,CHEQUE,BNK698487
RCP-2022-00232,SI-2022-00183,RECEIPT,2022-05-23,GBP,16616.8,16616.8,CHEQUE,BNK705115
RCP-2022-00233,SI-2022-00184,RECEIPT,2022-05-23,EUR,4040.1,3281.64,BACS,BNK465003
RCP-2022-00234,SI-2022-00186,RECEIPT,2022-05-13,USD,4372.38,3414.51,BACS,BNK800073
RCP-2022-00235,SI-2022-00187,RECEIPT,2022-05-27,USD,2797.1,2199.04,CHEQUE,BNK255566
RCP-2022-00236,SI-2022-00188,RECEIPT,2022-05-06,GBP,3629.57,3629.57,bacs,BNK535993
RCP-2022-00237,SI-2022-00194,RECEIPT,2022-05-27,GBP,9008.23,9008.23,BACS,BNK490152
RCP-2022-00238,SI-2022-00195,RECEIPT,2022-05-26,GBP,7093.43,7093.43,CARD,BNK793605
PAY-2022-00239,PI-2022-00046,PAYMENT,2022-04-27,EUR,4087.71,3490.43,BACS,BNK464182
PAY-2022-00240,PI-2022-00055,PAYMENT,2022-05-06,GBP,1793.68,1793.68,CHEQUE,BNK713967
PAY-2022-00241,PI-2022-00073,PAYMENT,2022-04-29,GBP,528.13,528.13,BACS,BNK538897
PAY-2022-00242,PI-2022-00076,PAYMENT,2022-04-28,EUR,888.84,756.13,DD,BNK110875
PAY-2022-00243,PI-2022-00081,PAYMENT,2022-04-22,GBP,527.38,527.38,DD,BNK316028
PAY-2022-00244,PI-2022-00083,PAYMENT,2022-05-20,EUR,696.99,570.08,DD,BNK195164
PAY-2022-00245,PI-2022-00084,PAYMENT,2022-04-29,GBP,1406.08,1406.08,CHEQUE,BNK773292
PAY-2022-00246,PI-2022-00086,PAYMENT,2022-05-17,EUR,992.8,808.81,BACS,BNK821745
PAY-2022-00247,PI-2022-00087,PAYMENT,2022-05-06,GBP,2259.13,2259.13,BACS,BNK705944
PAY-2022-00248,PI-2022-00095,PAYMENT,2022-05-25,EUR,1056.18,862.55,DD,BNK934471
PAY-2022-00249,PI-2022-00100,PAYMENT,2022-04-22,GBP,12646.75,12646.75,BACS,BNK579890
PAY-2022-00250,PI-2022-00101,PAYMENT,2022-05-06,EUR,2435.84,2041.06,BACS,BNK431547
PAY-2022-00251,PI-2022-00102,PAYMENT,2022-04-20,GBP,1207.28,1207.28,DD,BNK653012
PAY-2022-00252,PI-2022-00103,PAYMENT,2022-05-09,EUR,9156.41,7660.59,BACS,BNK949725
PAY-2022-00253,PI-2022-00105,PAYMENT,2022-05-25,GBP,44321.92,44321.92,DD,BNK902113
PAY-2022-00254,PI-2022-00107,PAYMENT,2022-05-20,GBP,3221.16,3221.16,CHEQUE,BNK267610
PAY-2022-00255,PI-2022-00110,PAYMENT,2022-05-12,EUR,852.46,706.3,BACS,BNK719626
PAY-2022-00256,PI-2022-00113,PAYMENT,2022-05-04,EUR,2845.16,2393.52,CHEQUE,BNK346084
PAY-2022-00257,PI-2022-00120,PAYMENT,2022-05-27,GBP,8724.42,8724.42,BACS,BNK319417
PAY-2022-00258,PI-2022-00121,PAYMENT,2022-04-26,EUR,3249.53,2789.08,BACS,BNK882154
PAY-2022-00259,PI-2022-00122,PAYMENT,2022-05-12,GBP,4791.04,4791.04,cheque,BNK878712
PAY-2022-00260,PI-2022-00124,PAYMENT,2022-05-26,EUR,2567.75,2089.62,DD,BNK542253
PAY-2022-00261,PI-2022-00129,PAYMENT,2022-05-18,GBP,2330.64,2330.64,BACS,BNK862180
PAY-2022-00262,PI-2022-00135,PAYMENT,2022-05-31,GBP,2964.72,2964.72,BACS,BNK869456
PAY-2022-00263,PI-2022-00136,PAYMENT,2022-05-13,GBP,316.93,316.93,CHEQUE,BNK811564
PAY-2022-00264,PI-2022-00140,PAYMENT,2022-05-31,EUR,1241.73,1019.58,DD,BNK996800
RCP-2022-00265,SI-2022-00045,RECEIPT,2022-05-02,EUR,2243.8,1885.01,BACS,BNK105608
RCP-2022-00266,SI-2022-00050,RECEIPT,2022-05-20,USD,2515.26,1972.03,CHEQUE,BNK454695
RCP-2022-00267,SI-2022-00061,RECEIPT,2022-05-24,USD,11038.77,8738.4,BACS,BNK656941
RCP-2022-00268,SI-2022-00083,RECEIPT,2022-05-20,EUR,5524.45,4518.5,CARD,BNK848845
RCP-2022-00269,SI-2022-00093,RECEIPT,2022-06-16,USD,7485.98,5836.21,CARD,BNK757255
RCP-2022-00270,SI-2022-00095,RECEIPT,2022-05-20,GBP,5373.16,5373.16,BACS,BNK364475
RCP-2022-00271,SI-2022-00100,RECEIPT,2022-06-23,GBP,20402.11,20402.11,BACS,BNK538713
RCP-2022-00272,SI-2022-00107,RECEIPT,2022-04-22,EUR,7675.73,6533.05,BACS,BNK569983
RCP-2022-00273,SI-2022-00108,RECEIPT,2022-06-21,GBP,20159.3,20159.3,BACS,BNK704945
RCP-2022-00274,SI-2022-00113,RECEIPT,2022-06-17,EUR,30885.59,25540.65,BACS,BNK932590
RCP-2022-00275,SI-2022-00118,RECEIPT,2022-05-27,GBP,10947.83,10947.83,BACS,BNK631180
RCP-2022-00276,SI-2022-00119,RECEIPT,2022-05-30,EUR,6709.89,5508.33,BACS,BNK618448
RCP-2022-00277,SI-2022-00122,RECEIPT,2022-06-17,EUR,13742.79,11364.52,BACS,BNK666085
RCP-2022-00278,SI-2022-00123,RECEIPT,2022-04-15,EUR,13141.3,11011.86,CHEQUE,BNK534210
RCP-2022-00279,SI-2022-00133,RECEIPT,2022-06-23,EUR,7164.69,5990.38,BACS,BNK653689
RCP-2022-00280,SI-2022-00145,RECEIPT,2022-05-20,EUR,14165.48,11586.09,CHEQUE,BNK407838
RCP-2022-00281,SI-2022-00147,RECEIPT,2022-06-22,EUR,7908.38,6587.99,BACS,BNK427029
RCP-2022-00282,SI-2022-00148,RECEIPT,2022-05-17,GBP,22002.16,22002.16,bacs,BNK884987
RCP-2022-00283,SI-2022-00151,RECEIPT,2022-06-27,EUR,6255.77,5190.63,BACS,BNK500198
RCP-2022-00284,SI-2022-00155,RECEIPT,2022-05-30,GBP,12580.36,12580.36,CARD,BNK186056
RCP-2022-00285,SI-2022-00156,RECEIPT,2022-05-09,GBP,10535.83,10535.83,CARD,BNK648866
RCP-2022-00286,SI-2022-00158,RECEIPT,2022-05-09,EUR,7623.63,6378.21,CHEQUE,BNK309418
RCP-2022-00287,SI-2022-00163,RECEIPT,2022-05-20,GBP,7055.65,7055.65,CARD,BNK609700
RCP-2022-00288,SI-2022-00169,RECEIPT,2022-06-29,EUR,19360.13,15908.33,BACS,BNK838166
RCP-2022-00289,SI-2022-00173,RECEIPT,2022-05-20,USD,3156.63,2474.88,BACS,BNK130935
RCP-2022-00290,SI-2022-00177,RECEIPT,2022-06-15,GBP,35728.88,35728.88,BACS,BNK725720
RCP-2022-00291,SI-2022-00178,RECEIPT,2022-06-17,GBP,18685.57,18685.57,BACS,BNK209272
RCP-2022-00292,SI-2022-00179,RECEIPT,2022-05-13,GBP,3084.32,3084.32,BACS,BNK459719
RCP-2022-00293,SI-2022-00185,RECEIPT,2022-05-27,GBP,9654.97,9654.97,CHEQUE,BNK728099
RCP-2022-00294,SI-2022-00189,RECEIPT,2022-06-20,GBP,3069.28,3069.28,BACS,BNK551582
RCP-2022-00295,SI-2022-00192,RECEIPT,2022-06-21,GBP,6607.98,6607.98,CARD,BNK443383
RCP-2022-00296,SI-2022-00193,RECEIPT,2022-06-09,GBP,21729.14,21729.14,BACS,BNK670033
RCP-2022-00297,SI-2022-00197,RECEIPT,2022-06-10,GBP,22781.77,22781.77,BACS,BNK670705
RCP-2022-00298,SI-2022-00200,RECEIPT,2022-06-29,GBP,4486.68,4486.68,BACS,BNK328116
RCP-2022-00299,SI-2022-00204,RECEIPT,2022-06-14,GBP,10006.03,10006.03,CARD,BNK166025
RCP-2022-00300,SI-2022-00209,RECEIPT,2022-06-03,GBP,14751.86,14751.86,BACS,BNK296005
RCP-2022-00301,SI-2022-00214,RECEIPT,2022-06-29,GBP,13377.43,13377.43,CHEQUE,BNK385927
RCP-2022-00302,SI-2022-00216,RECEIPT,2022-06-30,GBP,35832.6,35832.6,BACS,BNK397758
RCP-2022-00303,SI-2022-00218,RECEIPT,2022-06-13,GBP,6086.87,6086.87,CHEQUE,BNK844928
RCP-2022-00304,SI-2022-00219,RECEIPT,2022-06-27,GBP,19040.76,19040.76,CARD,BNK550162
RCP-2022-00305,SI-2022-00221,RECEIPT,2022-06-27,USD,5275.26,4138.92,card,BNK425717
RCP-2022-00306,SI-2022-00223,RECEIPT,2022-06-03,GBP,7253.96,7253.96,CARD,BNK192377
RCP-2022-00307,SI-2022-00224,RECEIPT,2022-06-03,GBP,3149.02,3149.02,BACS,BNK104590
RCP-2022-00308,SI-2022-00227,RECEIPT,2022-06-27,GBP,14946.76,14946.76,CHEQUE,BNK324486
RCP-2022-00309,SI-2022-00228,RECEIPT,2022-06-03,GBP,11715.07,11715.07,CHEQUE,BNK930805
RCP-2022-00310,SI-2022-00229,RECEIPT,2022-06-07,EUR,2280.75,1865.54,CARD,BNK224588
RCP-2022-00311,SI-2022-00232,RECEIPT,2022-06-22,GBP,10209.98,10209.98,BACS,BNK379361
RCP-2022-00312,SI-2022-00235,RECEIPT,2022-06-03,GBP,3105.02,3105.02,CHEQUE,BNK654783
RCP-2022-00313,SI-2022-00238,RECEIPT,2022-06-17,EUR,7347.38,6075.87,CHEQUE,BNK637977
RCP-2022-00314,SI-2022-00240,RECEIPT,2022-05-25,GBP,3433.87,3433.87,CHEQUE,BNK686099
RCP-2022-00315,SI-2022-00246,RECEIPT,2022-06-28,GBP,1238.74,1238.74,CARD,BNK158772
RCP-2022-00316,SI-2022-00283,RECEIPT,2022-06-24,GBP,15201.65,15201.65,BACS,BNK969591
PAY-2022-00317,PI-2022-00104,PAYMENT,2022-05-26,GBP,3463.02,3463.02,BACS,BNK725551
PAY-2022-00318,PI-2022-00106,PAYMENT,2022-06-13,EUR,6435.58,5267.17,DD,BNK117316
PAY-2022-00319,PI-2022-00108,PAYMENT,2022-06-10,GBP,9662.53,9662.53,BACS,BNK360660
PAY-2022-00320,PI-2022-00109,PAYMENT,2022-05-20,USD,7397.96,5800.19,CHEQUE,BNK198604
PAY-2022-00321,PI-2022-00112,PAYMENT,2022-06-03,GBP,27747.71,27747.71,BACS,BNK925319
PAY-2022-00322,PI-2022-00116,PAYMENT,2022-06-03,EUR,11991.91,9811.59,CHEQUE,BNK382609
PAY-2022-00323,PI-2022-00117,PAYMENT,2022-06-10,GBP,1859.15,1859.15,CHEQUE,BNK364690
PAY-2022-00324,PI-2022-00118,PAYMENT,2022-06-07,EUR,2981.81,2438.97,BACS,BNK437187
PAY-2022-00325,PI-2022-00119,PAYMENT,2022-06-24,GBP,12191.82,12191.82,BACS,BNK253910
PAY-2022-00326,PI-2022-00123,PAYMENT,2022-05-26,GBP,9974.46,9974.46,BACS,BNK930647
PAY-2022-00327,PI-2022-00126,PAYMENT,2022-06-24,EUR,734.44,611.6,BACS,BNK190370
PAY-2022-00328,PI-2022-00128,PAYMENT,2022-06-17,GBP,3081.83,3081.83,bacs,BNK912961
PAY-2022-00329,PI-2022-00130,PAYMENT,2022-06-03,GBP,15782.29,15782.29,CHEQUE,BNK448796
PAY-2022-00330,PI-2022-00132,PAYMENT,2022-06-03,GBP,3541.45,3541.45,DD,BNK782793
PAY-2022-00331,PI-2022-00133,PAYMENT,2022-05-20,EUR,2640.8,2159.94,CHEQUE,BNK461533
PAY-2022-00332,PI-2022-00134,PAYMENT,2022-06-07,GBP,5720.0,5720.0,CHEQUE,BNK566418
PAY-2022-00333,PI-2022-00137,PAYMENT,2022-05-25,EUR,833.38,680.6,BACS,BNK467403
PAY-2022-00334,PI-2022-00139,PAYMENT,2022-06-10,GBP,20006.08,20006.08,BACS,BNK226985
PAY-2022-00335,PI-2022-00147,PAYMENT,2022-06-17,GBP,3724.93,3724.93,BACS,BNK272912
PAY-2022-00336,PI-2022-00150,PAYMENT,2022-06-10,GBP,554.56,554.56,BACS,BNK790858
PAY-2022-00337,PI-2022-00151,PAYMENT,2022-06-22,GBP,1482.24,1482.24,BACS,BNK521000
PAY-2022-00338,PI-2022-00152,PAYMENT,2022-06-15,USD,6769.25,5264.75,BACS,BNK737806
PAY-2022-00339,PI-2022-00153,PAYMENT,2022-06-03,EUR,3920.25,3207.49,BACS,BNK654246
PAY-2022-00340,PI-2022-00154,PAYMENT,2022-06-10,EUR,329.64,271.48,BACS,BNK556338
PAY-2022-00341,PI-2022-00155,PAYMENT,2022-06-24,USD,2356.34,1860.42,DD,BNK506786
PAY-2022-00342,PI-2022-00156,PAYMENT,2022-06-08,GBP,245.08,245.08,CHEQUE,BNK435234
PAY-2022-00343,PI-2022-00157,PAYMENT,2022-06-24,GBP,1331.38,1331.38,BACS,BNK193770
PAY-2022-00344,PI-2022-00158,PAYMENT,2022-06-03,EUR,1147.87,939.17,DD,BNK748270
PAY-2022-00345,PI-2022-00161,PAYMENT,2022-06-03,EUR,220.39,180.32,DD,BNK398502
PAY-2022-00346,PI-2022-00163,PAYMENT,2022-06-07,USD,302.68,236.74,DD,BNK657949
PAY-2022-00347,PI-2022-00164,PAYMENT,2022-06-15,EUR,726.02,595.5,BACS,BNK752333
PAY-2022-00348,PI-2022-00167,PAYMENT,2022-06-10,EUR,6767.52,5573.49,DD,BNK743500
PAY-2022-00349,PI-2022-00180,PAYMENT,2022-06-16,EUR,446.29,364.72,BACS,BNK945011
RCP-2022-00350,SI-2022-00072,RECEIPT,2022-05-26,EUR,7493.01,6097.77,BACS,BNK816596
RCP-2022-00351,SI-2022-00106,RECEIPT,2022-07-29,EUR,7203.24,5947.41,bacs,BNK904175
RCP-2022-00352,SI-2022-00115,RECEIPT,2022-06-30,GBP,13420.56,13420.56,BACS,BNK403994
RCP-2022-00353,SI-2022-00132,RECEIPT,2022-06-24,GBP,16720.38,16720.38,CARD,BNK427867
RCP-2022-00354,SI-2022-00136,RECEIPT,2022-07-01,EUR,15973.35,12933.69,CARD,BNK254049
RCP-2022-00355,SI-2022-00157,RECEIPT,2022-07-05,EUR,19996.28,16131.38,BACS,BNK507297
RCP-2022-00356,SI-2022-00160,RECEIPT,2022-07-13,GBP,17908.94,17908.94,BACS,BNK500258
RCP-2022-00357,SI-2022-00161,RECEIPT,2022-07-29,GBP,6799.52,6799.52,BACS,BNK859608
RCP-2022-00358,SI-2022-00166,RECEIPT,2022-05-12,GBP,25278.6,25278.6,BACS,BNK385279
RCP-2022-00359,SI-2022-00175,RECEIPT,2022-07-29,EUR,15280.82,12616.73,CHEQUE,BNK813855
RCP-2022-00360,SI-2022-00176,RECEIPT,2022-07-14,USD,27853.77,21471.22,BACS,BNK593077
RCP-2022-00361,SI-2022-00196,RECEIPT,2022-06-17,GBP,27303.65,27303.65,CHEQUE,BNK811715
RCP-2022-00362,SI-2022-00198,RECEIPT,2022-06-16,USD,11582.53,9029.96,BACS,BNK144728
RCP-2022-00363,SI-2022-00199,RECEIPT,2022-06-23,GBP,28586.44,28586.44,CHEQUE,BNK668597
RCP-2022-00364,SI-2022-00202,RECEIPT,2022-07-15,GBP,14456.75,14456.75,BACS,BNK638633
RCP-2022-00365,SI-2022-00203,RECEIPT,2022-06-07,EUR,12082.26,9882.7,BACS,BNK379738
RCP-2022-00366,SI-2022-00205,RECEIPT,2022-06-29,GBP,7448.45,7448.45,BACS,BNK457048
RCP-2022-00367,SI-2022-00207,RECEIPT,2022-07-26,EUR,10647.51,8813.1,BACS,BNK306054
RCP-2022-00368,SI-2022-00210,RECEIPT,2022-07-19,EUR,4476.09,3705.56,BACS,BNK861785
RCP-2022-00369,SI-2022-00211,RECEIPT,2022-07-26,EUR,31150.07,25783.38,BACS,BNK742709
RCP-2022-00370,SI-2022-00213,RECEIPT,2022-06-24,GBP,2366.03,2366.03,BACS,BNK436242
RCP-2022-00371,SI-2022-00215,RECEIPT,2022-07-28,GBP,4230.89,4230.89,CARD,BNK697253
RCP-2022-00372,SI-2022-00217,RECEIPT,2022-07-08,EUR,9568.64,7757.55,BACS,BNK683925
RCP-2022-00373,SI-2022-00222,RECEIPT,2022-06-07,GBP,10577.14,10577.14,CHEQUE,BNK953956
RCP-2022-00374,SI-2022-00225,RECEIPT,2022-06-10,GBP,4262.24,4262.24,card,BNK100732
RCP-2022-00375,SI-2022-00230,RECEIPT,2022-07-14,GBP,4271.32,4271.32,BACS,BNK719875
RCP-2022-00376,SI-2022-00231,RECEIPT,2022-07-04,USD,7176.77,5548.92,BACS,BNK912871
RCP-2022-00377,SI-2022-00233,RECEIPT,2022-07-22,GBP,3954.97,3954.97,BACS,BNK313135
RCP-2022-00378,SI-2022-00236,RECEIPT,2022-07-05,GBP,18729.64,18729.64,BACS,BNK856817
RCP-2022-00379,SI-2022-00237,RECEIPT,2022-07-05,GBP,30175.46,30175.46,CARD,BNK515792
RCP-2022-00380,SI-2022-00239,RECEIPT,2022-07-15,GBP,21112.52,21112.52,CHEQUE,BNK735118
RCP-2022-00381,SI-2022-00244,RECEIPT,2022-07-08,GBP,25473.62,25473.62,BACS,BNK681708
RCP-2022-00382,SI-2022-00247,RECEIPT,2022-07-29,USD,13889.91,10582.58,CHEQUE,BNK693183
RCP-2022-00383,SI-2022-00249,RECEIPT,2022-07-19,GBP,12566.7,12566.7,CHEQUE,BNK329485
RCP-2022-00384,SI-2022-00250,RECEIPT,2022-07-28,GBP,18769.09,18769.09,BACS,BNK723274
RCP-2022-00385,SI-2022-00253,RECEIPT,2022-07-01,GBP,67443.86,67443.86,CHEQUE,BNK906483
RCP-2022-00386,SI-2022-00256,RECEIPT,2022-07-05,GBP,8617.06,8617.06,CARD,BNK675959
RCP-2022-00387,SI-2022-00258,RECEIPT,2022-07-07,GBP,9850.19,9850.19,CARD,BNK799352
RCP-2022-00388,SI-2022-00262,RECEIPT,2022-07-21,USD,23851.86,18226.35,BACS,BNK867697
RCP-2022-00389,SI-2022-00263,RECEIPT,2022-07-01,GBP,17200.54,17200.54,CHEQUE,BNK223232
RCP-2022-00390,SI-2022-00265,RECEIPT,2022-07-18,GBP,33316.12,33316.12,CHEQUE,BNK924198
RCP-2022-00391,SI-2022-00268,RECEIPT,2022-07-20,GBP,7804.86,7804.86,BACS,BNK431550
RCP-2022-00392,SI-2022-00269,RECEIPT,2022-06-30,EUR,14745.51,11983.96,BACS,BNK138437
RCP-2022-00393,SI-2022-00272,RECEIPT,2022-07-26,GBP,12535.75,12535.75,BACS,BNK999586
RCP-2022-00394,SI-2022-00274,RECEIPT,2022-07-15,EUR,21662.9,17718.22,CHEQUE,BNK658535
RCP-2022-00395,SI-2022-00275,RECEIPT,2022-07-06,GBP,2305.92,2305.92,CARD,BNK455447
RCP-2022-00396,SI-2022-00277,RECEIPT,2022-07-21,USD,17321.32,13236.05,CARD,BNK888142
RCP-2022-00397,SI-2022-00279,RECEIPT,2022-07-22,EUR,5696.16,4701.27,bacs,BNK930147
RCP-2022-00398,SI-2022-00291,RECEIPT,2022-07-22,GBP,3144.77,3144.77,CARD,BNK948825
RCP-2022-00399,SI-2022-00306,RECEIPT,2022-07-15,EUR,14666.53,11995.84,CARD,BNK665526
PAY-2022-00400,PI-2022-00111,PAYMENT,2022-06-24,EUR,6693.57,5573.98,BACS,BNK543758
PAY-2022-00401,PI-2022-00114,PAYMENT,2022-07-11,GBP,2808.24,2808.24,DD,BNK987118
PAY-2022-00402,PI-2022-00115,PAYMENT,2022-06-28,GBP,6629.71,6629.71,BACS,BNK796179
PAY-2022-00403,PI-2022-00138,PAYMENT,2022-07-04,EUR,1700.79,1370.38,BACS,BNK262795
PAY-2022-00404,PI-2022-00141,PAYMENT,2022-06-24,GBP,2023.37,2023.37,DD,BNK144781
PAY-2022-00405,PI-2022-00142,PAYMENT,2022-06-29,GBP,3079.66,3079.66,BACS,BNK866451
PAY-2022-00406,PI-2022-00143,PAYMENT,2022-07-22,GBP,12947.06,12947.06,BACS,BNK170386
PAY-2022-00407,PI-2022-00144,PAYMENT,2022-07-22,GBP,26417.26,26417.26,BACS,BNK254695
PAY-2022-00408,PI-2022-00145,PAYMENT,2022-07-22,GBP,11858.94,11858.94,DD,BNK457246
PAY-2022-00409,PI-2022-00146,PAYMENT,2022-07-04,EUR,865.81,697.61,BACS,BNK173251
PAY-2022-00410,PI-2022-00148,PAYMENT,2022-07-12,GBP,6808.97,6808.97,BACS,BNK179728
PAY-2022-00411,PI-2022-00149,PAYMENT,2022-07-29,GBP,4862.38,4862.38,CHEQUE,BNK917412
PAY-2022-00412,PI-2022-00159,PAYMENT,2022-07-27,EUR,412.68,342.34,BACS,BNK984920
PAY-2022-00413,PI-2022-00160,PAYMENT,2022-07-08,EUR,9179.16,7441.78,BACS,BNK250872
PAY-2022-00414,PI-2022-00162,PAYMENT,2022-06-24,USD,537.43,424.32,BACS,BNK615903
PAY-2022-00415,PI-2022-00165,PAYMENT,2022-06-29,EUR,536.15,440.56,BACS,BNK600560
PAY-2022-00416,PI-2022-00166,PAYMENT,2022-07-26,EUR,12748.23,10551.9,BACS,BNK716897
PAY-2022-00417,PI-2022-00169,PAYMENT,2022-07-01,EUR,3798.73,3075.85,DD,BNK355099
PAY-2022-00418,PI-2022-00171,PAYMENT,2022-07-14,GBP,271.7,271.7,BACS,BNK194045
PAY-2022-00419,PI-2022-00172,PAYMENT,2022-07-15,USD,523.04,403.17,BACS,BNK422029
PAY-2022-00420,PI-2022-00173,PAYMENT,2022-07-21,GBP,34501.79,34501.79,bacs,BNK355553
PAY-2022-00421,PI-2022-00175,PAYMENT,2022-07-06,GBP,453.6,453.6,BACS,BNK663575
PAY-2022-00422,PI-2022-00178,PAYMENT,2022-07-19,GBP,276.58,276.58,BACS,BNK595471
PAY-2022-00423,PI-2022-00179,PAYMENT,2022-07-26,EUR,821.25,679.76,DD,BNK726747
PAY-2022-00424,PI-2022-00181,PAYMENT,2022-06-20,GBP,1552.22,1552.22,BACS,BNK313351
PAY-2022-00425,PI-2022-00182,PAYMENT,2022-07-22,EUR,15325.24,12648.53,BACS,BNK979190
PAY-2022-00426,PI-2022-00183,PAYMENT,2022-07-29,GBP,49864.06,49864.06,CHEQUE,BNK999711
PAY-2022-00427,PI-2022-00184,PAYMENT,2022-07-15,EUR,322.09,263.44,BACS,BNK317140
PAY-2022-00428,PI-2022-00185,PAYMENT,2022-07-21,EUR,22375.54,18437.71,BACS,BNK254163
PAY-2022-00429,PI-2022-00187,PAYMENT,2022-07-21,GBP,1605.42,1605.42,BACS,BNK165610
PAY-2022-00430,PI-2022-00188,PAYMENT,2022-07-22,EUR,738.45,609.47,BACS,BNK498847
PAY-2022-00431,PI-2022-00189,PAYMENT,2022-07-28,EUR,1966.13,1627.7,CHEQUE,BNK520932
PAY-2022-00432,PI-2022-00190,PAYMENT,2022-07-22,USD,1161.15,887.63,BACS,BNK868355
PAY-2022-00433,PI-2022-00193,PAYMENT,2022-07-13,EUR,1238.53,1013.03,BACS,BNK464424
PAY-2022-00434,PI-2022-00195,PAYMENT,2022-07-13,EUR,782.2,639.79,DD,BNK273819
PAY-2022-00435,PI-2022-00196,PAYMENT,2022-07-15,GBP,3780.72,3780.72,DD,BNK852976
PAY-2022-00436,PI-2022-00221,PAYMENT,2022-07-29,GBP,18943.8,18943.8,CHEQUE,BNK715207
PAY-2022-00437,PI-2022-00231,PAYMENT,2022-07-29,GBP,18634.13,18634.13,CHEQUE,BNK810199
PAY-2022-00438,PI-2022-00234,PAYMENT,2022-07-18,EUR,23193.62,19033.84,BACS,BNK869050
RCP-2022-00439,SI-2022-00140,RECEIPT,2022-07-13,GBP,3006.17,3006.17,CHEQUE,BNK351766
RCP-2022-00440,SI-2022-00167,RECEIPT,2022-07-08,USD,6543.98,5093.81,BACS,BNK646034
RCP-2022-00441,SI-2022-00168,RECEIPT,2022-06-29,EUR,1370.56,1126.2,BACS,BNK287237
RCP-2022-00442,SI-2022-00181,RECEIPT,2022-07-22,GBP,18023.69,18023.69,CHEQUE,BNK853099
RCP-2022-00443,SI-2022-00190,RECEIPT,2022-06-17,EUR,6472.46,5352.36,cheque,BNK517025
RCP-2022-00444,SI-2022-00201,RECEIPT,2022-08-18,GBP,3439.66,3439.66,BACS,BNK777298
RCP-2022-00445,SI-2022-00206,RECEIPT,2022-08-25,EUR,14880.26,11725.94,CHEQUE,BNK271986
RCP-2022-00446,SI-2022-00208,RECEIPT,2022-07-22,GBP,38278.19,38278.19,BACS,BNK839414
RCP-2022-00447,SI-2022-00220,RECEIPT,2022-08-25,USD,10900.41,8297.85,BACS,BNK923072
RCP-2022-00448,SI-2022-00234,RECEIPT,2022-08-12,GBP,3846.43,3846.43,BACS,BNK391344
RCP-2022-00449,SI-2022-00241,RECEIPT,2022-08-31,EUR,13767.21,11007.52,BACS,BNK974961
RCP-2022-00450,SI-2022-00242,RECEIPT,2022-07-27,GBP,18913.85,18913.85,BACS,BNK318074
RCP-2022-00451,SI-2022-00243,RECEIPT,2022-07-22,USD,41575.7,31782.04,BACS,BNK807961
RCP-2022-00452,SI-2022-00245,RECEIPT,2022-08-10,GBP,4498.73,4498.73,BACS,BNK907359
RCP-2022-00453,SI-2022-00252,RECEIPT,2022-07-29,GBP,12628.15,12628.15,BACS,BNK294891
RCP-2022-00454,SI-2022-00254,RECEIPT,2022-08-18,GBP,6805.58,6805.58,CHEQUE,BNK150480
RCP-2022-00455,SI-2022-00259,RECEIPT,2022-07-29,GBP,3309.07,3309.07,BACS,BNK151670
RCP-2022-00456,SI-2022-00260,RECEIPT,2022-08-24,GBP,6102.13,6102.13,BACS,BNK198670
RCP-2022-00457,SI-2022-00264,RECEIPT,2022-07-28,GBP,6122.12,6122.12,CARD,BNK857360
RCP-2022-00458,SI-2022-00273,RECEIPT,2022-08-02,GBP,15934.26,15934.26,BACS,BNK601485
RCP-2022-00459,SI-2022-00276,RECEIPT,2022-08-22,GBP,8036.75,8036.75,CARD,BNK268903
RCP-2022-00460,SI-2022-00278,RECEIPT,2022-08-03,USD,13992.41,10712.55,BACS,BNK710447
RCP-2022-00461,SI-2022-00282,RECEIPT,2022-07-22,USD,11837.78,9049.25,BACS,BNK523217
RCP-2022-00462,SI-2022-00284,RECEIPT,2022-07-18,GBP,32622.54,32622.54,CHEQUE,BNK993629
RCP-2022-00463,SI-2022-00286,RECEIPT,2022-07-27,GBP,11139.29,11139.29,CARD,BNK262298
RCP-2022-00464,SI-2022-00287,RECEIPT,2022-07-25,GBP,11948.42,11948.42,CHEQUE,BNK349723
RCP-2022-00465,SI-2022-00289,RECEIPT,2022-08-11,EUR,18453.08,14873.2,CHEQUE,BNK343302
RCP-2022-00466,SI-2022-00292,RECEIPT,2022-08-12,GBP,10544.8,10544.8,cheque,BNK698364
RCP-2022-00467,SI-2022-00294,RECEIPT,2022-08-05,GBP,15084.31,15084.31,BACS,BNK741663
RCP-2022-00468,SI-2022-00296,RECEIPT,2022-08-12,GBP,8001.24,8001.24,BACS,BNK723885
RCP-2022-00469,SI-2022-00297,RECEIPT,2022-08-01,EUR,18742.97,15384.53,BACS,BNK401238
RCP-2022-00470,SI-2022-00299,RECEIPT,2022-08-11,GBP,7779.32,7779.32,CARD,BNK245214
RCP-2022-00471,SI-2022-00300,RECEIPT,2022-08-29,GBP,18411.85,18411.85,CARD,BNK766595
RCP-2022-00472,SI-2022-00301,RECEIPT,2022-07-22,GBP,3753.34,3753.34,BACS,BNK889363
RCP-2022-00473,SI-2022-00304,RECEIPT,2022-08-26,EUR,2891.42,2286.05,BACS,BNK746514
RCP-2022-00474,SI-2022-00305,RECEIPT,2022-08-04,GBP,1074.07,1074.07,CHEQUE,BNK372579
RCP-2022-00475,SI-2022-00312,RECEIPT,2022-08-19,GBP,26330.44,26330.44,BACS,BNK136945
RCP-2022-00476,SI-2022-00317,RECEIPT,2022-08-19,USD,15159.13,11541.05,CHEQUE,BNK412938
RCP-2022-00477,SI-2022-00321,RECEIPT,2022-08-09,GBP,3405.52,3405.52,BACS,BNK964296
RCP-2022-00478,SI-2022-00324,RECEIPT,2022-08-12,GBP,47851.09,47851.09,BACS,BNK675978
RCP-2022-00479,SI-2022-00326,RECEIPT,2022-08-12,EUR,10639.27,8560.47,CARD,BNK253336
RCP-2022-00480,SI-2022-00327,RECEIPT,2022-08-12,USD,7859.21,6023.55,CARD,BNK152077
RCP-2022-00481,SI-2022-00330,RECEIPT,2022-08-29,GBP,12067.52,12067.52,CARD,BNK120818
RCP-2022-00482,SI-2022-00331,RECEIPT,2022-08-18,GBP,6307.16,6307.16,CHEQUE,BNK881733
RCP-2022-00483,SI-2022-00332,RECEIPT,2022-08-19,GBP,10649.22,10649.22,CARD,BNK804276
RCP-2022-00484,SI-2022-00334,RECEIPT,2022-08-30,EUR,8658.72,6898.25,BACS,BNK442337
RCP-2022-00485,SI-2022-00335,RECEIPT,2022-08-26,GBP,11876.39,11876.39,BACS,BNK897304
RCP-2022-00486,SI-2022-00344,RECEIPT,2022-08-30,EUR,13751.96,10955.94,CHEQUE,BNK310786
RCP-2022-00487,SI-2022-00372,RECEIPT,2022-08-19,GBP,6600.92,6600.92,BACS,BNK814665
PAY-2022-00488,PI-2022-00168,PAYMENT,2022-08-08,EUR,515.44,419.33,CHEQUE,BNK606919
PAY-2022-00489,PI-2022-00170,PAYMENT,2022-08-29,EUR,495.32,395.53,bacs,BNK764580
PAY-2022-00490,PI-2022-00174,PAYMENT,2022-08-31,GBP,1578.52,1578.52,BACS,BNK924807
PAY-2022-00491,PI-2022-00176,PAYMENT,2022-08-16,EUR,18308.2,14614.19,CHEQUE,BNK700613
PAY-2022-00492,PI-2022-00177,PAYMENT,2022-08-05,GBP,1441.91,1441.91,BACS,BNK910766
PAY-2022-00493,PI-2022-00186,PAYMENT,2022-08-09,GBP,15679.16,15679.16,BACS,BNK233750
PAY-2022-00494,PI-2022-00191,PAYMENT,2022-07-22,EUR,4527.9,3737.06,DD,BNK562317
PAY-2022-00495,PI-2022-00192,PAYMENT,2022-07-22,GBP,2210.81,2210.81,BACS,BNK782819
PAY-2022-00496,PI-2022-00194,PAYMENT,2022-08-26,GBP,1896.97,1896.97,BACS,BNK838334
PAY-2022-00497,PI-2022-00197,PAYMENT,2022-08-19,GBP,25188.55,25188.55,CHEQUE,BNK662220
PAY-2022-00498,PI-2022-00198,PAYMENT,2022-08-04,GBP,10730.1,10730.1,CHEQUE,BNK818085
PAY-2022-00499,PI-2022-00200,PAYMENT,2022-08-19,GBP,8001.25,8001.25,BACS,BNK712542
PAY-2022-00500,PI-2022-00201,PAYMENT,2022-08-18,GBP,4221.66,4221.66,DD,BNK402846
PAY-2022-00501,PI-2022-00202,PAYMENT,2022-08-12,GBP,784.81,784.81,BACS,BNK977396
PAY-2022-00502,PI-2022-00204,PAYMENT,2022-08-22,EUR,1021.36,808.15,DD,BNK205094
PAY-2022-00503,PI-2022-00205,PAYMENT,2022-08-12,EUR,290.04,233.37,DD,BNK807967
PAY-2022-00504,PI-2022-00206,PAYMENT,2022-08-26,GBP,474.25,474.25,CHEQUE,BNK182686
PAY-2022-00505,PI-2022-00208,PAYMENT,2022-08-24,USD,3166.99,2401.31,BACS,BNK767340
PAY-2022-00506,PI-2022-00209,PAYMENT,2022-08-05,GBP,13742.76,13742.76,DD,BNK294285
PAY-2022-00507,PI-2022-00210,PAYMENT,2022-08-23,GBP,2614.39,2614.39,BACS,BNK680946
PAY-2022-00508,PI-2022-00211,PAYMENT,2022-08-19,USD,30315.51,23080.02,CHEQUE,BNK543963
PAY-2022-00509,PI-2022-00212,PAYMENT,2022-08-24,EUR,1030.75,816.54,CHEQUE,BNK826772
PAY-2022-00510,PI-2022-00213,PAYMENT,2022-08-05,EUR,2204.26,1794.46,DD,BNK648505
PAY-2022-00511,PI-2022-00217,PAYMENT,2022-08-03,EUR,15971.28,13061.03,DD,BNK257716
PAY-2022-00512,PI-2022-00218,PAYMENT,2022-08-25,USD,876.64,667.34,cheque,BNK275315
PAY-2022-00513,PI-2022-00219,PAYMENT,2022-08-17,GBP,51267.36,51267.36,BACS,BNK807835
PAY-2022-00514,PI-2022-00220,PAYMENT,2022-08-26,GBP,3043.36,3043.36,BACS,BNK475902
PAY-2022-00515,PI-2022-00222,PAYMENT,2022-08-05,EUR,794.69,646.95,CHEQUE,BNK345421
PAY-2022-00516,PI-2022-00225,PAYMENT,2022-08-10,EUR,13187.38,10637.13,BACS,BNK146652
PAY-2022-00517,PI-2022-00227,PAYMENT,2022-08-19,EUR,3168.83,2524.06,DD,BNK167348
PAY-2022-00518,PI-2022-00228,PAYMENT,2022-08-17,GBP,2829.9,2829.9,BACS,BNK153688
PAY-2022-00519,PI-2022-00230,PAYMENT,2022-08-26,USD,11472.28,8741.11,BACS,BNK130499
PAY-2022-00520,PI-2022-00232,PAYMENT,2022-08-11,EUR,2669.18,2151.36,BACS,BNK691205
PAY-2022-00521,PI-2022-00233,PAYMENT,2022-08-30,GBP,1608.06,1608.06,DD,BNK725476
PAY-2022-00522,PI-2022-00235,PAYMENT,2022-08-30,USD,18828.5,14210.72,CHEQUE,BNK342190
PAY-2022-00523,PI-2022-00262,PAYMENT,2022-08-31,EUR,469.67,375.52,BACS,BNK270874
RCP-2022-00524,SI-2022-00191,RECEIPT,2022-09-30,EUR,4215.23,3472.19,BACS,BNK490625
RCP-2022-00525,SI-2022-00212,RECEIPT,2022-09-02,EUR,5854.71,4656.45,BACS,BNK205977
RCP-2022-00526,SI-2022-00226,RECEIPT,2022-09-02,GBP,2231.72,2231.72,BACS,BNK841131
RCP-2022-00527,SI-2022-00248,RECEIPT,2022-09-06,GBP,31793.04,31793.04,BACS,BNK293246
RCP-2022-00528,SI-2022-00251,RECEIPT,2022-07-28,GBP,4075.3,4075.3,BACS,BNK750527
RCP-2022-00529,SI-2022-00255,RECEIPT,2022-09-23,GBP,7178.76,7178.76,BACS,BNK122958
RCP-2022-00530,SI-2022-00257,RECEIPT,2022-09-23,EUR,7997.28,6425.93,BACS,BNK267428
RCP-2022-00531,SI-2022-00261,RECEIPT,2022-08-12,USD,7449.59,5709.6,BACS,BNK486500
RCP-2022-00532,SI-2022-00267,RECEIPT,2022-08-03,GBP,30125.34,30125.34,BACS,BNK852568
RCP-2022-00533,SI-2022-00270,RECEIPT,2022-09-12,EUR,3171.55,2560.62,CHEQUE,BNK228089
RCP-2022-00534,SI-2022-00271,RECEIPT,2022-09-30,USD,5930.77,4451.3,BACS,BNK772111
RCP-2022-00535,SI-2022-00280,RECEIPT,2022-08-26,USD,10741.74,8184.49,bacs,BNK813713
RCP-2022-00536,SI-2022-00285,RECEIPT,2022-08-23,EUR,6615.8,5226.31,BACS,BNK617543
RCP-2022-00537,SI-2022-00290,RECEIPT,2022-09-20,GBP,17302.25,17302.25,CARD,BNK156570
RCP-2022-00538,SI-2022-00295,RECEIPT,2022-09-14,EUR,9373.88,7580.34,BACS,BNK411358
RCP-2022-00539,SI-2022-00298,RECEIPT,2022-09-20,EUR,15405.63,12345.96,BACS,BNK629853
RCP-2022-00540,SI-2022-00302,RECEIPT,2022-08-17,EUR,8225.19,6583.86,BACS,BNK283151
RCP-2022-00541,SI-2022-00307,RECEIPT,2022-09-02,EUR,4217.87,3354.62,BACS,BNK689569
RCP-2022-00542,SI-2022-00308,RECEIPT,2022-09-19,GBP,9125.35,9125.35,BACS,BNK101250
RCP-2022-00543,SI-2022-00311,RECEIPT,2022-09-02,GBP,5580.91,5580.91,CARD,BNK496787
RCP-2022-00544,SI-2022-00315,RECEIPT,2022-09-06,GBP,22898.36,22898.36,CARD,BNK814096
RCP-2022-00545,SI-2022-00318,RECEIPT,2022-08-26,EUR,9216.14,7286.57,BACS,BNK318495
RCP-2022-00546,SI-2022-00320,RECEIPT,2022-09-13,GBP,26739.71,26739.71,BACS,BNK611506
RCP-2022-00547,SI-2022-00322,RECEIPT,2022-08-24,GBP,10037.2,10037.2,CARD,BNK709895
RCP-2022-00548,SI-2022-00328,RECEIPT,2022-09-09,GBP,8353.82,8353.82,BACS,BNK914978
RCP-2022-00549,SI-2022-00329,RECEIPT,2022-09-30,GBP,7604.2,7604.2,BACS,BNK750516
RCP-2022-00550,SI-2022-00336,RECEIPT,2022-09-27,EUR,10709.3,8765.97,BACS,BNK852560
RCP-2022-00551,SI-2022-00340,RECEIPT,2022-09-23,GBP,10183.08,10183.08,BACS,BNK699681
RCP-2022-00552,SI-2022-00341,RECEIPT,2022-09-08,GBP,31295.16,31295.16,CARD,BNK856544
RCP-2022-00553,SI-2022-00347,RECEIPT,2022-09-09,EUR,5392.38,4344.12,CARD,BNK498499
RCP-2022-00554,SI-2022-00348,RECEIPT,2022-09-15,GBP,16941.67,16941.67,BACS,BNK840054
RCP-2022-00555,SI-2022-00351,RECEIPT,2022-09-23,EUR,9587.66,7703.83,BACS,BNK727049
RCP-2022-00556,SI-2022-00352,RECEIPT,2022-09-27,EUR,13884.64,11365.11,BACS,BNK421415
RCP-2022-00557,SI-2022-00353,RECEIPT,2022-08-26,GBP,13204.79,13204.79,BACS,BNK831902
RCP-2022-00558,SI-2022-00354,RECEIPT,2022-09-09,GBP,18391.72,18391.72,bacs,BNK847205
RCP-2022-00559,SI-2022-00355,RECEIPT,2022-09-30,GBP,7133.9,7133.9,BACS,BNK974312
RCP-2022-00560,SI-2022-00359,RECEIPT,2022-09-15,EUR,19000.41,15336.73,BACS,BNK934401
RCP-2022-00561,SI-2022-00366,RECEIPT,2022-09-09,GBP,68487.49,68487.49,BACS,BNK258136
RCP-2022-00562,SI-2022-00369,RECEIPT,2022-09-30,EUR,4270.56,3517.77,CARD,BNK183649
RCP-2022-00563,SI-2022-00391,RECEIPT,2022-09-28,GBP,4107.88,4107.88,CHEQUE,BNK321745
RCP-2022-00564,SI-2022-00407,RECEIPT,2022-09-23,GBP,17827.94,17827.94,BACS,BNK935496
PAY-2022-00565,PI-2022-00199,PAYMENT,2022-07-27,USD,16566.47,12684.61,BACS,BNK497794
PAY-2022-00566,PI-2022-00203,PAYMENT,2022-09-20,GBP,8655.34,8655.34,BACS,BNK157987
PAY-2022-00567,PI-2022-00207,PAYMENT,2022-09-02,EUR,1188.69,945.41,BACS,BNK275136
PAY-2022-00568,PI-2022-00215,PAYMENT,2022-09-08,EUR,4090.81,3295.03,DD,BNK781496
PAY-2022-00569,PI-2022-00216,PAYMENT,2022-08-26,USD,7158.81,5454.53,DD,BNK406249
PAY-2022-00570,PI-2022-00223,PAYMENT,2022-08-18,GBP,6386.86,6386.86,BACS,BNK254610
PAY-2022-00571,PI-2022-00224,PAYMENT,2022-09-23,GBP,7591.16,7591.16,BACS,BNK628969
PAY-2022-00572,PI-2022-00226,PAYMENT,2022-08-26,GBP,17655.6,17655.6,CHEQUE,BNK825751
PAY-2022-00573,PI-2022-00229,PAYMENT,2022-08-19,EUR,11742.36,9353.1,BACS,BNK960532
PAY-2022-00574,PI-2022-00236,PAYMENT,2022-09-09,GBP,1627.67,1627.67,DD,BNK721992
PAY-2022-00575,PI-2022-00237,PAYMENT,2022-09-27,EUR,12476.99,10212.89,BACS,BNK107513
PAY-2022-00576,PI-2022-00238,PAYMENT,2022-09-02,EUR,262.13,208.48,BACS,BNK231476
PAY-2022-00577,PI-2022-00239,PAYMENT,2022-09-12,EUR,5411.01,4368.7,CHEQUE,BNK709478
PAY-2022-00578,PI-2022-00240,PAYMENT,2022-09-22,GBP,2856.9,2856.9,BACS,BNK833152
PAY-2022-00579,PI-2022-00242,PAYMENT,2022-09-09,GBP,13178.58,13178.58,DD,BNK211557
PAY-2022-00580,PI-2022-00247,PAYMENT,2022-09-29,EUR,6317.9,5185.28,CHEQUE,BNK246887
PAY-2022-00581,PI-2022-00248,PAYMENT,2022-09-23,GBP,1072.42,1072.42,dd,BNK876707
PAY-2022-00582,PI-2022-00249,PAYMENT,2022-09-09,EUR,13023.14,10491.49,DD,BNK679969
PAY-2022-00583,PI-2022-00250,PAYMENT,2022-09-14,EUR,24330.35,19675.13,DD,BNK685914
PAY-2022-00584,PI-2022-00253,PAYMENT,2022-09-23,USD,6556.34,4956.83,BACS,BNK175763
PAY-2022-00585,PI-2022-00254,PAYMENT,2022-09-09,USD,1051.38,798.68,CHEQUE,BNK338657
PAY-2022-00586,PI-2022-00256,PAYMENT,2022-09-16,GBP,4552.58,4552.58,BACS,BNK201199
PAY-2022-00587,PI-2022-00257,PAYMENT,2022-09-23,GBP,1398.28,1398.28,DD,BNK925221
PAY-2022-00588,PI-2022-00261,PAYMENT,2022-08-19,EUR,1233.16,982.24,BACS,BNK157758
PAY-2022-00589,PI-2022-00263,PAYMENT,2022-09-20,EUR,1168.75,936.63,BACS,BNK123897
PAY-2022-00590,PI-2022-00266,PAYMENT,2022-09-16,GBP,1208.86,1208.86,BACS,BNK704388
PAY-2022-00591,PI-2022-00268,PAYMENT,2022-09-23,GBP,2441.29,2441.29,BACS,BNK469650
PAY-2022-00592,PI-2022-00269,PAYMENT,2022-08-31,EUR,3233.4,2585.25,BACS,BNK822024
PAY-2022-00593,PI-2022-00270,PAYMENT,2022-09-22,EUR,1217.05,977.49,BACS,BNK876179
PAY-2022-00594,PI-2022-00287,PAYMENT,2022-09-30,EUR,20082.51,16542.49,BACS,BNK959326
PAY-2022-00595,PI-2022-00294,PAYMENT,2022-09-16,EUR,9502.88,7661.22,BACS,BNK946323
RCP-2022-00596,SI-2022-00288,RECEIPT,2022-10-31,USD,4806.27,3724.46,CARD,BNK807614
RCP-2022-00597,SI-2022-00293,RECEIPT,2022-10-13,EUR,23364.81,19505.81,BACS,BNK955619
RCP-2022-00598,SI-2022-00303,RECEIPT,2022-08-18,EUR,12823.96,10288.65,BACS,BNK741542
RCP-2022-00599,SI-2022-00309,RECEIPT,2022-09-02,GBP,9887.87,9887.87,BACS,BNK390067
RCP-2022-00600,SI-2022-00310,RECEIPT,2022-09-09,GBP,15408.62,15408.62,CHEQUE,BNK276539
RCP-2022-00601,SI-2022-00313,RECEIPT,2022-09-19,GBP,5443.24,5443.24,CARD,BNK141353
RCP-2022-00602,SI-2022-00314,RECEIPT,2022-10-10,EUR,23127.41,19205.26,BACS,BNK209053
RCP-2022-00603,SI-2022-00319,RECEIPT,2022-10-13,GBP,42218.12,42218.12,BACS,BNK804992
RCP-2022-00604,SI-2022-00323,RECEIPT,2022-10-21,USD,42582.21,32654.3,card,BNK920598
RCP-2022-00605,SI-2022-00325,RECEIPT,2022-09-26,EUR,4279.94,3472.84,CARD,BNK452193
RCP-2022-00606,SI-2022-00333,RECEIPT,2022-09-26,GBP,5939.6,5939.6,BACS,BNK184230
RCP-2022-00607,SI-2022-00337,RECEIPT,2022-10-31,EUR,23122.0,19403.75,BACS,BNK121689
RCP-2022-00608,SI-2022-00339,RECEIPT,2022-09-30,GBP,25926.66,25926.66,BACS,BNK715840
RCP-2022-00609,SI-2022-00342,RECEIPT,2022-10-03,GBP,15970.1,15970.1,CARD,BNK933962
RCP-2022-00610,SI-2022-00343,RECEIPT,2022-10-10,GBP,52906.38,52906.38,CARD,BNK636915
RCP-2022-00611,SI-2022-00345,RECEIPT,2022-09-30,USD,30173.36,22646.4,BACS,BNK654039
RCP-2022-00612,SI-2022-00346,RECEIPT,2022-10-07,GBP,18581.95,18581.95,BACS,BNK417826
RCP-2022-00613,SI-2022-00356,RECEIPT,2022-10-14,EUR,24221.35,20265.08,BACS,BNK567073
RCP-2022-00614,SI-2022-00361,RECEIPT,2022-09-02,GBP,4046.46,4046.46,BACS,BNK870819
RCP-2022-00615,SI-2022-00367,RECEIPT,2022-10-26,GBP,12511.67,12511.67,BACS,BNK756200
RCP-2022-00616,SI-2022-00368,RECEIPT,2022-09-30,USD,4109.99,3084.72,CARD,BNK344411
RCP-2022-00617,SI-2022-00373,RECEIPT,2022-09-06,GBP,18904.99,18904.99,BACS,BNK424764
RCP-2022-00618,SI-2022-00374,RECEIPT,2022-09-23,EUR,7257.5,5831.51,BACS,BNK462475
RCP-2022-00619,SI-2022-00377,RECEIPT,2022-10-19,GBP,10033.98,10033.98,CARD,BNK437374
RCP-2022-00620,SI-2022-00380,RECEIPT,2022-10-18,EUR,2741.59,2295.75,BACS,BNK369523
RCP-2022-00621,SI-2022-00381,RECEIPT,2022-10-21,GBP,9159.23,9159.23,CHEQUE,BNK970432
RCP-2022-00622,SI-2022-00382,RECEIPT,2022-09-29,GBP,5815.4,5815.4,BACS,BNK666884
RCP-2022-00623,SI-2022-00385,RECEIPT,2022-09-30,EUR,2120.92,1747.06,BACS,BNK646190
RCP-2022-00624,SI-2022-00388,RECEIPT,2022-10-07,GBP,4083.61,4083.61,CARD,BNK594653
RCP-2022-00625,SI-2022-00393,RECEIPT,2022-10-14,EUR,10176.92,8514.64,BACS,BNK541888
RCP-2022-00626,SI-2022-00394,RECEIPT,2022-10-07,GBP,8224.93,8224.93,BACS,BNK872160
RCP-2022-00627,SI-2022-00395,RECEIPT,2022-10-14,GBP,17224.51,17224.51,bacs,BNK504377
RCP-2022-00628,SI-2022-00402,RECEIPT,2022-10-07,EUR,2449.61,2034.27,BACS,BNK294116
RCP-2022-00629,SI-2022-00403,RECEIPT,2022-09-30,EUR,8257.4,6801.84,CARD,BNK838962
RCP-2022-00630,SI-2022-00404,RECEIPT,2022-10-28,GBP,18169.88,18169.88,BACS,BNK806630
RCP-2022-00631,SI-2022-00409,RECEIPT,2022-10-21,GBP,22460.42,22460.42,BACS,BNK473062
RCP-2022-00632,SI-2022-00410,RECEIPT,2022-10-19,GBP,6470.78,6470.78,BACS,BNK629407
RCP-2022-00633,SI-2022-00411,RECEIPT,2022-10-06,GBP,5514.71,5514.71,CARD,BNK794604
RCP-2022-00634,SI-2022-00412,RECEIPT,2022-10-14,EUR,25362.68,21219.99,BACS,BNK191629
RCP-2022-00635,SI-2022-00415,RECEIPT,2022-10-27,EUR,1548.4,1290.93,CARD,BNK669147
RCP-2022-00636,SI-2022-00417,RECEIPT,2022-10-11,GBP,32116.5,32116.5,BACS,BNK351159
RCP-2022-00637,SI-2022-00440,RECEIPT,2022-10-24,GBP,5698.31,5698.31,CARD,BNK881587
RCP-2022-00638,SI-2022-00454,RECEIPT,2022-10-21,GBP,14874.78,14874.78,BACS,BNK378129
RCP-2022-00639,SI-2022-00459,RECEIPT,2022-10-27,GBP,33788.69,33788.69,CHEQUE,BNK199300
RCP-2022-00640,SI-2022-00474,RECEIPT,2022-10-31,GBP,32994.85,32994.85,CHEQUE,BNK804292
RCP-2022-00641,SI-2022-00476,RECEIPT,2022-10-21,GBP,6358.34,6358.34,BACS,BNK959540
PAY-2022-00642,PI-2022-00214,PAYMENT,2022-10-04,EUR,696.41,575.69,BACS,BNK999171
PAY-2022-00643,PI-2022-00241,PAYMENT,2022-09-30,EUR,896.17,738.2,BACS,BNK751028
PAY-2022-00644,PI-2022-00243,PAYMENT,2022-10-20,EUR,4421.72,3687.76,BACS,BNK228541
PAY-2022-00645,PI-2022-00244,PAYMENT,2022-09-23,GBP,2826.48,2826.48,BACS,BNK474366
PAY-2022-00646,PI-2022-00245,PAYMENT,2022-10-07,EUR,642.26,533.36,DD,BNK948711
PAY-2022-00647,PI-2022-00246,PAYMENT,2022-09-28,EUR,4186.6,3422.64,BACS,BNK963461
PAY-2022-00648,PI-2022-00251,PAYMENT,2022-10-28,GBP,5170.49,5170.49,BACS,BNK159912
PAY-2022-00649,PI-2022-00252,PAYMENT,2022-09-28,GBP,3269.66,3269.66,CHEQUE,BNK827694
PAY-2022-00650,PI-2022-00255,PAYMENT,2022-10-18,EUR,3657.31,3062.55,bacs,BNK863899
PAY-2022-00651,PI-2022-00258,PAYMENT,2022-09-30,GBP,1594.09,1594.09,CHEQUE,BNK205834
PAY-2022-00652,PI-2022-00259,PAYMENT,2022-10-07,GBP,2017.98,2017.98,DD,BNK330851
PAY-2022-00653,PI-2022-00260,PAYMENT,2022-10-03,EUR,3928.55,3255.72,CHEQUE,BNK369785
PAY-2022-00654,PI-2022-00264,PAYMENT,2022-09-23,GBP,15890.88,15890.88,BACS,BNK561185
PAY-2022-00655,PI-2022-00265,PAYMENT,2022-10-03,GBP,12368.8,12368.8,DD,BNK837778
PAY-2022-00656,PI-2022-00267,PAYMENT,2022-10-19,GBP,2415.72,2415.72,DD,BNK519750
PAY-2022-00657,PI-2022-00272,PAYMENT,2022-10-28,GBP,4484.86,4484.86,BACS,BNK338541
PAY-2022-00658,PI-2022-00274,PAYMENT,2022-10-24,USD,1650.64,1278.69,DD,BNK459702
PAY-2022-00659,PI-2022-00276,PAYMENT,2022-10-07,GBP,757.73,757.73,CHEQUE,BNK272283
PAY-2022-00660,PI-2022-00277,PAYMENT,2022-10-05,GBP,10461.35,10461.35,BACS,BNK181727
PAY-2022-00661,PI-2022-00278,PAYMENT,2022-10-21,GBP,1520.86,1520.86,BACS,BNK447529
PAY-2022-00662,PI-2022-00280,PAYMENT,2022-10-28,USD,2307.37,1781.03,CHEQUE,BNK283471
PAY-2022-00663,PI-2022-00281,PAYMENT,2022-10-14,GBP,3685.3,3685.3,DD,BNK708942
PAY-2022-00664,PI-2022-00284,PAYMENT,2022-10-19,GBP,1189.68,1189.68,CHEQUE,BNK270941
PAY-2022-00665,PI-2022-00290,PAYMENT,2022-10-10,EUR,1450.25,1204.3,BACS,BNK537599
PAY-2022-00666,PI-2022-00291,PAYMENT,2022-10-12,GBP,60234.7,60234.7,BACS,BNK178770
PAY-2022-00667,PI-2022-00293,PAYMENT,2022-10-17,GBP,8520.78,8520.78,CHEQUE,BNK693971
PAY-2022-00668,PI-2022-00296,PAYMENT,2022-10-14,GBP,372.74,372.74,BACS,BNK105054
PAY-2022-00669,PI-2022-00297,PAYMENT,2022-10-05,EUR,860.92,712.37,BACS,BNK715116
PAY-2022-00670,PI-2022-00298,PAYMENT,2022-10-21,GBP,6632.92,6632.92,BACS,BNK674868
PAY-2022-00671,PI-2022-00300,PAYMENT,2022-10-17,GBP,671.69,671.69,DD,BNK915268
PAY-2022-00672,PI-2022-00302,PAYMENT,2022-10-18,USD,2356.97,1796.02,DD,BNK593952
PAY-2022-00673,PI-2022-00303,PAYMENT,2022-09-30,USD,5410.74,4060.99,bacs,BNK519680
PAY-2022-00674,PI-2022-00304,PAYMENT,2022-09-30,EUR,4710.32,3880.01,DD,BNK976310
PAY-2022-00675,PI-2022-00314,PAYMENT,2022-10-19,EUR,888.89,742.21,BACS,BNK326372
PAY-2022-00676,PI-2022-00316,PAYMENT,2022-10-28,GBP,1851.4,1851.4,BACS,BNK134765
PAY-2022-00677,PI-2022-00318,PAYMENT,2022-10-21,EUR,9219.48,7658.8,CHEQUE,BNK392350
PAY-2022-00678,PI-2022-00319,PAYMENT,2022-10-28,USD,8036.96,6203.64,CHEQUE,BNK968987
PAY-2022-00679,PI-2022-00327,PAYMENT,2022-10-24,EUR,1107.14,924.74,DD,BNK707520
RCP-2022-00680,SI-2022-00266,RECEIPT,2022-09-28,GBP,9383.23,9383.23,BACS,BNK632980
RCP-2022-00681,SI-2022-00281,RECEIPT,2022-09-16,USD,5012.2,3776.89,BACS,BNK714167
RCP-2022-00682,SI-2022-00316,RECEIPT,2022-10-28,GBP,24707.84,24707.84,CHEQUE,BNK322722
RCP-2022-00683,SI-2022-00349,RECEIPT,2022-10-04,USD,11230.69,8430.79,BACS,BNK601493
RCP-2022-00684,SI-2022-00350,RECEIPT,2022-09-20,GBP,13018.61,13018.61,CARD,BNK423383
RCP-2022-00685,SI-2022-00357,RECEIPT,2022-09-23,GBP,11750.02,11750.02,CHEQUE,BNK491291
RCP-2022-00686,SI-2022-00358,RECEIPT,2022-09-27,GBP,6191.09,6191.09,CARD,BNK560950
RCP-2022-00687,SI-2022-00362,RECEIPT,2022-11-10,EUR,7458.11,6239.96,BACS,BNK482706
RCP-2022-00688,SI-2022-00363,RECEIPT,2022-11-16,GBP,13664.54,13664.54,BACS,BNK363853
RCP-2022-00689,SI-2022-00365,RECEIPT,2022-10-24,EUR,3534.75,2952.41,CARD,BNK842895
RCP-2022-00690,SI-2022-00375,RECEIPT,2022-10-28,USD,18126.39,13991.56,CARD,BNK516708
RCP-2022-00691,SI-2022-00378,RECEIPT,2022-11-25,GBP,7909.9,7909.9,CHEQUE,BNK552004
RCP-2022-00692,SI-2022-00383,RECEIPT,2022-11-18,GBP,3878.33,3878.33,CHEQUE,BNK555776
RCP-2022-00693,SI-2022-00387,RECEIPT,2022-11-23,GBP,14552.29,14552.29,CARD,BNK975609
RCP-2022-00694,SI-2022-00390,RECEIPT,2022-11-16,EUR,5255.56,4348.06,BACS,BNK500934
RCP-2022-00695,SI-2022-00392,RECEIPT,2022-11-11,GBP,15387.84,15387.84,BACS,BNK331878
RCP-2022-00696,SI-2022-00396,RECEIPT,2022-10-31,GBP,5339.18,5339.18,cheque,BNK997450
RCP-2022-00697,SI-2022-00397,RECEIPT,2022-11-28,GBP,8525.81,8525.81,CHEQUE,BNK609685
RCP-2022-00698,SI-2022-00400,RECEIPT,2022-10-18,USD,3699.0,2818.65,BACS,BNK173158
RCP-2022-00699,SI-2022-00401,RECEIPT,2022-11-25,EUR,2624.49,2191.16,BACS,BNK976715
RCP-2022-00700,SI-2022-00405,RECEIPT,2022-11-17,EUR,14639.12,12138.0,BACS,BNK535050
RCP-2022-00701,SI-2022-00406,RECEIPT,2022-10-28,GBP,4911.23,4911.23,BACS,BNK843906
RCP-2022-00702,SI-2022-00414,RECEIPT,2022-10-14,GBP,4748.87,4748.87,BACS,BNK469298
RCP-2022-00703,SI-2022-00418,RECEIPT,2022-11-11,EUR,9242.86,7679.26,CHEQUE,BNK394736
RCP-2022-00704,SI-2022-00421,RECEIPT,2022-10-17,GBP,9992.16,9992.16,BACS,BNK999985
RCP-2022-00705,SI-2022-00424,RECEIPT,2022-11-09,EUR,12476.04,10445.85,BACS,BNK858215
RCP-2022-00706,SI-2022-00425,RECEIPT,2022-11-04,GBP,6705.54,6705.54,BACS,BNK435732
RCP-2022-00707,SI-2022-00426,RECEIPT,2022-11-24,GBP,9909.95,9909.95,BACS,BNK527215
RCP-2022-00708,SI-2022-00432,RECEIPT,2022-11-29,GBP,14206.18,14206.18,BACS,BNK429152
RCP-2022-00709,SI-2022-00433,RECEIPT,2022-11-01,EUR,1247.55,1051.41,CHEQUE,BNK237460
RCP-2022-00710,SI-2022-00435,RECEIPT,2022-11-14,GBP,6159.84,6159.84,CARD,BNK846706
RCP-2022-00711,SI-2022-00437,RECEIPT,2022-11-18,GBP,6334.82,6334.82,CARD,BNK965139
RCP-2022-00712,SI-2022-00439,RECEIPT,2022-11-17,GBP,19331.53,19331.53,BACS,BNK337524
RCP-2022-00713,SI-2022-00441,RECEIPT,2022-11-16,GBP,11472.13,11472.13,CHEQUE,BNK606823
RCP-2022-00714,SI-2022-00443,RECEIPT,2022-11-22,GBP,2408.0,2408.0,BACS,BNK638179
RCP-2022-00715,SI-2022-00444,RECEIPT,2022-11-21,GBP,7042.9,7042.9,CHEQUE,BNK802787
RCP-2022-00716,SI-2022-00448,RECEIPT,2022-10-21,EUR,8601.51,7145.44,BACS,BNK878541
RCP-2022-00717,SI-2022-00450,RECEIPT,2022-11-25,USD,12466.04,9960.19,CARD,BNK490290
RCP-2022-00718,SI-2022-00451,RECEIPT,2022-11-24,GBP,4391.8,4391.8,BACS,BNK146010
RCP-2022-00719,SI-2022-00457,RECEIPT,2022-11-11,GBP,23011.72,23011.72,cheque,BNK750574
RCP-2022-00720,SI-2022-00461,RECEIPT,2022-11-16,GBP,10985.5,10985.5,CARD,BNK569463
RCP-2022-00721,SI-2022-00462,RECEIPT,2022-11-28,GBP,5450.34,5450.34,CARD,BNK438244
RCP-2022-00722,SI-2022-00464,RECEIPT,2022-11-21,GBP,21600.92,21600.92,BACS,BNK834832
RCP-2022-00723,SI-2022-00465,RECEIPT,2022-11-25,EUR,8453.43,7057.67,BACS,BNK727418
RCP-2022-00724,SI-2022-00467,RECEIPT,2022-11-08,GBP,28153.24,28153.24,BACS,BNK300012
RCP-2022-00725,SI-2022-00468,RECEIPT,2022-11-11,EUR,3967.01,3295.92,CHEQUE,BNK558466
RCP-2022-00726,SI-2022-00469,RECEIPT,2022-11-28,GBP,17086.18,17086.18,CHEQUE,BNK704774
RCP-2022-00727,SI-2022-00473,RECEIPT,2022-11-16,USD,28358.65,22199.83,CARD,BNK570967
RCP-2022-00728,SI-2022-00475,RECEIPT,2022-11-21,GBP,2560.91,2560.91,BACS,BNK788409
RCP-2022-00729,SI-2022-00477,RECEIPT,2022-11-01,GBP,5132.3,5132.3,CHEQUE,BNK908461
RCP-2022-00730,SI-2022-00479,RECEIPT,2022-11-04,GBP,14342.29,14342.29,BACS,BNK144168
RCP-2022-00731,SI-2022-00481,RECEIPT,2022-11-07,EUR,4335.76,3644.84,BACS,BNK556241
RCP-2022-00732,SI-2022-00487,RECEIPT,2022-11-28,GBP,1374.95,1374.95,BACS,BNK242457
RCP-2022-00733,SI-2022-00488,RECEIPT,2022-11-15,EUR,9854.35,8146.0,BACS,BNK934908
RCP-2022-00734,SI-2022-00520,RECEIPT,2022-11-24,GBP,17907.46,17907.46,CARD,BNK483223
RCP-2022-00735,SI-2022-00524,RECEIPT,2022-11-23,GBP,7041.02,7041.02,BACS,BNK820245
PAY-2022-00736,PI-2022-00271,PAYMENT,2022-10-28,GBP,972.16,972.16,DD,BNK247341
PAY-2022-00737,PI-2022-00273,PAYMENT,2022-11-14,EUR,3084.48,2553.34,BACS,BNK675341
PAY-2022-00738,PI-2022-00275,PAYMENT,2022-11-23,GBP,5269.13,5269.13,BACS,BNK562614
PAY-2022-00739,PI-2022-00279,PAYMENT,2022-11-01,GBP,1748.98,1748.98,BACS,BNK704083
PAY-2022-00740,PI-2022-00282,PAYMENT,2022-11-11,EUR,388.28,322.6,BACS,BNK541859
PAY-2022-00741,PI-2022-00283,PAYMENT,2022-11-04,GBP,2693.48,2693.48,CHEQUE,BNK668870
PAY-2022-00742,PI-2022-00285,PAYMENT,2022-10-21,GBP,2132.52,2132.52,bacs,BNK542791
PAY-2022-00743,PI-2022-00286,PAYMENT,2022-11-15,EUR,2811.13,2323.79,BACS,BNK488559
PAY-2022-00744,PI-2022-00288,PAYMENT,2022-11-11,EUR,12675.1,10530.88,BACS,BNK275348
PAY-2022-00745,PI-2022-00289,PAYMENT,2022-11-15,GBP,1179.18,1179.18,BACS,BNK598590
PAY-2022-00746,PI-2022-00295,PAYMENT,2022-10-10,GBP,1746.78,1746.78,BACS,BNK303997
PAY-2022-00747,PI-2022-00299,PAYMENT,2022-11-04,GBP,20532.76,20532.76,BACS,BNK688332
PAY-2022-00748,PI-2022-00301,PAYMENT,2022-11-25,EUR,412.02,343.99,BACS,BNK226641
PAY-2022-00749,PI-2022-00306,PAYMENT,2022-11-08,GBP,6364.0,6364.0,CHEQUE,BNK618132
PAY-2022-00750,PI-2022-00307,PAYMENT,2022-11-25,USD,3127.84,2499.1,CHEQUE,BNK377453
PAY-2022-00751,PI-2022-00310,PAYMENT,2022-10-28,GBP,10443.55,10443.55,BACS,BNK774516
PAY-2022-00752,PI-2022-00311,PAYMENT,2022-11-18,EUR,7735.9,6422.99,BACS,BNK468127
PAY-2022-00753,PI-2022-00312,PAYMENT,2022-11-18,EUR,1966.05,1632.38,BACS,BNK514204
PAY-2022-00754,PI-2022-00313,PAYMENT,2022-11-25,GBP,4185.04,4185.04,BACS,BNK988996
PAY-2022-00755,PI-2022-00315,PAYMENT,2022-11-30,EUR,4000.12,3354.73,BACS,BNK996045
PAY-2022-00756,PI-2022-00317,PAYMENT,2022-11-11,GBP,1048.4,1048.4,DD,BNK970532
PAY-2022-00757,PI-2022-00320,PAYMENT,2022-11-11,GBP,2855.39,2855.39,BACS,BNK219130
PAY-2022-00758,PI-2022-00321,PAYMENT,2022-11-07,GBP,1488.83,1488.83,DD,BNK621634
PAY-2022-00759,PI-2022-00322,PAYMENT,2022-11-28,GBP,3826.37,3826.37,BACS,BNK251054
PAY-2022-00760,PI-2022-00323,PAYMENT,2022-11-29,EUR,587.65,489.36,BACS,BNK963186
PAY-2022-00761,PI-2022-00324,PAYMENT,2022-11-28,EUR,153.61,127.59,BACS,BNK143947
PAY-2022-00762,PI-2022-00325,PAYMENT,2022-11-14,GBP,2977.76,2977.76,BACS,BNK135349
PAY-2022-00763,PI-2022-00328,PAYMENT,2022-11-18,USD,790.39,624.64,BACS,BNK371645
PAY-2022-00764,PI-2022-00330,PAYMENT,2022-11-21,GBP,4419.58,4419.58,BACS,BNK935850
PAY-2022-00765,PI-2022-00333,PAYMENT,2022-11-25,GBP,6133.2,6133.2,bacs,BNK710593
PAY-2022-00766,PI-2022-00334,PAYMENT,2022-11-04,EUR,1458.26,1224.5,DD,BNK341404
PAY-2022-00767,PI-2022-00335,PAYMENT,2022-11-24,USD,1658.14,1324.68,BACS,BNK650473
PAY-2022-00768,PI-2022-00336,PAYMENT,2022-11-17,GBP,956.08,956.08,DD,BNK340903
PAY-2022-00769,PI-2022-00337,PAYMENT,2022-11-29,GBP,333.59,333.59,BACS,BNK744880
PAY-2022-00770,PI-2022-00354,PAYMENT,2022-11-23,GBP,2449.31,2449.31,BACS,BNK766044
PAY-2022-00771,PI-2022-00359,PAYMENT,2022-11-25,GBP,49419.6,49419.6,BACS,BNK698221
RCP-2022-00772,SI-2022-00338,RECEIPT,2022-10-21,GBP,8776.72,8776.72,BACS,BNK403581
RCP-2022-00773,SI-2022-00360,RECEIPT,2022-11-22,GBP,22088.24,22088.24,CARD,BNK767903
RCP-2022-00774,SI-2022-00364,RECEIPT,2022-12-19,EUR,7374.47,6050.81,BACS,BNK289463
RCP-2022-00775,SI-2022-00370,RECEIPT,2022-11-17,USD,6506.85,5117.64,CHEQUE,BNK955715
RCP-2022-00776,SI-2022-00379,RECEIPT,2022-11-02,GBP,6430.09,6430.09,BACS,BNK607261
RCP-2022-00777,SI-2022-00384,RECEIPT,2022-12-08,EUR,25789.68,21617.79,BACS,BNK479434
RCP-2022-00778,SI-2022-00389,RECEIPT,2022-12-23,EUR,2485.51,2046.13,BACS,BNK429458
RCP-2022-00779,SI-2022-00398,RECEIPT,2022-12-09,GBP,16166.54,16166.54,CHEQUE,BNK236885
RCP-2022-00780,SI-2022-00399,RECEIPT,2022-11-04,GBP,15728.18,15728.18,BACS,BNK537381
RCP-2022-00781,SI-2022-00408,RECEIPT,2022-12-16,GBP,25672.98,25672.98,BACS,BNK704452
RCP-2022-00782,SI-2022-00413,RECEIPT,2022-10-25,EUR,11093.15,9311.66,CARD,BNK808783
RCP-2022-00783,SI-2022-00416,RECEIPT,2022-12-30,USD,7138.48,5635.61,BACS,BNK770801
RCP-2022-00784,SI-2022-00420,RECEIPT,2022-12-09,GBP,3313.02,3313.02,BACS,BNK754034
RCP-2022-00785,SI-2022-00422,RECEIPT,2022-10-14,GBP,2748.86,2748.86,BACS,BNK980254
RCP-2022-00786,SI-2022-00423,RECEIPT,2022-11-15,GBP,48607.06,48607.06,CHEQUE,BNK477900
RCP-2022-00787,SI-2022-00427,RECEIPT,2022-11-30,EUR,12699.95,10650.9,BACS,BNK127425
RCP-2022-00788,SI-2022-00428,RECEIPT,2022-12-14,EUR,12878.72,10567.25,bacs,BNK939765
RCP-2022-00789,SI-2022-00430,RECEIPT,2022-12-08,EUR,2341.62,1962.83,CHEQUE,BNK559523
RCP-2022-00790,SI-2022-00431,RECEIPT,2022-12-12,GBP,13279.39,13279.39,BACS,BNK315342
RCP-2022-00791,SI-2022-00434,RECEIPT,2022-12-26,USD,15377.71,12151.11,BACS,BNK909173
RCP-2022-00792,SI-2022-00442,RECEIPT,2022-12-19,GBP,3908.12,3908.12,CHEQUE,BNK769918
RCP-2022-00793,SI-2022-00446,RECEIPT,2022-11-11,GBP,39113.27,39113.27,CARD,BNK350820
RCP-2022-00794,SI-2022-00447,RECEIPT,2022-12-16,GBP,6589.96,6589.96,BACS,BNK908070
RCP-2022-00795,SI-2022-00449,RECEIPT,2022-11-14,EUR,3334.88,2760.63,CARD,BNK382778
RCP-2022-00796,SI-2022-00452,RECEIPT,2022-12-08,GBP,7972.39,7972.39,CHEQUE,BNK632037
RCP-2022-00797,SI-2022-00453,RECEIPT,2022-12-09,GBP,12350.05,12350.05,CARD,BNK932807
RCP-2022-00798,SI-2022-00455,RECEIPT,2022-11-14,GBP,25722.95,25722.95,BACS,BNK102021
RCP-2022-00799,SI-2022-00456,RECEIPT,2022-11-23,GBP,3938.86,3938.86,BACS,BNK263351
RCP-2022-00800,SI-2022-00463,RECEIPT,2022-12-05,GBP,13235.47,13235.47,CARD,BNK216710
RCP-2022-00801,SI-2022-00471,RECEIPT,2022-12-27,GBP,43966.58,43966.58,BACS,BNK580166
RCP-2022-00802,SI-2022-00472,RECEIPT,2022-11-30,EUR,6271.08,5259.29,BACS,BNK760781
RCP-2022-00803,SI-2022-00478,RECEIPT,2022-12-08,GBP,17199.12,17199.12,CHEQUE,BNK974120
RCP-2022-00804,SI-2022-00480,RECEIPT,2022-12-06,USD,23048.42,18608.63,CHEQUE,BNK120031
RCP-2022-00805,SI-2022-00482,RECEIPT,2022-12-12,EUR,4427.89,3658.43,BACS,BNK202183
RCP-2022-00806,SI-2022-00486,RECEIPT,2022-12-21,EUR,11240.36,9252.9,BACS,BNK998198
RCP-2022-00807,SI-2022-00489,RECEIPT,2022-12-16,GBP,3279.71,3279.71,BACS,BNK152891
RCP-2022-00808,SI-2022-00492,RECEIPT,2022-12-23,EUR,8104.93,6672.18,BACS,BNK802226
RCP-2022-00809,SI-2022-00499,RECEIPT,2022-12-09,GBP,6910.22,6910.22,BACS,BNK688161
RCP-2022-00810,SI-2022-00502,RECEIPT,2022-12-23,GBP,32890.75,32890.75,CARD,BNK850788
RCP-2022-00811,SI-2022-00503,RECEIPT,2022-12-27,GBP,17245.97,17245.97,cheque,BNK416270
RCP-2022-00812,SI-2022-00504,RECEIPT,2022-12-20,GBP,5361.49,5361.49,BACS,BNK182832
RCP-2022-00813,SI-2022-00505,RECEIPT,2022-12-30,GBP,7816.37,7816.37,BACS,BNK112087
RCP-2022-00814,SI-2022-00506,RECEIPT,2022-12-08,EUR,7947.82,6662.13,BACS,BNK661373
RCP-2022-00815,SI-2022-00512,RECEIPT,2022-12-19,EUR,10207.83,8375.61,BACS,BNK773545
RCP-2022-00816,SI-2022-00516,RECEIPT,2022-12-21,GBP,16416.66,16416.66,BACS,BNK651458
RCP-2022-00817,SI-2022-00519,RECEIPT,2022-12-16,GBP,16582.15,16582.15,BACS,BNK918861
RCP-2022-00818,SI-2022-00523,RECEIPT,2022-12-09,GBP,1560.23,1560.23,BACS,BNK759651
RCP-2022-00819,SI-2022-00525,RECEIPT,2022-12-02,EUR,44671.57,37454.61,BACS,BNK295810
RCP-2022-00820,SI-2022-00526,RECEIPT,2022-12-06,GBP,8225.39,8225.39,BACS,BNK584612
RCP-2022-00821,SI-2022-00531,RECEIPT,2022-12-07,EUR,2610.21,2190.24,CHEQUE,BNK520602
RCP-2022-00822,SI-2022-00535,RECEIPT,2022-12-06,GBP,2981.63,2981.63,CARD,BNK471607
RCP-2022-00823,SI-2022-00537,RECEIPT,2022-12-22,GBP,40208.41,40208.41,BACS,BNK886334
RCP-2022-00824,SI-2022-00550,RECEIPT,2022-12-28,GBP,10698.01,10698.01,BACS,BNK120058
RCP-2022-00825,SI-2022-00562,RECEIPT,2022-12-30,GBP,54044.58,54044.58,CHEQUE,BNK189499
RCP-2022-00826,SI-2022-00566,RECEIPT,2022-12-15,GBP,7656.64,7656.64,BACS,BNK342893
RCP-2022-00827,SI-2022-00583,RECEIPT,2022-12-28,EUR,8738.35,7281.76,BACS,BNK804392
PAY-2022-00828,PI-2022-00292,PAYMENT,2022-11-04,EUR,3483.13,2924.78,CHEQUE,BNK985195
PAY-2022-00829,PI-2022-00305,PAYMENT,2022-11-25,EUR,13296.39,11101.0,BACS,BNK914995
PAY-2022-00830,PI-2022-00309,PAYMENT,2022-12-26,GBP,914.1,914.1,BACS,BNK325349
PAY-2022-00831,PI-2022-00326,PAYMENT,2022-12-09,EUR,1045.86,879.33,DD,BNK719520
PAY-2022-00832,PI-2022-00329,PAYMENT,2022-11-30,USD,11707.68,9489.07,DD,BNK409475
PAY-2022-00833,PI-2022-00332,PAYMENT,2022-12-05,GBP,181.99,181.99,BACS,BNK347916
PAY-2022-00834,PI-2022-00338,PAYMENT,2022-12-13,EUR,1412.18,1157.17,cheque,BNK456002
PAY-2022-00835,PI-2022-00340,PAYMENT,2022-12-23,GBP,621.07,621.07,BACS,BNK604139
PAY-2022-00836,PI-2022-00341,PAYMENT,2022-12-26,GBP,670.31,670.31,DD,BNK287253
PAY-2022-00837,PI-2022-00342,PAYMENT,2022-12-16,GBP,4429.04,4429.04,BACS,BNK348762
PAY-2022-00838,PI-2022-00343,PAYMENT,2022-12-02,USD,4599.07,3698.19,DD,BNK744112
PAY-2022-00839,PI-2022-00345,PAYMENT,2022-12-16,GBP,2264.22,2264.22,CHEQUE,BNK910358
PAY-2022-00840,PI-2022-00347,PAYMENT,2022-12-07,EUR,11152.59,9358.18,BACS,BNK340614
PAY-2022-00841,PI-2022-00348,PAYMENT,2022-12-19,EUR,1510.71,1239.55,BACS,BNK202669
PAY-2022-00842,PI-2022-00349,PAYMENT,2022-12-02,GBP,4392.53,4392.53,BACS,BNK667352
PAY-2022-00843,PI-2022-00350,PAYMENT,2022-12-23,USD,35227.37,28194.44,BACS,BNK195792
PAY-2022-00844,PI-2022-00352,PAYMENT,2022-12-06,EUR,1744.09,1464.1,CHEQUE,BNK803276
PAY-2022-00845,PI-2022-00355,PAYMENT,2022-12-07,GBP,2186.76,2186.76,BACS,BNK806955
PAY-2022-00846,PI-2022-00356,PAYMENT,2022-12-21,GBP,916.2,916.2,CHEQUE,BNK380778
PAY-2022-00847,PI-2022-00357,PAYMENT,2022-12-16,GBP,1471.64,1471.64,BACS,BNK867295
PAY-2022-00848,PI-2022-00361,PAYMENT,2022-12-19,EUR,739.24,606.55,BACS,BNK764529
PAY-2022-00849,PI-2022-00362,PAYMENT,2022-12-29,EUR,307.19,254.85,BACS,BNK935817
PAY-2022-00850,PI-2022-00364,PAYMENT,2022-12-23,GBP,1317.8,1317.8,BACS,BNK537000
PAY-2022-00851,PI-2022-00365,PAYMENT,2022-12-16,GBP,1420.55,1420.55,DD,BNK336241
PAY-2022-00852,PI-2022-00369,PAYMENT,2022-12-07,EUR,5880.53,4934.38,BACS,BNK241610
PAY-2022-00853,PI-2022-00371,PAYMENT,2022-12-23,GBP,56365.5,56365.5,BACS,BNK109185
PAY-2022-00854,PI-2022-00372,PAYMENT,2022-12-14,USD,1389.37,1123.12,BACS,BNK691058
PAY-2022-00855,PI-2022-00373,PAYMENT,2022-12-23,GBP,25496.02,25496.02,BACS,BNK212970
PAY-2022-00856,PI-2022-00380,PAYMENT,2022-12-19,GBP,29582.78,29582.78,BACS,BNK228133
PAY-2022-00857,PI-2022-00393,PAYMENT,2022-12-28,GBP,2295.07,2295.07,dd,BNK504012
PAY-2022-00858,PI-2022-00404,PAYMENT,2022-12-30,USD,3524.48,2782.47,BACS,BNK107582
RCP-2022-00859,SI-2022-00371,RECEIPT,2022-11-21,GBP,7013.24,7013.24,BACS,BNK223107
RCP-2023-00860,SI-2022-00386,RECEIPT,2023-01-05,GBP,1413.6,1413.6,CARD,BNK588350
RCP-2023-00861,SI-2022-00429,RECEIPT,2023-01-27,USD,39099.41,30147.01,BACS,BNK589372
RCP-2023-00862,SI-2022-00436,RECEIPT,2023-01-26,GBP,6462.73,6462.73,BACS,BNK326599
RCP-2022-00863,SI-2022-00458,RECEIPT,2022-12-26,GBP,11923.79,11923.79,BACS,BNK482396
RCP-2022-00864,SI-2022-00466,RECEIPT,2022-12-15,GBP,25146.12,25146.12,CHEQUE,BNK747907
RCP-2023-00865,SI-2022-00470,RECEIPT,2023-01-26,USD,9626.79,7428.67,CARD,BNK387141
RCP-2023-00866,SI-2022-00483,RECEIPT,2023-01-26,GBP,165396.24,165396.24,BACS,BNK739596
RCP-2022-00867,SI-2022-00484,RECEIPT,2022-12-20,GBP,6022.3,6022.3,BACS,BNK210825
RCP-2022-00868,SI-2022-00485,RECEIPT,2022-12-27,GBP,2654.98,2654.98,BACS,BNK252205
RCP-2023-00869,SI-2022-00491,RECEIPT,2023-01-13,GBP,36913.31,36913.31,BACS,BNK468151
RCP-2022-00870,SI-2022-00493,RECEIPT,2022-12-02,GBP,17544.58,17544.58,BACS,BNK609265
RCP-2022-00871,SI-2022-00495,RECEIPT,2022-12-16,GBP,22993.69,22993.69,CHEQUE,BNK504878
RCP-2022-00872,SI-2022-00496,RECEIPT,2022-12-19,GBP,10807.28,10807.28,BACS,BNK690672
RCP-2023-00873,SI-2022-00501,RECEIPT,2023-01-31,EUR,5681.9,4845.22,BACS,BNK693719
RCP-2023-00874,SI-2022-00507,RECEIPT,2023-01-20,GBP,12255.24,12255.24,BACS,BNK339376
RCP-2023-00875,SI-2022-00508,RECEIPT,2023-01-13,USD,31511.16,24264.7,BACS,BNK853386
RCP-2022-00876,SI-2022-00509,RECEIPT,2022-12-08,GBP,20460.25,20460.25,CHEQUE,BNK300899
RCP-2022-00877,SI-2022-00511,RECEIPT,2022-12-30,GBP,9387.54,9387.54,BACS,BNK504173
RCP-2023-00878,SI-2022-00515,RECEIPT,2023-01-26,GBP,9449.22,9449.22,CHEQUE,BNK420957
RCP-2022-00879,SI-2022-00518,RECEIPT,2022-12-20,GBP,9759.65,9759.65,BACS,BNK487416
RCP-2023-00880,SI-2022-00522,RECEIPT,2023-01-20,EUR,12308.43,10394.91,cheque,BNK367341
RCP-2023-00881,SI-2022-00527,RECEIPT,2023-01-12,GBP,6341.03,6341.03,CARD,BNK589373
RCP-2023-00882,SI-2022-00528,RECEIPT,2023-01-02,GBP,8066.69,8066.69,CARD,BNK983282
RCP-2022-00883,SI-2022-00529,RECEIPT,2022-12-30,GBP,9461.3,9461.3,CARD,BNK882892
RCP-2023-00884,SI-2022-00533,RECEIPT,2023-01-24,GBP,11572.39,11572.39,CHEQUE,BNK924098
RCP-2023-00885,SI-2022-00536,RECEIPT,2023-01-20,GBP,3607.74,3607.74,BACS,BNK345681
RCP-2023-00886,SI-2022-00538,RECEIPT,2023-01-20,GBP,40471.58,40471.58,CARD,BNK327694
RCP-2023-00887,SI-2022-00540,RECEIPT,2023-01-20,EUR,18369.49,15513.7,CHEQUE,BNK376246
RCP-2023-00888,SI-2022-00541,RECEIPT,2023-01-09,GBP,51284.39,51284.39,BACS,BNK801180
RCP-2022-00889,SI-2022-00545,RECEIPT,2022-12-23,GBP,12181.92,12181.92,CHEQUE,BNK768325
RCP-2023-00890,SI-2022-00552,RECEIPT,2023-01-10,GBP,15462.72,15462.72,CHEQUE,BNK766928
RCP-2023-00891,SI-2022-00553,RECEIPT,2023-01-27,GBP,43193.99,43193.99,BACS,BNK278927
RCP-2023-00892,SI-2022-00557,RECEIPT,2023-01-04,EUR,15992.33,13257.77,BACS,BNK596665
RCP-2023-00893,SI-2022-00558,RECEIPT,2023-01-05,GBP,36078.34,36078.34,CHEQUE,BNK890106
RCP-2023-00894,SI-2022-00559,RECEIPT,2023-01-20,EUR,9161.11,7736.89,BACS,BNK841501
RCP-2023-00895,SI-2022-00567,RECEIPT,2023-01-09,GBP,11644.39,11644.39,BACS,BNK757866
RCP-2023-00896,SI-2022-00571,RECEIPT,2023-01-04,GBP,23442.38,23442.38,CARD,BNK440738
RCP-2023-00897,SI-2022-00574,RECEIPT,2023-01-04,GBP,5242.99,5242.99,CARD,BNK536922
RCP-2023-00898,SI-2022-00576,RECEIPT,2023-01-11,GBP,11313.37,11313.37,CHEQUE,BNK339486
RCP-2022-00899,SI-2022-00577,RECEIPT,2022-12-23,GBP,8106.43,8106.43,CHEQUE,BNK183611
RCP-2023-00900,SI-2022-00578,RECEIPT,2023-01-11,GBP,9446.34,9446.34,CARD,BNK493989
RCP-2023-00901,SI-2022-00580,RECEIPT,2023-01-02,GBP,20787.34,20787.34,BACS,BNK252095
RCP-2023-00902,SI-2022-00581,RECEIPT,2023-01-05,GBP,9925.03,9925.03,CARD,BNK972606
RCP-2022-00903,SI-2022-00584,RECEIPT,2022-12-26,GBP,2411.82,2411.82,cheque,BNK238220
RCP-2023-00904,SI-2022-00587,RECEIPT,2023-01-31,EUR,3342.82,2850.58,CARD,BNK605046
RCP-2023-00905,SI-2022-00592,RECEIPT,2023-01-17,GBP,4243.43,4243.43,BACS,BNK354066
RCP-2023-00906,SI-2023-00637,RECEIPT,2023-01-24,GBP,3683.34,3683.34,BACS,BNK869148
PAY-2022-00907,PI-2022-00308,PAYMENT,2022-12-27,GBP,734.76,734.76,BACS,BNK553293
PAY-2022-00908,PI-2022-00331,PAYMENT,2022-12-16,GBP,15266.56,15266.56,BACS,BNK932531
PAY-2022-00909,PI-2022-00339,PAYMENT,2022-12-30,EUR,1216.67,1010.74,BACS,BNK901161
PAY-2022-00910,PI-2022-00344,PAYMENT,2022-12-30,GBP,14504.84,14504.84,BACS,BNK429527
PAY-2023-00911,PI-2022-00346,PAYMENT,2023-01-27,EUR,11175.52,9500.5,CHEQUE,BNK491483
PAY-2022-00912,PI-2022-00351,PAYMENT,2022-12-28,USD,967.84,764.41,BACS,BNK886460
PAY-2023-00913,PI-2022-00353,PAYMENT,2023-01-13,EUR,781.1,657.93,CHEQUE,BNK949263
PAY-2022-00914,PI-2022-00358,PAYMENT,2022-12-28,EUR,380.81,317.33,BACS,BNK716240
PAY-2023-00915,PI-2022-00360,PAYMENT,2023-01-05,GBP,1622.69,1622.69,CHEQUE,BNK350329
PAY-2023-00916,PI-2022-00363,PAYMENT,2023-01-20,GBP,1768.21,1768.21,BACS,BNK591852
PAY-2023-00917,PI-2022-00366,PAYMENT,2023-01-27,GBP,21619.06,21619.06,CHEQUE,BNK144070
PAY-2023-00918,PI-2022-00367,PAYMENT,2023-01-10,EUR,1061.92,891.93,BACS,BNK477920
PAY-2022-00919,PI-2022-00368,PAYMENT,2022-12-30,GBP,1363.02,1363.02,DD,BNK170437
PAY-2023-00920,PI-2022-00370,PAYMENT,2023-01-09,GBP,7091.66,7091.66,DD,BNK588359
PAY-2023-00921,PI-2022-00374,PAYMENT,2023-01-10,GBP,890.0,890.0,BACS,BNK792958
PAY-2023-00922,PI-2022-00377,PAYMENT,2023-01-13,USD,3486.55,2684.77,BACS,BNK287912
PAY-2023-00923,PI-2022-00381,PAYMENT,2023-01-27,GBP,20507.15,20507.15,DD,BNK193771
PAY-2023-00924,PI-2022-00384,PAYMENT,2023-01-25,USD,2233.94,1718.68,BACS,BNK136798
PAY-2023-00925,PI-2022-00385,PAYMENT,2023-01-19,GBP,5104.79,5104.79,BACS,BNK599517
PAY-2023-00926,PI-2022-00386,PAYMENT,2023-01-27,GBP,2288.56,2288.56,bacs,BNK775348
PAY-2022-00927,PI-2022-00388,PAYMENT,2022-12-30,EUR,9751.19,8100.76,DD,BNK992120
PAY-2023-00928,PI-2022-00389,PAYMENT,2023-01-13,EUR,1898.82,1599.39,BACS,BNK118125
PAY-2023-00929,PI-2022-00394,PAYMENT,2023-01-09,USD,4328.98,3375.66,BACS,BNK431595
PAY-2022-00930,PI-2022-00395,PAYMENT,2022-12-30,EUR,5747.59,4774.79,BACS,BNK770723
PAY-2023-00931,PI-2022-00400,PAYMENT,2023-01-27,GBP,1183.62,1183.62,CHEQUE,BNK865140
PAY-2023-00932,PI-2022-00401,PAYMENT,2023-01-10,GBP,19304.27,19304.27,BACS,BNK670472
PAY-2023-00933,PI-2022-00402,PAYMENT,2023-01-06,GBP,597.14,597.14,DD,BNK144368
PAY-2023-00934,PI-2022-00406,PAYMENT,2023-01-20,USD,1582.96,1213.67,BACS,BNK512201
PAY-2023-00935,PI-2022-00407,PAYMENT,2023-01-18,GBP,1878.77,1878.77,CHEQUE,BNK622162
PAY-2023-00936,PI-2022-00408,PAYMENT,2023-01-24,EUR,7110.95,6016.78,BACS,BNK879717
PAY-2023-00937,PI-2022-00410,PAYMENT,2023-01-27,GBP,8669.05,8669.05,BACS,BNK499516
PAY-2023-00938,PI-2022-00412,PAYMENT,2023-01-24,EUR,1756.07,1485.86,BACS,BNK398428
PAY-2023-00939,PI-2022-00413,PAYMENT,2023-01-30,GBP,4587.25,4587.25,BACS,BNK274068
PAY-2023-00940,PI-2023-00427,PAYMENT,2023-01-25,EUR,14009.32,11909.44,CHEQUE,BNK427045
PAY-2023-00941,PI-2023-00433,PAYMENT,2023-01-23,EUR,15660.47,13191.77,BACS,BNK709146
PAY-2023-00942,PI-2023-00442,PAYMENT,2023-01-31,EUR,1375.39,1172.86,DD,BNK790379
RCP-2023-00943,SI-2022-00376,RECEIPT,2023-02-10,GBP,7063.32,7063.32,BACS,BNK509215
RCP-2022-00944,SI-2022-00419,RECEIPT,2022-12-09,EUR,2536.13,2132.31,CHEQUE,BNK150823
RCP-2023-00945,SI-2022-00438,RECEIPT,2023-01-31,USD,6069.74,4671.39,BACS,BNK510478
RCP-2023-00946,SI-2022-00445,RECEIPT,2023-02-27,GBP,25142.83,25142.83,BACS,BNK880233
RCP-2023-00947,SI-2022-00460,RECEIPT,2023-01-19,GBP,2932.62,2932.62,BACS,BNK281537
RCP-2023-00948,SI-2022-00490,RECEIPT,2023-01-20,GBP,7166.62,7166.62,BACS,BNK832590
RCP-2022-00949,SI-2022-00494,RECEIPT,2022-12-06,GBP,10753.46,10753.46,card,BNK235667
RCP-2023-00950,SI-2022-00497,RECEIPT,2023-02-13,USD,13215.46,9906.74,CARD,BNK254552
RCP-2023-00951,SI-2022-00498,RECEIPT,2023-02-10,USD,6960.06,5250.2,CARD,BNK809410
RCP-2023-00952,SI-2022-00500,RECEIPT,2023-02-28,USD,10348.4,7615.92,BACS,BNK353357
RCP-2023-00953,SI-2022-00510,RECEIPT,2023-02-02,GBP,14282.89,14282.89,BACS,BNK894109
RCP-2023-00954,SI-2022-00513,RECEIPT,2023-01-20,EUR,5952.98,5027.51,BACS,BNK967309
RCP-2023-00955,SI-2022-00514,RECEIPT,2023-02-08,EUR,8829.61,7541.6,CHEQUE,BNK607585
RCP-2023-00956,SI-2022-00521,RECEIPT,2023-01-04,GBP,13609.97,13609.97,CHEQUE,BNK881301
RCP-2023-00957,SI-2022-00530,RECEIPT,2023-02-28,EUR,12367.64,10765.24,BACS,BNK492718
RCP-2023-00958,SI-2022-00532,RECEIPT,2023-02-13,GBP,7012.42,7012.42,CARD,BNK516160
RCP-2023-00959,SI-2022-00534,RECEIPT,2023-01-31,EUR,9326.48,7953.12,BACS,BNK809588
RCP-2023-00960,SI-2022-00543,RECEIPT,2023-01-20,GBP,4384.04,4384.04,BACS,BNK165923
RCP-2023-00961,SI-2022-00544,RECEIPT,2023-02-20,USD,6247.65,4614.28,BACS,BNK613736
RCP-2023-00962,SI-2022-00548,RECEIPT,2023-02-24,EUR,11952.94,10302.42,CHEQUE,BNK457923
RCP-2023-00963,SI-2022-00549,RECEIPT,2023-01-20,GBP,13787.09,13787.09,BACS,BNK527700
RCP-2023-00964,SI-2022-00551,RECEIPT,2023-01-13,GBP,45301.44,45301.44,CARD,BNK823955
RCP-2023-00965,SI-2022-00555,RECEIPT,2023-01-11,GBP,6911.75,6911.75,BACS,BNK303740
RCP-2023-00966,SI-2022-00561,RECEIPT,2023-02-23,GBP,8319.73,8319.73,BACS,BNK753163
RCP-2023-00967,SI-2022-00563,RECEIPT,2023-02-28,GBP,3863.24,3863.24,CHEQUE,BNK210047
RCP-2023-00968,SI-2022-00568,RECEIPT,2023-02-08,USD,2322.83,1771.82,CARD,BNK283808
RCP-2023-00969,SI-2022-00569,RECEIPT,2023-01-20,GBP,2584.85,2584.85,BACS,BNK449883
RCP-2023-00970,SI-2022-00570,RECEIPT,2023-01-27,GBP,7052.47,7052.47,CHEQUE,BNK438936
RCP-2023-00971,SI-2022-00575,RECEIPT,2023-02-03,GBP,28962.86,28962.86,BACS,BNK468486
RCP-2023-00972,SI-2022-00579,RECEIPT,2023-02-07,GBP,5770.33,5770.33,cheque,BNK710354
RCP-2023-00973,SI-2022-00582,RECEIPT,2023-02-03,EUR,11700.49,9981.68,CARD,BNK941054
RCP-2023-00974,SI-2022-00586,RECEIPT,2023-02-01,GBP,12933.98,12933.98,CARD,BNK592675
RCP-2023-00975,SI-2022-00589,RECEIPT,2023-02-23,GBP,4396.2,4396.2,BACS,BNK210017
RCP-2023-00976,SI-2022-00591,RECEIPT,2023-02-24,GBP,13106.68,13106.68,CHEQUE,BNK759774
RCP-2023-00977,SI-2023-00601,RECEIPT,2023-01-27,EUR,2993.92,2545.18,CHEQUE,BNK871887
RCP-2023-00978,SI-2023-00604,RECEIPT,2023-02-24,GBP,4942.94,4942.94,BACS,BNK122672
RCP-2023-00979,SI-2023-00607,RECEIPT,2023-02-20,GBP,6806.81,6806.81,CARD,BNK277707
RCP-2023-00980,SI-2023-00609,RECEIPT,2023-02-17,GBP,11236.5,11236.5,BACS,BNK110414
RCP-2023-00981,SI-2023-00610,RECEIPT,2023-02-21,EUR,12012.17,10407.97,BACS,BNK242823
RCP-2023-00982,SI-2023-00618,RECEIPT,2023-02-21,GBP,6540.44,6540.44,CHEQUE,BNK300463
RCP-2023-00983,SI-2023-00619,RECEIPT,2023-02-14,USD,1453.88,1085.98,BACS,BNK190223
RCP-2023-00984,SI-2023-00621,RECEIPT,2023-01-27,GBP,12455.32,12455.32,BACS,BNK436018
RCP-2023-00985,SI-2023-00622,RECEIPT,2023-02-08,EUR,1324.47,1131.26,BACS,BNK500197
RCP-2023-00986,SI-2023-00623,RECEIPT,2023-02-14,EUR,11905.22,10264.11,CHEQUE,BNK641592
RCP-2023-00987,SI-2023-00625,RECEIPT,2023-02-24,GBP,19607.84,19607.84,BACS,BNK463022
RCP-2023-00988,SI-2023-00627,RECEIPT,2023-02-17,USD,2858.02,2110.32,BACS,BNK890502
RCP-2023-00989,SI-2023-00635,RECEIPT,2023-02-14,EUR,8525.4,7350.19,CHEQUE,BNK688023
RCP-2023-00990,SI-2022-00639,RECEIPT,2023-02-17,GBP,22815.01,22815.01,CHEQUE,BNK746884
RCP-2023-00991,SI-2023-00650,RECEIPT,2023-02-22,EUR,9003.91,7810.13,BACS,BNK713151
RCP-2023-00992,SI-2023-00679,RECEIPT,2023-02-17,GBP,11971.7,11971.7,BACS,BNK353012
PAY-2023-00993,PI-2022-00375,PAYMENT,2023-01-23,GBP,4583.8,4583.8,BACS,BNK462837
PAY-2023-00994,PI-2022-00376,PAYMENT,2023-02-24,EUR,4145.01,3572.65,DD,BNK618673
PAY-2023-00995,PI-2022-00378,PAYMENT,2023-02-10,EUR,287.77,246.14,dd,BNK370122
PAY-2023-00996,PI-2022-00379,PAYMENT,2023-02-07,EUR,573.34,489.65,BACS,BNK293715
PAY-2023-00997,PI-2022-00382,PAYMENT,2023-02-10,GBP,450.32,450.32,BACS,BNK356818
PAY-2023-00998,PI-2022-00383,PAYMENT,2023-02-15,USD,23665.55,17567.86,DD,BNK114342
PAY-2023-00999,PI-2022-00387,PAYMENT,2023-02-10,EUR,3959.7,3386.93,CHEQUE,BNK258978
PAY-2023-01000,PI-2022-00390,PAYMENT,2023-02-16,EUR,1098.59,949.98,BACS,BNK185662
PAY-2023-01001,PI-2022-00391,PAYMENT,2023-01-16,GBP,1382.66,1382.66,BACS,BNK876715
PAY-2023-01002,PI-2022-00392,PAYMENT,2023-02-07,EUR,1417.54,1210.62,BACS,BNK312933
PAY-2023-01003,PI-2022-00397,PAYMENT,2023-02-07,GBP,766.16,766.16,BACS,BNK939487
PAY-2023-01004,PI-2022-00398,PAYMENT,2023-02-13,GBP,946.16,946.16,BACS,BNK770696
PAY-2023-01005,PI-2022-00403,PAYMENT,2023-02-09,USD,13425.27,10157.98,BACS,BNK738083
PAY-2023-01006,PI-2022-00409,PAYMENT,2023-02-02,EUR,13841.02,11811.28,BACS,BNK116866
PAY-2023-01007,PI-2022-00411,PAYMENT,2023-02-17,GBP,2585.23,2585.23,BACS,BNK237532
PAY-2023-01008,PI-2023-00414,PAYMENT,2023-02-16,GBP,11403.23,11403.23,BACS,BNK574378
PAY-2023-01009,PI-2023-00415,PAYMENT,2023-02-17,GBP,1849.66,1849.66,CHEQUE,BNK143693
PAY-2023-01010,PI-2023-00416,PAYMENT,2023-02-07,GBP,684.61,684.61,BACS,BNK605608
PAY-2023-01011,PI-2023-00417,PAYMENT,2023-01-30,USD,16175.63,12573.38,BACS,BNK323319
PAY-2023-01012,PI-2023-00419,PAYMENT,2023-01-31,EUR,4652.68,3967.55,BACS,BNK483455
PAY-2023-01013,PI-2023-00420,PAYMENT,2023-02-17,GBP,643.85,643.85,BACS,BNK990284
PAY-2023-01014,PI-2023-00421,PAYMENT,2023-02-03,EUR,1840.69,1570.29,BACS,BNK803848
PAY-2023-01015,PI-2023-00423,PAYMENT,2023-01-27,EUR,1598.77,1359.14,DD,BNK578623
PAY-2023-01016,PI-2023-00424,PAYMENT,2023-02-28,GBP,13791.16,13791.16,BACS,BNK643436
PAY-2023-01017,PI-2023-00425,PAYMENT,2023-02-03,GBP,1541.86,1541.86,BACS,BNK356800
PAY-2023-01018,PI-2023-00426,PAYMENT,2023-02-03,GBP,1927.1,1927.1,cheque,BNK783982
PAY-2023-01019,PI-2023-00428,PAYMENT,2023-02-15,GBP,2970.55,2970.55,BACS,BNK447866
PAY-2023-01020,PI-2023-00430,PAYMENT,2023-02-27,GBP,1721.42,1721.42,DD,BNK568133
PAY-2023-01021,PI-2022-00431,PAYMENT,2023-01-27,EUR,4819.9,4097.48,BACS,BNK820001
PAY-2023-01022,PI-2023-00434,PAYMENT,2023-02-10,EUR,879.44,752.23,DD,BNK801095
PAY-2023-01023,PI-2023-00437,PAYMENT,2023-02-01,GBP,15551.58,15551.58,BACS,BNK346546
PAY-2023-01024,PI-2023-00438,PAYMENT,2023-02-10,GBP,1417.09,1417.09,BACS,BNK981966
PAY-2023-01025,PI-2023-00441,PAYMENT,2023-02-17,EUR,12214.54,10586.84,CHEQUE,BNK713731
PAY-2023-01026,PI-2023-00443,PAYMENT,2023-02-08,USD,2665.09,2032.9,BACS,BNK689377
PAY-2023-01027,PI-2023-00445,PAYMENT,2023-02-03,GBP,9411.36,9411.36,DD,BNK646448
PAY-2023-01028,PI-2023-00446,PAYMENT,2023-02-17,GBP,248.28,248.28,BACS,BNK614313
PAY-2023-01029,PI-2023-00468,PAYMENT,2023-02-28,EUR,17400.98,15146.44,DD,BNK863656
PAY-2023-01030,PI-2023-00477,PAYMENT,2023-02-15,EUR,1431.55,1236.86,BACS,BNK266513
RCP-2023-01031,SI-2022-00539,RECEIPT,2023-02-09,GBP,25306.51,25306.51,BACS,BNK431488
RCP-2023-01032,SI-2022-00542,RECEIPT,2023-02-17,USD,13698.18,10114.53,CHEQUE,BNK907156
RCP-2023-01033,SI-2022-00546,RECEIPT,2023-03-07,GBP,13021.99,13021.99,CHEQUE,BNK531668
RCP-2023-01034,SI-2022-00547,RECEIPT,2023-01-27,EUR,5297.02,4503.09,BACS,BNK497585
RCP-2023-01035,SI-2022-00554,RECEIPT,2023-02-03,GBP,5849.48,5849.48,BACS,BNK549490
RCP-2023-01036,SI-2022-00564,RECEIPT,2023-03-17,USD,6639.03,5026.16,CHEQUE,BNK731788
RCP-2023-01037,SI-2022-00573,RECEIPT,2023-03-29,EUR,24446.69,21666.88,BACS,BNK825878
RCP-2023-01038,SI-2022-00585,RECEIPT,2023-03-21,GBP,7920.25,7920.25,CARD,BNK171290
RCP-2023-01039,SI-2022-00590,RECEIPT,2023-03-07,GBP,22920.65,22920.65,BACS,BNK349804
RCP-2023-01040,SI-2023-00594,RECEIPT,2023-03-13,EUR,4370.96,3847.17,BACS,BNK916982
RCP-2023-01041,SI-2023-00595,RECEIPT,2023-02-20,EUR,1645.26,1426.1,card,BNK254141
RCP-2023-01042,SI-2023-00596,RECEIPT,2023-03-20,GBP,25156.2,25156.2,CHEQUE,BNK200851
RCP-2023-01043,SI-2023-00599,RECEIPT,2023-03-24,EUR,8525.29,7537.12,CHEQUE,BNK130977
RCP-2023-01044,SI-2023-00600,RECEIPT,2023-03-20,USD,27747.04,21024.9,CHEQUE,BNK211884
RCP-2023-01045,SI-2023-00603,RECEIPT,2023-03-10,GBP,3734.06,3734.06,CARD,BNK369319
RCP-2023-01046,SI-2023-00606,RECEIPT,2023-03-13,GBP,11122.73,11122.73,BACS,BNK849520
RCP-2023-01047,SI-2023-00608,RECEIPT,2023-02-24,GBP,7464.47,7464.47,CARD,BNK823965
RCP-2023-01048,SI-2023-00611,RECEIPT,2023-03-16,EUR,5280.25,4622.7,BACS,BNK171243
RCP-2023-01049,SI-2023-00613,RECEIPT,2023-03-17,GBP,29167.96,29167.96,CHEQUE,BNK923209
RCP-2023-01050,SI-2023-00615,RECEIPT,2023-03-24,EUR,8216.02,7263.69,CHEQUE,BNK804984
RCP-2023-01051,SI-2023-00616,RECEIPT,2023-03-24,EUR,4528.82,4003.88,CHEQUE,BNK687697
RCP-2023-01052,SI-2023-00617,RECEIPT,2023-03-10,EUR,9255.0,8110.59,CARD,BNK833956
RCP-2023-01053,SI-2023-00626,RECEIPT,2023-03-23,GBP,12441.46,12441.46,CARD,BNK594569
RCP-2023-01054,SI-2023-00628,RECEIPT,2023-02-09,EUR,4019.9,3426.02,BACS,BNK962765
RCP-2023-01055,SI-2023-00630,RECEIPT,2023-03-09,EUR,4481.5,3902.85,CHEQUE,BNK203811
RCP-2023-01056,SI-2023-00631,RECEIPT,2023-02-16,EUR,12276.25,10615.65,BACS,BNK367583
RCP-2023-01057,SI-2023-00636,RECEIPT,2023-02-24,GBP,12390.83,12390.83,BACS,BNK682986
RCP-2023-01058,SI-2023-00638,RECEIPT,2023-03-17,GBP,29123.4,29123.4,BACS,BNK828907
RCP-2023-01059,SI-2023-00641,RECEIPT,2023-03-27,USD,6486.46,4873.78,BACS,BNK640900
RCP-2023-01060,SI-2023-00642,RECEIPT,2023-03-28,GBP,28495.69,28495.69,BACS,BNK276457
RCP-2023-01061,SI-2023-00647,RECEIPT,2023-03-24,EUR,37812.15,33429.31,CHEQUE,BNK777148
RCP-2023-01062,SI-2023-00648,RECEIPT,2023-03-14,GBP,29299.52,29299.52,BACS,BNK430188
RCP-2023-01063,SI-2023-00649,RECEIPT,2023-03-31,GBP,5445.04,5445.04,BACS,BNK921158
RCP-2023-01064,SI-2023-00654,RECEIPT,2023-03-31,GBP,2724.58,2724.58,card,BNK647379
RCP-2023-01065,SI-2023-00655,RECEIPT,2023-03-09,USD,11906.62,8907.69,BACS,BNK364774
RCP-2023-01066,SI-2023-00657,RECEIPT,2023-03-17,GBP,17360.77,17360.77,BACS,BNK838679
RCP-2023-01067,SI-2023-00659,RECEIPT,2023-03-13,EUR,8978.84,7902.88,BACS,BNK973070
RCP-2023-01068,SI-2023-00660,RECEIPT,2023-03-30,GBP,11443.0,11443.0,BACS,BNK907921
RCP-2023-01069,SI-2023-00661,RECEIPT,2023-03-27,GBP,7732.6,7732.6,BACS,BNK419744
RCP-2023-01070,SI-2023-00663,RECEIPT,2023-03-10,GBP,7335.31,7335.31,CARD,BNK576257
RCP-2023-01071,SI-2023-00664,RECEIPT,2023-03-09,GBP,8205.42,8205.42,BACS,BNK836789
RCP-2023-01072,SI-2023-00666,RECEIPT,2023-03-07,GBP,9056.05,9056.05,CARD,BNK447898
RCP-2023-01073,SI-2023-00667,RECEIPT,2023-03-17,GBP,13692.01,13692.01,BACS,BNK729466
RCP-2023-01074,SI-2023-00675,RECEIPT,2023-03-30,GBP,5327.47,5327.47,BACS,BNK660635
RCP-2023-01075,SI-2023-00676,RECEIPT,2023-03-03,GBP,12154.45,12154.45,CARD,BNK877160
RCP-2023-01076,SI-2023-00680,RECEIPT,2023-03-17,GBP,7595.48,7595.48,CHEQUE,BNK181512
RCP-2023-01077,SI-2023-00681,RECEIPT,2023-03-27,USD,14258.42,10713.46,BACS,BNK623459
RCP-2023-01078,SI-2023-00726,RECEIPT,2023-03-28,GBP,3333.26,3333.26,CARD,BNK472045
RCP-2023-01079,SI-2023-00729,RECEIPT,2023-03-17,EUR,10796.05,9491.58,BACS,BNK453628
PAY-2023-01080,PI-2022-00396,PAYMENT,2023-03-02,GBP,1698.89,1698.89,BACS,BNK501213
PAY-2023-01081,PI-2022-00399,PAYMENT,2023-03-17,EUR,1484.08,1304.76,BACS,BNK614935
PAY-2023-01082,PI-2022-00405,PAYMENT,2023-02-21,GBP,21143.06,21143.06,BACS,BNK915424
PAY-2023-01083,PI-2023-00418,PAYMENT,2023-02-23,GBP,1313.86,1313.86,DD,BNK689706
PAY-2023-01084,PI-2023-00422,PAYMENT,2023-03-24,GBP,144000.0,144000.0,BACS,BNK675155
PAY-2023-01085,PI-2023-00432,PAYMENT,2023-03-03,GBP,722.53,722.53,BACS,BNK302450
PAY-2023-01086,PI-2023-00435,PAYMENT,2023-03-10,GBP,1603.79,1603.79,DD,BNK915743
PAY-2023-01087,PI-2023-00436,PAYMENT,2023-03-03,EUR,1753.92,1530.99,bacs,BNK324167
PAY-2023-01088,PI-2023-00439,PAYMENT,2023-03-17,GBP,7207.9,7207.9,CHEQUE,BNK375978
PAY-2023-01089,PI-2023-00440,PAYMENT,2023-02-24,USD,3248.54,2407.63,BACS,BNK768234
PAY-2023-01090,PI-2023-00444,PAYMENT,2023-03-15,GBP,26563.28,26563.28,BACS,BNK752039
PAY-2023-01091,PI-2023-00449,PAYMENT,2023-03-20,GBP,3297.94,3297.94,BACS,BNK185918
PAY-2023-01092,PI-2023-00451,PAYMENT,2023-03-27,USD,1730.46,1300.23,DD,BNK135019
PAY-2023-01093,PI-2023-00452,PAYMENT,2023-03-08,GBP,20862.66,20862.66,BACS,BNK533325
PAY-2023-01094,PI-2023-00453,PAYMENT,2023-03-06,EUR,20877.52,18143.13,DD,BNK817663
PAY-2023-01095,PI-2023-00456,PAYMENT,2023-03-17,GBP,15882.55,15882.55,CHEQUE,BNK886632
PAY-2023-01096,PI-2023-00459,PAYMENT,2023-03-17,EUR,3748.09,3295.22,CHEQUE,BNK795711
PAY-2023-01097,PI-2023-00460,PAYMENT,2023-03-08,GBP,391.06,391.06,BACS,BNK906307
PAY-2023-01098,PI-2023-00461,PAYMENT,2023-03-17,GBP,15175.39,15175.39,CHEQUE,BNK805868
PAY-2023-01099,PI-2023-00462,PAYMENT,2023-03-10,GBP,6961.1,6961.1,CHEQUE,BNK790874
PAY-2023-01100,PI-2023-00464,PAYMENT,2023-03-10,EUR,2433.47,2132.56,BACS,BNK513441
PAY-2023-01101,PI-2023-00465,PAYMENT,2023-03-24,GBP,2988.85,2988.85,CHEQUE,BNK397630
PAY-2023-01102,PI-2023-00467,PAYMENT,2023-03-09,EUR,1085.37,945.23,BACS,BNK693004
PAY-2023-01103,PI-2023-00470,PAYMENT,2023-03-01,EUR,795.74,693.99,BACS,BNK982113
PAY-2023-01104,PI-2023-00471,PAYMENT,2023-03-29,GBP,25941.6,25941.6,CHEQUE,BNK880719
PAY-2023-01105,PI-2023-00472,PAYMENT,2023-03-24,GBP,2301.28,2301.28,BACS,BNK176511
PAY-2023-01106,PI-2023-00473,PAYMENT,2023-03-03,GBP,2155.67,2155.67,BACS,BNK956013
PAY-2023-01107,PI-2023-00474,PAYMENT,2023-03-03,EUR,253.8,221.54,DD,BNK128691
PAY-2023-01108,PI-2023-00475,PAYMENT,2023-03-15,EUR,13059.12,11404.57,DD,BNK806029
PAY-2023-01109,PI-2023-00478,PAYMENT,2023-03-10,GBP,1905.2,1905.2,CHEQUE,BNK846742
PAY-2023-01110,PI-2023-00479,PAYMENT,2023-03-24,GBP,22186.69,22186.69,bacs,BNK291863
PAY-2023-01111,PI-2023-00480,PAYMENT,2023-03-24,GBP,906.5,906.5,CHEQUE,BNK881407
PAY-2023-01112,PI-2023-00495,PAYMENT,2023-03-21,EUR,3114.54,2749.71,DD,BNK768278
PAY-2023-01113,PI-2023-00500,PAYMENT,2023-03-31,EUR,1659.32,1476.06,DD,BNK861786
PAY-2023-01114,PI-2023-00502,PAYMENT,2023-03-24,GBP,10428.41,10428.41,DD,BNK618810
PAY-2023-01115,PI-2023-00516,PAYMENT,2023-03-23,EUR,838.23,741.26,BACS,BNK310767
PAY-2023-01116,PI-2023-00519,PAYMENT,2023-03-31,GBP,990.11,990.11,BACS,BNK358190
RCP-2023-01117,SI-2022-00517,RECEIPT,2023-02-16,GBP,28947.61,28947.61,CARD,BNK390149
RCP-2023-01118,SI-2022-00556,RECEIPT,2023-04-25,EUR,2609.94,2357.89,BACS,BNK224853
RCP-2023-01119,SI-2022-00565,RECEIPT,2023-03-31,GBP,7308.61,7308.61,BACS,BNK330977
RCP-2023-01120,SI-2022-00588,RECEIPT,2023-03-07,GBP,17781.82,17781.82,CHEQUE,BNK123765
RCP-2023-01121,SI-2023-00593,RECEIPT,2023-04-28,EUR,19941.45,18050.62,CARD,BNK469313
RCP-2023-01122,SI-2023-00597,RECEIPT,2023-03-29,GBP,16081.48,16081.48,BACS,BNK296538
RCP-2023-01123,SI-2023-00598,RECEIPT,2023-04-26,GBP,2079.77,2079.77,BACS,BNK504482
RCP-2023-01124,SI-2023-00602,RECEIPT,2023-03-24,EUR,21649.3,19139.91,BACS,BNK249922
RCP-2023-01125,SI-2023-00605,RECEIPT,2023-03-17,EUR,8420.1,7402.72,BACS,BNK129701
RCP-2023-01126,SI-2023-00612,RECEIPT,2023-04-07,EUR,1980.93,1779.7,CHEQUE,BNK900323
RCP-2023-01127,SI-2023-00614,RECEIPT,2023-03-30,EUR,7873.75,7036.29,BACS,BNK124591
RCP-2023-01128,SI-2023-00629,RECEIPT,2023-04-25,EUR,5312.12,4799.1,BACS,BNK985698
RCP-2023-01129,SI-2023-00632,RECEIPT,2023-04-10,EUR,5967.57,5365.24,BACS,BNK657371
RCP-2023-01130,SI-2023-00633,RECEIPT,2023-03-16,EUR,15776.06,13811.47,BACS,BNK370059
RCP-2023-01131,SI-2023-00634,RECEIPT,2023-04-17,EUR,14555.74,13036.24,BACS,BNK398759
RCP-2023-01132,SI-2023-00640,RECEIPT,2023-03-03,GBP,50876.27,50876.27,CARD,BNK667072
RCP-2023-01133,SI-2023-00644,RECEIPT,2023-04-13,EUR,24317.01,21936.57,bacs,BNK821686
RCP-2023-01134,SI-2023-00645,RECEIPT,2023-03-20,GBP,11870.02,11870.02,CARD,BNK530828
RCP-2023-01135,SI-2023-00652,RECEIPT,2023-04-04,GBP,3115.87,3115.87,BACS,BNK959065
RCP-2023-01136,SI-2023-00653,RECEIPT,2023-03-20,GBP,15447.67,15447.67,CHEQUE,BNK706157
RCP-2023-01137,SI-2023-00656,RECEIPT,2023-04-03,USD,1838.34,1381.94,CARD,BNK732825
RCP-2023-01138,SI-2023-00658,RECEIPT,2023-04-27,GBP,23099.78,23099.78,BACS,BNK861585
RCP-2023-01139,SI-2023-00665,RECEIPT,2023-03-30,GBP,41827.12,41827.12,CHEQUE,BNK569006
RCP-2023-01140,SI-2023-00668,RECEIPT,2023-04-28,GBP,12400.31,12400.31,BACS,BNK233128
RCP-2023-01141,SI-2023-00669,RECEIPT,2023-03-15,GBP,8114.1,8114.1,CHEQUE,BNK271190
RCP-2023-01142,SI-2023-00670,RECEIPT,2023-04-26,EUR,6065.0,5466.43,BACS,BNK346852
RCP-2023-01143,SI-2023-00672,RECEIPT,2023-03-03,GBP,15660.6,15660.6,BACS,BNK514758
RCP-2023-01144,SI-2023-00673,RECEIPT,2023-03-14,USD,1821.93,1369.13,BACS,BNK587647
RCP-2023-01145,SI-2023-00678,RECEIPT,2023-03-14,GBP,12847.01,12847.01,CARD,BNK467245
RCP-2023-01146,SI-2023-00682,RECEIPT,2023-04-21,GBP,19855.55,19855.55,BACS,BNK921250
RCP-2023-01147,SI-2023-00685,RECEIPT,2023-03-20,EUR,7173.36,6339.44,CARD,BNK125157
RCP-2023-01148,SI-2023-00686,RECEIPT,2023-03-17,GBP,3650.93,3650.93,BACS,BNK984539
RCP-2023-01149,SI-2023-00689,RECEIPT,2023-04-17,GBP,7063.87,7063.87,CARD,BNK795152
RCP-2023-01150,SI-2023-00700,RECEIPT,2023-04-21,GBP,12744.4,12744.4,CHEQUE,BNK381082
RCP-2023-01151,SI-2023-00701,RECEIPT,2023-04-04,GBP,17018.87,17018.87,CHEQUE,BNK509242
RCP-2023-01152,SI-2023-00703,RECEIPT,2023-04-26,EUR,14675.65,13227.27,CARD,BNK312314
RCP-2023-01153,SI-2023-00707,RECEIPT,2023-04-06,GBP,14361.62,14361.62,BACS,BNK630053
RCP-2023-01154,SI-2023-00710,RECEIPT,2023-04-12,GBP,15370.79,15370.79,BACS,BNK794128
RCP-2023-01155,SI-2023-00713,RECEIPT,2023-03-31,GBP,2662.16,2662.16,BACS,BNK324773
RCP-2023-01156,SI-2023-00714,RECEIPT,2023-04-20,GBP,16532.32,16532.32,bacs,BNK339345
RCP-2023-01157,SI-2023-00719,RECEIPT,2023-04-11,EUR,4433.69,3988.8,CARD,BNK130502
RCP-2023-01158,SI-2023-00720,RECEIPT,2023-04-07,EUR,19422.96,17449.9,BACS,BNK231260
RCP-2023-01159,SI-2023-00721,RECEIPT,2023-04-21,GBP,17776.28,17776.28,BACS,BNK967504
RCP-2023-01160,SI-2023-00730,RECEIPT,2023-04-21,GBP,16270.5,16270.5,BACS,BNK146636
RCP-2023-01161,SI-2023-00731,RECEIPT,2023-03-30,EUR,21061.4,18821.29,BACS,BNK620590
RCP-2023-01162,SI-2023-00732,RECEIPT,2023-04-11,GBP,31118.81,31118.81,CARD,BNK481167
RCP-2023-01163,SI-2023-00733,RECEIPT,2023-03-24,GBP,7521.36,7521.36,BACS,BNK251016
RCP-2023-01164,SI-2023-00734,RECEIPT,2023-04-27,EUR,30102.67,27208.21,CHEQUE,BNK460670
RCP-2023-01165,SI-2023-00736,RECEIPT,2023-04-10,GBP,5269.52,5269.52,BACS,BNK460055
RCP-2023-01166,SI-2023-00737,RECEIPT,2023-04-14,GBP,7495.42,7495.42,BACS,BNK910897
RCP-2023-01167,SI-2023-00739,RECEIPT,2023-04-19,GBP,4245.46,4245.46,BACS,BNK657819
RCP-2023-01168,SI-2023-00740,RECEIPT,2023-04-07,GBP,4394.72,4394.72,CARD,BNK888795
RCP-2023-01169,SI-2023-00741,RECEIPT,2023-04-28,GBP,11109.58,11109.58,BACS,BNK810892
RCP-2023-01170,SI-2023-00742,RECEIPT,2023-04-26,EUR,24369.63,21964.52,CARD,BNK963989
RCP-2023-01171,SI-2023-00743,RECEIPT,2023-04-28,GBP,13920.17,13920.17,BACS,BNK862117
RCP-2023-01172,SI-2023-00769,RECEIPT,2023-04-28,GBP,2951.6,2951.6,CARD,BNK351937
PAY-2023-01173,PI-2023-00447,PAYMENT,2023-04-11,GBP,13364.59,13364.59,DD,BNK295461
PAY-2023-01174,PI-2023-00448,PAYMENT,2023-04-28,GBP,4939.13,4939.13,BACS,BNK419696
PAY-2023-01175,PI-2023-00450,PAYMENT,2023-04-14,GBP,2970.66,2970.66,BACS,BNK266211
PAY-2023-01176,PI-2023-00454,PAYMENT,2023-04-24,EUR,1001.25,906.8,BACS,BNK245247
PAY-2023-01177,PI-2023-00457,PAYMENT,2023-04-21,EUR,1685.07,1524.55,BACS,BNK406092
PAY-2023-01178,PI-2023-00458,PAYMENT,2023-04-03,EUR,1214.11,1085.19,BACS,BNK112417
PAY-2023-01179,PI-2023-00463,PAYMENT,2023-04-20,EUR,3485.42,3128.0,dd,BNK251071
PAY-2023-01180,PI-2023-00466,PAYMENT,2023-04-03,GBP,7413.47,7413.47,BACS,BNK469139
PAY-2023-01181,PI-2023-00469,PAYMENT,2023-03-31,EUR,5424.97,4825.81,DD,BNK127074
PAY-2023-01182,PI-2023-00476,PAYMENT,2023-03-30,GBP,807.12,807.12,DD,BNK120344
PAY-2023-01183,PI-2023-00481,PAYMENT,2023-04-12,USD,997.63,751.98,BACS,BNK687758
PAY-2023-01184,PI-2023-00483,PAYMENT,2023-03-31,GBP,1368.34,1368.34,BACS,BNK991618
PAY-2023-01185,PI-2023-00485,PAYMENT,2023-04-19,GBP,1239.9,1239.9,BACS,BNK388454
PAY-2023-01186,PI-2023-00486,PAYMENT,2023-04-07,EUR,891.37,800.82,BACS,BNK631399
PAY-2023-01187,PI-2023-00487,PAYMENT,2023-04-21,GBP,715.49,715.49,BACS,BNK851866
PAY-2023-01188,PI-2023-00488,PAYMENT,2023-04-26,USD,6009.01,4570.1,DD,BNK335178
PAY-2023-01189,PI-2023-00489,PAYMENT,2023-04-13,USD,66316.54,49831.64,BACS,BNK495912
PAY-2023-01190,PI-2023-00490,PAYMENT,2023-04-14,GBP,5749.81,5749.81,CHEQUE,BNK875938
PAY-2023-01191,PI-2023-00491,PAYMENT,2023-04-13,USD,604.11,453.94,CHEQUE,BNK906218
PAY-2023-01192,PI-2023-00492,PAYMENT,2023-04-21,GBP,1170.68,1170.68,BACS,BNK661077
PAY-2023-01193,PI-2023-00493,PAYMENT,2023-04-14,EUR,227.78,204.37,DD,BNK335891
PAY-2023-01194,PI-2023-00494,PAYMENT,2023-04-28,GBP,3240.54,3240.54,DD,BNK694071
PAY-2023-01195,PI-2023-00498,PAYMENT,2023-04-20,USD,3546.4,2682.44,BACS,BNK468337
PAY-2023-01196,PI-2023-00499,PAYMENT,2023-04-14,GBP,9400.73,9400.73,BACS,BNK938377
PAY-2023-01197,PI-2023-00505,PAYMENT,2023-04-17,EUR,1287.01,1152.66,BACS,BNK291442
PAY-2023-01198,PI-2023-00506,PAYMENT,2023-04-21,USD,7002.25,5291.44,CHEQUE,BNK169335
PAY-2023-01199,PI-2023-00507,PAYMENT,2023-04-11,USD,20456.05,15465.26,DD,BNK369151
PAY-2023-01200,PI-2023-00508,PAYMENT,2023-04-21,GBP,2263.69,2263.69,CHEQUE,BNK471255
PAY-2023-01201,PI-2023-00512,PAYMENT,2023-04-25,GBP,11041.51,11041.51,BACS,BNK882453
PAY-2023-01202,PI-2023-00513,PAYMENT,2023-04-05,EUR,6953.69,6233.13,bacs,BNK964031
PAY-2023-01203,PI-2023-00514,PAYMENT,2023-04-20,EUR,2020.66,1813.45,BACS,BNK177782
PAY-2023-01204,PI-2023-00515,PAYMENT,2023-03-31,GBP,1633.25,1633.25,DD,BNK992568
PAY-2023-01205,PI-2023-00517,PAYMENT,2023-04-26,USD,955.79,726.92,DD,BNK181279
PAY-2023-01206,PI-2023-00520,PAYMENT,2023-04-12,GBP,3144.11,3144.11,BACS,BNK245634
PAY-2023-01207,PI-2023-00521,PAYMENT,2023-04-26,EUR,2482.37,2237.38,BACS,BNK442549
PAY-2023-01208,PI-2023-00526,PAYMENT,2023-04-20,EUR,225.22,202.12,BACS,BNK459648
PAY-2023-01209,PI-2023-00539,PAYMENT,2023-04-28,GBP,7590.68,7590.68,BACS,BNK767337
PAY-2023-01210,PI-2023-00541,PAYMENT,2023-04-21,EUR,2354.74,2130.43,BACS,BNK286534
PAY-2023-01211,PI-2023-00558,PAYMENT,2023-04-28,EUR,1082.89,980.21,BACS,BNK498757
RCP-2023-01212,SI-2022-00560,RECEIPT,2023-05-25,GBP,1542.6,1542.6,BACS,BNK982402
RCP-2023-01213,SI-2022-00572,RECEIPT,2023-04-07,USD,31407.31,23920.88,BACS,BNK356273
RCP-2023-01214,SI-2023-00620,RECEIPT,2023-03-31,GBP,7951.24,7951.24,CHEQUE,BNK872183
RCP-2023-01215,SI-2023-00624,RECEIPT,2023-05-11,GBP,7834.9,7834.9,BACS,BNK207105
RCP-2023-01216,SI-2023-00643,RECEIPT,2023-04-04,GBP,16252.16,16252.16,CHEQUE,BNK369184
RCP-2023-01217,SI-2023-00646,RECEIPT,2023-04-17,EUR,12896.33,11550.06,CHEQUE,BNK651548
RCP-2023-01218,SI-2023-00651,RECEIPT,2023-04-11,GBP,3794.16,3794.16,CHEQUE,BNK819654
RCP-2023-01219,SI-2023-00671,RECEIPT,2023-05-08,EUR,13442.84,12275.06,BACS,BNK989060
RCP-2023-01220,SI-2023-00674,RECEIPT,2023-03-31,GBP,5862.6,5862.6,BACS,BNK112817
RCP-2023-01221,SI-2023-00677,RECEIPT,2023-05-26,GBP,14284.81,14284.81,BACS,BNK361407
RCP-2023-01222,SI-2023-00684,RECEIPT,2023-05-08,GBP,11464.37,11464.37,CHEQUE,BNK508970
RCP-2023-01223,SI-2023-00687,RECEIPT,2023-05-19,EUR,7846.34,7009.05,CHEQUE,BNK469661
RCP-2023-01224,SI-2023-00688,RECEIPT,2023-04-21,GBP,6905.52,6905.52,BACS,BNK835974
RCP-2023-01225,SI-2023-00690,RECEIPT,2023-05-18,GBP,6493.86,6493.86,card,BNK575054
RCP-2023-01226,SI-2023-00691,RECEIPT,2023-05-31,GBP,14087.78,14087.78,BACS,BNK759738
RCP-2023-01227,SI-2023-00692,RECEIPT,2023-05-18,GBP,23771.41,23771.41,CARD,BNK249502
RCP-2023-01228,SI-2023-00693,RECEIPT,2023-04-21,GBP,14512.37,14512.37,BACS,BNK486647
RCP-2023-01229,SI-2023-00694,RECEIPT,2023-05-18,GBP,20739.76,20739.76,BACS,BNK601567
RCP-2023-01230,SI-2023-00696,RECEIPT,2023-05-19,GBP,7235.59,7235.59,BACS,BNK562995
RCP-2023-01231,SI-2023-00697,RECEIPT,2023-04-06,GBP,5748.98,5748.98,BACS,BNK350648
RCP-2023-01232,SI-2023-00698,RECEIPT,2023-04-14,GBP,2049.35,2049.35,BACS,BNK591653
RCP-2023-01233,SI-2023-00702,RECEIPT,2023-05-08,EUR,10314.46,9418.44,CARD,BNK938390
RCP-2023-01234,SI-2023-00718,RECEIPT,2023-04-21,GBP,14829.38,14829.38,BACS,BNK660765
RCP-2023-01235,SI-2023-00722,RECEIPT,2023-04-14,GBP,14365.54,14365.54,CHEQUE,BNK860178
RCP-2023-01236,SI-2023-00724,RECEIPT,2023-04-11,GBP,8073.7,8073.7,CHEQUE,BNK603609
RCP-2023-01237,SI-2023-00727,RECEIPT,2023-05-16,EUR,7268.06,6493.8,CARD,BNK110458
RCP-2023-01238,SI-2023-00728,RECEIPT,2023-05-12,USD,5904.83,4446.64,BACS,BNK999922
RCP-2023-01239,SI-2023-00744,RECEIPT,2023-05-15,GBP,13377.01,13377.01,BACS,BNK658969
RCP-2023-01240,SI-2023-00748,RECEIPT,2023-05-15,USD,13045.86,9806.26,BACS,BNK153025
RCP-2023-01241,SI-2023-00750,RECEIPT,2023-05-02,GBP,3076.43,3076.43,BACS,BNK607716
RCP-2023-01242,SI-2023-00754,RECEIPT,2023-05-18,GBP,41633.16,41633.16,CHEQUE,BNK972399
RCP-2023-01243,SI-2023-00756,RECEIPT,2023-05-16,GBP,13675.08,13675.08,CHEQUE,BNK835635
RCP-2023-01244,SI-2023-00758,RECEIPT,2023-05-12,GBP,8164.94,8164.94,BACS,BNK687026
RCP-2023-01245,SI-2023-00759,RECEIPT,2023-05-19,GBP,8398.26,8398.26,BACS,BNK236966
RCP-2023-01246,SI-2023-00760,RECEIPT,2023-05-23,EUR,19639.52,17610.56,CHEQUE,BNK592185
RCP-2023-01247,SI-2023-00762,RECEIPT,2023-05-18,EUR,8392.52,7522.65,CARD,BNK613543
RCP-2023-01248,SI-2023-00764,RECEIPT,2023-05-25,EUR,8011.91,7139.28,cheque,BNK111330
RCP-2023-01249,SI-2023-00765,RECEIPT,2023-05-26,USD,12636.68,9580.56,BACS,BNK392693
RCP-2023-01250,SI-2023-00772,RECEIPT,2023-05-18,GBP,19426.04,19426.04,CHEQUE,BNK845966
RCP-2023-01251,SI-2023-00774,RECEIPT,2023-05-19,EUR,7905.8,7062.16,BACS,BNK367823
RCP-2023-01252,SI-2023-00782,RECEIPT,2023-05-31,GBP,6767.38,6767.38,CARD,BNK685628
RCP-2023-01253,SI-2023-00786,RECEIPT,2023-05-12,EUR,14933.69,13513.53,BACS,BNK564779
RCP-2023-01254,SI-2023-00787,RECEIPT,2023-05-11,EUR,12765.3,11563.37,CARD,BNK751811
RCP-2023-01255,SI-2023-00789,RECEIPT,2023-05-18,GBP,28276.82,28276.82,BACS,BNK310595
RCP-2023-01256,SI-2023-00791,RECEIPT,2023-05-19,GBP,23803.28,23803.28,BACS,BNK153339
RCP-2023-01257,SI-2023-00795,RECEIPT,2023-05-19,USD,5608.4,4250.31,BACS,BNK997841
PAY-2023-01258,PI-2023-00429,PAYMENT,2023-04-07,GBP,975.71,975.71,BACS,BNK809539
PAY-2023-01259,PI-2023-00455,PAYMENT,2023-05-01,GBP,6441.29,6441.29,CHEQUE,BNK824469
PAY-2023-01260,PI-2023-00482,PAYMENT,2023-05-12,EUR,1614.7,1461.15,BACS,BNK687759
PAY-2023-01261,PI-2023-00484,PAYMENT,2023-04-28,GBP,1250.34,1250.34,CHEQUE,BNK402959
PAY-2023-01262,PI-2023-00496,PAYMENT,2023-05-25,GBP,1518.1,1518.1,CHEQUE,BNK595700
PAY-2023-01263,PI-2023-00497,PAYMENT,2023-05-12,EUR,9788.47,8857.61,BACS,BNK535725
PAY-2023-01264,PI-2023-00501,PAYMENT,2023-05-31,GBP,837.36,837.36,CHEQUE,BNK850752
PAY-2023-01265,PI-2023-00503,PAYMENT,2023-04-27,GBP,1545.61,1545.61,DD,BNK796793
PAY-2023-01266,PI-2023-00504,PAYMENT,2023-05-05,GBP,18405.46,18405.46,CHEQUE,BNK651530
PAY-2023-01267,PI-2023-00509,PAYMENT,2023-05-05,GBP,1641.58,1641.58,BACS,BNK991503
PAY-2023-01268,PI-2023-00510,PAYMENT,2023-05-15,GBP,1653.2,1653.2,DD,BNK976707
PAY-2023-01269,PI-2023-00511,PAYMENT,2023-05-05,GBP,5019.14,5019.14,BACS,BNK661028
PAY-2023-01270,PI-2023-00518,PAYMENT,2023-04-28,USD,2975.27,2254.59,BACS,BNK340787
PAY-2023-01271,PI-2023-00524,PAYMENT,2023-05-25,GBP,999.59,999.59,bacs,BNK693342
PAY-2023-01272,PI-2023-00525,PAYMENT,2023-05-26,GBP,8687.82,8687.82,BACS,BNK357132
PAY-2023-01273,PI-2023-00527,PAYMENT,2023-05-19,EUR,1143.05,1021.07,DD,BNK919333
PAY-2023-01274,PI-2023-00528,PAYMENT,2023-05-05,GBP,1862.8,1862.8,BACS,BNK851921
PAY-2023-01275,PI-2023-00532,PAYMENT,2023-05-24,EUR,909.65,812.14,BACS,BNK595480
PAY-2023-01276,PI-2023-00533,PAYMENT,2023-05-18,GBP,1749.96,1749.96,DD,BNK229898
PAY-2023-01277,PI-2023-00534,PAYMENT,2023-05-19,EUR,4552.43,4066.64,DD,BNK304123
PAY-2023-01278,PI-2023-00536,PAYMENT,2023-05-26,GBP,24082.82,24082.82,BACS,BNK590222
PAY-2023-01279,PI-2023-00538,PAYMENT,2023-04-21,EUR,6209.69,5618.15,BACS,BNK697666
PAY-2023-01280,PI-2023-00540,PAYMENT,2023-04-28,EUR,1498.32,1356.25,BACS,BNK299156
PAY-2023-01281,PI-2023-00542,PAYMENT,2023-05-22,GBP,2290.67,2290.67,DD,BNK556364
PAY-2023-01282,PI-2023-00543,PAYMENT,2023-05-03,EUR,15203.23,13878.01,BACS,BNK275106
PAY-2023-01283,PI-2023-00544,PAYMENT,2023-05-05,EUR,1655.44,1501.07,CHEQUE,BNK702548
PAY-2023-01284,PI-2023-00545,PAYMENT,2023-05-19,EUR,569.9,509.09,BACS,BNK506729
PAY-2023-01285,PI-2023-00546,PAYMENT,2023-05-31,GBP,21385.07,21385.07,DD,BNK756098
PAY-2023-01286,PI-2023-00549,PAYMENT,2023-05-24,GBP,5879.63,5879.63,DD,BNK215773
PAY-2023-01287,PI-2023-00550,PAYMENT,2023-05-12,EUR,1748.29,1582.03,BACS,BNK977268
PAY-2023-01288,PI-2023-00551,PAYMENT,2023-05-19,USD,1627.23,1233.19,BACS,BNK465417
PAY-2023-01289,PI-2023-00552,PAYMENT,2023-05-26,GBP,2044.97,2044.97,BACS,BNK123903
PAY-2023-01290,PI-2023-00553,PAYMENT,2023-05-19,GBP,4182.29,4182.29,BACS,BNK989706
PAY-2023-01291,PI-2023-00554,PAYMENT,2023-04-28,USD,873.66,662.04,DD,BNK859179
PAY-2023-01292,PI-2023-00555,PAYMENT,2023-05-05,EUR,5297.37,4803.39,BACS,BNK730751
RCP-2023-01293,SI-2023-00662,RECEIPT,2023-06-09,GBP,12196.76,12196.76,BACS,BNK880224
RCP-2023-01294,SI-2023-00683,RECEIPT,2023-05-22,EUR,11474.21,10290.77,cheque,BNK761438
RCP-2023-01295,SI-2023-00695,RECEIPT,2023-06-14,GBP,19695.72,19695.72,BACS,BNK980631
RCP-2023-01296,SI-2023-00699,RECEIPT,2023-06-28,USD,19334.27,14554.24,CARD,BNK332411
RCP-2023-01297,SI-2023-00704,RECEIPT,2023-04-25,EUR,16219.13,14652.77,BACS,BNK938398
RCP-2023-01298,SI-2023-00705,RECEIPT,2023-05-05,GBP,27044.7,27044.7,CARD,BNK119582
RCP-2023-01299,SI-2023-00706,RECEIPT,2023-05-05,EUR,13793.72,12507.46,BACS,BNK324201
RCP-2023-01300,SI-2023-00708,RECEIPT,2023-06-02,GBP,13756.14,13756.14,CARD,BNK128344
RCP-2023-01301,SI-2023-00711,RECEIPT,2023-06-05,GBP,19227.72,19227.72,CARD,BNK147099
RCP-2023-01302,SI-2023-00712,RECEIPT,2023-06-27,EUR,8195.0,7326.02,BACS,BNK876710
RCP-2023-01303,SI-2023-00715,RECEIPT,2023-04-28,GBP,26124.41,26124.41,CHEQUE,BNK142706
RCP-2023-01304,SI-2023-00716,RECEIPT,2023-06-27,USD,9136.38,6883.48,CHEQUE,BNK113588
RCP-2023-01305,SI-2023-00723,RECEIPT,2023-05-24,EUR,18289.86,16329.32,CHEQUE,BNK533143
RCP-2023-01306,SI-2023-00725,RECEIPT,2023-05-23,GBP,6389.16,6389.16,BACS,BNK686454
RCP-2023-01307,SI-2023-00735,RECEIPT,2023-05-30,GBP,6322.98,6322.98,BACS,BNK799458
RCP-2023-01308,SI-2023-00745,RECEIPT,2023-06-23,GBP,2853.17,2853.17,CARD,BNK746111
RCP-2023-01309,SI-2023-00746,RECEIPT,2023-06-16,GBP,6004.22,6004.22,BACS,BNK599713
RCP-2023-01310,SI-2023-00749,RECEIPT,2023-05-23,GBP,14179.42,14179.42,BACS,BNK598612
RCP-2023-01311,SI-2023-00751,RECEIPT,2023-06-16,EUR,1978.23,1771.87,BACS,BNK634146
RCP-2023-01312,SI-2023-00755,RECEIPT,2023-06-16,EUR,6504.7,5826.18,CARD,BNK120884
RCP-2023-01313,SI-2023-00761,RECEIPT,2023-06-29,EUR,2118.63,1896.32,BACS,BNK434945
RCP-2023-01314,SI-2023-00766,RECEIPT,2023-05-30,USD,32299.55,24599.92,CARD,BNK664058
RCP-2023-01315,SI-2023-00771,RECEIPT,2023-05-12,USD,16150.74,12162.35,CHEQUE,BNK723942
RCP-2023-01316,SI-2023-00775,RECEIPT,2023-06-22,GBP,2134.76,2134.76,CHEQUE,BNK535384
RCP-2023-01317,SI-2023-00778,RECEIPT,2023-06-13,GBP,10261.55,10261.55,bacs,BNK191370
RCP-2023-01318,SI-2023-00784,RECEIPT,2023-05-29,GBP,3973.81,3973.81,CARD,BNK275786
RCP-2023-01319,SI-2023-00790,RECEIPT,2023-05-05,EUR,2825.7,2562.2,CHEQUE,BNK842328
RCP-2023-01320,SI-2023-00793,RECEIPT,2023-05-22,GBP,27135.67,27135.67,CARD,BNK282727
RCP-2023-01321,SI-2023-00794,RECEIPT,2023-06-02,GBP,23567.22,23567.22,BACS,BNK313947
RCP-2023-01322,SI-2023-00796,RECEIPT,2023-06-09,GBP,7685.81,7685.81,BACS,BNK652785
RCP-2023-01323,SI-2023-00797,RECEIPT,2023-06-07,GBP,12643.76,12643.76,BACS,BNK180260
RCP-2023-01324,SI-2023-00799,RECEIPT,2023-06-09,GBP,12041.86,12041.86,CARD,BNK563573
RCP-2023-01325,SI-2023-00800,RECEIPT,2023-06-05,USD,5604.09,4246.58,CHEQUE,BNK653993
RCP-2023-01326,SI-2023-00806,RECEIPT,2023-06-09,GBP,7743.41,7743.41,BACS,BNK569542
RCP-2023-01327,SI-2023-00807,RECEIPT,2023-06-02,EUR,24595.48,22241.74,BACS,BNK736126
RCP-2023-01328,SI-2023-00810,RECEIPT,2023-06-13,EUR,1404.53,1273.9,CHEQUE,BNK291127
RCP-2023-01329,SI-2023-00811,RECEIPT,2023-06-30,GBP,5967.05,5967.05,BACS,BNK449200
RCP-2023-01330,SI-2023-00814,RECEIPT,2023-06-26,EUR,6336.38,5647.92,BACS,BNK249117
RCP-2023-01331,SI-2023-00817,RECEIPT,2023-06-23,USD,4329.02,3265.06,BACS,BNK555203
RCP-2023-01332,SI-2023-00820,RECEIPT,2023-06-16,GBP,5811.1,5811.1,BACS,BNK258445
RCP-2023-01333,SI-2023-00826,RECEIPT,2023-06-16,GBP,1250.9,1250.9,CHEQUE,BNK229581
RCP-2023-01334,SI-2023-00827,RECEIPT,2023-06-09,EUR,15658.35,14339.21,BACS,BNK958191
RCP-2023-01335,SI-2023-00830,RECEIPT,2023-06-23,EUR,4031.6,3606.38,CHEQUE,BNK603756
RCP-2023-01336,SI-2023-00833,RECEIPT,2023-06-09,USD,4569.21,3456.1,BACS,BNK473945
RCP-2023-01337,SI-2023-00834,RECEIPT,2023-06-14,EUR,50680.65,45782.06,CHEQUE,BNK857951
RCP-2023-01338,SI-2023-00835,RECEIPT,2023-06-29,EUR,41296.04,36962.89,CARD,BNK174189
RCP-2023-01339,SI-2023-00840,RECEIPT,2023-06-26,USD,12627.03,9479.89,BACS,BNK523490
RCP-2023-01340,SI-2023-00843,RECEIPT,2023-06-13,EUR,145774.76,132216.54,bacs,BNK120823
RCP-2023-01341,SI-2023-00844,RECEIPT,2023-06-19,USD,16675.99,12629.78,CARD,BNK977001
RCP-2023-01342,SI-2023-00860,RECEIPT,2023-06-20,GBP,7965.58,7965.58,CHEQUE,BNK699590
PAY-2023-01343,PI-2023-00522,PAYMENT,2023-06-09,GBP,3242.29,3242.29,DD,BNK958764
PAY-2023-01344,PI-2023-00530,PAYMENT,2023-06-15,EUR,1463.58,1319.16,BACS,BNK474573
PAY-2023-01345,PI-2023-00531,PAYMENT,2023-05-19,EUR,768.26,686.28,BACS,BNK325048
PAY-2023-01346,PI-2023-00535,PAYMENT,2023-06-16,GBP,1171.36,1171.36,BACS,BNK320386
PAY-2023-01347,PI-2023-00537,PAYMENT,2023-05-29,EUR,8199.29,7372.42,CHEQUE,BNK916073
PAY-2023-01348,PI-2023-00547,PAYMENT,2023-06-06,EUR,12871.63,11762.53,BACS,BNK787784
PAY-2023-01349,PI-2023-00548,PAYMENT,2023-06-02,GBP,1173.24,1173.24,BACS,BNK539421
PAY-2023-01350,PI-2023-00556,PAYMENT,2023-06-09,EUR,777.35,711.86,BACS,BNK732172
PAY-2023-01351,PI-2023-00557,PAYMENT,2023-05-24,GBP,970.84,970.84,BACS,BNK603048
PAY-2023-01352,PI-2023-00559,PAYMENT,2023-05-30,GBP,1914.35,1914.35,BACS,BNK734645
PAY-2023-01353,PI-2023-00562,PAYMENT,2023-06-23,GBP,2818.02,2818.02,CHEQUE,BNK786128
PAY-2023-01354,PI-2023-00563,PAYMENT,2023-06-21,GBP,1467.55,1467.55,CHEQUE,BNK871964
PAY-2023-01355,PI-2023-00565,PAYMENT,2023-06-30,GBP,665.94,665.94,DD,BNK122959
PAY-2023-01356,PI-2023-00566,PAYMENT,2023-06-30,EUR,1118.41,1001.9,DD,BNK535822
PAY-2023-01357,PI-2023-00567,PAYMENT,2023-06-02,GBP,11037.35,11037.35,BACS,BNK641982
PAY-2023-01358,PI-2023-00568,PAYMENT,2023-06-19,EUR,9802.77,8775.96,DD,BNK747618
PAY-2023-01359,PI-2023-00569,PAYMENT,2023-06-09,USD,812.85,614.83,CHEQUE,BNK172701
PAY-2023-01360,PI-2023-00571,PAYMENT,2023-06-16,GBP,8236.04,8236.04,CHEQUE,BNK346219
PAY-2023-01361,PI-2023-00573,PAYMENT,2023-06-22,GBP,1943.34,1943.34,DD,BNK212442
PAY-2023-01362,PI-2023-00576,PAYMENT,2023-06-29,USD,2818.99,2121.46,BACS,BNK137693
PAY-2023-01363,PI-2023-00577,PAYMENT,2023-06-26,EUR,1435.04,1279.12,dd,BNK761631
PAY-2023-01364,PI-2023-00578,PAYMENT,2023-06-29,GBP,3162.06,3162.06,CHEQUE,BNK643175
PAY-2023-01365,PI-2023-00580,PAYMENT,2023-06-07,EUR,1419.42,1293.34,BACS,BNK168436
PAY-2023-01366,PI-2023-00581,PAYMENT,2023-06-16,GBP,2945.27,2945.27,BACS,BNK807955
PAY-2023-01367,PI-2023-00582,PAYMENT,2023-06-02,GBP,1556.96,1556.96,BACS,BNK335639
PAY-2023-01368,PI-2023-00583,PAYMENT,2023-06-09,GBP,2924.12,2924.12,BACS,BNK397696
PAY-2023-01369,PI-2023-00584,PAYMENT,2023-06-08,GBP,2082.59,2082.59,BACS,BNK130000
PAY-2023-01370,PI-2023-00585,PAYMENT,2023-06-23,USD,1260.79,950.92,BACS,BNK436244
PAY-2023-01371,PI-2023-00586,PAYMENT,2023-06-02,USD,1549.5,1171.64,BACS,BNK299957
PAY-2023-01372,PI-2023-00587,PAYMENT,2023-06-07,EUR,1470.4,1339.79,BACS,BNK955820
PAY-2023-01373,PI-2023-00589,PAYMENT,2023-06-23,GBP,707.82,707.82,BACS,BNK226868
PAY-2023-01374,PI-2023-00590,PAYMENT,2023-06-02,GBP,88194.42,88194.42,DD,BNK237630
PAY-2023-01375,PI-2023-00591,PAYMENT,2023-06-08,GBP,2510.0,2510.0,BACS,BNK888373
PAY-2023-01376,PI-2023-00593,PAYMENT,2023-06-16,EUR,3881.66,3476.75,BACS,BNK569594
PAY-2023-01377,PI-2023-00594,PAYMENT,2023-06-16,GBP,180.95,180.95,BACS,BNK768269
PAY-2023-01378,PI-2023-00600,PAYMENT,2023-06-26,EUR,3439.42,3065.72,BACS,BNK656598
PAY-2023-01379,PI-2023-00608,PAYMENT,2023-06-30,EUR,1169.14,1047.35,BACS,BNK922947
PAY-2023-01380,PI-2023-00622,PAYMENT,2023-06-26,EUR,535.02,476.89,BACS,BNK942413
RCP-2023-01381,SI-2023-00709,RECEIPT,2023-07-13,EUR,35769.79,31906.37,CARD,BNK718603
RCP-2023-01382,SI-2023-00717,RECEIPT,2023-06-16,GBP,29976.48,29976.48,CARD,BNK781707
RCP-2023-01383,SI-2023-00747,RECEIPT,2023-07-05,EUR,6198.67,5557.81,BACS,BNK392113
RCP-2023-01384,SI-2023-00763,RECEIPT,2023-06-19,GBP,23847.94,23847.94,CHEQUE,BNK114318
RCP-2023-01385,SI-2023-00770,RECEIPT,2023-07-19,GBP,14390.63,14390.63,BACS,BNK565727
RCP-2023-01386,SI-2023-00776,RECEIPT,2023-06-14,GBP,2040.56,2040.56,bacs,BNK459230
RCP-2023-01387,SI-2023-00777,RECEIPT,2023-07-06,EUR,6990.55,6287.64,CARD,BNK250632
RCP-2023-01388,SI-2023-00779,RECEIPT,2023-07-07,EUR,5001.42,4510.79,CARD,BNK715398
RCP-2023-01389,SI-2023-00780,RECEIPT,2023-07-17,USD,9213.91,6844.13,BACS,BNK325856
RCP-2023-01390,SI-2023-00783,RECEIPT,2023-07-19,EUR,7340.08,6555.46,BACS,BNK262832
RCP-2023-01391,SI-2023-00785,RECEIPT,2023-06-16,GBP,3714.64,3714.64,BACS,BNK535324
RCP-2023-01392,SI-2023-00788,RECEIPT,2023-07-31,GBP,4799.28,4799.28,BACS,BNK663748
RCP-2023-01393,SI-2023-00801,RECEIPT,2023-07-14,GBP,48232.44,48232.44,BACS,BNK626420
RCP-2023-01394,SI-2023-00804,RECEIPT,2023-07-28,GBP,28008.55,28008.55,CARD,BNK252752
RCP-2023-01395,SI-2023-00808,RECEIPT,2023-07-14,EUR,3757.76,3347.56,BACS,BNK249659
RCP-2023-01396,SI-2023-00809,RECEIPT,2023-07-07,EUR,13005.52,11729.7,BACS,BNK711116
RCP-2023-01397,SI-2023-00815,RECEIPT,2023-06-26,GBP,38895.77,38895.77,BACS,BNK391588
RCP-2023-01398,SI-2023-00816,RECEIPT,2023-06-20,GBP,3731.87,3731.87,CARD,BNK578011
RCP-2023-01399,SI-2023-00818,RECEIPT,2023-07-28,EUR,26653.89,23813.73,BACS,BNK158078
RCP-2023-01400,SI-2023-00819,RECEIPT,2023-06-06,EUR,6910.54,6315.09,CARD,BNK662421
RCP-2023-01401,SI-2023-00821,RECEIPT,2023-06-23,GBP,6591.16,6591.16,CARD,BNK660938
RCP-2023-01402,SI-2023-00823,RECEIPT,2023-06-16,GBP,5960.81,5960.81,BACS,BNK277824
RCP-2023-01403,SI-2023-00824,RECEIPT,2023-06-22,EUR,26823.92,23949.17,CHEQUE,BNK795200
RCP-2023-01404,SI-2023-00825,RECEIPT,2023-06-06,EUR,2050.34,1873.67,BACS,BNK156332
RCP-2023-01405,SI-2023-00828,RECEIPT,2023-06-13,USD,4783.85,3596.6,BACS,BNK579864
RCP-2023-01406,SI-2023-00829,RECEIPT,2023-07-28,GBP,13418.75,13418.75,BACS,BNK579279
RCP-2023-01407,SI-2023-00832,RECEIPT,2023-07-14,GBP,9465.26,9465.26,BACS,BNK381934
RCP-2023-01408,SI-2023-00837,RECEIPT,2023-07-10,EUR,14623.22,13158.56,BACS,BNK313284
RCP-2023-01409,SI-2023-00838,RECEIPT,2023-07-20,GBP,10883.7,10883.7,bacs,BNK991574
RCP-2023-01410,SI-2023-00839,RECEIPT,2023-07-13,GBP,6156.37,6156.37,BACS,BNK416159
RCP-2023-01411,SI-2023-00841,RECEIPT,2023-07-28,GBP,3122.58,3122.58,CHEQUE,BNK152288
RCP-2023-01412,SI-2023-00845,RECEIPT,2023-06-22,GBP,5354.89,5354.89,BACS,BNK270450
RCP-2023-01413,SI-2023-00846,RECEIPT,2023-06-06,USD,9710.08,7381.56,BACS,BNK865425
RCP-2023-01414,SI-2023-00847,RECEIPT,2023-07-19,EUR,3774.9,3371.38,BACS,BNK833448
RCP-2023-01415,SI-2023-00854,RECEIPT,2023-07-10,GBP,10255.31,10255.31,BACS,BNK520586
RCP-2023-01416,SI-2023-00857,RECEIPT,2023-07-27,GBP,5706.83,5706.83,CARD,BNK745332
RCP-2023-01417,SI-2023-00859,RECEIPT,2023-07-25,GBP,38945.78,38945.78,CARD,BNK290984
RCP-2023-01418,SI-2023-00861,RECEIPT,2023-07-14,GBP,6299.27,6299.27,BACS,BNK544357
RCP-2023-01419,SI-2023-00865,RECEIPT,2023-07-14,EUR,8330.57,7421.19,CHEQUE,BNK152894
RCP-2023-01420,SI-2023-00870,RECEIPT,2023-07-11,GBP,12603.28,12603.28,CHEQUE,BNK539082
RCP-2023-01421,SI-2023-00872,RECEIPT,2023-07-14,EUR,9886.9,8807.63,CARD,BNK454470
RCP-2023-01422,SI-2023-00873,RECEIPT,2023-07-11,GBP,15294.71,15294.71,CHEQUE,BNK331103
RCP-2023-01423,SI-2023-00876,RECEIPT,2023-07-21,GBP,14029.79,14029.79,BACS,BNK128141
RCP-2023-01424,SI-2023-00877,RECEIPT,2023-07-14,GBP,21209.14,21209.14,BACS,BNK332924
RCP-2023-01425,SI-2023-00879,RECEIPT,2023-07-10,GBP,16245.1,16245.1,BACS,BNK371942
RCP-2023-01426,SI-2023-00883,RECEIPT,2023-07-28,EUR,9721.93,8685.99,BACS,BNK979063
RCP-2023-01427,SI-2023-00886,RECEIPT,2023-07-31,GBP,2363.72,2363.72,CARD,BNK949083
RCP-2023-01428,SI-2023-00887,RECEIPT,2023-07-18,GBP,11552.81,11552.81,BACS,BNK904097
RCP-2023-01429,SI-2023-00888,RECEIPT,2023-07-21,EUR,10049.34,8942.45,BACS,BNK454087
RCP-2023-01430,SI-2023-00889,RECEIPT,2023-07-26,GBP,4992.66,4992.66,BACS,BNK895165
RCP-2023-01431,SI-2023-00895,RECEIPT,2023-07-31,GBP,3953.0,3953.0,BACS,BNK189275
RCP-2023-01432,SI-2023-00896,RECEIPT,2023-07-20,EUR,8130.06,7252.45,card,BNK412637
RCP-2023-01433,SI-2023-00898,RECEIPT,2023-06-29,GBP,17462.34,17462.34,CHEQUE,BNK672097
RCP-2023-01434,SI-2023-00900,RECEIPT,2023-07-31,GBP,11050.97,11050.97,BACS,BNK630088
RCP-2023-01435,SI-2023-00944,RECEIPT,2023-07-19,EUR,15883.39,14185.54,CARD,BNK397057
PAY-2023-01436,PI-2023-00523,PAYMENT,2023-06-20,GBP,14557.38,14557.38,BACS,BNK585625
PAY-2023-01437,PI-2023-00529,PAYMENT,2023-06-23,EUR,934.5,835.94,CHEQUE,BNK379884
PAY-2023-01438,PI-2023-00560,PAYMENT,2023-07-17,GBP,2851.46,2851.46,DD,BNK253080
PAY-2023-01439,PI-2023-00561,PAYMENT,2023-07-25,EUR,1236.56,1097.32,DD,BNK876464
PAY-2023-01440,PI-2023-00564,PAYMENT,2023-07-24,GBP,1339.7,1339.7,BACS,BNK164383
PAY-2023-01441,PI-2023-00570,PAYMENT,2023-07-21,GBP,23707.39,23707.39,CHEQUE,BNK645246
PAY-2023-01442,PI-2023-00572,PAYMENT,2023-06-22,GBP,2422.01,2422.01,DD,BNK362350
PAY-2023-01443,PI-2023-00575,PAYMENT,2023-07-25,EUR,532.23,472.3,DD,BNK626264
PAY-2023-01444,PI-2023-00579,PAYMENT,2023-06-20,GBP,2915.93,2915.93,DD,BNK924677
PAY-2023-01445,PI-2023-00588,PAYMENT,2023-07-12,EUR,5852.38,5263.85,BACS,BNK110168
PAY-2023-01446,PI-2023-00592,PAYMENT,2023-07-25,GBP,5017.39,5017.39,CHEQUE,BNK578106
PAY-2023-01447,PI-2023-00596,PAYMENT,2023-07-26,EUR,3211.75,2868.36,DD,BNK438548
PAY-2023-01448,PI-2023-00597,PAYMENT,2023-07-13,EUR,11298.16,10077.87,CHEQUE,BNK790211
PAY-2023-01449,PI-2023-00599,PAYMENT,2023-07-05,EUR,9487.02,8506.19,DD,BNK723231
PAY-2023-01450,PI-2023-00601,PAYMENT,2023-07-25,GBP,945.08,945.08,BACS,BNK344717
PAY-2023-01451,PI-2023-00602,PAYMENT,2023-07-07,GBP,4953.88,4953.88,CHEQUE,BNK939648
PAY-2023-01452,PI-2023-00604,PAYMENT,2023-07-14,EUR,1055.26,940.07,BACS,BNK107440
PAY-2023-01453,PI-2023-00605,PAYMENT,2023-07-07,GBP,1578.44,1578.44,BACS,BNK171284
PAY-2023-01454,PI-2023-00606,PAYMENT,2023-06-30,GBP,727.22,727.22,BACS,BNK241058
PAY-2023-01455,PI-2023-00607,PAYMENT,2023-07-20,EUR,646.12,576.37,dd,BNK313671
PAY-2023-01456,PI-2023-00610,PAYMENT,2023-07-05,GBP,2854.85,2854.85,BACS,BNK767054
PAY-2023-01457,PI-2023-00613,PAYMENT,2023-07-28,EUR,4770.98,4262.6,DD,BNK517387
PAY-2023-01458,PI-2023-00614,PAYMENT,2023-07-05,GBP,2979.14,2979.14,BACS,BNK612589
PAY-2023-01459,PI-2023-00616,PAYMENT,2023-06-28,GBP,4201.49,4201.49,CHEQUE,BNK454931
PAY-2023-01460,PI-2023-00617,PAYMENT,2023-07-24,EUR,6628.25,5862.57,BACS,BNK246986
PAY-2023-01461,PI-2023-00618,PAYMENT,2023-07-21,GBP,776.8,776.8,DD,BNK217761
PAY-2023-01462,PI-2023-00620,PAYMENT,2023-07-26,EUR,1163.4,1039.01,BACS,BNK268730
PAY-2023-01463,PI-2023-00621,PAYMENT,2023-07-03,USD,3330.85,2473.17,BACS,BNK504161
PAY-2023-01464,PI-2023-00623,PAYMENT,2023-07-28,GBP,12957.0,12957.0,BACS,BNK750649
PAY-2023-01465,PI-2023-00624,PAYMENT,2023-07-21,GBP,71507.44,71507.44,CHEQUE,BNK762528
PAY-2023-01466,PI-2023-00626,PAYMENT,2023-07-13,EUR,3616.56,3225.94,BACS,BNK179907
PAY-2023-01467,PI-2023-00627,PAYMENT,2023-07-20,USD,2730.67,2033.35,BACS,BNK178853
PAY-2023-01468,PI-2023-00628,PAYMENT,2023-06-30,EUR,2474.6,2216.82,BACS,BNK298907
PAY-2023-01469,PI-2023-00630,PAYMENT,2023-07-28,EUR,8267.17,7386.25,CHEQUE,BNK626061
PAY-2023-01470,PI-2023-00637,PAYMENT,2023-07-20,GBP,2762.92,2762.92,BACS,BNK744015
PAY-2023-01471,PI-2023-00648,PAYMENT,2023-07-25,EUR,2086.61,1851.65,BACS,BNK824056
PAY-2023-01472,PI-2023-00657,PAYMENT,2023-07-19,EUR,845.65,755.25,BACS,BNK173205
RCP-2023-01473,SI-2023-00738,RECEIPT,2023-06-28,EUR,34830.71,31239.39,BACS,BNK618369
RCP-2023-01474,SI-2023-00752,RECEIPT,2023-08-11,EUR,5643.92,5018.76,CHEQUE,BNK828175
RCP-2023-01475,SI-2023-00757,RECEIPT,2023-08-08,GBP,5895.95,5895.95,CHEQUE,BNK245937
RCP-2023-01476,SI-2023-00767,RECEIPT,2023-08-08,EUR,8686.95,7672.38,CARD,BNK719365
RCP-2023-01477,SI-2023-00768,RECEIPT,2023-08-31,GBP,6524.11,6524.11,BACS,BNK288930
RCP-2023-01478,SI-2023-00773,RECEIPT,2023-08-28,GBP,10086.82,10086.82,bacs,BNK871905
RCP-2023-01479,SI-2023-00781,RECEIPT,2023-07-28,EUR,7942.27,7095.97,BACS,BNK807104
RCP-2023-01480,SI-2023-00792,RECEIPT,2023-07-10,USD,3905.09,2955.92,BACS,BNK652390
RCP-2023-01481,SI-2023-00798,RECEIPT,2023-08-28,USD,6534.22,4846.63,BACS,BNK145889
RCP-2023-01482,SI-2023-00802,RECEIPT,2023-08-09,GBP,6295.87,6295.87,CARD,BNK264184
RCP-2023-01483,SI-2023-00803,RECEIPT,2023-07-21,EUR,3603.89,3206.94,CHEQUE,BNK978975
RCP-2023-01484,SI-2023-00812,RECEIPT,2023-07-27,GBP,9090.26,9090.26,CARD,BNK869055
RCP-2023-01485,SI-2023-00813,RECEIPT,2023-08-25,GBP,6342.43,6342.43,CHEQUE,BNK308409
RCP-2023-01486,SI-2023-00831,RECEIPT,2023-06-09,GBP,30948.68,30948.68,CARD,BNK714894
RCP-2023-01487,SI-2023-00836,RECEIPT,2023-08-10,GBP,47042.21,47042.21,CHEQUE,BNK116363
RCP-2023-01488,SI-2023-00842,RECEIPT,2023-06-30,GBP,6195.12,6195.12,CHEQUE,BNK288931
RCP-2023-01489,SI-2023-00848,RECEIPT,2023-07-06,GBP,1944.42,1944.42,BACS,BNK829714
RCP-2023-01490,SI-2023-00850,RECEIPT,2023-08-04,GBP,23007.85,23007.85,BACS,BNK519234
RCP-2023-01491,SI-2023-00851,RECEIPT,2023-08-14,GBP,3027.8,3027.8,CARD,BNK479247
RCP-2023-01492,SI-2023-00852,RECEIPT,2023-08-25,EUR,8486.71,7428.43,BACS,BNK868554
RCP-2023-01493,SI-2023-00858,RECEIPT,2023-08-08,USD,8390.99,6240.12,BACS,BNK806152
RCP-2023-01494,SI-2023-00862,RECEIPT,2023-07-27,GBP,1809.67,1809.67,CHEQUE,BNK744402
RCP-2023-01495,SI-2023-00866,RECEIPT,2023-08-02,GBP,9616.56,9616.56,BACS,BNK296692
RCP-2023-01496,SI-2023-00867,RECEIPT,2023-08-10,GBP,16359.49,16359.49,BACS,BNK327185
RCP-2023-01497,SI-2023-00868,RECEIPT,2023-07-28,USD,28931.14,21362.23,CARD,BNK486657
RCP-2023-01498,SI-2023-00869,RECEIPT,2023-08-11,EUR,9113.97,8104.44,CARD,BNK674615
RCP-2023-01499,SI-2023-00874,RECEIPT,2023-08-30,GBP,5663.56,5663.56,CARD,BNK204669
RCP-2023-01500,SI-2023-00875,RECEIPT,2023-07-26,GBP,6581.02,6581.02,BACS,BNK326632
RCP-2023-01501,SI-2023-00878,RECEIPT,2023-08-18,GBP,3145.25,3145.25,bacs,BNK592653
RCP-2023-01502,SI-2023-00881,RECEIPT,2023-08-04,GBP,15053.02,15053.02,BACS,BNK554097
RCP-2023-01503,SI-2023-00884,RECEIPT,2023-08-11,EUR,1762.69,1567.44,CHEQUE,BNK411325
RCP-2023-01504,SI-2023-00890,RECEIPT,2023-08-01,EUR,25792.51,22969.57,CARD,BNK849737
RCP-2023-01505,SI-2023-00893,RECEIPT,2023-08-30,GBP,6279.7,6279.7,BACS,BNK320878
RCP-2023-01506,SI-2023-00897,RECEIPT,2023-07-28,GBP,6894.3,6894.3,CHEQUE,BNK310883
RCP-2023-01507,SI-2023-00901,RECEIPT,2023-07-18,EUR,4195.73,3744.03,BACS,BNK646747
RCP-2023-01508,SI-2023-00903,RECEIPT,2023-07-28,EUR,16693.18,14914.4,BACS,BNK166017
RCP-2023-01509,SI-2023-00905,RECEIPT,2023-08-30,GBP,16727.76,16727.76,CARD,BNK764784
RCP-2023-01510,SI-2023-00906,RECEIPT,2023-08-03,EUR,13311.53,11783.33,BACS,BNK766522
RCP-2023-01511,SI-2023-00910,RECEIPT,2023-08-21,GBP,10863.88,10863.88,BACS,BNK349923
RCP-2023-01512,SI-2023-00911,RECEIPT,2023-08-16,GBP,14553.64,14553.64,BACS,BNK770518
RCP-2023-01513,SI-2023-00915,RECEIPT,2023-08-31,EUR,9633.72,8487.11,CHEQUE,BNK536222
RCP-2023-01514,SI-2023-00916,RECEIPT,2023-08-18,GBP,22232.77,22232.77,BACS,BNK220107
RCP-2023-01515,SI-2023-00919,RECEIPT,2023-08-04,GBP,12096.95,12096.95,CARD,BNK223510
RCP-2023-01516,SI-2023-00920,RECEIPT,2023-08-04,GBP,15755.46,15755.46,CARD,BNK669861
RCP-2023-01517,SI-2023-00922,RECEIPT,2023-08-25,GBP,1833.35,1833.35,BACS,BNK642398
RCP-2023-01518,SI-2023-00927,RECEIPT,2023-08-16,GBP,5990.54,5990.54,BACS,BNK292626
RCP-2023-01519,SI-2023-00928,RECEIPT,2023-08-17,GBP,3936.37,3936.37,CHEQUE,BNK312159
RCP-2023-01520,SI-2023-00938,RECEIPT,2023-08-25,GBP,12128.33,12128.33,CARD,BNK680100
RCP-2023-01521,SI-2023-00946,RECEIPT,2023-08-18,EUR,14230.88,12451.62,CHEQUE,BNK509450
RCP-2023-01522,SI-2023-00947,RECEIPT,2023-08-17,EUR,9742.49,8551.11,BACS,BNK703264
RCP-2023-01523,SI-2023-00948,RECEIPT,2023-08-18,GBP,1314.7,1314.7,BACS,BNK270265
RCP-2023-01524,SI-2023-00971,RECEIPT,2023-08-30,GBP,5862.67,5862.67,bacs,BNK705814
RCP-2023-01525,SI-2023-00986,RECEIPT,2023-08-25,EUR,15134.79,13247.51,CARD,BNK362298
PAY-2023-01526,PI-2023-00574,PAYMENT,2023-06-09,USD,3598.67,2721.99,CHEQUE,BNK791329
PAY-2023-01527,PI-2023-00595,PAYMENT,2023-07-21,GBP,690.84,690.84,BACS,BNK369601
PAY-2023-01528,PI-2023-00598,PAYMENT,2023-08-15,EUR,1922.63,1695.75,BACS,BNK893764
PAY-2023-01529,PI-2023-00603,PAYMENT,2023-08-04,EUR,2043.14,1797.19,BACS,BNK803680
PAY-2023-01530,PI-2023-00609,PAYMENT,2023-08-18,GBP,23215.48,23215.48,DD,BNK373571
PAY-2023-01531,PI-2023-00611,PAYMENT,2023-07-20,GBP,2788.57,2788.57,BACS,BNK440500
PAY-2023-01532,PI-2023-00612,PAYMENT,2023-07-31,GBP,33160.52,33160.52,BACS,BNK421129
PAY-2023-01533,PI-2023-00619,PAYMENT,2023-07-31,GBP,1060.26,1060.26,BACS,BNK314225
PAY-2023-01534,PI-2023-00625,PAYMENT,2023-08-04,GBP,2859.74,2859.74,BACS,BNK990649
PAY-2023-01535,PI-2023-00629,PAYMENT,2023-08-18,EUR,1615.93,1413.89,BACS,BNK668186
PAY-2023-01536,PI-2023-00631,PAYMENT,2023-08-18,EUR,4585.65,4012.32,BACS,BNK570966
PAY-2023-01537,PI-2023-00632,PAYMENT,2023-08-30,GBP,16092.1,16092.1,BACS,BNK427731
PAY-2023-01538,PI-2023-00635,PAYMENT,2023-08-11,GBP,31048.18,31048.18,BACS,BNK113187
PAY-2023-01539,PI-2023-00636,PAYMENT,2023-08-09,EUR,14609.04,12911.81,BACS,BNK958684
PAY-2023-01540,PI-2023-00639,PAYMENT,2023-08-01,EUR,418.08,372.32,BACS,BNK739905
PAY-2023-01541,PI-2023-00642,PAYMENT,2023-08-09,GBP,450.9,450.9,DD,BNK337046
PAY-2023-01542,PI-2023-00644,PAYMENT,2023-08-17,EUR,1846.99,1621.13,BACS,BNK130249
PAY-2023-01543,PI-2023-00645,PAYMENT,2023-08-10,GBP,2062.12,2062.12,BACS,BNK628162
PAY-2023-01544,PI-2023-00649,PAYMENT,2023-08-25,GBP,2227.5,2227.5,BACS,BNK486474
PAY-2023-01545,PI-2023-00650,PAYMENT,2023-08-11,USD,761.31,563.64,BACS,BNK929636
PAY-2023-01546,PI-2023-00651,PAYMENT,2023-08-31,GBP,1195.42,1195.42,CHEQUE,BNK873789
PAY-2023-01547,PI-2023-00655,PAYMENT,2023-08-04,GBP,25770.68,25770.68,cheque,BNK778024
PAY-2023-01548,PI-2023-00656,PAYMENT,2023-08-18,GBP,2268.3,2268.3,DD,BNK690388
PAY-2023-01549,PI-2023-00659,PAYMENT,2023-08-18,GBP,8903.75,8903.75,BACS,BNK357301
PAY-2023-01550,PI-2023-00660,PAYMENT,2023-08-14,EUR,2047.6,1803.48,BACS,BNK476832
PAY-2023-01551,PI-2023-00661,PAYMENT,2023-08-14,EUR,4962.05,4370.46,BACS,BNK538909
PAY-2023-01552,PI-2023-00665,PAYMENT,2023-08-16,EUR,7924.31,6969.5,DD,BNK200158
PAY-2023-01553,PI-2023-00668,PAYMENT,2023-08-09,EUR,12473.68,11024.53,BACS,BNK971467
PAY-2023-01554,PI-2023-00670,PAYMENT,2023-07-31,GBP,1152.8,1152.8,BACS,BNK572481
PAY-2023-01555,PI-2023-00671,PAYMENT,2023-08-25,USD,907.96,670.59,DD,BNK809515
PAY-2023-01556,PI-2023-00681,PAYMENT,2023-08-23,EUR,1815.48,1588.76,BACS,BNK664185
RCP-2023-01557,SI-2023-00805,RECEIPT,2023-08-23,EUR,5039.24,4409.92,CARD,BNK235669
RCP-2023-01558,SI-2023-00822,RECEIPT,2023-09-07,GBP,26046.62,26046.62,BACS,BNK893659
RCP-2023-01559,SI-2023-00849,RECEIPT,2023-08-25,GBP,11849.36,11849.36,BACS,BNK707786
RCP-2023-01560,SI-2023-00853,RECEIPT,2023-09-15,USD,14557.56,10345.88,BACS,BNK130401
RCP-2023-01561,SI-2023-00855,RECEIPT,2023-09-15,USD,44647.11,31730.17,CHEQUE,BNK698782
RCP-2023-01562,SI-2023-00856,RECEIPT,2023-08-22,EUR,7854.51,6885.84,BACS,BNK282886
RCP-2023-01563,SI-2023-00863,RECEIPT,2023-09-11,GBP,5020.3,5020.3,BACS,BNK665946
RCP-2023-01564,SI-2023-00882,RECEIPT,2023-09-21,GBP,27592.22,27592.22,CHEQUE,BNK669393
RCP-2023-01565,SI-2023-00885,RECEIPT,2023-08-04,EUR,9180.96,8075.76,CHEQUE,BNK468690
RCP-2023-01566,SI-2023-00891,RECEIPT,2023-08-01,GBP,14556.32,14556.32,CHEQUE,BNK500177
RCP-2023-01567,SI-2023-00892,RECEIPT,2023-08-25,EUR,4401.29,3852.46,BACS,BNK396999
RCP-2023-01568,SI-2023-00894,RECEIPT,2023-09-22,GBP,12340.15,12340.15,BACS,BNK782994
RCP-2023-01569,SI-2023-00899,RECEIPT,2023-09-08,GBP,5263.81,5263.81,BACS,BNK410204
RCP-2023-01570,SI-2023-00902,RECEIPT,2023-08-25,EUR,5632.79,4930.39,bacs,BNK587354
RCP-2023-01571,SI-2023-00904,RECEIPT,2023-09-05,EUR,16710.77,14673.76,CARD,BNK579628
RCP-2023-01572,SI-2023-00908,RECEIPT,2023-09-22,EUR,4812.08,4092.91,BACS,BNK879510
RCP-2023-01573,SI-2023-00912,RECEIPT,2023-08-29,EUR,9503.1,8391.97,BACS,BNK374561
RCP-2023-01574,SI-2023-00913,RECEIPT,2023-09-08,GBP,28740.46,28740.46,CHEQUE,BNK127253
RCP-2023-01575,SI-2023-00914,RECEIPT,2023-09-01,GBP,5415.86,5415.86,BACS,BNK670823
RCP-2023-01576,SI-2023-00918,RECEIPT,2023-08-31,GBP,24664.84,24664.84,CHEQUE,BNK599292
RCP-2023-01577,SI-2023-00921,RECEIPT,2023-09-01,GBP,10643.98,10643.98,BACS,BNK593263
RCP-2023-01578,SI-2023-00923,RECEIPT,2023-09-21,GBP,4610.62,4610.62,BACS,BNK766461
RCP-2023-01579,SI-2023-00926,RECEIPT,2023-08-30,EUR,1685.47,1485.0,BACS,BNK191580
RCP-2023-01580,SI-2023-00930,RECEIPT,2023-09-08,EUR,10224.27,8902.83,BACS,BNK529833
RCP-2023-01581,SI-2023-00934,RECEIPT,2023-09-15,GBP,33510.08,33510.08,BACS,BNK778884
RCP-2023-01582,SI-2023-00935,RECEIPT,2023-09-08,GBP,15959.1,15959.1,CARD,BNK426636
RCP-2023-01583,SI-2023-00936,RECEIPT,2023-09-15,GBP,4029.68,4029.68,CHEQUE,BNK729280
RCP-2023-01584,SI-2023-00939,RECEIPT,2023-09-15,GBP,10113.89,10113.89,CARD,BNK272393
RCP-2023-01585,SI-2023-00940,RECEIPT,2023-09-11,GBP,9603.28,9603.28,BACS,BNK267389
RCP-2023-01586,SI-2023-00941,RECEIPT,2023-09-21,EUR,7187.61,6154.29,BACS,BNK465190
RCP-2023-01587,SI-2023-00945,RECEIPT,2023-09-28,GBP,6341.21,6341.21,CARD,BNK150403
RCP-2023-01588,SI-2023-00949,RECEIPT,2023-08-18,EUR,3556.46,3111.8,BACS,BNK276464
RCP-2023-01589,SI-2023-00951,RECEIPT,2023-09-05,GBP,11327.02,11327.02,CHEQUE,BNK613974
RCP-2023-01590,SI-2023-00957,RECEIPT,2023-09-14,GBP,13771.2,13771.2,BACS,BNK210366
RCP-2023-01591,SI-2023-00958,RECEIPT,2023-09-22,GBP,15895.34,15895.34,CHEQUE,BNK427337
RCP-2023-01592,SI-2023-00961,RECEIPT,2023-08-15,EUR,17244.48,15209.56,BACS,BNK153637
RCP-2023-01593,SI-2023-00968,RECEIPT,2023-09-06,GBP,1277.09,1277.09,bacs,BNK176887
RCP-2023-01594,SI-2023-00969,RECEIPT,2023-09-05,USD,19661.23,14399.79,CARD,BNK768724
RCP-2023-01595,SI-2023-00972,RECEIPT,2023-09-29,GBP,12975.43,12975.43,CARD,BNK127765
RCP-2023-01596,SI-2023-00973,RECEIPT,2023-09-07,GBP,5315.54,5315.54,CARD,BNK916161
RCP-2023-01597,SI-2023-00974,RECEIPT,2023-08-29,EUR,11266.84,9949.49,BACS,BNK297137
RCP-2023-01598,SI-2023-00976,RECEIPT,2023-09-29,GBP,10089.94,10089.94,BACS,BNK936044
RCP-2023-01599,SI-2023-00977,RECEIPT,2023-09-25,GBP,9167.57,9167.57,CARD,BNK337931
RCP-2023-01600,SI-2023-00978,RECEIPT,2023-09-13,EUR,11856.2,10303.86,CARD,BNK757397
RCP-2023-01601,SI-2023-00979,RECEIPT,2023-09-25,USD,1555.2,1110.99,BACS,BNK582317
RCP-2023-01602,SI-2023-00982,RECEIPT,2023-09-08,GBP,6715.9,6715.9,BACS,BNK752175
RCP-2023-01603,SI-2023-00983,RECEIPT,2023-09-20,EUR,2078.7,1776.17,CARD,BNK390728
RCP-2023-01604,SI-2023-00987,RECEIPT,2023-08-31,GBP,8006.26,8006.26,BACS,BNK978537
RCP-2023-01605,SI-2023-00988,RECEIPT,2023-08-22,EUR,17145.74,15031.22,BACS,BNK378593
RCP-2023-01606,SI-2023-00989,RECEIPT,2023-09-12,GBP,8989.02,8989.02,BACS,BNK621195
RCP-2023-01607,SI-2023-01016,RECEIPT,2023-09-20,EUR,10706.97,9148.69,BACS,BNK560311
RCP-2023-01608,SI-2023-01044,RECEIPT,2023-09-15,GBP,3197.87,3197.87,BACS,BNK329417
PAY-2023-01609,PI-2023-00615,PAYMENT,2023-08-11,EUR,368.76,327.91,BACS,BNK423712
PAY-2023-01610,PI-2023-00633,PAYMENT,2023-09-01,GBP,1179.77,1179.77,DD,BNK179913
PAY-2023-01611,PI-2023-00640,PAYMENT,2023-09-22,EUR,1069.64,909.78,DD,BNK563301
PAY-2023-01612,PI-2023-00641,PAYMENT,2023-09-15,EUR,1344.62,1159.07,DD,BNK817148
PAY-2023-01613,PI-2023-00643,PAYMENT,2023-09-01,GBP,5105.03,5105.03,BACS,BNK845245
PAY-2023-01614,PI-2023-00646,PAYMENT,2023-09-05,EUR,2227.58,1956.04,CHEQUE,BNK190338
PAY-2023-01615,PI-2023-00652,PAYMENT,2023-09-15,GBP,1157.62,1157.62,DD,BNK337863
PAY-2023-01616,PI-2023-00653,PAYMENT,2023-09-21,GBP,7187.0,7187.0,bacs,BNK241722
PAY-2023-01617,PI-2023-00654,PAYMENT,2023-09-05,GBP,16351.86,16351.86,BACS,BNK568088
PAY-2023-01618,PI-2023-00658,PAYMENT,2023-09-04,GBP,3603.71,3603.71,CHEQUE,BNK823381
PAY-2023-01619,PI-2023-00662,PAYMENT,2023-09-01,GBP,2773.56,2773.56,BACS,BNK884443
PAY-2023-01620,PI-2023-00663,PAYMENT,2023-09-14,GBP,6343.82,6343.82,BACS,BNK100370
PAY-2023-01621,PI-2023-00664,PAYMENT,2023-09-08,EUR,7358.46,6407.42,BACS,BNK473191
PAY-2023-01622,PI-2023-00666,PAYMENT,2023-09-07,GBP,603.3,603.3,DD,BNK570490
PAY-2023-01623,PI-2023-00667,PAYMENT,2023-08-04,GBP,8591.04,8591.04,DD,BNK652629
PAY-2023-01624,PI-2023-00669,PAYMENT,2023-09-01,USD,641.63,472.16,CHEQUE,BNK365082
PAY-2023-01625,PI-2023-00673,PAYMENT,2023-09-22,EUR,872.98,742.51,DD,BNK846044
PAY-2023-01626,PI-2023-00674,PAYMENT,2023-09-22,GBP,9445.75,9445.75,BACS,BNK361123
PAY-2023-01627,PI-2023-00675,PAYMENT,2023-09-13,EUR,29198.46,25375.48,BACS,BNK145390
PAY-2023-01628,PI-2023-00677,PAYMENT,2023-09-01,EUR,1473.09,1294.51,BACS,BNK884904
PAY-2023-01629,PI-2023-00678,PAYMENT,2023-09-08,GBP,772.4,772.4,BACS,BNK912795
PAY-2023-01630,PI-2023-00679,PAYMENT,2023-09-04,GBP,8177.12,8177.12,BACS,BNK256034
PAY-2023-01631,PI-2023-00680,PAYMENT,2023-09-15,GBP,5455.38,5455.38,BACS,BNK430297
PAY-2023-01632,PI-2023-00682,PAYMENT,2023-09-13,GBP,82773.23,82773.23,BACS,BNK939290
PAY-2023-01633,PI-2023-00686,PAYMENT,2023-08-25,EUR,509.1,445.62,BACS,BNK245580
PAY-2023-01634,PI-2023-00690,PAYMENT,2023-09-22,GBP,11939.28,11939.28,BACS,BNK794258
PAY-2023-01635,PI-2023-00691,PAYMENT,2023-09-11,EUR,2722.53,2371.53,BACS,BNK230422
PAY-2023-01636,PI-2023-00694,PAYMENT,2023-08-25,EUR,10893.15,9534.8,DD,BNK716738
PAY-2023-01637,PI-2023-00695,PAYMENT,2023-09-08,USD,1125.83,818.94,DD,BNK366464
PAY-2023-01638,PI-2023-00696,PAYMENT,2023-09-13,GBP,1070.89,1070.89,BACS,BNK683040
PAY-2023-01639,PI-2023-00697,PAYMENT,2023-09-28,GBP,14190.16,14190.16,bacs,BNK686796
PAY-2023-01640,PI-2023-00698,PAYMENT,2023-09-19,EUR,49208.25,41968.54,BACS,BNK513810
PAY-2023-01641,PI-2023-00699,PAYMENT,2023-09-13,EUR,4374.21,3801.49,BACS,BNK379232
PAY-2023-01642,PI-2023-00701,PAYMENT,2023-09-08,EUR,3289.83,2864.64,BACS,BNK596617
PAY-2023-01643,PI-2023-00703,PAYMENT,2023-09-14,EUR,1027.96,890.01,BACS,BNK719737
PAY-2023-01644,PI-2023-00704,PAYMENT,2023-09-12,GBP,2986.97,2986.97,BACS,BNK256934
PAY-2023-01645,PI-2023-00706,PAYMENT,2023-09-25,GBP,47043.9,47043.9,BACS,BNK339123
PAY-2023-01646,PI-2023-00707,PAYMENT,2023-09-22,EUR,502.2,427.15,BACS,BNK363692
PAY-2023-01647,PI-2023-00708,PAYMENT,2023-09-28,GBP,2398.51,2398.51,CHEQUE,BNK502585
PAY-2023-01648,PI-2023-00709,PAYMENT,2023-09-15,EUR,4290.97,3698.84,BACS,BNK463859
PAY-2023-01649,PI-2023-00721,PAYMENT,2023-09-15,EUR,1143.7,985.88,BACS,BNK121045
PAY-2023-01650,PI-2023-00722,PAYMENT,2023-09-29,EUR,1778.35,1495.91,DD,BNK893571
PAY-2023-01651,PI-2023-00730,PAYMENT,2023-09-28,EUR,2535.85,2128.76,BACS,BNK477270
PAY-2023-01652,PI-2023-00733,PAYMENT,2023-09-25,EUR,27021.22,22913.13,BACS,BNK589986
PAY-2023-01653,PI-2023-00738,PAYMENT,2023-09-22,GBP,1456.96,1456.96,DD,BNK137168
RCP-2023-01654,SI-2023-00753,RECEIPT,2023-07-05,EUR,11516.45,10325.81,CHEQUE,BNK630317
RCP-2023-01655,SI-2023-00864,RECEIPT,2023-09-19,EUR,6294.1,5368.09,CARD,BNK245534
RCP-2023-01656,SI-2023-00907,RECEIPT,2023-10-23,GBP,19790.89,19790.89,CARD,BNK896131
RCP-2023-01657,SI-2023-00917,RECEIPT,2023-09-29,EUR,14847.06,12488.99,CHEQUE,BNK940876
RCP-2023-01658,SI-2023-00924,RECEIPT,2023-09-13,USD,25009.61,17957.55,BACS,BNK668532
RCP-2023-01659,SI-2023-00925,RECEIPT,2023-10-19,GBP,7018.68,7018.68,BACS,BNK438163
RCP-2023-01660,SI-2023-00929,RECEIPT,2023-09-27,GBP,13593.42,13593.42,CARD,BNK214805
RCP-2023-01661,SI-2023-00931,RECEIPT,2023-09-22,GBP,20767.15,20767.15,BACS,BNK158380
RCP-2023-01662,SI-2023-00937,RECEIPT,2023-10-31,GBP,8864.87,8864.87,bacs,BNK158989
RCP-2023-01663,SI-2023-00953,RECEIPT,2023-08-31,GBP,12804.08,12804.08,BACS,BNK876540
RCP-2023-01664,SI-2023-00956,RECEIPT,2023-10-11,EUR,5004.11,4190.45,CARD,BNK550004
RCP-2023-01665,SI-2023-00959,RECEIPT,2023-09-22,GBP,11724.07,11724.07,BACS,BNK348679
RCP-2023-01666,SI-2023-00960,RECEIPT,2023-09-21,GBP,6848.58,6848.58,CHEQUE,BNK429883
RCP-2023-01667,SI-2023-00964,RECEIPT,2023-10-11,USD,3522.07,2460.82,BACS,BNK290487
RCP-2023-01668,SI-2023-00965,RECEIPT,2023-09-26,GBP,21784.24,21784.24,BACS,BNK776338
RCP-2023-01669,SI-2023-00970,RECEIPT,2023-10-19,EUR,6857.88,5769.94,CARD,BNK977364
RCP-2023-01670,SI-2023-00980,RECEIPT,2023-09-21,GBP,4280.47,4280.47,BACS,BNK389198
RCP-2023-01671,SI-2023-00981,RECEIPT,2023-10-20,GBP,14866.49,14866.49,BACS,BNK862119
RCP-2023-01672,SI-2023-00984,RECEIPT,2023-10-02,EUR,39344.46,33063.0,CHEQUE,BNK597792
RCP-2023-01673,SI-2023-00985,RECEIPT,2023-09-25,GBP,6479.39,6479.39,BACS,BNK582253
RCP-2023-01674,SI-2023-00991,RECEIPT,2023-10-31,GBP,34412.75,34412.75,BACS,BNK497239
RCP-2023-01675,SI-2023-00993,RECEIPT,2023-10-27,EUR,5592.0,4706.1,BACS,BNK142170
RCP-2023-01676,SI-2023-00994,RECEIPT,2023-10-10,GBP,34046.21,34046.21,BACS,BNK147124
RCP-2023-01677,SI-2023-00995,RECEIPT,2023-10-20,GBP,20685.98,20685.98,BACS,BNK411985
RCP-2023-01678,SI-2023-00996,RECEIPT,2023-10-13,GBP,8468.76,8468.76,BACS,BNK348072
RCP-2023-01679,SI-2023-01000,RECEIPT,2023-10-11,EUR,18887.74,15816.61,BACS,BNK620075
RCP-2023-01680,SI-2023-01003,RECEIPT,2023-10-27,EUR,16647.18,14009.9,BACS,BNK972299
RCP-2023-01681,SI-2023-01007,RECEIPT,2023-09-29,EUR,5491.39,4619.23,CHEQUE,BNK274506
RCP-2023-01682,SI-2023-01009,RECEIPT,2023-10-27,USD,4181.65,2919.91,BACS,BNK159823
RCP-2023-01683,SI-2023-01010,RECEIPT,2023-10-24,GBP,7445.69,7445.69,BACS,BNK992467
RCP-2023-01684,SI-2023-01018,RECEIPT,2023-10-16,GBP,13059.52,13059.52,CHEQUE,BNK768470
RCP-2023-01685,SI-2023-01028,RECEIPT,2023-10-10,GBP,7083.66,7083.66,cheque,BNK215748
RCP-2023-01686,SI-2023-01031,RECEIPT,2023-10-20,GBP,4920.2,4920.2,BACS,BNK483613
RCP-2023-01687,SI-2023-01032,RECEIPT,2023-10-20,GBP,6488.05,6488.05,BACS,BNK342172
RCP-2023-01688,SI-2023-01035,RECEIPT,2023-10-13,USD,9175.08,6450.51,CARD,BNK154670
RCP-2023-01689,SI-2023-01036,RECEIPT,2023-10-17,GBP,2536.08,2536.08,BACS,BNK717699
RCP-2023-01690,SI-2023-01038,RECEIPT,2023-10-19,EUR,18468.1,15538.3,BACS,BNK688605
RCP-2023-01691,SI-2023-01043,RECEIPT,2023-10-20,GBP,10787.59,10787.59,CHEQUE,BNK809980
RCP-2023-01692,SI-2023-01059,RECEIPT,2023-10-26,USD,6997.31,4893.2,CHEQUE,BNK997826
RCP-2023-01693,SI-2023-01084,RECEIPT,2023-10-20,EUR,5736.45,4846.65,CARD,BNK992433
PAY-2023-01694,PI-2023-00634,PAYMENT,2023-09-29,EUR,4428.86,3725.45,BACS,BNK406360
PAY-2023-01695,PI-2023-00638,PAYMENT,2023-09-05,GBP,1650.86,1650.86,BACS,BNK982864
PAY-2023-01696,PI-2023-00647,PAYMENT,2023-10-06,EUR,1271.92,1059.1,DD,BNK198965
PAY-2023-01697,PI-2023-00672,PAYMENT,2023-10-06,GBP,1434.43,1434.43,BACS,BNK903982
PAY-2023-01698,PI-2023-00676,PAYMENT,2023-10-04,GBP,131202.68,131202.68,DD,BNK118845
PAY-2023-01699,PI-2023-00683,PAYMENT,2023-09-28,GBP,3647.84,3647.84,BACS,BNK651618
PAY-2023-01700,PI-2023-00684,PAYMENT,2023-10-20,GBP,14670.9,14670.9,CHEQUE,BNK997607
PAY-2023-01701,PI-2023-00685,PAYMENT,2023-09-22,EUR,237.42,201.94,DD,BNK196246
PAY-2023-01702,PI-2023-00687,PAYMENT,2023-10-13,EUR,1348.9,1127.39,BACS,BNK917732
PAY-2023-01703,PI-2023-00689,PAYMENT,2023-10-12,GBP,1089.22,1089.22,BACS,BNK273286
PAY-2023-01704,PI-2023-00692,PAYMENT,2023-09-15,GBP,7147.18,7147.18,DD,BNK528773
PAY-2023-01705,PI-2023-00693,PAYMENT,2023-10-06,EUR,429.32,357.49,DD,BNK637282
PAY-2023-01706,PI-2023-00700,PAYMENT,2023-10-06,EUR,7828.14,6518.32,BACS,BNK876802
PAY-2023-01707,PI-2023-00705,PAYMENT,2023-10-11,EUR,749.42,627.57,BACS,BNK387185
PAY-2023-01708,PI-2023-00710,PAYMENT,2023-10-06,EUR,1192.26,992.77,bacs,BNK576555
PAY-2023-01709,PI-2023-00711,PAYMENT,2023-10-25,GBP,12159.14,12159.14,BACS,BNK560473
PAY-2023-01710,PI-2023-00712,PAYMENT,2023-10-20,GBP,5615.42,5615.42,BACS,BNK192702
PAY-2023-01711,PI-2023-00713,PAYMENT,2023-10-25,USD,5856.5,4108.39,BACS,BNK786968
PAY-2023-01712,PI-2023-00714,PAYMENT,2023-10-13,EUR,11497.5,9609.42,DD,BNK332525
PAY-2023-01713,PI-2023-00715,PAYMENT,2023-10-17,GBP,3886.68,3886.68,BACS,BNK815252
PAY-2023-01714,PI-2023-00716,PAYMENT,2023-10-06,EUR,80718.64,67212.64,DD,BNK534399
PAY-2023-01715,PI-2023-00719,PAYMENT,2023-10-20,EUR,1169.21,987.85,BACS,BNK637372
PAY-2023-01716,PI-2023-00724,PAYMENT,2023-10-20,GBP,3201.26,3201.26,BACS,BNK898746
PAY-2023-01717,PI-2023-00726,PAYMENT,2023-10-20,GBP,653.16,653.16,BACS,BNK266728
PAY-2023-01718,PI-2023-00728,PAYMENT,2023-10-25,GBP,12238.49,12238.49,BACS,BNK930324
PAY-2023-01719,PI-2023-00729,PAYMENT,2023-10-19,GBP,16971.36,16971.36,BACS,BNK136979
PAY-2023-01720,PI-2023-00731,PAYMENT,2023-09-26,EUR,1113.22,942.41,DD,BNK154307
PAY-2023-01721,PI-2023-00732,PAYMENT,2023-10-05,EUR,6770.94,5636.38,BACS,BNK851284
PAY-2023-01722,PI-2023-00734,PAYMENT,2023-10-26,GBP,3305.64,3305.64,BACS,BNK924957
PAY-2023-01723,PI-2023-00736,PAYMENT,2023-10-11,GBP,2019.97,2019.97,DD,BNK178981
PAY-2023-01724,PI-2023-00737,PAYMENT,2023-10-12,GBP,9076.64,9076.64,CHEQUE,BNK584502
PAY-2023-01725,PI-2023-00740,PAYMENT,2023-10-27,GBP,906.96,906.96,DD,BNK323209
PAY-2023-01726,PI-2023-00742,PAYMENT,2023-10-16,GBP,1531.2,1531.2,BACS,BNK267153
PAY-2023-01727,PI-2023-00743,PAYMENT,2023-10-11,GBP,13886.57,13886.57,BACS,BNK390357
PAY-2023-01728,PI-2023-00746,PAYMENT,2023-10-27,EUR,1742.18,1466.18,DD,BNK869177
PAY-2023-01729,PI-2023-00751,PAYMENT,2023-10-27,EUR,3593.87,3024.52,BACS,BNK322936
PAY-2023-01730,PI-2023-00771,PAYMENT,2023-10-16,EUR,35919.53,30304.8,BACS,BNK798872
PAY-2023-01731,PI-2023-00777,PAYMENT,2023-10-30,EUR,812.83,680.62,bacs,BNK914357
PAY-2023-01732,PI-2023-00785,PAYMENT,2023-10-30,EUR,965.27,808.26,CHEQUE,BNK468021
RCP-2023-01733,SI-2023-00871,RECEIPT,2023-09-22,GBP,4781.52,4781.52,CHEQUE,BNK762450
RCP-2023-01734,SI-2023-00880,RECEIPT,2023-10-11,GBP,12941.39,12941.39,BACS,BNK504678
RCP-2023-01735,SI-2023-00909,RECEIPT,2023-09-29,GBP,26512.96,26512.96,CARD,BNK906129
RCP-2023-01736,SI-2023-00932,RECEIPT,2023-10-03,GBP,8708.48,8708.48,CHEQUE,BNK706719
RCP-2023-01737,SI-2023-00933,RECEIPT,2023-10-13,USD,17300.06,12162.76,CHEQUE,BNK146628
RCP-2023-01738,SI-2023-00942,RECEIPT,2023-11-27,EUR,3404.8,2783.13,BACS,BNK406889
RCP-2023-01739,SI-2023-00943,RECEIPT,2023-11-01,USD,17970.02,12602.27,BACS,BNK522944
RCP-2023-01740,SI-2023-00950,RECEIPT,2023-11-03,EUR,4927.12,4111.0,CHEQUE,BNK712402
RCP-2023-01741,SI-2023-00954,RECEIPT,2023-10-04,EUR,10074.49,8384.13,BACS,BNK140149
RCP-2023-01742,SI-2023-00955,RECEIPT,2023-10-06,GBP,42106.46,42106.46,CHEQUE,BNK283864
RCP-2023-01743,SI-2023-00962,RECEIPT,2023-10-11,EUR,5482.59,4591.13,CARD,BNK442653
RCP-2023-01744,SI-2023-00963,RECEIPT,2023-11-09,EUR,3554.19,2961.14,BACS,BNK790350
RCP-2023-01745,SI-2023-00966,RECEIPT,2023-11-28,EUR,3901.07,3165.38,CARD,BNK434600
RCP-2023-01746,SI-2023-00967,RECEIPT,2023-11-22,GBP,7752.35,7752.35,BACS,BNK967454
RCP-2023-01747,SI-2023-00975,RECEIPT,2023-11-13,GBP,21685.46,21685.46,BACS,BNK450126
RCP-2023-01748,SI-2023-00992,RECEIPT,2023-11-14,EUR,73678.37,61031.85,CARD,BNK196922
RCP-2023-01749,SI-2023-00997,RECEIPT,2023-11-27,GBP,13297.1,13297.1,BACS,BNK547089
RCP-2023-01750,SI-2023-00998,RECEIPT,2023-10-27,GBP,5886.98,5886.98,BACS,BNK568292
RCP-2023-01751,SI-2023-00999,RECEIPT,2023-11-03,GBP,10362.64,10362.64,CHEQUE,BNK254781
RCP-2023-01752,SI-2023-01005,RECEIPT,2023-11-10,GBP,5922.84,5922.84,BACS,BNK626384
RCP-2023-01753,SI-2023-01006,RECEIPT,2023-10-24,GBP,13142.22,13142.22,BACS,BNK543628
RCP-2023-01754,SI-2023-01008,RECEIPT,2023-11-17,GBP,8078.4,8078.4,bacs,BNK138213
RCP-2023-01755,SI-2023-01011,RECEIPT,2023-11-06,GBP,14270.5,14270.5,BACS,BNK255897
RCP-2023-01756,SI-2023-01012,RECEIPT,2023-10-27,USD,10756.85,7511.16,BACS,BNK623043
RCP-2023-01757,SI-2023-01013,RECEIPT,2023-11-03,EUR,3802.62,3172.76,CHEQUE,BNK474992
RCP-2023-01758,SI-2023-01015,RECEIPT,2023-11-17,GBP,2795.75,2795.75,BACS,BNK888922
RCP-2023-01759,SI-2023-01019,RECEIPT,2023-11-22,GBP,3082.31,3082.31,CARD,BNK284798
RCP-2023-01760,SI-2023-01023,RECEIPT,2023-11-13,EUR,5715.88,4732.82,BACS,BNK723409
RCP-2023-01761,SI-2023-01026,RECEIPT,2023-11-30,EUR,5301.74,4294.99,CHEQUE,BNK548560
RCP-2023-01762,SI-2023-01040,RECEIPT,2023-10-12,GBP,28978.2,28978.2,CHEQUE,BNK451977
RCP-2023-01763,SI-2023-01041,RECEIPT,2023-09-29,EUR,2603.76,2190.22,BACS,BNK679842
RCP-2023-01764,SI-2023-01042,RECEIPT,2023-11-16,USD,6254.73,4482.43,BACS,BNK851160
RCP-2023-01765,SI-2023-01047,RECEIPT,2023-11-20,EUR,18969.72,15619.8,BACS,BNK102149
RCP-2023-01766,SI-2023-01055,RECEIPT,2023-11-24,EUR,5136.55,4186.44,CHEQUE,BNK356869
RCP-2023-01767,SI-2023-01058,RECEIPT,2023-11-24,GBP,12933.65,12933.65,BACS,BNK116718
RCP-2023-01768,SI-2023-01060,RECEIPT,2023-11-28,EUR,5849.97,4746.75,BACS,BNK917937
RCP-2023-01769,SI-2023-01062,RECEIPT,2023-11-17,GBP,13417.78,13417.78,BACS,BNK703370
RCP-2023-01770,SI-2023-01063,RECEIPT,2023-11-21,GBP,3696.31,3696.31,BACS,BNK591237
RCP-2023-01771,SI-2023-01065,RECEIPT,2023-11-29,USD,3404.75,2475.11,BACS,BNK420824
RCP-2023-01772,SI-2023-01068,RECEIPT,2023-11-24,GBP,27928.54,27928.54,BACS,BNK973640
RCP-2023-01773,SI-2023-01069,RECEIPT,2023-11-17,GBP,8683.84,8683.84,BACS,BNK458948
RCP-2023-01774,SI-2023-01071,RECEIPT,2023-11-14,EUR,30274.46,25078.0,BACS,BNK952866
RCP-2023-01775,SI-2023-01073,RECEIPT,2023-11-06,GBP,3674.0,3674.0,CARD,BNK419436
RCP-2023-01776,SI-2023-01074,RECEIPT,2023-11-21,GBP,3088.28,3088.28,BACS,BNK567067
RCP-2023-01777,SI-2023-01075,RECEIPT,2023-11-30,EUR,4731.9,3833.35,card,BNK808608
RCP-2023-01778,SI-2023-01077,RECEIPT,2023-11-09,EUR,11675.53,9727.37,BACS,BNK350756
RCP-2023-01779,SI-2023-01078,RECEIPT,2023-11-17,EUR,7187.62,5963.97,BACS,BNK732619
RCP-2023-01780,SI-2023-01080,RECEIPT,2023-11-01,EUR,11086.49,9271.37,CARD,BNK690835
RCP-2023-01781,SI-2023-01081,RECEIPT,2023-11-21,GBP,12720.46,12720.46,CARD,BNK134502
RCP-2023-01782,SI-2023-01082,RECEIPT,2023-11-06,USD,9816.23,6966.13,BACS,BNK607423
RCP-2023-01783,SI-2023-01088,RECEIPT,2023-11-03,EUR,6120.96,5107.1,CHEQUE,BNK165866
RCP-2023-01784,SI-2023-01091,RECEIPT,2023-11-23,GBP,4658.62,4658.62,BACS,BNK609621
RCP-2023-01785,SI-2023-01093,RECEIPT,2023-11-03,EUR,22412.4,18700.05,BACS,BNK454751
RCP-2023-01786,SI-2023-01095,RECEIPT,2023-11-08,GBP,11149.32,11149.32,CHEQUE,BNK877635
RCP-2023-01787,SI-2023-01097,RECEIPT,2023-11-24,GBP,6621.31,6621.31,CARD,BNK601685
RCP-2023-01788,SI-2023-01099,RECEIPT,2023-11-22,GBP,24939.37,24939.37,BACS,BNK752218
RCP-2023-01789,SI-2023-01100,RECEIPT,2023-11-29,GBP,16375.16,16375.16,CARD,BNK523803
RCP-2023-01790,SI-2023-01104,RECEIPT,2023-11-22,USD,25633.68,18652.09,BACS,BNK926949
RCP-2023-01791,SI-2023-01117,RECEIPT,2023-11-17,EUR,3530.55,2929.5,BACS,BNK599759
RCP-2023-01792,SI-2023-01147,RECEIPT,2023-11-24,GBP,7357.94,7357.94,BACS,BNK436808
RCP-2023-01793,SI-2023-01153,RECEIPT,2023-11-17,GBP,10857.9,10857.9,CARD,BNK330352
RCP-2023-01794,SI-2023-01157,RECEIPT,2023-11-15,GBP,28450.38,28450.38,CARD,BNK346520
RCP-2023-01795,SI-2023-01163,RECEIPT,2023-11-29,EUR,3007.67,2455.61,CARD,BNK580856
PAY-2023-01796,PI-2023-00688,PAYMENT,2023-11-01,GBP,3844.0,3844.0,DD,BNK970553
PAY-2023-01797,PI-2023-00702,PAYMENT,2023-10-31,EUR,4502.94,3765.65,BACS,BNK521070
PAY-2023-01798,PI-2023-00717,PAYMENT,2023-11-01,GBP,1788.68,1788.68,BACS,BNK309085
PAY-2023-01799,PI-2023-00718,PAYMENT,2023-11-06,GBP,1129.62,1129.62,CHEQUE,BNK312537
PAY-2023-01800,PI-2023-00720,PAYMENT,2023-11-27,EUR,1458.79,1192.43,bacs,BNK691970
PAY-2023-01801,PI-2023-00725,PAYMENT,2023-10-23,GBP,11475.67,11475.67,BACS,BNK778564
PAY-2023-01802,PI-2023-00727,PAYMENT,2023-10-20,GBP,900.89,900.89,CHEQUE,BNK593626
PAY-2023-01803,PI-2023-00735,PAYMENT,2023-10-27,GBP,2790.72,2790.72,BACS,BNK568387
PAY-2023-01804,PI-2023-00739,PAYMENT,2023-11-01,EUR,1932.2,1615.85,BACS,BNK810216
PAY-2023-01805,PI-2023-00741,PAYMENT,2023-11-03,EUR,5751.68,4798.98,CHEQUE,BNK606535
PAY-2023-01806,PI-2023-00744,PAYMENT,2023-11-24,GBP,5383.94,5383.94,BACS,BNK853256
PAY-2023-01807,PI-2023-00745,PAYMENT,2023-11-21,EUR,7245.87,5962.14,BACS,BNK594322
PAY-2023-01808,PI-2023-00747,PAYMENT,2023-11-24,GBP,3761.47,3761.47,BACS,BNK349794
PAY-2023-01809,PI-2023-00748,PAYMENT,2023-10-25,EUR,1338.52,1120.76,BACS,BNK719933
PAY-2023-01810,PI-2023-00749,PAYMENT,2023-11-29,GBP,2654.5,2654.5,CHEQUE,BNK493997
PAY-2023-01811,PI-2023-00750,PAYMENT,2023-11-15,GBP,1358.0,1358.0,BACS,BNK789210
PAY-2023-01812,PI-2023-00752,PAYMENT,2023-11-23,GBP,21399.96,21399.96,CHEQUE,BNK577734
PAY-2023-01813,PI-2023-00755,PAYMENT,2023-11-01,EUR,24979.63,20889.87,BACS,BNK287707
PAY-2023-01814,PI-2023-00756,PAYMENT,2023-11-21,GBP,24465.84,24465.84,CHEQUE,BNK697355
PAY-2023-01815,PI-2023-00758,PAYMENT,2023-11-24,GBP,11663.2,11663.2,BACS,BNK247306
PAY-2023-01816,PI-2023-00760,PAYMENT,2023-11-24,GBP,1733.93,1733.93,BACS,BNK734247
PAY-2023-01817,PI-2023-00761,PAYMENT,2023-10-30,EUR,629.99,527.52,DD,BNK280431
PAY-2023-01818,PI-2023-00762,PAYMENT,2023-11-08,EUR,11097.88,9212.76,BACS,BNK188187
PAY-2023-01819,PI-2023-00764,PAYMENT,2023-11-17,EUR,1625.11,1348.44,BACS,BNK540844
PAY-2023-01820,PI-2023-00768,PAYMENT,2023-11-14,EUR,977.87,810.02,DD,BNK833555
PAY-2023-01821,PI-2023-00770,PAYMENT,2023-11-22,GBP,19059.28,19059.28,BACS,BNK152827
PAY-2023-01822,PI-2023-00773,PAYMENT,2023-11-02,GBP,2195.66,2195.66,BACS,BNK237712
PAY-2023-01823,PI-2023-00774,PAYMENT,2023-11-21,USD,10926.8,7999.96,cheque,BNK501348
PAY-2023-01824,PI-2023-00775,PAYMENT,2023-11-10,GBP,5313.17,5313.17,CHEQUE,BNK358761
PAY-2023-01825,PI-2023-00776,PAYMENT,2023-11-03,EUR,409.56,341.72,CHEQUE,BNK324598
PAY-2023-01826,PI-2023-00783,PAYMENT,2023-11-17,USD,983.11,707.07,BACS,BNK509365
PAY-2023-01827,PI-2023-00817,PAYMENT,2023-11-28,EUR,11698.79,9492.56,CHEQUE,BNK815163
PAY-2023-01828,PI-2023-00820,PAYMENT,2023-11-29,EUR,2504.99,2045.2,DD,BNK676241
PAY-2023-01829,PI-2023-00821,PAYMENT,2023-11-28,GBP,1520.48,1520.48,BACS,BNK962713
PAY-2023-01830,PI-2023-00824,PAYMENT,2023-11-15,EUR,6915.66,5739.65,DD,BNK252366
RCP-2023-01831,SI-2023-00952,RECEIPT,2023-09-07,GBP,6789.43,6789.43,CARD,BNK674409
RCP-2023-01832,SI-2023-00990,RECEIPT,2023-11-17,GBP,33517.56,33517.56,CHEQUE,BNK640538
RCP-2023-01833,SI-2023-01001,RECEIPT,2023-11-03,GBP,14801.72,14801.72,CARD,BNK996536
RCP-2023-01834,SI-2023-01002,RECEIPT,2023-11-24,USD,13377.74,9714.63,CARD,BNK764781
RCP-2023-01835,SI-2023-01004,RECEIPT,2023-12-22,EUR,5271.59,4382.97,CHEQUE,BNK865592
RCP-2023-01836,SI-2023-01014,RECEIPT,2023-11-17,GBP,17404.98,17404.98,CHEQUE,BNK721731
RCP-2023-01837,SI-2023-01017,RECEIPT,2023-11-15,EUR,9643.22,8003.38,CHEQUE,BNK381168
RCP-2023-01838,SI-2023-01020,RECEIPT,2023-11-16,GBP,3763.94,3763.94,BACS,BNK365807
RCP-2023-01839,SI-2023-01021,RECEIPT,2023-12-15,GBP,13458.67,13458.67,BACS,BNK576211
RCP-2023-01840,SI-2023-01022,RECEIPT,2023-12-29,USD,3936.29,2868.8,CARD,BNK571044
RCP-2023-01841,SI-2023-01024,RECEIPT,2023-11-10,EUR,11087.42,9239.31,CARD,BNK536449
RCP-2023-01842,SI-2023-01027,RECEIPT,2023-12-29,GBP,19854.49,19854.49,CARD,BNK851563
RCP-2023-01843,SI-2023-01029,RECEIPT,2023-12-01,GBP,11674.81,11674.81,BACS,BNK324723
RCP-2023-01844,SI-2023-01030,RECEIPT,2023-12-04,USD,33605.68,24581.82,CARD,BNK587190
RCP-2023-01845,SI-2023-01034,RECEIPT,2023-12-29,GBP,10626.67,10626.67,BACS,BNK335253
RCP-2023-01846,SI-2023-01037,RECEIPT,2023-12-21,USD,9658.16,7037.54,card,BNK672812
RCP-2023-01847,SI-2023-01039,RECEIPT,2023-11-16,EUR,2938.49,2439.55,BACS,BNK582682
RCP-2023-01848,SI-2023-01049,RECEIPT,2023-11-07,GBP,17567.66,17567.66,BACS,BNK233696
RCP-2023-01849,SI-2023-01050,RECEIPT,2023-12-05,GBP,10863.68,10863.68,BACS,BNK728584
RCP-2023-01850,SI-2023-01053,RECEIPT,2023-11-20,EUR,720.21,593.03,BACS,BNK633066
RCP-2023-01851,SI-2023-01054,RECEIPT,2023-12-06,EUR,12837.44,10387.26,BACS,BNK743427
RCP-2023-01852,SI-2023-01056,RECEIPT,2023-11-10,GBP,6109.34,6109.34,CARD,BNK707273
RCP-2023-01853,SI-2023-01057,RECEIPT,2023-12-01,EUR,2530.23,2056.62,BACS,BNK570561
RCP-2023-01854,SI-2023-01061,RECEIPT,2023-11-14,GBP,6706.54,6706.54,CHEQUE,BNK763703
RCP-2023-01855,SI-2023-01064,RECEIPT,2023-11-20,GBP,39687.54,39687.54,CHEQUE,BNK830939
RCP-2023-01856,SI-2023-01066,RECEIPT,2023-12-22,GBP,6051.29,6051.29,BACS,BNK140759
RCP-2023-01857,SI-2023-01067,RECEIPT,2023-12-15,EUR,10170.79,8328.19,CARD,BNK104539
RCP-2023-01858,SI-2023-01070,RECEIPT,2023-12-07,EUR,7254.0,5880.44,BACS,BNK649634
RCP-2023-01859,SI-2023-01083,RECEIPT,2023-12-22,GBP,15373.07,15373.07,BACS,BNK884051
RCP-2023-01860,SI-2023-01085,RECEIPT,2023-11-24,EUR,20739.41,16903.22,CHEQUE,BNK866298
RCP-2023-01861,SI-2023-01086,RECEIPT,2023-12-18,GBP,6908.46,6908.46,BACS,BNK991304
RCP-2023-01862,SI-2023-01089,RECEIPT,2023-11-07,GBP,6581.87,6581.87,BACS,BNK440706
RCP-2023-01863,SI-2023-01090,RECEIPT,2023-12-21,GBP,37652.39,37652.39,BACS,BNK552432
RCP-2023-01864,SI-2023-01096,RECEIPT,2023-12-18,USD,12083.59,8833.84,BACS,BNK825959
RCP-2023-01865,SI-2023-01098,RECEIPT,2023-12-07,GBP,5289.41,5289.41,BACS,BNK293970
RCP-2023-01866,SI-2023-01101,RECEIPT,2023-11-24,GBP,36040.03,36040.03,BACS,BNK152257
RCP-2023-01867,SI-2023-01102,RECEIPT,2023-11-10,GBP,25412.17,25412.17,CARD,BNK769946
RCP-2023-01868,SI-2023-01105,RECEIPT,2023-12-28,GBP,15018.8,15018.8,BACS,BNK341588
RCP-2023-01869,SI-2023-01107,RECEIPT,2023-12-15,USD,3231.1,2365.17,cheque,BNK591001
RCP-2023-01870,SI-2023-01108,RECEIPT,2023-12-01,GBP,5143.94,5143.94,BACS,BNK519169
RCP-2023-01871,SI-2023-01109,RECEIPT,2023-12-15,GBP,10856.18,10856.18,CARD,BNK721299
RCP-2023-01872,SI-2023-01110,RECEIPT,2023-12-15,USD,3088.97,2261.13,BACS,BNK115813
RCP-2023-01873,SI-2023-01112,RECEIPT,2023-12-29,GBP,50188.04,50188.04,CHEQUE,BNK632364
RCP-2023-01874,SI-2023-01113,RECEIPT,2023-12-08,GBP,8013.38,8013.38,CHEQUE,BNK980150
RCP-2023-01875,SI-2023-01114,RECEIPT,2023-12-22,EUR,11724.63,9748.24,BACS,BNK437079
RCP-2023-01876,SI-2023-01116,RECEIPT,2023-12-12,GBP,3349.03,3349.03,BACS,BNK744714
RCP-2023-01877,SI-2023-01119,RECEIPT,2023-12-26,GBP,3274.01,3274.01,BACS,BNK512442
RCP-2023-01878,SI-2023-01121,RECEIPT,2023-11-23,GBP,21144.86,21144.86,BACS,BNK688786
RCP-2023-01879,SI-2023-01122,RECEIPT,2023-12-29,GBP,14339.82,14339.82,BACS,BNK659997
RCP-2023-01880,SI-2023-01125,RECEIPT,2023-12-11,EUR,18128.43,14791.73,BACS,BNK407372
RCP-2023-01881,SI-2023-01132,RECEIPT,2023-11-24,GBP,6626.8,6626.8,CARD,BNK596569
RCP-2023-01882,SI-2023-01139,RECEIPT,2023-11-29,GBP,7676.2,7676.2,CHEQUE,BNK678704
RCP-2023-01883,SI-2023-01140,RECEIPT,2023-12-20,GBP,4740.92,4740.92,BACS,BNK439847
RCP-2023-01884,SI-2023-01141,RECEIPT,2023-11-29,GBP,10504.09,10504.09,BACS,BNK385687
RCP-2023-01885,SI-2023-01145,RECEIPT,2023-12-01,GBP,14141.09,14141.09,BACS,BNK643239
RCP-2023-01886,SI-2023-01156,RECEIPT,2023-12-08,GBP,16893.32,16893.32,CARD,BNK409534
RCP-2023-01887,SI-2023-01162,RECEIPT,2023-12-12,USD,4057.35,2964.79,CARD,BNK144560
RCP-2023-01888,SI-2023-01169,RECEIPT,2023-12-27,GBP,6965.68,6965.68,CHEQUE,BNK661553
RCP-2023-01889,SI-2023-01216,RECEIPT,2023-12-22,GBP,6378.61,6378.61,CHEQUE,BNK503734
PAY-2023-01890,PI-2023-00723,PAYMENT,2023-11-21,GBP,5154.43,5154.43,BACS,BNK865340
PAY-2023-01891,PI-2023-00753,PAYMENT,2023-12-15,GBP,2583.72,2583.72,BACS,BNK969506
PAY-2023-01892,PI-2023-00754,PAYMENT,2023-12-15,GBP,10618.54,10618.54,cheque,BNK596856
PAY-2023-01893,PI-2023-00757,PAYMENT,2023-11-23,GBP,1769.92,1769.92,BACS,BNK944940
PAY-2023-01894,PI-2023-00759,PAYMENT,2023-12-22,EUR,11468.24,9535.07,BACS,BNK119437
PAY-2023-01895,PI-2023-00765,PAYMENT,2023-12-26,EUR,4173.14,3469.18,DD,BNK618103
PAY-2023-01896,PI-2023-00766,PAYMENT,2023-12-01,EUR,4646.12,3776.46,CHEQUE,BNK254371
PAY-2023-01897,PI-2023-00769,PAYMENT,2023-12-21,GBP,30416.15,30416.15,BACS,BNK149557
PAY-2023-01898,PI-2023-00772,PAYMENT,2023-12-08,EUR,1035.33,841.46,BACS,BNK466518
PAY-2023-01899,PI-2023-00778,PAYMENT,2023-12-15,GBP,2310.07,2310.07,BACS,BNK457222
PAY-2023-01900,PI-2023-00780,PAYMENT,2023-12-22,GBP,4811.8,4811.8,BACS,BNK698555
PAY-2023-01901,PI-2023-00781,PAYMENT,2023-12-15,EUR,1030.55,843.85,CHEQUE,BNK514230
PAY-2023-01902,PI-2023-00782,PAYMENT,2023-11-24,EUR,826.56,673.67,DD,BNK474342
PAY-2023-01903,PI-2023-00784,PAYMENT,2023-12-05,GBP,2265.8,2265.8,CHEQUE,BNK828801
PAY-2023-01904,PI-2023-00786,PAYMENT,2023-12-15,EUR,10250.07,8393.11,DD,BNK472124
PAY-2023-01905,PI-2023-00787,PAYMENT,2023-12-21,EUR,390.08,323.86,BACS,BNK615877
PAY-2023-01906,PI-2023-00788,PAYMENT,2023-12-01,GBP,22800.6,22800.6,BACS,BNK197692
PAY-2023-01907,PI-2023-00789,PAYMENT,2023-12-01,GBP,13278.06,13278.06,BACS,BNK850978
PAY-2023-01908,PI-2023-00790,PAYMENT,2023-12-29,EUR,6719.11,5576.13,BACS,BNK969723
PAY-2023-01909,PI-2023-00791,PAYMENT,2023-12-22,EUR,1394.28,1159.25,CHEQUE,BNK673697
PAY-2023-01910,PI-2023-00792,PAYMENT,2023-12-22,USD,831.35,607.14,BACS,BNK572020
PAY-2023-01911,PI-2023-00794,PAYMENT,2023-11-23,EUR,3194.97,2599.09,BACS,BNK912022
PAY-2023-01912,PI-2023-00795,PAYMENT,2023-12-15,GBP,41317.43,41317.43,BACS,BNK504740
PAY-2023-01913,PI-2023-00797,PAYMENT,2023-12-08,GBP,15507.53,15507.53,BACS,BNK322010
PAY-2023-01914,PI-2023-00799,PAYMENT,2023-12-19,GBP,4746.72,4746.72,DD,BNK498443
PAY-2023-01915,PI-2023-00800,PAYMENT,2023-12-22,GBP,3154.21,3154.21,bacs,BNK244743
PAY-2023-01916,PI-2023-00801,PAYMENT,2023-12-22,USD,639.65,467.14,DD,BNK854150
PAY-2023-01917,PI-2023-00808,PAYMENT,2023-12-28,EUR,2010.26,1667.29,CHEQUE,BNK871862
PAY-2023-01918,PI-2023-00809,PAYMENT,2023-12-04,EUR,6258.99,5043.09,BACS,BNK503580
PAY-2023-01919,PI-2023-00810,PAYMENT,2023-12-29,EUR,520.72,432.14,BACS,BNK879130
PAY-2023-01920,PI-2023-00811,PAYMENT,2023-12-14,GBP,5343.24,5343.24,BACS,BNK667417
PAY-2023-01921,PI-2023-00813,PAYMENT,2023-12-29,GBP,2080.2,2080.2,BACS,BNK668855
PAY-2023-01922,PI-2023-00814,PAYMENT,2023-12-11,EUR,21691.21,17698.75,BACS,BNK892848
PAY-2023-01923,PI-2023-00823,PAYMENT,2023-12-01,GBP,2324.66,2324.66,CHEQUE,BNK790429
PAY-2023-01924,PI-2023-00830,PAYMENT,2023-12-22,EUR,1492.32,1240.76,BACS,BNK728631
PAY-2023-01925,PI-2023-00840,PAYMENT,2023-12-22,EUR,9311.66,7742.02,DD,BNK506849
PAY-2023-01926,PI-2023-00846,PAYMENT,2023-12-27,EUR,21503.31,17863.53,CHEQUE,BNK786846
PAY-2023-01927,PI-2023-00849,PAYMENT,2023-12-29,GBP,1414.24,1414.24,CHEQUE,BNK978640
PAY-2023-01928,PI-2023-00855,PAYMENT,2023-12-29,GBP,11269.27,11269.27,DD,BNK115333
PAY-2023-01929,PI-2023-00863,PAYMENT,2023-12-29,EUR,10938.85,9078.05,BACS,BNK536530
PAY-2023-01930,PI-2023-00864,PAYMENT,2023-12-29,EUR,1186.35,984.54,CHEQUE,BNK428085
RCP-2024-01931,SI-2023-01025,RECEIPT,2024-01-05,GBP,5402.0,5402.0,BACS,BNK279601
RCP-2023-01932,SI-2023-01033,RECEIPT,2023-12-14,USD,6776.96,4955.1,BACS,BNK657344
RCP-2023-01933,SI-2023-01046,RECEIPT,2023-12-25,EUR,15514.33,12903.24,BACS,BNK979873
RCP-2024-01934,SI-2023-01048,RECEIPT,2024-01-05,USD,21309.7,15384.69,BACS,BNK640386
RCP-2023-01935,SI-2023-01051,RECEIPT,2023-12-28,EUR,80100.44,66434.66,BACS,BNK939099
RCP-2024-01936,SI-2023-01052,RECEIPT,2024-01-19,GBP,4476.41,4476.41,BACS,BNK225190
RCP-2024-01937,SI-2023-01072,RECEIPT,2024-01-19,EUR,6446.91,5310.78,BACS,BNK412147
RCP-2024-01938,SI-2023-01076,RECEIPT,2024-01-12,EUR,6516.95,5374.13,card,BNK652020
RCP-2023-01939,SI-2023-01079,RECEIPT,2023-11-17,EUR,23467.27,19472.11,CHEQUE,BNK115007
RCP-2024-01940,SI-2023-01087,RECEIPT,2024-01-12,EUR,2566.24,2116.22,CHEQUE,BNK216287
RCP-2024-01941,SI-2023-01094,RECEIPT,2024-01-04,EUR,22713.16,18719.75,CHEQUE,BNK893066
RCP-2024-01942,SI-2023-01106,RECEIPT,2024-01-19,GBP,20617.44,20617.44,CARD,BNK959485
RCP-2023-01943,SI-2023-01118,RECEIPT,2023-12-22,EUR,15250.21,12679.53,BACS,BNK570334
RCP-2023-01944,SI-2023-01120,RECEIPT,2023-12-20,GBP,6945.47,6945.47,BACS,BNK323699
RCP-2024-01945,SI-2023-01123,RECEIPT,2024-01-09,EUR,7074.26,5836.62,BACS,BNK411497
RCP-2024-01946,SI-2023-01126,RECEIPT,2024-01-12,EUR,3841.59,3167.92,CHEQUE,BNK283154
RCP-2024-01947,SI-2023-01127,RECEIPT,2024-01-08,USD,12380.41,8967.27,BACS,BNK956541
RCP-2024-01948,SI-2023-01128,RECEIPT,2024-01-12,EUR,20304.91,16744.22,BACS,BNK930188
RCP-2024-01949,SI-2023-01131,RECEIPT,2024-01-03,EUR,6370.93,5283.01,CARD,BNK531688
RCP-2023-01950,SI-2023-01134,RECEIPT,2023-12-25,EUR,8820.3,7335.83,BACS,BNK863961
RCP-2024-01951,SI-2023-01136,RECEIPT,2024-01-29,EUR,9347.51,7789.89,BACS,BNK233448
RCP-2023-01952,SI-2023-01137,RECEIPT,2023-12-29,GBP,9578.3,9578.3,BACS,BNK880008
RCP-2023-01953,SI-2023-01138,RECEIPT,2023-12-12,GBP,15925.84,15925.84,CARD,BNK960900
RCP-2023-01954,SI-2023-01142,RECEIPT,2023-12-20,EUR,1902.57,1582.34,BACS,BNK882826
RCP-2024-01955,SI-2023-01144,RECEIPT,2024-01-26,EUR,9000.53,7479.6,BACS,BNK500480
RCP-2024-01956,SI-2023-01148,RECEIPT,2024-01-09,GBP,32454.66,32454.66,BACS,BNK549729
RCP-2024-01957,SI-2023-01149,RECEIPT,2024-01-25,EUR,10593.84,8810.53,BACS,BNK535151
RCP-2024-01958,SI-2023-01150,RECEIPT,2024-01-19,USD,2741.45,2013.34,BACS,BNK179675
RCP-2024-01959,SI-2023-01152,RECEIPT,2024-01-29,GBP,5694.18,5694.18,BACS,BNK684064
RCP-2023-01960,SI-2023-01155,RECEIPT,2023-12-22,GBP,3785.39,3785.39,CARD,BNK478852
RCP-2024-01961,SI-2023-01159,RECEIPT,2024-01-26,GBP,1963.04,1963.04,bacs,BNK542592
RCP-2023-01962,SI-2023-01160,RECEIPT,2023-12-12,EUR,15011.83,12289.15,BACS,BNK403199
RCP-2024-01963,SI-2023-01161,RECEIPT,2024-01-01,GBP,13970.28,13970.28,BACS,BNK265541
RCP-2024-01964,SI-2023-01164,RECEIPT,2024-01-12,GBP,5114.09,5114.09,CHEQUE,BNK355474
RCP-2024-01965,SI-2023-01165,RECEIPT,2024-01-05,GBP,5569.62,5569.62,BACS,BNK381847
RCP-2024-01966,SI-2023-01167,RECEIPT,2024-01-17,EUR,2432.95,1997.73,BACS,BNK768960
RCP-2024-01967,SI-2023-01168,RECEIPT,2024-01-11,GBP,12563.27,12563.27,BACS,BNK976858
RCP-2024-01968,SI-2023-01170,RECEIPT,2024-01-26,USD,31088.78,23111.43,BACS,BNK512990
RCP-2024-01969,SI-2023-01171,RECEIPT,2024-01-05,USD,3773.5,2724.3,CARD,BNK538111
RCP-2024-01970,SI-2023-01172,RECEIPT,2024-01-12,GBP,49921.21,49921.21,CARD,BNK531144
RCP-2024-01971,SI-2023-01173,RECEIPT,2024-01-10,EUR,3753.2,3085.98,CARD,BNK686848
RCP-2024-01972,SI-2023-01175,RECEIPT,2024-01-26,EUR,29062.04,24151.08,CHEQUE,BNK160370
RCP-2024-01973,SI-2023-01176,RECEIPT,2024-01-19,GBP,13110.18,13110.18,CHEQUE,BNK865712
RCP-2024-01974,SI-2023-01178,RECEIPT,2024-01-12,GBP,19336.92,19336.92,CHEQUE,BNK692013
RCP-2024-01975,SI-2023-01180,RECEIPT,2024-01-12,GBP,5552.26,5552.26,BACS,BNK503722
RCP-2024-01976,SI-2023-01182,RECEIPT,2024-01-12,GBP,17297.66,17297.66,CARD,BNK646477
RCP-2024-01977,SI-2023-01184,RECEIPT,2024-01-29,USD,17020.78,12691.12,BACS,BNK907613
RCP-2024-01978,SI-2023-01185,RECEIPT,2024-01-24,GBP,5264.16,5264.16,CARD,BNK469323
RCP-2024-01979,SI-2023-01188,RECEIPT,2024-01-26,GBP,24421.84,24421.84,BACS,BNK906864
RCP-2024-01980,SI-2023-01192,RECEIPT,2024-01-26,EUR,14206.9,11806.19,BACS,BNK904693
RCP-2024-01981,SI-2023-01193,RECEIPT,2024-01-05,GBP,28658.72,28658.72,CARD,BNK258514
RCP-2024-01982,SI-2023-01194,RECEIPT,2024-01-24,GBP,17766.38,17766.38,BACS,BNK803661
RCP-2024-01983,SI-2023-01195,RECEIPT,2024-01-19,EUR,12484.16,10284.1,BACS,BNK398999
RCP-2024-01984,SI-2023-01196,RECEIPT,2024-01-26,GBP,21045.88,21045.88,cheque,BNK896122
RCP-2024-01985,SI-2023-01202,RECEIPT,2024-01-05,GBP,19710.85,19710.85,BACS,BNK563489
RCP-2024-01986,SI-2023-01209,RECEIPT,2024-01-26,GBP,29068.74,29068.74,CHEQUE,BNK138780
RCP-2024-01987,SI-2023-01214,RECEIPT,2024-01-29,GBP,13725.23,13725.23,BACS,BNK589003
RCP-2024-01988,SI-2024-01230,RECEIPT,2024-01-31,GBP,14214.84,14214.84,BACS,BNK199904
RCP-2024-01989,SI-2024-01265,RECEIPT,2024-01-26,EUR,17932.51,14902.24,BACS,BNK168816
PAY-2024-01990,PI-2023-00763,PAYMENT,2024-01-01,EUR,8741.24,7268.38,BACS,BNK847349
PAY-2023-01991,PI-2023-00767,PAYMENT,2023-11-24,USD,6672.19,4845.2,DD,BNK341622
PAY-2023-01992,PI-2023-00779,PAYMENT,2023-12-22,GBP,4255.22,4255.22,BACS,BNK104452
PAY-2023-01993,PI-2023-00793,PAYMENT,2023-12-29,EUR,3994.45,3314.96,CHEQUE,BNK522216
PAY-2024-01994,PI-2023-00796,PAYMENT,2024-01-19,EUR,626.95,516.46,BACS,BNK435334
PAY-2024-01995,PI-2023-00802,PAYMENT,2024-01-05,GBP,2188.1,2188.1,DD,BNK454456
PAY-2024-01996,PI-2023-00803,PAYMENT,2024-01-11,EUR,1363.41,1122.65,BACS,BNK332349
PAY-2024-01997,PI-2023-00804,PAYMENT,2024-01-16,EUR,4608.11,3806.58,BACS,BNK754596
PAY-2024-01998,PI-2023-00805,PAYMENT,2024-01-05,GBP,10367.3,10367.3,BACS,BNK635614
PAY-2023-01999,PI-2023-00806,PAYMENT,2023-12-15,EUR,3790.61,3103.88,DD,BNK189747
PAY-2023-02000,PI-2023-00807,PAYMENT,2023-12-22,EUR,13013.19,10819.6,CHEQUE,BNK843441
PAY-2024-02001,PI-2023-00812,PAYMENT,2024-01-16,GBP,5375.03,5375.03,CHEQUE,BNK562588
PAY-2024-02002,PI-2023-00815,PAYMENT,2024-01-12,GBP,8576.1,8576.1,BACS,BNK512445
PAY-2024-02003,PI-2023-00818,PAYMENT,2024-01-15,GBP,29909.45,29909.45,BACS,BNK737068
PAY-2023-02004,PI-2023-00819,PAYMENT,2023-12-25,GBP,4902.96,4902.96,BACS,BNK716553
PAY-2023-02005,PI-2023-00822,PAYMENT,2023-12-25,EUR,3049.31,2536.11,CHEQUE,BNK900989
PAY-2024-02006,PI-2023-00825,PAYMENT,2024-01-22,GBP,25669.34,25669.34,BACS,BNK242982
PAY-2024-02007,PI-2023-00828,PAYMENT,2024-01-05,EUR,1115.21,915.68,bacs,BNK787103
PAY-2024-02008,PI-2023-00829,PAYMENT,2024-01-31,EUR,13911.48,11574.69,CHEQUE,BNK913329
PAY-2024-02009,PI-2023-00831,PAYMENT,2024-01-31,GBP,12991.16,12991.16,BACS,BNK645262
PAY-2024-02010,PI-2023-00832,PAYMENT,2024-01-24,EUR,3657.31,3027.97,BACS,BNK350402
PAY-2024-02011,PI-2023-00833,PAYMENT,2024-01-31,EUR,1173.2,976.13,DD,BNK752309
PAY-2024-02012,PI-2023-00834,PAYMENT,2024-01-26,EUR,4003.2,3326.73,BACS,BNK540480
PAY-2024-02013,PI-2023-00835,PAYMENT,2024-01-19,EUR,3835.19,3159.32,BACS,BNK934504
PAY-2024-02014,PI-2023-00836,PAYMENT,2024-01-26,EUR,481.59,400.21,BACS,BNK664792
PAY-2024-02015,PI-2023-00837,PAYMENT,2024-01-03,GBP,4309.85,4309.85,DD,BNK821213
PAY-2024-02016,PI-2023-00838,PAYMENT,2024-01-26,GBP,599.45,599.45,CHEQUE,BNK974308
PAY-2024-02017,PI-2023-00839,PAYMENT,2024-01-26,GBP,2314.7,2314.7,DD,BNK455086
PAY-2024-02018,PI-2023-00841,PAYMENT,2024-01-17,GBP,1255.22,1255.22,CHEQUE,BNK441899
PAY-2024-02019,PI-2023-00842,PAYMENT,2024-01-05,GBP,3053.86,3053.86,BACS,BNK978923
PAY-2024-02020,PI-2023-00844,PAYMENT,2024-01-05,GBP,1690.86,1690.86,BACS,BNK478974
PAY-2024-02021,PI-2023-00847,PAYMENT,2024-01-05,GBP,30018.41,30018.41,BACS,BNK218928
PAY-2024-02022,PI-2023-00851,PAYMENT,2024-01-26,EUR,1027.76,854.09,BACS,BNK454944
PAY-2023-02023,PI-2023-00853,PAYMENT,2023-12-29,GBP,6566.68,6566.68,BACS,BNK412470
PAY-2024-02024,PI-2023-00854,PAYMENT,2024-01-01,EUR,14278.58,11872.7,DD,BNK560199
PAY-2024-02025,PI-2023-00856,PAYMENT,2024-01-19,GBP,1135.67,1135.67,BACS,BNK896871
PAY-2024-02026,PI-2023-00858,PAYMENT,2024-01-17,GBP,2350.91,2350.91,DD,BNK770885
PAY-2023-02027,PI-2023-00860,PAYMENT,2023-12-29,GBP,10239.86,10239.86,DD,BNK414825
PAY-2024-02028,PI-2024-00868,PAYMENT,2024-01-26,GBP,3530.47,3530.47,CHEQUE,BNK149470
PAY-2024-02029,PI-2024-00878,PAYMENT,2024-01-31,USD,604.81,453.11,BACS,BNK273501
PAY-2024-02030,PI-2024-00889,PAYMENT,2024-01-30,GBP,31598.83,31598.83,bacs,BNK469531
PAY-2024-02031,PI-2024-00898,PAYMENT,2024-01-19,GBP,10973.33,10973.33,BACS,BNK132431
RCP-2024-02032,SI-2023-01045,RECEIPT,2024-01-05,EUR,6024.42,4946.54,CHEQUE,BNK264803
RCP-2024-02033,SI-2023-01092,RECEIPT,2024-01-12,GBP,23799.24,23799.24,BACS,BNK825788
RCP-2024-02034,SI-2023-01103,RECEIPT,2024-01-08,USD,9865.87,7145.96,CARD,BNK379491
RCP-2024-02035,SI-2023-01111,RECEIPT,2024-01-17,EUR,4732.77,3886.14,CARD,BNK848672
RCP-2024-02036,SI-2023-01115,RECEIPT,2024-02-09,EUR,10670.83,8880.44,BACS,BNK804684
RCP-2023-02037,SI-2023-01124,RECEIPT,2023-12-22,GBP,8441.12,8441.12,CARD,BNK408324
RCP-2024-02038,SI-2023-01129,RECEIPT,2024-01-26,USD,14986.98,11141.34,BACS,BNK649942
RCP-2024-02039,SI-2023-01133,RECEIPT,2024-02-21,EUR,5747.44,4907.8,BACS,BNK114938
RCP-2024-02040,SI-2023-01135,RECEIPT,2024-01-19,GBP,20100.74,20100.74,BACS,BNK759260
RCP-2024-02041,SI-2023-01143,RECEIPT,2024-02-09,USD,11685.94,8710.86,BACS,BNK424561
RCP-2024-02042,SI-2023-01146,RECEIPT,2024-02-09,GBP,3837.73,3837.73,CARD,BNK949243
RCP-2024-02043,SI-2023-01151,RECEIPT,2024-01-12,GBP,14862.66,14862.66,CARD,BNK397093
RCP-2024-02044,SI-2023-01154,RECEIPT,2024-01-31,EUR,4602.97,3829.78,BACS,BNK728526
RCP-2024-02045,SI-2023-01166,RECEIPT,2024-02-21,EUR,6373.88,5442.72,BACS,BNK840063
RCP-2024-02046,SI-2023-01174,RECEIPT,2024-02-22,EUR,12182.49,10438.15,BACS,BNK482097
RCP-2024-02047,SI-2023-01181,RECEIPT,2024-01-17,GBP,43142.93,43142.93,CARD,BNK397920
RCP-2024-02048,SI-2023-01183,RECEIPT,2024-02-23,EUR,7755.38,6660.27,BACS,BNK980208
RCP-2024-02049,SI-2023-01186,RECEIPT,2024-02-12,GBP,5642.68,5642.68,BACS,BNK719934
RCP-2024-02050,SI-2023-01187,RECEIPT,2024-02-06,USD,23522.04,17542.46,BACS,BNK561623
RCP-2024-02051,SI-2023-01189,RECEIPT,2024-01-16,GBP,15076.56,15076.56,CHEQUE,BNK325963
RCP-2024-02052,SI-2023-01190,RECEIPT,2024-02-01,GBP,10756.63,10756.63,BACS,BNK862102
RCP-2024-02053,SI-2023-01197,RECEIPT,2024-02-09,GBP,12150.95,12150.95,bacs,BNK528636
RCP-2024-02054,SI-2023-01198,RECEIPT,2024-01-09,GBP,7745.7,7745.7,BACS,BNK466856
RCP-2023-02055,SI-2023-01201,RECEIPT,2023-12-29,EUR,13822.25,11470.96,BACS,BNK190531
RCP-2024-02056,SI-2023-01204,RECEIPT,2024-01-26,GBP,5826.29,5826.29,BACS,BNK176335
RCP-2024-02057,SI-2023-01207,RECEIPT,2024-01-05,GBP,2935.34,2935.34,CHEQUE,BNK694183
RCP-2024-02058,SI-2023-01212,RECEIPT,2024-01-29,EUR,42207.91,35174.59,BACS,BNK917749
RCP-2024-02059,SI-2023-01213,RECEIPT,2024-01-18,EUR,3824.09,3159.58,BACS,BNK367214
RCP-2024-02060,SI-2023-01215,RECEIPT,2024-02-22,EUR,9279.27,7950.63,CHEQUE,BNK498044
RCP-2024-02061,SI-2023-01219,RECEIPT,2024-02-26,EUR,18931.71,16297.65,CHEQUE,BNK954628
RCP-2024-02062,SI-2024-01222,RECEIPT,2024-02-22,GBP,9990.67,9990.67,BACS,BNK229034
RCP-2024-02063,SI-2024-01224,RECEIPT,2024-02-16,GBP,9300.18,9300.18,BACS,BNK441642
RCP-2024-02064,SI-2024-01226,RECEIPT,2024-02-29,USD,2670.86,1970.9,BACS,BNK488253
RCP-2024-02065,SI-2024-01231,RECEIPT,2024-02-16,EUR,5746.67,4853.48,CARD,BNK671038
RCP-2024-02066,SI-2024-01235,RECEIPT,2024-02-16,EUR,5863.19,4951.89,CARD,BNK300644
RCP-2024-02067,SI-2024-01236,RECEIPT,2024-02-09,GBP,12546.95,12546.95,BACS,BNK310148
RCP-2024-02068,SI-2024-01243,RECEIPT,2024-02-09,GBP,9315.59,9315.59,CHEQUE,BNK776495
RCP-2024-02069,SI-2024-01249,RECEIPT,2024-02-08,EUR,3863.1,3205.06,CHEQUE,BNK877912
RCP-2024-02070,SI-2024-01252,RECEIPT,2024-02-16,GBP,16130.28,16130.28,CHEQUE,BNK971045
RCP-2024-02071,SI-2024-01255,RECEIPT,2024-01-26,EUR,17168.27,14267.14,BACS,BNK441476
RCP-2024-02072,SI-2024-01268,RECEIPT,2024-02-13,GBP,8183.05,8183.05,BACS,BNK162394
RCP-2024-02073,SI-2024-01269,RECEIPT,2024-02-13,GBP,13045.91,13045.91,BACS,BNK366413
RCP-2024-02074,SI-2024-01271,RECEIPT,2024-02-27,GBP,7448.23,7448.23,CARD,BNK291016
RCP-2024-02075,SI-2024-01279,RECEIPT,2024-02-28,GBP,42868.32,42868.32,BACS,BNK485494
RCP-2024-02076,SI-2024-01320,RECEIPT,2024-02-16,EUR,7223.93,6101.14,bacs,BNK562716
PAY-2024-02077,PI-2023-00798,PAYMENT,2024-02-02,GBP,13922.28,13922.28,BACS,BNK307058
PAY-2024-02078,PI-2023-00816,PAYMENT,2024-01-19,EUR,1074.78,885.37,DD,BNK459050
PAY-2024-02079,PI-2023-00826,PAYMENT,2024-02-02,EUR,719.9,598.05,CHEQUE,BNK306698
PAY-2024-02080,PI-2023-00827,PAYMENT,2024-02-13,GBP,2769.83,2769.83,BACS,BNK255413
PAY-2024-02081,PI-2023-00843,PAYMENT,2024-01-05,GBP,9004.67,9004.67,CHEQUE,BNK775542
PAY-2024-02082,PI-2023-00845,PAYMENT,2024-01-26,GBP,1939.81,1939.81,BACS,BNK771864
PAY-2024-02083,PI-2023-00848,PAYMENT,2024-02-15,EUR,8869.9,7477.88,BACS,BNK787677
PAY-2024-02084,PI-2023-00850,PAYMENT,2024-02-09,GBP,14029.54,14029.54,DD,BNK113707
PAY-2024-02085,PI-2023-00852,PAYMENT,2024-02-09,GBP,10007.68,10007.68,CHEQUE,BNK783602
PAY-2024-02086,PI-2023-00857,PAYMENT,2024-01-23,GBP,1673.47,1673.47,DD,BNK676444
PAY-2024-02087,PI-2023-00859,PAYMENT,2024-01-26,GBP,1716.95,1716.95,BACS,BNK724008
PAY-2024-02088,PI-2023-00861,PAYMENT,2024-01-26,EUR,9575.05,7957.04,BACS,BNK656932
PAY-2024-02089,PI-2023-00862,PAYMENT,2024-02-09,EUR,3212.42,2673.43,BACS,BNK114686
PAY-2024-02090,PI-2024-00865,PAYMENT,2024-02-21,GBP,12793.22,12793.22,DD,BNK561663
PAY-2024-02091,PI-2024-00866,PAYMENT,2024-02-09,EUR,18636.12,15509.28,BACS,BNK158663
PAY-2024-02092,PI-2024-00867,PAYMENT,2024-02-28,EUR,9285.46,8027.98,BACS,BNK712388
PAY-2024-02093,PI-2024-00869,PAYMENT,2024-02-26,EUR,1540.59,1326.24,BACS,BNK820757
PAY-2024-02094,PI-2024-00870,PAYMENT,2024-02-23,GBP,29985.8,29985.8,BACS,BNK820677
PAY-2024-02095,PI-2024-00875,PAYMENT,2024-02-16,GBP,4504.26,4504.26,DD,BNK344753
PAY-2024-02096,PI-2024-00879,PAYMENT,2024-02-08,USD,527.28,392.84,CHEQUE,BNK843362
PAY-2024-02097,PI-2024-00880,PAYMENT,2024-02-16,GBP,2756.39,2756.39,BACS,BNK125117
PAY-2024-02098,PI-2024-00882,PAYMENT,2024-02-29,GBP,18514.76,18514.76,BACS,BNK784486
PAY-2024-02099,PI-2024-00883,PAYMENT,2024-02-23,GBP,5926.85,5926.85,bacs,BNK719995
PAY-2024-02100,PI-2024-00884,PAYMENT,2024-02-09,GBP,1038.55,1038.55,BACS,BNK449705
PAY-2024-02101,PI-2024-00886,PAYMENT,2024-02-09,GBP,1178.45,1178.45,BACS,BNK970693
PAY-2024-02102,PI-2024-00887,PAYMENT,2024-02-23,GBP,617.71,617.71,BACS,BNK124324
PAY-2024-02103,PI-2024-00888,PAYMENT,2024-02-09,GBP,2808.96,2808.96,BACS,BNK734083
PAY-2024-02104,PI-2024-00890,PAYMENT,2024-02-12,EUR,11330.35,9457.42,BACS,BNK371308
PAY-2024-02105,PI-2024-00892,PAYMENT,2024-02-14,GBP,568.7,568.7,DD,BNK837161
PAY-2024-02106,PI-2024-00893,PAYMENT,2024-02-21,GBP,2060.84,2060.84,DD,BNK531677
PAY-2024-02107,PI-2024-00894,PAYMENT,2024-02-20,GBP,1759.09,1759.09,BACS,BNK480359
PAY-2024-02108,PI-2024-00901,PAYMENT,2024-02-19,EUR,11436.57,9812.2,DD,BNK909528
PAY-2024-02109,PI-2024-00911,PAYMENT,2024-02-26,EUR,827.61,712.46,CHEQUE,BNK298613
PAY-2024-02110,PI-2024-00917,PAYMENT,2024-02-28,EUR,17857.27,15438.95,BACS,BNK448084
PAY-2024-02111,PI-2024-00933,PAYMENT,2024-02-28,EUR,18939.19,16374.35,BACS,BNK979819
PAY-2024-02112,PI-2024-00937,PAYMENT,2024-02-23,GBP,4826.16,4826.16,BACS,BNK429877
RCP-2024-02113,SI-2023-01130,RECEIPT,2024-02-09,USD,4084.3,3044.49,BACS,BNK427650
RCP-2024-02114,SI-2023-01158,RECEIPT,2024-01-24,EUR,13337.31,11042.25,BACS,BNK391195
RCP-2024-02115,SI-2023-01179,RECEIPT,2024-02-15,EUR,13583.23,11451.51,CHEQUE,BNK332865
RCP-2024-02116,SI-2023-01191,RECEIPT,2024-02-13,GBP,9597.54,9597.54,BACS,BNK438480
RCP-2024-02117,SI-2023-01199,RECEIPT,2024-03-08,GBP,1383.42,1383.42,BACS,BNK440459
RCP-2024-02118,SI-2023-01200,RECEIPT,2024-03-06,GBP,7231.82,7231.82,BACS,BNK991922
RCP-2024-02119,SI-2023-01203,RECEIPT,2024-02-16,USD,6663.69,4933.1,BACS,BNK703969
RCP-2024-02120,SI-2023-01205,RECEIPT,2024-02-12,EUR,33501.97,27964.03,BACS,BNK979674
RCP-2024-02121,SI-2023-01206,RECEIPT,2024-03-11,GBP,9794.54,9794.54,BACS,BNK692765
RCP-2024-02122,SI-2023-01208,RECEIPT,2024-03-04,USD,7691.94,5604.51,card,BNK103436
RCP-2024-02123,SI-2023-01210,RECEIPT,2024-03-22,EUR,2915.93,2548.93,BACS,BNK822580
RCP-2024-02124,SI-2023-01211,RECEIPT,2024-03-04,EUR,12308.15,10642.19,BACS,BNK683024
RCP-2024-02125,SI-2023-01218,RECEIPT,2024-03-28,USD,11625.12,8457.03,CHEQUE,BNK366270
RCP-2024-02126,SI-2024-01221,RECEIPT,2024-02-20,GBP,14541.76,14541.76,BACS,BNK814759
RCP-2024-02127,SI-2024-01227,RECEIPT,2024-02-20,GBP,30363.12,30363.12,BACS,BNK162752
RCP-2024-02128,SI-2024-01228,RECEIPT,2024-02-23,GBP,3678.41,3678.41,CARD,BNK272717
RCP-2024-02129,SI-2024-01229,RECEIPT,2024-03-26,GBP,5733.41,5733.41,BACS,BNK139551
RCP-2024-02130,SI-2024-01232,RECEIPT,2024-03-05,GBP,7507.02,7507.02,CHEQUE,BNK857610
RCP-2024-02131,SI-2024-01234,RECEIPT,2024-03-28,GBP,4561.18,4561.18,CHEQUE,BNK416790
RCP-2024-02132,SI-2024-01237,RECEIPT,2024-02-16,GBP,6659.53,6659.53,CARD,BNK975973
RCP-2024-02133,SI-2024-01238,RECEIPT,2024-03-13,EUR,8271.44,7266.11,BACS,BNK296402
RCP-2024-02134,SI-2024-01239,RECEIPT,2024-02-23,USD,7026.68,5188.68,BACS,BNK439524
RCP-2024-02135,SI-2024-01240,RECEIPT,2024-03-01,GBP,14371.01,14371.01,BACS,BNK401967
RCP-2024-02136,SI-2024-01244,RECEIPT,2024-03-21,GBP,49442.65,49442.65,CHEQUE,BNK173615
RCP-2024-02137,SI-2024-01245,RECEIPT,2024-03-26,EUR,5807.29,5118.57,BACS,BNK866464
RCP-2024-02138,SI-2024-01248,RECEIPT,2024-02-28,GBP,4575.19,4575.19,BACS,BNK967404
RCP-2024-02139,SI-2024-01250,RECEIPT,2024-03-22,EUR,5501.29,4808.9,CHEQUE,BNK857434
RCP-2024-02140,SI-2024-01251,RECEIPT,2024-03-28,GBP,3758.12,3758.12,BACS,BNK824827
RCP-2024-02141,SI-2024-01253,RECEIPT,2024-02-16,GBP,6021.0,6021.0,BACS,BNK219641
RCP-2024-02142,SI-2024-01254,RECEIPT,2024-03-22,GBP,29174.88,29174.88,CHEQUE,BNK130627
RCP-2024-02143,SI-2024-01256,RECEIPT,2024-03-08,GBP,22005.89,22005.89,BACS,BNK392236
RCP-2024-02144,SI-2024-01258,RECEIPT,2024-03-01,GBP,6102.53,6102.53,CARD,BNK345309
RCP-2024-02145,SI-2024-01262,RECEIPT,2024-03-04,EUR,11284.81,9757.37,bacs,BNK912934
RCP-2024-02146,SI-2024-01263,RECEIPT,2024-02-07,EUR,11468.71,9524.81,CARD,BNK210867
RCP-2024-02147,SI-2024-01267,RECEIPT,2024-03-26,GBP,12011.52,12011.52,CHEQUE,BNK186582
RCP-2024-02148,SI-2024-01270,RECEIPT,2024-03-14,EUR,12200.36,10777.63,BACS,BNK175372
RCP-2024-02149,SI-2024-01273,RECEIPT,2024-03-29,GBP,19767.54,19767.54,BACS,BNK295874
RCP-2024-02150,SI-2024-01284,RECEIPT,2024-03-21,GBP,33262.61,33262.61,BACS,BNK962983
RCP-2024-02151,SI-2024-01287,RECEIPT,2024-03-18,GBP,21286.82,21286.82,CARD,BNK399206
RCP-2024-02152,SI-2024-01288,RECEIPT,2024-03-26,GBP,28816.42,28816.42,BACS,BNK503029
RCP-2024-02153,SI-2024-01291,RECEIPT,2024-03-29,GBP,5891.36,5891.36,BACS,BNK819401
RCP-2024-02154,SI-2024-01292,RECEIPT,2024-03-29,GBP,6633.47,6633.47,CHEQUE,BNK235189
RCP-2024-02155,SI-2024-01296,RECEIPT,2024-03-11,GBP,4564.27,4564.27,BACS,BNK216693
RCP-2024-02156,SI-2024-01308,RECEIPT,2024-03-05,GBP,10693.62,10693.62,BACS,BNK961634
RCP-2024-02157,SI-2024-01309,RECEIPT,2024-03-05,GBP,28462.08,28462.08,BACS,BNK772433
RCP-2024-02158,SI-2024-01310,RECEIPT,2024-03-29,GBP,20820.41,20820.41,BACS,BNK238487
RCP-2024-02159,SI-2024-01315,RECEIPT,2024-03-22,GBP,33738.62,33738.62,BACS,BNK943993
RCP-2024-02160,SI-2024-01319,RECEIPT,2024-03-22,GBP,6107.24,6107.24,CARD,BNK394613
RCP-2024-02161,SI-2024-01322,RECEIPT,2024-02-13,GBP,34821.5,34821.5,CARD,BNK194539
RCP-2024-02162,SI-2024-01335,RECEIPT,2024-03-22,EUR,3302.35,2886.72,BACS,BNK171587
RCP-2024-02163,SI-2024-01339,RECEIPT,2024-03-29,GBP,30658.58,30658.58,BACS,BNK497384
PAY-2024-02164,PI-2024-00872,PAYMENT,2024-02-16,GBP,696.11,696.11,BACS,BNK523526
PAY-2024-02165,PI-2024-00873,PAYMENT,2024-03-06,GBP,3629.96,3629.96,BACS,BNK814878
PAY-2024-02166,PI-2024-00876,PAYMENT,2024-02-28,USD,11286.81,8309.21,BACS,BNK402392
PAY-2024-02167,PI-2024-00877,PAYMENT,2024-02-28,EUR,6510.24,5628.59,BACS,BNK485541
PAY-2024-02168,PI-2024-00881,PAYMENT,2024-02-27,GBP,40740.65,40740.65,cheque,BNK420020
PAY-2024-02169,PI-2024-00885,PAYMENT,2024-03-21,EUR,3220.86,2817.92,BACS,BNK149321
PAY-2024-02170,PI-2024-00891,PAYMENT,2024-03-01,USD,20274.22,14889.87,CHEQUE,BNK411594
PAY-2024-02171,PI-2024-00895,PAYMENT,2024-03-26,GBP,3749.1,3749.1,CHEQUE,BNK721943
PAY-2024-02172,PI-2024-00896,PAYMENT,2024-02-16,USD,3966.18,2936.14,DD,BNK157263
PAY-2024-02173,PI-2024-00897,PAYMENT,2024-03-07,EUR,2884.36,2514.39,BACS,BNK226990
PAY-2024-02174,PI-2024-00900,PAYMENT,2024-03-14,GBP,15240.23,15240.23,BACS,BNK853712
PAY-2024-02175,PI-2024-00903,PAYMENT,2024-03-01,GBP,156.29,156.29,BACS,BNK425203
PAY-2024-02176,PI-2024-00904,PAYMENT,2024-03-01,EUR,15393.87,13246.16,BACS,BNK390984
PAY-2024-02177,PI-2024-00905,PAYMENT,2024-03-14,GBP,1086.02,1086.02,BACS,BNK961251
PAY-2024-02178,PI-2024-00906,PAYMENT,2024-03-01,EUR,1686.33,1451.06,DD,BNK195231
PAY-2024-02179,PI-2024-00908,PAYMENT,2024-03-07,EUR,3329.97,2902.85,BACS,BNK186241
PAY-2024-02180,PI-2024-00909,PAYMENT,2024-03-21,GBP,1784.09,1784.09,CHEQUE,BNK416575
PAY-2024-02181,PI-2024-00914,PAYMENT,2024-03-19,GBP,9973.6,9973.6,BACS,BNK971124
PAY-2024-02182,PI-2024-00915,PAYMENT,2024-03-18,EUR,2622.91,2295.78,DD,BNK129175
PAY-2024-02183,PI-2024-00916,PAYMENT,2024-03-01,GBP,10015.82,10015.82,BACS,BNK218517
PAY-2024-02184,PI-2024-00920,PAYMENT,2024-03-27,EUR,2710.13,2383.7,BACS,BNK602912
PAY-2024-02185,PI-2024-00921,PAYMENT,2024-03-22,GBP,3194.23,3194.23,BACS,BNK869032
PAY-2024-02186,PI-2024-00922,PAYMENT,2024-03-21,GBP,646.56,646.56,BACS,BNK776038
PAY-2024-02187,PI-2024-00923,PAYMENT,2024-03-28,USD,11687.52,8502.43,DD,BNK500173
PAY-2024-02188,PI-2024-00924,PAYMENT,2024-03-22,GBP,1578.55,1578.55,CHEQUE,BNK107266
PAY-2024-02189,PI-2024-00926,PAYMENT,2024-03-22,USD,403.69,295.38,BACS,BNK805455
PAY-2024-02190,PI-2024-00927,PAYMENT,2024-03-22,GBP,1180.85,1180.85,DD,BNK382201
PAY-2024-02191,PI-2024-00928,PAYMENT,2024-03-12,GBP,2931.86,2931.86,bacs,BNK687009
PAY-2024-02192,PI-2024-00929,PAYMENT,2024-03-25,USD,2222.85,1607.8,CHEQUE,BNK480608
PAY-2024-02193,PI-2024-00934,PAYMENT,2024-03-01,GBP,7681.84,7681.84,BACS,BNK698349
PAY-2024-02194,PI-2024-00935,PAYMENT,2024-03-22,GBP,2890.19,2890.19,BACS,BNK318660
PAY-2024-02195,PI-2024-00936,PAYMENT,2024-02-26,EUR,3581.83,3083.47,DD,BNK540845
PAY-2024-02196,PI-2024-00945,PAYMENT,2024-03-15,EUR,16903.06,14834.01,DD,BNK177163
PAY-2024-02197,PI-2024-00972,PAYMENT,2024-03-29,GBP,1501.19,1501.19,BACS,BNK580451
RCP-2024-02198,SI-2023-01177,RECEIPT,2024-02-23,GBP,9630.31,9630.31,BACS,BNK176809
RCP-2024-02199,SI-2023-01217,RECEIPT,2024-03-20,GBP,7623.71,7623.71,BACS,BNK965028
RCP-2024-02200,SI-2023-01220,RECEIPT,2024-04-02,GBP,9760.82,9760.82,CHEQUE,BNK509821
RCP-2024-02201,SI-2024-01223,RECEIPT,2024-03-28,EUR,44466.07,39201.95,CHEQUE,BNK877370
RCP-2024-02202,SI-2024-01233,RECEIPT,2024-04-23,GBP,20273.42,20273.42,CHEQUE,BNK707306
RCP-2024-02203,SI-2024-01241,RECEIPT,2024-02-20,GBP,9535.27,9535.27,CARD,BNK126714
RCP-2024-02204,SI-2024-01242,RECEIPT,2024-04-15,GBP,13181.11,13181.11,BACS,BNK966486
RCP-2024-02205,SI-2024-01246,RECEIPT,2024-04-26,GBP,7072.01,7072.01,BACS,BNK582628
RCP-2024-02206,SI-2024-01259,RECEIPT,2024-04-05,EUR,6191.19,5468.63,BACS,BNK718610
RCP-2024-02207,SI-2024-01260,RECEIPT,2024-04-18,GBP,28509.62,28509.62,BACS,BNK881326
RCP-2024-02208,SI-2024-01261,RECEIPT,2024-04-03,GBP,3306.79,3306.79,CARD,BNK344223
RCP-2024-02209,SI-2024-01264,RECEIPT,2024-03-12,GBP,6113.63,6113.63,BACS,BNK832598
RCP-2024-02210,SI-2024-01266,RECEIPT,2024-03-11,USD,14573.11,10475.72,BACS,BNK689872
RCP-2024-02211,SI-2024-01272,RECEIPT,2024-04-19,GBP,14711.64,14711.64,BACS,BNK535330
RCP-2024-02212,SI-2024-01274,RECEIPT,2024-04-30,GBP,6538.27,6538.27,BACS,BNK330688
RCP-2024-02213,SI-2024-01275,RECEIPT,2024-04-12,GBP,9927.94,9927.94,BACS,BNK965835
RCP-2024-02214,SI-2024-01280,RECEIPT,2024-03-19,USD,49837.34,36287.96,bacs,BNK727851
RCP-2024-02215,SI-2024-01282,RECEIPT,2024-04-26,GBP,6473.0,6473.0,BACS,BNK362888
RCP-2024-02216,SI-2024-01283,RECEIPT,2024-04-26,EUR,5892.56,5186.95,BACS,BNK651828
RCP-2024-02217,SI-2024-01286,RECEIPT,2024-04-05,EUR,13586.33,12000.7,BACS,BNK173941
RCP-2024-02218,SI-2024-01289,RECEIPT,2024-04-16,EUR,4554.73,4053.22,CARD,BNK655120
RCP-2024-02219,SI-2024-01290,RECEIPT,2024-03-20,EUR,30891.25,27051.13,BACS,BNK750208
RCP-2024-02220,SI-2024-01293,RECEIPT,2024-04-29,GBP,8998.14,8998.14,CHEQUE,BNK894403
RCP-2024-02221,SI-2024-01294,RECEIPT,2024-04-12,GBP,14376.1,14376.1,BACS,BNK286179
RCP-2024-02222,SI-2024-01299,RECEIPT,2024-04-09,EUR,21442.83,19206.15,BACS,BNK641675
RCP-2024-02223,SI-2024-01303,RECEIPT,2024-03-21,GBP,6956.69,6956.69,BACS,BNK638524
RCP-2024-02224,SI-2024-01306,RECEIPT,2024-04-23,GBP,1390.86,1390.86,CARD,BNK636193
RCP-2024-02225,SI-2024-01318,RECEIPT,2024-04-19,GBP,5489.6,5489.6,CHEQUE,BNK988425
RCP-2024-02226,SI-2024-01324,RECEIPT,2024-04-15,EUR,16307.7,14477.24,CARD,BNK754958
RCP-2024-02227,SI-2024-01325,RECEIPT,2024-04-12,EUR,8078.12,7233.37,BACS,BNK541959
RCP-2024-02228,SI-2024-01330,RECEIPT,2024-04-08,GBP,6201.13,6201.13,CARD,BNK920452
RCP-2024-02229,SI-2024-01331,RECEIPT,2024-04-23,GBP,8541.72,8541.72,CARD,BNK581354
RCP-2024-02230,SI-2024-01333,RECEIPT,2024-04-26,EUR,22103.46,19456.66,BACS,BNK914039
RCP-2024-02231,SI-2024-01337,RECEIPT,2024-04-26,GBP,18431.87,18431.87,CHEQUE,BNK724570
RCP-2024-02232,SI-2024-01340,RECEIPT,2024-04-30,GBP,6479.15,6479.15,CHEQUE,BNK586905
RCP-2024-02233,SI-2024-01341,RECEIPT,2024-04-05,GBP,51459.23,51459.23,CARD,BNK984868
RCP-2024-02234,SI-2024-01352,RECEIPT,2024-04-09,USD,8252.33,6017.65,CARD,BNK735124
RCP-2024-02235,SI-2024-01354,RECEIPT,2024-04-19,GBP,18397.54,18397.54,BACS,BNK674384
RCP-2024-02236,SI-2024-01358,RECEIPT,2024-04-23,EUR,9846.76,8624.8,BACS,BNK614818
RCP-2024-02237,SI-2024-01359,RECEIPT,2024-04-23,GBP,7770.22,7770.22,bacs,BNK565095
RCP-2024-02238,SI-2024-01363,RECEIPT,2024-04-01,GBP,22699.4,22699.4,BACS,BNK302683
RCP-2024-02239,SI-2024-01369,RECEIPT,2024-04-11,GBP,30602.9,30602.9,BACS,BNK311770
RCP-2024-02240,SI-2024-01373,RECEIPT,2024-04-19,GBP,14482.67,14482.67,BACS,BNK938464
RCP-2024-02241,SI-2024-01376,RECEIPT,2024-04-23,GBP,18766.94,18766.94,BACS,BNK901434
RCP-2024-02242,SI-2024-01378,RECEIPT,2024-03-28,GBP,4031.89,4031.89,BACS,BNK636937
RCP-2024-02243,SI-2024-01380,RECEIPT,2024-04-29,GBP,10616.56,10616.56,BACS,BNK962452
PAY-2024-02244,PI-2024-00871,PAYMENT,2024-03-15,EUR,2920.28,2562.82,DD,BNK560600
PAY-2024-02245,PI-2024-00874,PAYMENT,2024-03-22,GBP,2516.7,2516.7,BACS,BNK299026
PAY-2024-02246,PI-2024-00902,PAYMENT,2024-04-05,EUR,4725.25,4173.78,BACS,BNK942477
PAY-2024-02247,PI-2024-00907,PAYMENT,2024-04-08,GBP,13961.52,13961.52,BACS,BNK739733
PAY-2024-02248,PI-2024-00912,PAYMENT,2024-04-19,GBP,2315.74,2315.74,CHEQUE,BNK316989
PAY-2024-02249,PI-2024-00913,PAYMENT,2024-03-15,EUR,29132.85,25566.79,BACS,BNK287532
PAY-2024-02250,PI-2024-00918,PAYMENT,2024-04-26,GBP,967.27,967.27,DD,BNK343388
PAY-2024-02251,PI-2024-00919,PAYMENT,2024-04-12,EUR,8155.3,7302.48,BACS,BNK813670
PAY-2024-02252,PI-2024-00925,PAYMENT,2024-04-15,EUR,778.91,691.48,BACS,BNK812481
PAY-2024-02253,PI-2024-00930,PAYMENT,2024-04-09,EUR,6803.41,6093.75,BACS,BNK106202
PAY-2024-02254,PI-2024-00931,PAYMENT,2024-03-22,USD,18174.46,13298.2,BACS,BNK127421
PAY-2024-02255,PI-2024-00932,PAYMENT,2024-04-05,GBP,12220.31,12220.31,CHEQUE,BNK251883
PAY-2024-02256,PI-2024-00938,PAYMENT,2024-04-26,EUR,2223.14,1956.93,CHEQUE,BNK374711
PAY-2024-02257,PI-2024-00939,PAYMENT,2024-04-12,EUR,815.47,730.19,BACS,BNK648063
PAY-2024-02258,PI-2024-00942,PAYMENT,2024-04-26,EUR,3482.4,3065.4,BACS,BNK683467
PAY-2024-02259,PI-2024-00943,PAYMENT,2024-04-26,GBP,1883.87,1883.87,BACS,BNK187633
PAY-2024-02260,PI-2024-00948,PAYMENT,2024-04-16,EUR,16164.29,14384.49,dd,BNK379160
PAY-2024-02261,PI-2024-00951,PAYMENT,2024-04-30,GBP,764.64,764.64,DD,BNK541997
PAY-2024-02262,PI-2024-00952,PAYMENT,2024-04-22,EUR,9424.67,8299.95,BACS,BNK530540
PAY-2024-02263,PI-2024-00953,PAYMENT,2024-04-11,GBP,717.95,717.95,BACS,BNK608205
PAY-2024-02264,PI-2024-00957,PAYMENT,2024-04-09,GBP,19280.62,19280.62,BACS,BNK136112
PAY-2024-02265,PI-2024-00958,PAYMENT,2024-04-29,GBP,2271.2,2271.2,CHEQUE,BNK328768
PAY-2024-02266,PI-2024-00959,PAYMENT,2024-04-17,GBP,1932.97,1932.97,BACS,BNK860383
PAY-2024-02267,PI-2024-00962,PAYMENT,2024-04-10,EUR,2067.9,1853.78,CHEQUE,BNK724820
PAY-2024-02268,PI-2024-00963,PAYMENT,2024-04-23,GBP,852.0,852.0,BACS,BNK446865
PAY-2024-02269,PI-2024-00965,PAYMENT,2024-04-12,GBP,7408.39,7408.39,DD,BNK954163
PAY-2024-02270,PI-2024-00966,PAYMENT,2024-04-26,GBP,3202.08,3202.08,BACS,BNK253637
PAY-2024-02271,PI-2024-00968,PAYMENT,2024-04-12,GBP,1691.66,1691.66,BACS,BNK134377
PAY-2024-02272,PI-2024-00969,PAYMENT,2024-04-17,GBP,369.8,369.8,BACS,BNK720419
PAY-2024-02273,PI-2024-00971,PAYMENT,2024-04-19,GBP,8800.82,8800.82,BACS,BNK716869
PAY-2024-02274,PI-2024-00973,PAYMENT,2024-03-20,EUR,1210.84,1060.32,BACS,BNK400784
PAY-2024-02275,PI-2024-00975,PAYMENT,2024-04-08,GBP,21912.12,21912.12,BACS,BNK501279
PAY-2024-02276,PI-2024-00976,PAYMENT,2024-03-29,GBP,1863.5,1863.5,BACS,BNK632417
PAY-2024-02277,PI-2024-00977,PAYMENT,2024-04-05,EUR,5609.83,4955.12,BACS,BNK434892
PAY-2024-02278,PI-2024-00978,PAYMENT,2024-04-19,GBP,5707.5,5707.5,BACS,BNK593402
PAY-2024-02279,PI-2024-00985,PAYMENT,2024-04-24,GBP,7753.37,7753.37,BACS,BNK369028
PAY-2024-02280,PI-2024-01001,PAYMENT,2024-04-16,EUR,1791.96,1594.65,BACS,BNK100520
RCP-2024-02281,SI-2024-01247,RECEIPT,2024-04-12,USD,7663.59,5528.5,BACS,BNK464024
RCP-2024-02282,SI-2024-01257,RECEIPT,2024-03-12,GBP,4678.51,4678.51,CARD,BNK261792
RCP-2024-02283,SI-2024-01276,RECEIPT,2024-04-25,EUR,26211.99,23025.08,bacs,BNK382174
RCP-2024-02284,SI-2024-01277,RECEIPT,2024-04-11,GBP,14870.16,14870.16,BACS,BNK500553
RCP-2024-02285,SI-2024-01278,RECEIPT,2024-04-11,EUR,4416.11,3945.29,CHEQUE,BNK561568
RCP-2024-02286,SI-2024-01281,RECEIPT,2024-05-28,GBP,25709.24,25709.24,BACS,BNK497839
RCP-2024-02287,SI-2024-01285,RECEIPT,2024-05-28,GBP,6175.8,6175.8,CHEQUE,BNK335747
RCP-2024-02288,SI-2024-01295,RECEIPT,2024-05-08,EUR,16214.66,14494.07,CHEQUE,BNK563111
RCP-2024-02289,SI-2024-01297,RECEIPT,2024-04-12,GBP,4698.83,4698.83,CARD,BNK224470
RCP-2024-02290,SI-2024-01302,RECEIPT,2024-04-02,GBP,8540.54,8540.54,CARD,BNK580022
RCP-2024-02291,SI-2024-01304,RECEIPT,2024-05-27,GBP,4821.25,4821.25,CHEQUE,BNK657516
RCP-2024-02292,SI-2024-01307,RECEIPT,2024-05-27,EUR,10158.27,9099.98,CHEQUE,BNK782632
RCP-2024-02293,SI-2024-01311,RECEIPT,2024-05-06,GBP,12192.2,12192.2,BACS,BNK140987
RCP-2024-02294,SI-2024-01312,RECEIPT,2024-05-27,GBP,9281.8,9281.8,BACS,BNK971144
RCP-2024-02295,SI-2024-01313,RECEIPT,2024-05-10,GBP,11483.44,11483.44,CARD,BNK741783
RCP-2024-02296,SI-2024-01316,RECEIPT,2024-05-02,GBP,8591.77,8591.77,BACS,BNK897044
RCP-2024-02297,SI-2024-01317,RECEIPT,2024-03-29,EUR,49884.22,44135.86,BACS,BNK729013
RCP-2024-02298,SI-2024-01323,RECEIPT,2024-05-16,EUR,14379.16,12796.63,CHEQUE,BNK362317
RCP-2024-02299,SI-2024-01327,RECEIPT,2024-05-31,GBP,14337.84,14337.84,BACS,BNK776200
RCP-2024-02300,SI-2024-01328,RECEIPT,2024-05-02,EUR,7678.47,6729.8,BACS,BNK697641
RCP-2024-02301,SI-2024-01329,RECEIPT,2024-04-26,GBP,7640.08,7640.08,BACS,BNK253744
RCP-2024-02302,SI-2024-01332,RECEIPT,2024-04-12,GBP,7118.65,7118.65,BACS,BNK595624
RCP-2024-02303,SI-2024-01334,RECEIPT,2024-04-24,GBP,43533.89,43533.89,BACS,BNK539715
RCP-2024-02304,SI-2024-01336,RECEIPT,2024-05-09,GBP,9567.77,9567.77,CHEQUE,BNK274416
RCP-2024-02305,SI-2024-01344,RECEIPT,2024-04-12,GBP,8347.21,8347.21,CARD,BNK437014
RCP-2024-02306,SI-2024-01348,RECEIPT,2024-05-10,EUR,11857.96,10551.37,cheque,BNK286273
RCP-2024-02307,SI-2024-01351,RECEIPT,2024-04-25,EUR,14803.07,13003.28,CARD,BNK702919
RCP-2024-02308,SI-2024-01353,RECEIPT,2024-05-07,GBP,35086.61,35086.61,CHEQUE,BNK537919
RCP-2024-02309,SI-2024-01355,RECEIPT,2024-04-26,EUR,4515.18,3974.51,CHEQUE,BNK695541
RCP-2024-02310,SI-2024-01356,RECEIPT,2024-05-01,GBP,7319.33,7319.33,CHEQUE,BNK369232
RCP-2024-02311,SI-2024-01357,RECEIPT,2024-05-28,GBP,10026.62,10026.62,BACS,BNK598230
RCP-2024-02312,SI-2024-01365,RECEIPT,2024-05-20,GBP,4723.8,4723.8,BACS,BNK453452
RCP-2024-02313,SI-2024-01368,RECEIPT,2024-05-09,GBP,47848.37,47848.37,BACS,BNK973916
RCP-2024-02314,SI-2024-01370,RECEIPT,2024-04-19,GBP,7434.85,7434.85,BACS,BNK550977
RCP-2024-02315,SI-2024-01372,RECEIPT,2024-04-16,GBP,3038.75,3038.75,CARD,BNK483474
RCP-2024-02316,SI-2024-01374,RECEIPT,2024-04-24,EUR,9960.66,8752.64,BACS,BNK308524
RCP-2024-02317,SI-2024-01381,RECEIPT,2024-05-29,USD,25189.38,18134.97,BACS,BNK905094
RCP-2024-02318,SI-2024-01385,RECEIPT,2024-05-29,GBP,5561.86,5561.86,CARD,BNK640602
RCP-2024-02319,SI-2024-01386,RECEIPT,2024-05-28,GBP,3762.4,3762.4,CARD,BNK731339
RCP-2024-02320,SI-2024-01388,RECEIPT,2024-05-08,GBP,23805.65,23805.65,BACS,BNK893224
RCP-2024-02321,SI-2024-01390,RECEIPT,2024-05-23,GBP,3894.82,3894.82,CARD,BNK667153
RCP-2024-02322,SI-2024-01393,RECEIPT,2024-05-31,USD,4570.17,3298.63,BACS,BNK655409
RCP-2024-02323,SI-2024-01394,RECEIPT,2024-05-03,GBP,3931.98,3931.98,CHEQUE,BNK496718
RCP-2024-02324,SI-2024-01399,RECEIPT,2024-05-17,GBP,11154.95,11154.95,BACS,BNK505490
RCP-2024-02325,SI-2024-01402,RECEIPT,2024-05-13,GBP,10103.54,10103.54,BACS,BNK359816
RCP-2024-02326,SI-2024-01403,RECEIPT,2024-05-24,GBP,10690.19,10690.19,BACS,BNK567406
RCP-2024-02327,SI-2024-01404,RECEIPT,2024-05-09,GBP,5875.24,5875.24,BACS,BNK155007
RCP-2024-02328,SI-2024-01408,RECEIPT,2024-05-03,EUR,22542.42,19775.83,CARD,BNK191494
RCP-2024-02329,SI-2024-01410,RECEIPT,2024-05-24,EUR,2239.03,2013.48,card,BNK204815
RCP-2024-02330,SI-2024-01411,RECEIPT,2024-05-14,EUR,15102.33,13392.57,BACS,BNK211716
RCP-2024-02331,SI-2024-01413,RECEIPT,2024-05-16,GBP,35831.38,35831.38,CHEQUE,BNK151872
RCP-2024-02332,SI-2024-01414,RECEIPT,2024-05-30,GBP,5941.03,5941.03,BACS,BNK386081
RCP-2024-02333,SI-2024-01416,RECEIPT,2024-04-19,EUR,11466.35,10091.67,BACS,BNK826134
RCP-2024-02334,SI-2024-01418,RECEIPT,2024-05-17,USD,5184.29,3705.37,BACS,BNK574373
RCP-2024-02335,SI-2024-01420,RECEIPT,2024-05-10,GBP,11686.44,11686.44,BACS,BNK662435
RCP-2024-02336,SI-2024-01427,RECEIPT,2024-05-14,GBP,7060.92,7060.92,CARD,BNK360287
RCP-2024-02337,SI-2024-01434,RECEIPT,2024-05-17,USD,9105.56,6508.02,BACS,BNK203085
RCP-2024-02338,SI-2024-01435,RECEIPT,2024-04-19,EUR,8607.08,7575.19,BACS,BNK566198
RCP-2024-02339,SI-2024-01455,RECEIPT,2024-05-17,GBP,12459.16,12459.16,BACS,BNK702118
RCP-2024-02340,SI-2024-01458,RECEIPT,2024-05-29,GBP,12973.74,12973.74,BACS,BNK840749
PAY-2024-02341,PI-2024-00899,PAYMENT,2024-04-11,EUR,29565.05,26413.0,BACS,BNK719497
PAY-2024-02342,PI-2024-00910,PAYMENT,2024-04-26,GBP,32439.49,32439.49,BACS,BNK800849
PAY-2024-02343,PI-2024-00941,PAYMENT,2024-05-17,GBP,4943.03,4943.03,CHEQUE,BNK385204
PAY-2024-02344,PI-2024-00944,PAYMENT,2024-05-03,GBP,11917.9,11917.9,DD,BNK406934
PAY-2024-02345,PI-2024-00946,PAYMENT,2024-04-17,EUR,29230.61,25869.94,DD,BNK523443
PAY-2024-02346,PI-2024-00947,PAYMENT,2024-05-15,GBP,7185.1,7185.1,BACS,BNK766782
PAY-2024-02347,PI-2024-00949,PAYMENT,2024-04-26,GBP,1767.18,1767.18,BACS,BNK456860
PAY-2024-02348,PI-2024-00950,PAYMENT,2024-04-19,USD,2065.57,1501.16,BACS,BNK769088
PAY-2024-02349,PI-2024-00954,PAYMENT,2024-04-26,EUR,706.68,622.06,BACS,BNK705556
PAY-2024-02350,PI-2024-00955,PAYMENT,2024-05-24,GBP,38473.18,38473.18,BACS,BNK649906
PAY-2024-02351,PI-2024-00956,PAYMENT,2024-05-24,GBP,1635.94,1635.94,CHEQUE,BNK670825
PAY-2024-02352,PI-2024-00960,PAYMENT,2024-05-09,GBP,682.74,682.74,bacs,BNK295074
PAY-2024-02353,PI-2024-00961,PAYMENT,2024-04-26,EUR,3966.67,3491.68,BACS,BNK488102
PAY-2024-02354,PI-2024-00964,PAYMENT,2024-05-01,GBP,1356.64,1356.64,BACS,BNK675809
PAY-2024-02355,PI-2024-00967,PAYMENT,2024-05-07,EUR,10953.4,9754.52,BACS,BNK191721
PAY-2024-02356,PI-2024-00970,PAYMENT,2024-04-19,GBP,1059.07,1059.07,DD,BNK466902
PAY-2024-02357,PI-2024-00974,PAYMENT,2024-05-16,EUR,27581.93,24546.35,CHEQUE,BNK870785
PAY-2024-02358,PI-2024-00979,PAYMENT,2024-05-03,GBP,2289.97,2289.97,BACS,BNK765510
PAY-2024-02359,PI-2024-00980,PAYMENT,2024-05-31,GBP,9841.46,9841.46,BACS,BNK716387
PAY-2024-02360,PI-2024-00981,PAYMENT,2024-05-17,EUR,1706.59,1515.81,DD,BNK768328
PAY-2024-02361,PI-2024-00984,PAYMENT,2024-05-03,EUR,86622.91,75991.85,BACS,BNK135554
PAY-2024-02362,PI-2024-00988,PAYMENT,2024-05-30,GBP,18158.06,18158.06,DD,BNK132865
PAY-2024-02363,PI-2024-00989,PAYMENT,2024-05-30,GBP,10970.14,10970.14,DD,BNK650113
PAY-2024-02364,PI-2024-00990,PAYMENT,2024-05-24,EUR,967.82,870.33,CHEQUE,BNK407766
PAY-2024-02365,PI-2024-00991,PAYMENT,2024-05-09,GBP,5474.0,5474.0,CHEQUE,BNK719142
PAY-2024-02366,PI-2024-00992,PAYMENT,2024-05-08,EUR,4605.31,4116.63,CHEQUE,BNK419609
PAY-2024-02367,PI-2024-00993,PAYMENT,2024-05-24,EUR,4998.43,4494.91,BACS,BNK587841
PAY-2024-02368,PI-2024-00995,PAYMENT,2024-05-30,EUR,1642.78,1480.59,BACS,BNK906032
PAY-2024-02369,PI-2024-00998,PAYMENT,2024-05-20,GBP,786.4,786.4,BACS,BNK398595
PAY-2024-02370,PI-2024-00999,PAYMENT,2024-05-03,EUR,1512.23,1326.64,DD,BNK511635
PAY-2024-02371,PI-2024-01000,PAYMENT,2024-04-29,GBP,2185.54,2185.54,BACS,BNK296882
PAY-2024-02372,PI-2024-01003,PAYMENT,2024-05-08,GBP,6327.02,6327.02,BACS,BNK458897
PAY-2024-02373,PI-2024-01004,PAYMENT,2024-05-22,EUR,3951.74,3535.27,DD,BNK956543
PAY-2024-02374,PI-2024-01005,PAYMENT,2024-05-24,EUR,2301.32,2069.5,CHEQUE,BNK670449
PAY-2024-02375,PI-2024-01006,PAYMENT,2024-05-28,GBP,1081.42,1081.42,bacs,BNK572320
PAY-2024-02376,PI-2024-01008,PAYMENT,2024-05-15,GBP,2544.25,2544.25,BACS,BNK747596
PAY-2024-02377,PI-2024-01009,PAYMENT,2024-05-22,USD,9030.72,6521.37,BACS,BNK672737
PAY-2024-02378,PI-2024-01010,PAYMENT,2024-05-20,GBP,87884.72,87884.72,BACS,BNK754381
PAY-2024-02379,PI-2024-01012,PAYMENT,2024-05-24,GBP,1637.47,1637.47,BACS,BNK911077
PAY-2024-02380,PI-2024-01013,PAYMENT,2024-05-06,GBP,626.52,626.52,BACS,BNK963083
PAY-2024-02381,PI-2024-01015,PAYMENT,2024-05-24,GBP,1176.89,1176.89,DD,BNK923386
PAY-2024-02382,PI-2024-01016,PAYMENT,2024-05-08,EUR,12436.42,11116.75,BACS,BNK151826
PAY-2024-02383,PI-2024-01017,PAYMENT,2024-05-10,GBP,8774.23,8774.23,CHEQUE,BNK126945
PAY-2024-02384,PI-2024-01024,PAYMENT,2024-05-16,EUR,11937.2,10623.43,BACS,BNK969195
PAY-2024-02385,PI-2024-01039,PAYMENT,2024-05-31,EUR,3873.26,3486.73,DD,BNK745168
PAY-2024-02386,PI-2024-01043,PAYMENT,2024-05-17,EUR,9878.74,8774.37,CHEQUE,BNK719229
RCP-2024-02387,SI-2024-01225,RECEIPT,2024-05-22,EUR,41934.08,37514.73,CHEQUE,BNK369743
RCP-2024-02388,SI-2024-01298,RECEIPT,2024-04-30,EUR,20531.29,18063.08,BACS,BNK272670
RCP-2024-02389,SI-2024-01305,RECEIPT,2024-05-24,EUR,25902.89,23293.56,BACS,BNK678431
RCP-2024-02390,SI-2024-01321,RECEIPT,2024-05-14,GBP,11479.21,11479.21,BACS,BNK246394
RCP-2024-02391,SI-2024-01326,RECEIPT,2024-05-07,GBP,3775.16,3775.16,CARD,BNK334338
RCP-2024-02392,SI-2024-01347,RECEIPT,2024-06-27,GBP,13051.37,13051.37,BACS,BNK925065
RCP-2024-02393,SI-2024-01349,RECEIPT,2024-06-14,EUR,6296.31,5615.11,BACS,BNK519660
RCP-2024-02394,SI-2024-01350,RECEIPT,2024-06-14,EUR,6068.88,5412.28,BACS,BNK154922
RCP-2024-02395,SI-2024-01361,RECEIPT,2024-05-31,GBP,12850.02,12850.02,CHEQUE,BNK615943
RCP-2024-02396,SI-2024-01362,RECEIPT,2024-06-06,GBP,7237.51,7237.51,BACS,BNK852789
RCP-2024-02397,SI-2024-01366,RECEIPT,2024-05-16,GBP,4487.7,4487.7,CARD,BNK739689
RCP-2024-02398,SI-2024-01367,RECEIPT,2024-06-12,EUR,26604.94,23900.76,bacs,BNK624720
RCP-2024-02399,SI-2024-01377,RECEIPT,2024-05-20,GBP,11110.27,11110.27,BACS,BNK920887
RCP-2024-02400,SI-2024-01379,RECEIPT,2024-06-11,GBP,11072.88,11072.88,CARD,BNK931437
RCP-2024-02401,SI-2024-01382,RECEIPT,2024-06-07,GBP,14620.5,14620.5,CARD,BNK718752
RCP-2024-02402,SI-2024-01383,RECEIPT,2024-06-06,GBP,40483.12,40483.12,CARD,BNK513572
RCP-2024-02403,SI-2024-01389,RECEIPT,2024-06-19,GBP,5377.1,5377.1,BACS,BNK212560
RCP-2024-02404,SI-2024-01395,RECEIPT,2024-05-17,GBP,14971.26,14971.26,CARD,BNK277455
RCP-2024-02405,SI-2024-01397,RECEIPT,2024-05-09,EUR,2374.33,2117.6,BACS,BNK774641
RCP-2024-02406,SI-2024-01398,RECEIPT,2024-06-28,EUR,10271.16,9214.59,CHEQUE,BNK707814
RCP-2024-02407,SI-2024-01400,RECEIPT,2024-05-30,EUR,6695.27,6034.26,BACS,BNK602705
RCP-2024-02408,SI-2024-01405,RECEIPT,2024-06-27,EUR,13513.97,12072.41,BACS,BNK962941
RCP-2024-02409,SI-2024-01409,RECEIPT,2024-05-24,GBP,24575.54,24575.54,BACS,BNK129332
RCP-2024-02410,SI-2024-01412,RECEIPT,2024-06-07,EUR,12257.58,10954.54,CHEQUE,BNK364928
RCP-2024-02411,SI-2024-01415,RECEIPT,2024-06-20,GBP,7942.4,7942.4,BACS,BNK683603
RCP-2024-02412,SI-2024-01419,RECEIPT,2024-06-12,EUR,37512.07,33699.27,BACS,BNK795860
RCP-2024-02413,SI-2024-01422,RECEIPT,2024-06-07,GBP,10372.97,10372.97,BACS,BNK104076
RCP-2024-02414,SI-2024-01424,RECEIPT,2024-05-24,EUR,30727.3,27631.99,BACS,BNK945378
RCP-2024-02415,SI-2024-01425,RECEIPT,2024-05-23,GBP,2710.03,2710.03,CARD,BNK107681
RCP-2024-02416,SI-2024-01428,RECEIPT,2024-06-27,EUR,11765.52,10510.47,CHEQUE,BNK974534
RCP-2024-02417,SI-2024-01429,RECEIPT,2024-06-13,GBP,19546.94,19546.94,CARD,BNK403731
RCP-2024-02418,SI-2024-01430,RECEIPT,2024-06-03,GBP,19684.76,19684.76,CARD,BNK919866
RCP-2024-02419,SI-2024-01432,RECEIPT,2024-05-23,GBP,32128.49,32128.49,CARD,BNK774159
RCP-2024-02420,SI-2024-01433,RECEIPT,2024-06-28,GBP,26761.74,26761.74,BACS,BNK297820
RCP-2024-02421,SI-2024-01437,RECEIPT,2024-05-31,GBP,5809.63,5809.63,bacs,BNK635224
RCP-2024-02422,SI-2024-01440,RECEIPT,2024-06-14,EUR,3467.65,3092.48,CARD,BNK326301
RCP-2024-02423,SI-2024-01442,RECEIPT,2024-06-24,GBP,29025.25,29025.25,BACS,BNK328575
RCP-2024-02424,SI-2024-01443,RECEIPT,2024-06-07,EUR,18158.57,16228.22,BACS,BNK963439
RCP-2024-02425,SI-2024-01446,RECEIPT,2024-06-28,EUR,22211.64,19926.77,CHEQUE,BNK978103
RCP-2024-02426,SI-2024-01460,RECEIPT,2024-05-31,GBP,22216.28,22216.28,CARD,BNK826667
RCP-2024-02427,SI-2024-01462,RECEIPT,2024-06-11,GBP,5297.57,5297.57,CARD,BNK303818
RCP-2024-02428,SI-2024-01465,RECEIPT,2024-06-04,GBP,5992.01,5992.01,CARD,BNK737690
RCP-2024-02429,SI-2024-01468,RECEIPT,2024-06-28,EUR,3224.82,2893.09,BACS,BNK233765
RCP-2024-02430,SI-2024-01470,RECEIPT,2024-06-07,GBP,2375.53,2375.53,BACS,BNK792834
RCP-2024-02431,SI-2024-01475,RECEIPT,2024-06-14,GBP,32635.72,32635.72,BACS,BNK935160
RCP-2024-02432,SI-2024-01477,RECEIPT,2024-06-20,GBP,3793.06,3793.06,CARD,BNK613535
RCP-2024-02433,SI-2024-01478,RECEIPT,2024-06-14,GBP,11672.75,11672.75,BACS,BNK496260
RCP-2024-02434,SI-2024-01479,RECEIPT,2024-06-14,GBP,15976.8,15976.8,BACS,BNK311703
RCP-2024-02435,SI-2024-01481,RECEIPT,2024-06-28,GBP,5696.2,5696.2,CARD,BNK765592
RCP-2024-02436,SI-2024-01482,RECEIPT,2024-06-07,GBP,11907.22,11907.22,BACS,BNK270503
RCP-2024-02437,SI-2024-01484,RECEIPT,2024-06-28,GBP,15517.75,15517.75,BACS,BNK266385
RCP-2024-02438,SI-2024-01489,RECEIPT,2024-06-20,GBP,2421.65,2421.65,BACS,BNK281491
RCP-2024-02439,SI-2024-01509,RECEIPT,2024-06-28,GBP,5661.64,5661.64,BACS,BNK486472
RCP-2024-02440,SI-2024-01546,RECEIPT,2024-06-25,GBP,9461.66,9461.66,BACS,BNK847235
PAY-2024-02441,PI-2024-00940,PAYMENT,2024-06-07,EUR,2807.92,2509.42,BACS,BNK329256
PAY-2024-02442,PI-2024-00982,PAYMENT,2024-06-14,EUR,2470.69,2203.38,CHEQUE,BNK809902
PAY-2024-02443,PI-2024-00983,PAYMENT,2024-06-21,GBP,4462.66,4462.66,DD,BNK976653
PAY-2024-02444,PI-2024-00986,PAYMENT,2024-06-14,EUR,1054.96,940.82,bacs,BNK359577
PAY-2024-02445,PI-2024-00987,PAYMENT,2024-06-03,GBP,329.63,329.63,DD,BNK406767
PAY-2024-02446,PI-2024-00994,PAYMENT,2024-05-31,EUR,3103.51,2793.8,DD,BNK366596
PAY-2024-02447,PI-2024-00996,PAYMENT,2024-05-31,GBP,959.64,959.64,BACS,BNK682566
PAY-2024-02448,PI-2024-00997,PAYMENT,2024-06-07,EUR,1600.04,1429.95,BACS,BNK122199
PAY-2024-02449,PI-2024-01002,PAYMENT,2024-06-28,EUR,58059.87,52087.37,BACS,BNK718283
PAY-2024-02450,PI-2024-01007,PAYMENT,2024-06-11,EUR,1646.0,1477.72,BACS,BNK647815
PAY-2024-02451,PI-2024-01011,PAYMENT,2024-06-06,EUR,1671.74,1497.47,CHEQUE,BNK116626
PAY-2024-02452,PI-2024-01014,PAYMENT,2024-06-21,GBP,2367.38,2367.38,BACS,BNK959129
PAY-2024-02453,PI-2024-01018,PAYMENT,2024-06-27,GBP,1863.48,1863.48,BACS,BNK467094
PAY-2024-02454,PI-2024-01019,PAYMENT,2024-06-14,GBP,9942.2,9942.2,DD,BNK227628
PAY-2024-02455,PI-2024-01021,PAYMENT,2024-06-07,GBP,1800.04,1800.04,BACS,BNK785875
PAY-2024-02456,PI-2024-01023,PAYMENT,2024-06-17,GBP,22020.6,22020.6,BACS,BNK322752
PAY-2024-02457,PI-2024-01029,PAYMENT,2024-06-12,EUR,1977.36,1776.38,CHEQUE,BNK251028
PAY-2024-02458,PI-2024-01030,PAYMENT,2024-06-28,GBP,2836.27,2836.27,CHEQUE,BNK868557
PAY-2024-02459,PI-2024-01033,PAYMENT,2024-06-12,EUR,2777.77,2495.43,BACS,BNK994881
PAY-2024-02460,PI-2024-01038,PAYMENT,2024-06-25,USD,334.98,243.2,BACS,BNK541855
PAY-2024-02461,PI-2024-01042,PAYMENT,2024-06-28,GBP,2871.97,2871.97,DD,BNK882973
PAY-2024-02462,PI-2024-01044,PAYMENT,2024-06-18,EUR,1435.08,1284.39,DD,BNK137630
PAY-2024-02463,PI-2024-01045,PAYMENT,2024-06-26,USD,4240.26,3060.39,CHEQUE,BNK260689
PAY-2024-02464,PI-2024-01046,PAYMENT,2024-06-14,GBP,1415.76,1415.76,BACS,BNK263033
PAY-2024-02465,PI-2024-01047,PAYMENT,2024-06-05,EUR,10527.73,9452.66,BACS,BNK221018
PAY-2024-02466,PI-2024-01048,PAYMENT,2024-05-31,GBP,1826.57,1826.57,CHEQUE,BNK313549
PAY-2024-02467,PI-2024-01049,PAYMENT,2024-06-05,GBP,2267.54,2267.54,bacs,BNK201447
PAY-2024-02468,PI-2024-01050,PAYMENT,2024-06-07,EUR,14655.35,13097.41,BACS,BNK179976
PAY-2024-02469,PI-2024-01051,PAYMENT,2024-06-14,EUR,4117.02,3671.6,DD,BNK283983
PAY-2024-02470,PI-2024-01053,PAYMENT,2024-06-14,GBP,2715.64,2715.64,BACS,BNK451079
PAY-2024-02471,PI-2024-01054,PAYMENT,2024-06-17,EUR,1042.24,932.88,DD,BNK137928
PAY-2024-02472,PI-2024-01055,PAYMENT,2024-06-13,EUR,1352.7,1209.01,BACS,BNK418463
RCP-2024-02473,SI-2024-01300,RECEIPT,2024-05-24,GBP,7219.15,7219.15,BACS,BNK879893
RCP-2024-02474,SI-2024-01301,RECEIPT,2024-05-16,EUR,10720.43,9540.57,BACS,BNK432901
RCP-2024-02475,SI-2024-01314,RECEIPT,2024-05-31,EUR,7256.55,6532.39,BACS,BNK686990
RCP-2024-02476,SI-2024-01338,RECEIPT,2024-06-26,EUR,2172.77,1950.06,BACS,BNK157866
RCP-2024-02477,SI-2024-01342,RECEIPT,2024-05-31,GBP,8956.58,8956.58,BACS,BNK121600
RCP-2024-02478,SI-2024-01345,RECEIPT,2024-07-26,GBP,28520.04,28520.04,CARD,BNK114422
RCP-2024-02479,SI-2024-01360,RECEIPT,2024-07-02,EUR,5091.84,4538.24,BACS,BNK975029
RCP-2024-02480,SI-2024-01364,RECEIPT,2024-07-25,EUR,8171.19,7276.82,CHEQUE,BNK490977
RCP-2024-02481,SI-2024-01371,RECEIPT,2024-06-14,GBP,7254.9,7254.9,CHEQUE,BNK912298
RCP-2024-02482,SI-2024-01375,RECEIPT,2024-05-31,EUR,14705.01,13237.54,BACS,BNK227148
RCP-2024-02483,SI-2024-01384,RECEIPT,2024-07-17,GBP,3073.02,3073.02,BACS,BNK159741
RCP-2024-02484,SI-2024-01391,RECEIPT,2024-07-22,USD,57172.87,40617.09,BACS,BNK654337
RCP-2024-02485,SI-2024-01392,RECEIPT,2024-06-11,EUR,9317.85,8365.25,BACS,BNK783705
RCP-2024-02486,SI-2024-01396,RECEIPT,2024-07-09,GBP,16580.69,16580.69,CARD,BNK758773
RCP-2024-02487,SI-2024-01401,RECEIPT,2024-06-18,GBP,7086.96,7086.96,BACS,BNK616674
RCP-2024-02488,SI-2024-01406,RECEIPT,2024-06-07,GBP,6604.28,6604.28,BACS,BNK859632
RCP-2024-02489,SI-2024-01417,RECEIPT,2024-06-14,GBP,12138.5,12138.5,BACS,BNK434281
RCP-2024-02490,SI-2024-01421,RECEIPT,2024-07-23,EUR,11907.27,10603.14,bacs,BNK867061
RCP-2024-02491,SI-2024-01423,RECEIPT,2024-07-23,GBP,19608.28,19608.28,BACS,BNK702647
RCP-2024-02492,SI-2024-01426,RECEIPT,2024-07-04,EUR,2309.11,2071.74,BACS,BNK514891
RCP-2024-02493,SI-2024-01439,RECEIPT,2024-06-04,GBP,34341.46,34341.46,BACS,BNK523716
RCP-2024-02494,SI-2024-01441,RECEIPT,2024-06-24,GBP,7325.05,7325.05,BACS,BNK883999
RCP-2024-02495,SI-2024-01447,RECEIPT,2024-07-29,EUR,18670.15,16418.49,BACS,BNK658680
RCP-2024-02496,SI-2024-01450,RECEIPT,2024-07-30,GBP,10654.42,10654.42,CHEQUE,BNK938975
RCP-2024-02497,SI-2024-01453,RECEIPT,2024-06-14,GBP,9104.7,9104.7,BACS,BNK965376
RCP-2024-02498,SI-2024-01454,RECEIPT,2024-07-05,EUR,19035.32,17045.6,BACS,BNK703587
RCP-2024-02499,SI-2024-01457,RECEIPT,2024-07-30,EUR,10310.63,9097.9,BACS,BNK923602
RCP-2024-02500,SI-2024-01459,RECEIPT,2024-07-23,GBP,3418.88,3418.88,CHEQUE,BNK802024
RCP-2024-02501,SI-2024-01461,RECEIPT,2024-07-18,GBP,5923.76,5923.76,BACS,BNK480087
RCP-2024-02502,SI-2024-01463,RECEIPT,2024-07-11,GBP,5091.86,5091.86,CHEQUE,BNK123550
RCP-2024-02503,SI-2024-01466,RECEIPT,2024-06-21,USD,5511.32,4000.8,CHEQUE,BNK922937
RCP-2024-02504,SI-2024-01472,RECEIPT,2024-06-28,USD,11132.72,8060.18,CHEQUE,BNK346047
RCP-2024-02505,SI-2024-01473,RECEIPT,2024-06-14,GBP,13187.33,13187.33,BACS,BNK127290
RCP-2024-02506,SI-2024-01474,RECEIPT,2024-06-21,GBP,45980.03,45980.03,BACS,BNK519989
RCP-2024-02507,SI-2024-01476,RECEIPT,2024-06-13,EUR,13088.51,11698.16,CHEQUE,BNK978770
RCP-2024-02508,SI-2024-01483,RECEIPT,2024-07-26,GBP,6930.78,6930.78,CARD,BNK149256
RCP-2024-02509,SI-2024-01486,RECEIPT,2024-07-04,GBP,6817.12,6817.12,CHEQUE,BNK912403
RCP-2024-02510,SI-2024-01487,RECEIPT,2024-06-14,EUR,16985.2,15147.55,CHEQUE,BNK843879
RCP-2024-02511,SI-2024-01488,RECEIPT,2024-07-04,USD,12254.4,8855.47,CHEQUE,BNK528374
RCP-2024-02512,SI-2024-01490,RECEIPT,2024-07-04,EUR,14382.94,12904.4,BACS,BNK369717
RCP-2024-02513,SI-2024-01492,RECEIPT,2024-07-31,EUR,28246.93,24937.6,card,BNK417174
RCP-2024-02514,SI-2024-01493,RECEIPT,2024-07-31,EUR,7153.97,6315.83,BACS,BNK847062
RCP-2024-02515,SI-2024-01494,RECEIPT,2024-07-31,EUR,5652.94,4990.66,CHEQUE,BNK473469
RCP-2024-02516,SI-2024-01497,RECEIPT,2024-07-19,GBP,8396.92,8396.92,CHEQUE,BNK650022
RCP-2024-02517,SI-2024-01498,RECEIPT,2024-07-12,GBP,2173.21,2173.21,BACS,BNK696929
RCP-2024-02518,SI-2024-01504,RECEIPT,2024-07-16,EUR,5613.7,5017.55,BACS,BNK446879
RCP-2024-02519,SI-2024-01508,RECEIPT,2024-07-26,GBP,5052.7,5052.7,CHEQUE,BNK475100
RCP-2024-02520,SI-2024-01512,RECEIPT,2024-07-31,EUR,5229.66,4616.97,BACS,BNK755097
RCP-2024-02521,SI-2024-01513,RECEIPT,2024-07-02,GBP,9442.43,9442.43,CARD,BNK794389
RCP-2024-02522,SI-2024-01517,RECEIPT,2024-07-09,GBP,14092.9,14092.9,CARD,BNK119453
RCP-2024-02523,SI-2024-01527,RECEIPT,2024-07-29,GBP,15388.46,15388.46,CHEQUE,BNK512561
RCP-2024-02524,SI-2024-01529,RECEIPT,2024-07-15,GBP,14781.98,14781.98,CARD,BNK879025
RCP-2024-02525,SI-2024-01531,RECEIPT,2024-07-22,GBP,52046.4,52046.4,BACS,BNK247980
RCP-2024-02526,SI-2024-01532,RECEIPT,2024-07-26,EUR,11523.5,10194.0,BACS,BNK751008
RCP-2024-02527,SI-2024-01533,RECEIPT,2024-07-25,GBP,13058.34,13058.34,BACS,BNK195395
RCP-2024-02528,SI-2024-01534,RECEIPT,2024-07-24,EUR,7338.54,6542.28,BACS,BNK496635
RCP-2024-02529,SI-2024-01535,RECEIPT,2024-06-14,EUR,2010.09,1792.62,BACS,BNK344193
RCP-2024-02530,SI-2024-01538,RECEIPT,2024-07-23,GBP,41836.63,41836.63,CARD,BNK847312
RCP-2024-02531,SI-2024-01539,RECEIPT,2024-07-18,GBP,38687.95,38687.95,BACS,BNK589610
RCP-2024-02532,SI-2024-01577,RECEIPT,2024-07-24,GBP,18520.86,18520.86,CARD,BNK835289
RCP-2024-02533,SI-2024-01589,RECEIPT,2024-07-18,EUR,1571.97,1401.22,BACS,BNK233296
RCP-2024-02534,SI-2024-01596,RECEIPT,2024-07-16,EUR,13371.51,11951.52,BACS,BNK817410
PAY-2024-02535,PI-2024-01020,PAYMENT,2024-07-05,GBP,2529.01,2529.01,CHEQUE,BNK514355
PAY-2024-02536,PI-2024-01022,PAYMENT,2024-07-26,GBP,86403.28,86403.28,bacs,BNK513572
PAY-2024-02537,PI-2024-01027,PAYMENT,2024-06-14,GBP,9719.09,9719.09,DD,BNK857673
PAY-2024-02538,PI-2024-01028,PAYMENT,2024-07-26,EUR,8547.48,7561.33,DD,BNK523868
PAY-2024-02539,PI-2024-01031,PAYMENT,2024-07-24,GBP,6217.74,6217.74,DD,BNK436665
PAY-2024-02540,PI-2024-01032,PAYMENT,2024-07-05,EUR,3004.79,2690.71,BACS,BNK713243
PAY-2024-02541,PI-2024-01034,PAYMENT,2024-07-19,EUR,850.01,756.86,CHEQUE,BNK145976
PAY-2024-02542,PI-2024-01035,PAYMENT,2024-07-15,GBP,5322.31,5322.31,BACS,BNK449140
PAY-2024-02543,PI-2024-01036,PAYMENT,2024-07-09,EUR,813.89,723.65,BACS,BNK984918
PAY-2024-02544,PI-2024-01037,PAYMENT,2024-06-28,EUR,2535.23,2274.44,BACS,BNK943657
PAY-2024-02545,PI-2024-01041,PAYMENT,2024-07-12,EUR,1071.14,950.72,BACS,BNK462273
PAY-2024-02546,PI-2024-01052,PAYMENT,2024-07-16,GBP,2462.3,2462.3,BACS,BNK478180
PAY-2024-02547,PI-2024-01057,PAYMENT,2024-07-26,EUR,9146.6,8091.33,BACS,BNK602889
PAY-2024-02548,PI-2024-01059,PAYMENT,2024-07-19,GBP,799.8,799.8,BACS,BNK395939
PAY-2024-02549,PI-2024-01060,PAYMENT,2024-07-12,EUR,3295.06,2924.63,BACS,BNK135719
PAY-2024-02550,PI-2024-01061,PAYMENT,2024-07-19,GBP,4280.3,4280.3,CHEQUE,BNK344669
PAY-2024-02551,PI-2024-01062,PAYMENT,2024-07-05,EUR,1629.38,1459.06,BACS,BNK770890
PAY-2024-02552,PI-2024-01064,PAYMENT,2024-07-11,GBP,587.06,587.06,BACS,BNK281312
PAY-2024-02553,PI-2024-01065,PAYMENT,2024-06-21,GBP,25542.49,25542.49,DD,BNK340461
PAY-2024-02554,PI-2024-01066,PAYMENT,2024-07-18,EUR,1166.03,1039.37,BACS,BNK701112
PAY-2024-02555,PI-2024-01067,PAYMENT,2024-07-11,EUR,11704.69,10363.6,DD,BNK386330
PAY-2024-02556,PI-2024-01068,PAYMENT,2024-06-28,USD,1642.57,1189.23,BACS,BNK742637
PAY-2024-02557,PI-2024-01069,PAYMENT,2024-07-26,EUR,20749.75,18355.79,BACS,BNK687466
PAY-2024-02558,PI-2024-01070,PAYMENT,2024-07-05,USD,447.4,323.76,DD,BNK348237
PAY-2024-02559,PI-2024-01071,PAYMENT,2024-06-19,EUR,915.94,817.71,cheque,BNK813496
PAY-2024-02560,PI-2024-01073,PAYMENT,2024-06-28,GBP,1165.5,1165.5,BACS,BNK294940
PAY-2024-02561,PI-2024-01075,PAYMENT,2024-07-05,GBP,5815.61,5815.61,BACS,BNK365762
PAY-2024-02562,PI-2024-01076,PAYMENT,2024-07-10,EUR,378.1,335.57,CHEQUE,BNK307056
PAY-2024-02563,PI-2024-01078,PAYMENT,2024-06-27,GBP,608.24,608.24,BACS,BNK656020
PAY-2024-02564,PI-2024-01080,PAYMENT,2024-07-03,EUR,18903.8,16888.14,BACS,BNK604015
PAY-2024-02565,PI-2024-01082,PAYMENT,2024-07-17,GBP,4858.84,4858.84,BACS,BNK887784
PAY-2024-02566,PI-2024-01083,PAYMENT,2024-07-12,GBP,3857.38,3857.38,BACS,BNK432008
PAY-2024-02567,PI-2024-01088,PAYMENT,2024-07-22,USD,1946.44,1382.8,BACS,BNK510907
PAY-2024-02568,PI-2024-01089,PAYMENT,2024-07-25,GBP,1547.05,1547.05,DD,BNK554994
PAY-2024-02569,PI-2024-01091,PAYMENT,2024-07-05,GBP,5633.93,5633.93,DD,BNK139154
PAY-2024-02570,PI-2024-01092,PAYMENT,2024-07-04,EUR,1119.0,1003.97,DD,BNK268507
PAY-2024-02571,PI-2024-01093,PAYMENT,2024-07-16,USD,3068.25,2154.44,CHEQUE,BNK750252
PAY-2024-02572,PI-2024-01096,PAYMENT,2024-07-25,GBP,3747.1,3747.1,BACS,BNK944573
PAY-2024-02573,PI-2024-01116,PAYMENT,2024-07-31,EUR,1534.42,1354.65,DD,BNK625548
PAY-2024-02574,PI-2024-01127,PAYMENT,2024-07-31,USD,3861.02,2760.29,BACS,BNK388438
RCP-2024-02575,SI-2024-01343,RECEIPT,2024-06-27,GBP,11525.58,11525.58,BACS,BNK186038
RCP-2024-02576,SI-2024-01346,RECEIPT,2024-08-01,GBP,17373.25,17373.25,CARD,BNK555109
RCP-2024-02577,SI-2024-01387,RECEIPT,2024-08-15,GBP,12605.02,12605.02,BACS,BNK784326
RCP-2024-02578,SI-2024-01407,RECEIPT,2024-08-01,GBP,7563.26,7563.26,BACS,BNK615471
RCP-2024-02579,SI-2024-01431,RECEIPT,2024-07-31,USD,5701.98,4076.41,CHEQUE,BNK260382
RCP-2024-02580,SI-2024-01436,RECEIPT,2024-08-22,EUR,6659.7,5720.6,CARD,BNK223502
RCP-2024-02581,SI-2024-01444,RECEIPT,2024-06-21,GBP,4826.86,4826.86,CARD,BNK728335
RCP-2024-02582,SI-2024-01448,RECEIPT,2024-08-06,GBP,6540.29,6540.29,bacs,BNK888960
RCP-2024-02583,SI-2024-01449,RECEIPT,2024-08-21,GBP,6868.64,6868.64,BACS,BNK782780
RCP-2024-02584,SI-2024-01451,RECEIPT,2024-06-27,EUR,28106.01,25107.89,BACS,BNK557921
RCP-2024-02585,SI-2024-01456,RECEIPT,2024-08-29,EUR,9076.65,7921.56,BACS,BNK140305
RCP-2024-02586,SI-2024-01464,RECEIPT,2024-08-08,EUR,8267.73,7249.23,CARD,BNK281737
RCP-2024-02587,SI-2024-01469,RECEIPT,2024-06-12,GBP,27927.77,27927.77,BACS,BNK375961
RCP-2024-02588,SI-2024-01471,RECEIPT,2024-07-31,GBP,13544.0,13544.0,BACS,BNK629660
RCP-2024-02589,SI-2024-01480,RECEIPT,2024-07-18,GBP,5798.45,5798.45,BACS,BNK289015
RCP-2024-02590,SI-2024-01485,RECEIPT,2024-08-14,EUR,9637.77,8369.01,BACS,BNK345311
RCP-2024-02591,SI-2024-01491,RECEIPT,2024-08-20,USD,6460.71,4574.9,CHEQUE,BNK356564
RCP-2024-02592,SI-2024-01499,RECEIPT,2024-07-26,GBP,23143.54,23143.54,CHEQUE,BNK114718
RCP-2024-02593,SI-2024-01502,RECEIPT,2024-07-16,GBP,10265.26,10265.26,BACS,BNK433146
RCP-2024-02594,SI-2024-01503,RECEIPT,2024-07-18,GBP,7373.11,7373.11,CHEQUE,BNK429557
RCP-2024-02595,SI-2024-01505,RECEIPT,2024-07-19,GBP,13713.77,13713.77,CARD,BNK827788
RCP-2024-02596,SI-2024-01507,RECEIPT,2024-08-16,EUR,14597.8,12639.02,BACS,BNK870217
RCP-2024-02597,SI-2024-01515,RECEIPT,2024-07-17,USD,10829.24,7607.22,BACS,BNK829753
RCP-2024-02598,SI-2024-01516,RECEIPT,2024-08-16,GBP,33993.53,33993.53,BACS,BNK924145
RCP-2024-02599,SI-2024-01518,RECEIPT,2024-08-26,GBP,18244.63,18244.63,BACS,BNK936621
RCP-2024-02600,SI-2024-01520,RECEIPT,2024-08-09,GBP,3218.72,3218.72,CHEQUE,BNK562897
RCP-2024-02601,SI-2024-01521,RECEIPT,2024-08-09,EUR,12706.0,11126.11,BACS,BNK730958
RCP-2024-02602,SI-2024-01522,RECEIPT,2024-08-09,USD,3619.85,2615.92,BACS,BNK975879
RCP-2024-02603,SI-2024-01523,RECEIPT,2024-08-20,GBP,8016.17,8016.17,BACS,BNK416583
RCP-2024-02604,SI-2024-01524,RECEIPT,2024-08-28,EUR,5454.4,4753.83,BACS,BNK211516
RCP-2024-02605,SI-2024-01525,RECEIPT,2024-08-16,GBP,5263.38,5263.38,card,BNK667911
RCP-2024-02606,SI-2024-01526,RECEIPT,2024-07-19,GBP,39410.05,39410.05,BACS,BNK508448
RCP-2024-02607,SI-2024-01528,RECEIPT,2024-07-30,GBP,36770.81,36770.81,BACS,BNK963600
RCP-2024-02608,SI-2024-01542,RECEIPT,2024-07-29,EUR,4977.31,4377.04,CARD,BNK241528
RCP-2024-02609,SI-2024-01544,RECEIPT,2024-07-26,USD,50046.67,35679.67,BACS,BNK115740
RCP-2024-02610,SI-2024-01545,RECEIPT,2024-08-05,GBP,14274.58,14274.58,CHEQUE,BNK192910
RCP-2024-02611,SI-2024-01547,RECEIPT,2024-08-01,GBP,9817.01,9817.01,CARD,BNK168058
RCP-2024-02612,SI-2024-01550,RECEIPT,2024-07-19,GBP,8791.48,8791.48,BACS,BNK894409
RCP-2024-02613,SI-2024-01551,RECEIPT,2024-08-23,USD,8651.2,6160.46,BACS,BNK460753
RCP-2024-02614,SI-2024-01554,RECEIPT,2024-08-09,GBP,20007.64,20007.64,CARD,BNK603055
RCP-2024-02615,SI-2024-01555,RECEIPT,2024-08-27,EUR,9402.0,8179.36,BACS,BNK796171
RCP-2024-02616,SI-2024-01556,RECEIPT,2024-08-07,EUR,17924.96,15736.07,BACS,BNK901117
RCP-2024-02617,SI-2024-01558,RECEIPT,2024-08-16,GBP,10668.55,10668.55,CARD,BNK553158
RCP-2024-02618,SI-2024-01564,RECEIPT,2024-08-09,EUR,7595.26,6650.85,BACS,BNK491316
RCP-2024-02619,SI-2024-01565,RECEIPT,2024-08-15,EUR,13824.08,11998.35,CARD,BNK681661
RCP-2024-02620,SI-2024-01566,RECEIPT,2024-08-07,GBP,20235.89,20235.89,BACS,BNK904196
RCP-2024-02621,SI-2024-01567,RECEIPT,2024-08-06,GBP,8354.99,8354.99,BACS,BNK518719
RCP-2024-02622,SI-2024-01569,RECEIPT,2024-08-20,GBP,16000.68,16000.68,BACS,BNK161058
RCP-2024-02623,SI-2024-01570,RECEIPT,2024-08-02,GBP,10282.01,10282.01,BACS,BNK800260
RCP-2024-02624,SI-2024-01571,RECEIPT,2024-08-27,GBP,16574.12,16574.12,CHEQUE,BNK445584
RCP-2024-02625,SI-2024-01573,RECEIPT,2024-08-23,GBP,11981.72,11981.72,BACS,BNK397706
RCP-2024-02626,SI-2024-01574,RECEIPT,2024-08-02,USD,21977.57,15681.48,BACS,BNK383529
RCP-2024-02627,SI-2024-01576,RECEIPT,2024-08-27,EUR,7919.26,6889.44,BACS,BNK400716
RCP-2024-02628,SI-2024-01578,RECEIPT,2024-08-09,EUR,10239.05,8965.91,card,BNK730552
RCP-2024-02629,SI-2024-01582,RECEIPT,2024-08-22,GBP,10671.2,10671.2,CHEQUE,BNK359916
RCP-2024-02630,SI-2024-01584,RECEIPT,2024-08-01,GBP,5676.56,5676.56,BACS,BNK606971
RCP-2024-02631,SI-2024-01593,RECEIPT,2024-08-14,GBP,5759.16,5759.16,CARD,BNK750977
RCP-2024-02632,SI-2024-01595,RECEIPT,2024-08-30,GBP,7582.0,7582.0,CHEQUE,BNK657014
PAY-2024-02633,PI-2024-01025,PAYMENT,2024-08-02,GBP,4673.94,4673.94,DD,BNK860917
PAY-2024-02634,PI-2024-01026,PAYMENT,2024-08-09,EUR,716.48,627.39,BACS,BNK567942
PAY-2024-02635,PI-2024-01040,PAYMENT,2024-07-18,GBP,3173.93,3173.93,BACS,BNK463335
PAY-2024-02636,PI-2024-01056,PAYMENT,2024-08-02,GBP,851.98,851.98,BACS,BNK812235
PAY-2024-02637,PI-2024-01058,PAYMENT,2024-07-25,GBP,1080.94,1080.94,DD,BNK338874
PAY-2024-02638,PI-2024-01063,PAYMENT,2024-08-08,GBP,1114.87,1114.87,CHEQUE,BNK131119
PAY-2024-02639,PI-2024-01072,PAYMENT,2024-07-12,EUR,2388.75,2120.21,BACS,BNK259712
PAY-2024-02640,PI-2024-01074,PAYMENT,2024-08-02,EUR,1327.79,1164.66,DD,BNK936192
PAY-2024-02641,PI-2024-01077,PAYMENT,2024-07-24,GBP,1239.08,1239.08,BACS,BNK999425
PAY-2024-02642,PI-2024-01079,PAYMENT,2024-08-16,GBP,1341.65,1341.65,DD,BNK717181
PAY-2024-02643,PI-2024-01081,PAYMENT,2024-08-28,EUR,4611.51,4019.2,DD,BNK658052
PAY-2024-02644,PI-2024-01084,PAYMENT,2024-08-22,EUR,4543.73,3903.01,DD,BNK562024
PAY-2024-02645,PI-2024-01086,PAYMENT,2024-08-16,GBP,6012.22,6012.22,DD,BNK857547
PAY-2024-02646,PI-2024-01087,PAYMENT,2024-08-02,GBP,11732.89,11732.89,CHEQUE,BNK697584
PAY-2024-02647,PI-2024-01090,PAYMENT,2024-07-19,USD,1151.39,813.03,BACS,BNK903082
PAY-2024-02648,PI-2024-01094,PAYMENT,2024-08-09,EUR,1019.11,892.39,DD,BNK567228
PAY-2024-02649,PI-2024-01095,PAYMENT,2024-08-16,EUR,744.65,644.73,BACS,BNK329324
PAY-2024-02650,PI-2024-01097,PAYMENT,2024-08-09,USD,427.66,309.05,CHEQUE,BNK334901
PAY-2024-02651,PI-2024-01101,PAYMENT,2024-08-16,USD,1249.7,894.4,dd,BNK708276
PAY-2024-02652,PI-2024-01102,PAYMENT,2024-08-08,EUR,5661.28,4963.87,DD,BNK430908
PAY-2024-02653,PI-2024-01105,PAYMENT,2024-08-09,EUR,1391.57,1218.54,CHEQUE,BNK989935
PAY-2024-02654,PI-2024-01108,PAYMENT,2024-08-30,EUR,1673.3,1451.41,BACS,BNK795776
PAY-2024-02655,PI-2024-01109,PAYMENT,2024-08-02,GBP,1913.04,1913.04,BACS,BNK710361
PAY-2024-02656,PI-2024-01110,PAYMENT,2024-08-19,GBP,3042.25,3042.25,BACS,BNK586549
PAY-2024-02657,PI-2024-01111,PAYMENT,2024-08-16,GBP,664.85,664.85,BACS,BNK455831
PAY-2024-02658,PI-2024-01112,PAYMENT,2024-07-29,GBP,3116.86,3116.86,CHEQUE,BNK973149
PAY-2024-02659,PI-2024-01113,PAYMENT,2024-08-23,EUR,19383.81,16630.51,BACS,BNK227325
PAY-2024-02660,PI-2024-01117,PAYMENT,2024-08-08,EUR,3219.96,2823.29,CHEQUE,BNK346395
PAY-2024-02661,PI-2024-01119,PAYMENT,2024-08-29,GBP,1540.57,1540.57,BACS,BNK135164
PAY-2024-02662,PI-2024-01120,PAYMENT,2024-08-09,EUR,1974.78,1729.23,BACS,BNK204099
PAY-2024-02663,PI-2024-01121,PAYMENT,2024-08-30,USD,1994.36,1421.75,BACS,BNK953320
PAY-2024-02664,PI-2024-01122,PAYMENT,2024-08-16,USD,19252.04,13778.59,BACS,BNK904578
PAY-2024-02665,PI-2024-01125,PAYMENT,2024-07-31,GBP,16865.75,16865.75,DD,BNK703227
PAY-2024-02666,PI-2024-01128,PAYMENT,2024-08-26,GBP,1052.68,1052.68,DD,BNK426906
PAY-2024-02667,PI-2024-01129,PAYMENT,2024-08-02,USD,4086.8,2916.02,DD,BNK436638
PAY-2024-02668,PI-2024-01131,PAYMENT,2024-08-05,EUR,2344.94,2064.29,BACS,BNK834806
PAY-2024-02669,PI-2024-01139,PAYMENT,2024-08-21,EUR,1770.69,1517.69,DD,BNK164759
PAY-2024-02670,PI-2024-01147,PAYMENT,2024-08-19,GBP,8441.87,8441.87,CHEQUE,BNK756823
PAY-2024-02671,PI-2024-01149,PAYMENT,2024-08-16,GBP,5420.88,5420.88,CHEQUE,BNK811083
PAY-2024-02672,PI-2024-01175,PAYMENT,2024-08-29,USD,3263.76,2332.56,BACS,BNK775971
RCP-2024-02673,SI-2024-01438,RECEIPT,2024-08-16,USD,5389.06,3856.92,BACS,BNK188308
RCP-2024-02674,SI-2024-01445,RECEIPT,2024-08-19,EUR,1199.68,1033.86,bacs,BNK309807
RCP-2024-02675,SI-2024-01452,RECEIPT,2024-08-26,USD,25625.96,18249.35,CARD,BNK544155
RCP-2024-02676,SI-2024-01467,RECEIPT,2024-08-08,GBP,15961.48,15961.48,CARD,BNK915776
RCP-2024-02677,SI-2024-01496,RECEIPT,2024-09-06,USD,3995.03,2846.99,BACS,BNK564885
RCP-2024-02678,SI-2024-01500,RECEIPT,2024-08-05,GBP,19066.49,19066.49,CARD,BNK828549
RCP-2024-02679,SI-2024-01506,RECEIPT,2024-09-18,EUR,8494.89,7495.13,CHEQUE,BNK788255
RCP-2024-02680,SI-2024-01510,RECEIPT,2024-09-20,GBP,6849.49,6849.49,CHEQUE,BNK475018
RCP-2024-02681,SI-2024-01514,RECEIPT,2024-09-23,EUR,11800.25,10503.97,CARD,BNK768336
RCP-2024-02682,SI-2024-01530,RECEIPT,2024-09-16,GBP,6552.26,6552.26,CHEQUE,BNK193014
RCP-2024-02683,SI-2024-01536,RECEIPT,2024-09-24,USD,21012.86,15112.3,CARD,BNK513474
RCP-2024-02684,SI-2024-01540,RECEIPT,2024-08-15,EUR,5651.3,4904.94,BACS,BNK177135
RCP-2024-02685,SI-2024-01543,RECEIPT,2024-08-16,GBP,44443.63,44443.63,CARD,BNK110863
RCP-2024-02686,SI-2024-01549,RECEIPT,2024-09-24,EUR,5420.68,4853.39,CARD,BNK181513
RCP-2024-02687,SI-2024-01552,RECEIPT,2024-09-26,GBP,34725.77,34725.77,CHEQUE,BNK444816
RCP-2024-02688,SI-2024-01557,RECEIPT,2024-08-27,GBP,6566.14,6566.14,BACS,BNK422079
RCP-2024-02689,SI-2024-01560,RECEIPT,2024-08-30,GBP,12607.68,12607.68,BACS,BNK884179
RCP-2024-02690,SI-2024-01562,RECEIPT,2024-08-27,GBP,12239.81,12239.81,BACS,BNK610673
RCP-2024-02691,SI-2024-01563,RECEIPT,2024-08-30,GBP,9281.42,9281.42,BACS,BNK360596
RCP-2024-02692,SI-2024-01568,RECEIPT,2024-08-26,GBP,6350.92,6350.92,CHEQUE,BNK900778
RCP-2024-02693,SI-2024-01572,RECEIPT,2024-08-16,EUR,18726.69,16213.89,BACS,BNK748449
RCP-2024-02694,SI-2024-01575,RECEIPT,2024-09-13,GBP,5026.69,5026.69,BACS,BNK791986
RCP-2024-02695,SI-2024-01587,RECEIPT,2024-08-15,EUR,3889.56,3375.87,BACS,BNK786477
RCP-2024-02696,SI-2024-01588,RECEIPT,2024-09-17,GBP,10306.1,10306.1,BACS,BNK148955
RCP-2024-02697,SI-2024-01594,RECEIPT,2024-09-30,GBP,3936.83,3936.83,bacs,BNK990571
RCP-2024-02698,SI-2024-01597,RECEIPT,2024-08-30,EUR,30577.38,26522.61,BACS,BNK131659
RCP-2024-02699,SI-2024-01601,RECEIPT,2024-09-10,GBP,4163.36,4163.36,BACS,BNK806761
RCP-2024-02700,SI-2024-01603,RECEIPT,2024-09-03,GBP,24234.74,24234.74,BACS,BNK555705
RCP-2024-02701,SI-2024-01607,RECEIPT,2024-09-16,GBP,19361.3,19361.3,BACS,BNK706836
RCP-2024-02702,SI-2024-01608,RECEIPT,2024-09-06,GBP,10146.82,10146.82,BACS,BNK832480
RCP-2024-02703,SI-2024-01609,RECEIPT,2024-09-23,GBP,8546.84,8546.84,BACS,BNK654467
RCP-2024-02704,SI-2024-01612,RECEIPT,2024-09-02,GBP,14505.18,14505.18,BACS,BNK275827
RCP-2024-02705,SI-2024-01616,RECEIPT,2024-09-20,GBP,15123.47,15123.47,CHEQUE,BNK820922
RCP-2024-02706,SI-2024-01620,RECEIPT,2024-09-23,GBP,9595.45,9595.45,CARD,BNK357170
RCP-2024-02707,SI-2024-01621,RECEIPT,2024-09-06,GBP,53606.65,53606.65,CHEQUE,BNK709559
RCP-2024-02708,SI-2024-01623,RECEIPT,2024-09-13,USD,10269.47,7353.39,BACS,BNK705353
RCP-2024-02709,SI-2024-01624,RECEIPT,2024-09-17,EUR,54676.7,48292.27,BACS,BNK260314
RCP-2024-02710,SI-2024-01627,RECEIPT,2024-09-23,GBP,13790.47,13790.47,BACS,BNK144608
RCP-2024-02711,SI-2024-01629,RECEIPT,2024-09-20,GBP,16825.06,16825.06,BACS,BNK268844
RCP-2024-02712,SI-2024-01631,RECEIPT,2024-09-24,GBP,17119.06,17119.06,BACS,BNK691968
RCP-2024-02713,SI-2024-01640,RECEIPT,2024-09-27,GBP,22837.2,22837.2,CARD,BNK456800
RCP-2024-02714,SI-2024-01641,RECEIPT,2024-09-06,GBP,17410.32,17410.32,BACS,BNK476184
PAY-2024-02715,PI-2024-01085,PAYMENT,2024-09-16,EUR,10168.22,8899.57,CHEQUE,BNK989916
PAY-2024-02716,PI-2024-01098,PAYMENT,2024-09-13,GBP,707.98,707.98,BACS,BNK165876
PAY-2024-02717,PI-2024-01099,PAYMENT,2024-09-20,GBP,13422.36,13422.36,DD,BNK807131
PAY-2024-02718,PI-2024-01100,PAYMENT,2024-09-06,GBP,580.27,580.27,BACS,BNK868388
PAY-2024-02719,PI-2024-01106,PAYMENT,2024-09-26,EUR,1276.13,1156.73,CHEQUE,BNK766319
PAY-2024-02720,PI-2024-01107,PAYMENT,2024-09-05,GBP,1202.72,1202.72,cheque,BNK318202
PAY-2024-02721,PI-2024-01115,PAYMENT,2024-09-02,EUR,6110.74,5265.62,CHEQUE,BNK733153
PAY-2024-02722,PI-2024-01124,PAYMENT,2024-09-20,GBP,1346.3,1346.3,BACS,BNK331499
PAY-2024-02723,PI-2024-01126,PAYMENT,2024-09-12,GBP,4078.01,4078.01,BACS,BNK605439
PAY-2024-02724,PI-2024-01130,PAYMENT,2024-08-22,GBP,1225.63,1225.63,CHEQUE,BNK109336
PAY-2024-02725,PI-2024-01132,PAYMENT,2024-09-13,EUR,1266.48,1102.36,BACS,BNK537454
PAY-2024-02726,PI-2024-01133,PAYMENT,2024-09-13,EUR,1736.8,1511.74,BACS,BNK312680
PAY-2024-02727,PI-2024-01134,PAYMENT,2024-09-16,EUR,3297.2,2885.82,BACS,BNK929668
PAY-2024-02728,PI-2024-01137,PAYMENT,2024-09-24,GBP,20418.71,20418.71,BACS,BNK222890
PAY-2024-02729,PI-2024-01138,PAYMENT,2024-09-27,GBP,5096.77,5096.77,BACS,BNK774492
PAY-2024-02730,PI-2024-01140,PAYMENT,2024-09-27,GBP,544.76,544.76,BACS,BNK546708
PAY-2024-02731,PI-2024-01141,PAYMENT,2024-09-05,EUR,1848.5,1592.11,CHEQUE,BNK550530
PAY-2024-02732,PI-2024-01142,PAYMENT,2024-08-30,EUR,8817.63,7648.35,DD,BNK165087
PAY-2024-02733,PI-2024-01143,PAYMENT,2024-08-30,EUR,7356.62,6381.08,BACS,BNK789840
PAY-2024-02734,PI-2024-01145,PAYMENT,2024-09-27,GBP,1447.8,1447.8,BACS,BNK567547
PAY-2024-02735,PI-2024-01146,PAYMENT,2024-09-26,GBP,1333.88,1333.88,BACS,BNK260205
PAY-2024-02736,PI-2024-01150,PAYMENT,2024-09-20,EUR,5279.13,4692.75,BACS,BNK518249
PAY-2024-02737,PI-2024-01155,PAYMENT,2024-09-25,GBP,2564.16,2564.16,BACS,BNK344505
PAY-2024-02738,PI-2024-01162,PAYMENT,2024-09-27,GBP,4531.63,4531.63,BACS,BNK465255
PAY-2024-02739,PI-2024-01163,PAYMENT,2024-09-16,GBP,2170.09,2170.09,BACS,BNK199238
PAY-2024-02740,PI-2024-01165,PAYMENT,2024-09-13,EUR,502.57,437.44,BACS,BNK316333
PAY-2024-02741,PI-2024-01166,PAYMENT,2024-09-27,EUR,587.3,535.57,BACS,BNK764899
PAY-2024-02742,PI-2024-01167,PAYMENT,2024-09-11,GBP,12134.4,12134.4,BACS,BNK911059
PAY-2024-02743,PI-2024-01168,PAYMENT,2024-09-06,EUR,924.16,797.57,bacs,BNK757192
PAY-2024-02744,PI-2024-01169,PAYMENT,2024-09-13,GBP,3239.8,3239.8,BACS,BNK590948
PAY-2024-02745,PI-2024-01170,PAYMENT,2024-09-27,GBP,34569.52,34569.52,BACS,BNK730865
PAY-2024-02746,PI-2024-01171,PAYMENT,2024-09-09,GBP,1104.62,1104.62,BACS,BNK290690
PAY-2024-02747,PI-2024-01173,PAYMENT,2024-09-27,EUR,10111.96,9221.35,BACS,BNK395150
PAY-2024-02748,PI-2024-01174,PAYMENT,2024-09-19,EUR,590.98,524.01,BACS,BNK460122
PAY-2024-02749,PI-2024-01189,PAYMENT,2024-09-19,EUR,13653.44,12106.22,BACS,BNK968271
PAY-2024-02750,PI-2024-01199,PAYMENT,2024-09-30,EUR,2433.54,2211.18,BACS,BNK637021
PAY-2024-02751,PI-2024-01204,PAYMENT,2024-09-30,EUR,7095.13,6446.82,CHEQUE,BNK792474
RCP-2024-02752,SI-2024-01495,RECEIPT,2024-09-18,GBP,16728.92,16728.92,BACS,BNK539319
RCP-2024-02753,SI-2024-01501,RECEIPT,2024-09-11,GBP,9379.62,9379.62,CHEQUE,BNK854320
RCP-2024-02754,SI-2024-01511,RECEIPT,2024-07-26,EUR,9247.83,8180.88,BACS,BNK737422
RCP-2024-02755,SI-2024-01519,RECEIPT,2024-10-04,GBP,17810.53,17810.53,CHEQUE,BNK747413
RCP-2024-02756,SI-2024-01537,RECEIPT,2024-09-25,GBP,12474.1,12474.1,CARD,BNK135848
RCP-2024-02757,SI-2024-01541,RECEIPT,2024-09-13,EUR,46551.5,40519.08,BACS,BNK736980
RCP-2024-02758,SI-2024-01548,RECEIPT,2024-09-30,EUR,11194.62,10171.72,CARD,BNK573105
RCP-2024-02759,SI-2024-01553,RECEIPT,2024-09-27,EUR,8423.83,7681.9,BACS,BNK864865
RCP-2024-02760,SI-2024-01561,RECEIPT,2024-08-30,EUR,35797.48,31050.48,BACS,BNK793949
RCP-2024-02761,SI-2024-01579,RECEIPT,2024-09-27,GBP,12073.78,12073.78,BACS,BNK254838
RCP-2024-02762,SI-2024-01580,RECEIPT,2024-10-18,EUR,2782.89,2561.23,CARD,BNK199293
RCP-2024-02763,SI-2024-01581,RECEIPT,2024-10-08,EUR,2511.61,2279.02,CHEQUE,BNK970142
RCP-2024-02764,SI-2024-01583,RECEIPT,2024-08-20,GBP,10693.98,10693.98,BACS,BNK945509
RCP-2024-02765,SI-2024-01585,RECEIPT,2024-10-25,USD,8483.17,6067.94,BACS,BNK912496
RCP-2024-02766,SI-2024-01586,RECEIPT,2024-08-28,GBP,3770.89,3770.89,bacs,BNK136944
RCP-2024-02767,SI-2024-01590,RECEIPT,2024-10-16,GBP,11708.52,11708.52,BACS,BNK217820
RCP-2024-02768,SI-2024-01591,RECEIPT,2024-09-02,EUR,3504.47,3019.8,BACS,BNK107254
RCP-2024-02769,SI-2024-01592,RECEIPT,2024-08-30,GBP,7666.43,7666.43,BACS,BNK904620
RCP-2024-02770,SI-2024-01599,RECEIPT,2024-09-27,EUR,3060.88,2791.29,CHEQUE,BNK483440
RCP-2024-02771,SI-2024-01602,RECEIPT,2024-10-11,EUR,9494.76,8589.8,BACS,BNK208815
RCP-2024-02772,SI-2024-01606,RECEIPT,2024-09-05,GBP,12207.29,12207.29,BACS,BNK116067
RCP-2024-02773,SI-2024-01610,RECEIPT,2024-10-25,GBP,26427.36,26427.36,BACS,BNK488170
RCP-2024-02774,SI-2024-01615,RECEIPT,2024-10-21,GBP,51221.18,51221.18,BACS,BNK977565
RCP-2024-02775,SI-2024-01618,RECEIPT,2024-10-31,EUR,17980.77,16369.8,BACS,BNK693217
RCP-2024-02776,SI-2024-01625,RECEIPT,2024-10-11,USD,21359.96,15399.85,CARD,BNK563481
RCP-2024-02777,SI-2024-01632,RECEIPT,2024-10-08,GBP,19344.01,19344.01,CHEQUE,BNK238962
RCP-2024-02778,SI-2024-01634,RECEIPT,2024-10-17,GBP,9383.39,9383.39,CARD,BNK721072
RCP-2024-02779,SI-2024-01637,RECEIPT,2024-10-15,EUR,3441.96,3138.37,BACS,BNK529131
RCP-2024-02780,SI-2024-01638,RECEIPT,2024-10-25,USD,4774.32,3415.03,CARD,BNK558732
RCP-2024-02781,SI-2024-01647,RECEIPT,2024-10-25,GBP,5444.58,5444.58,CHEQUE,BNK585743
RCP-2024-02782,SI-2024-01650,RECEIPT,2024-10-18,USD,3256.65,2341.32,BACS,BNK167237
RCP-2024-02783,SI-2024-01651,RECEIPT,2024-10-09,GBP,5641.18,5641.18,CHEQUE,BNK371659
RCP-2024-02784,SI-2024-01654,RECEIPT,2024-10-11,GBP,4162.69,4162.69,BACS,BNK472100
RCP-2024-02785,SI-2024-01667,RECEIPT,2024-10-15,GBP,21054.32,21054.32,BACS,BNK662434
RCP-2024-02786,SI-2024-01670,RECEIPT,2024-10-03,EUR,2022.88,1834.29,BACS,BNK406151
RCP-2024-02787,SI-2024-01673,RECEIPT,2024-10-17,EUR,18798.11,17213.62,BACS,BNK858966
RCP-2024-02788,SI-2024-01674,RECEIPT,2024-09-30,GBP,13877.77,13877.77,CHEQUE,BNK175793
RCP-2024-02789,SI-2024-01676,RECEIPT,2024-10-22,GBP,10359.56,10359.56,cheque,BNK856861
RCP-2024-02790,SI-2024-01678,RECEIPT,2024-10-23,USD,12669.3,9086.65,CARD,BNK855779
RCP-2024-02791,SI-2024-01680,RECEIPT,2024-10-04,GBP,8255.54,8255.54,CARD,BNK205319
RCP-2024-02792,SI-2024-01682,RECEIPT,2024-10-29,EUR,2739.54,2495.21,CHEQUE,BNK112811
RCP-2024-02793,SI-2024-01685,RECEIPT,2024-10-01,GBP,22700.52,22700.52,BACS,BNK800590
RCP-2024-02794,SI-2024-01687,RECEIPT,2024-10-10,EUR,4521.62,4104.47,CARD,BNK571091
RCP-2024-02795,SI-2024-01688,RECEIPT,2024-10-11,GBP,12113.54,12113.54,BACS,BNK386285
RCP-2024-02796,SI-2024-01691,RECEIPT,2024-10-25,EUR,16358.51,14958.22,BACS,BNK189897
RCP-2024-02797,SI-2024-01694,RECEIPT,2024-10-22,GBP,5836.45,5836.45,CHEQUE,BNK856772
RCP-2024-02798,SI-2024-01699,RECEIPT,2024-10-04,EUR,9094.83,8228.16,CHEQUE,BNK254759
RCP-2024-02799,SI-2024-01742,RECEIPT,2024-10-29,EUR,5825.45,5305.91,CARD,BNK476909
PAY-2024-02800,PI-2024-01103,PAYMENT,2024-09-20,GBP,2960.65,2960.65,BACS,BNK428557
PAY-2024-02801,PI-2024-01104,PAYMENT,2024-10-04,GBP,1318.34,1318.34,DD,BNK186842
PAY-2024-02802,PI-2024-01114,PAYMENT,2024-10-04,EUR,5789.25,5237.57,BACS,BNK519213
PAY-2024-02803,PI-2024-01118,PAYMENT,2024-09-27,EUR,3344.09,3049.56,DD,BNK354642
PAY-2024-02804,PI-2024-01123,PAYMENT,2024-08-26,GBP,15194.47,15194.47,BACS,BNK242169
PAY-2024-02805,PI-2024-01135,PAYMENT,2024-10-11,GBP,610.21,610.21,CHEQUE,BNK310870
PAY-2024-02806,PI-2024-01136,PAYMENT,2024-10-01,GBP,898.09,898.09,BACS,BNK329132
PAY-2024-02807,PI-2024-01144,PAYMENT,2024-09-19,EUR,4120.78,3653.81,BACS,BNK942398
PAY-2024-02808,PI-2024-01151,PAYMENT,2024-10-15,GBP,3568.16,3568.16,DD,BNK528836
PAY-2024-02809,PI-2024-01152,PAYMENT,2024-10-18,EUR,1424.72,1311.24,DD,BNK430818
PAY-2024-02810,PI-2024-01153,PAYMENT,2024-10-25,EUR,1524.46,1393.97,BACS,BNK927532
PAY-2024-02811,PI-2024-01154,PAYMENT,2024-09-27,GBP,18525.97,18525.97,BACS,BNK978612
PAY-2024-02812,PI-2024-01156,PAYMENT,2024-09-24,EUR,8990.16,8049.31,cheque,BNK157380
PAY-2024-02813,PI-2024-01157,PAYMENT,2024-09-20,GBP,1535.24,1535.24,BACS,BNK121199
PAY-2024-02814,PI-2024-01158,PAYMENT,2024-10-02,EUR,18713.79,16931.86,BACS,BNK931672
PAY-2024-02815,PI-2024-01159,PAYMENT,2024-10-04,USD,698.27,501.69,BACS,BNK572368
PAY-2024-02816,PI-2024-01160,PAYMENT,2024-10-25,GBP,5332.72,5332.72,DD,BNK336843
PAY-2024-02817,PI-2024-01161,PAYMENT,2024-10-10,GBP,1308.29,1308.29,CHEQUE,BNK545288
PAY-2024-02818,PI-2024-01164,PAYMENT,2024-10-11,GBP,2163.91,2163.91,CHEQUE,BNK241027
PAY-2024-02819,PI-2024-01176,PAYMENT,2024-10-24,GBP,10133.86,10133.86,BACS,BNK401528
PAY-2024-02820,PI-2024-01179,PAYMENT,2024-10-21,GBP,6293.36,6293.36,BACS,BNK951695
PAY-2024-02821,PI-2024-01180,PAYMENT,2024-09-27,USD,1475.89,1065.56,DD,BNK428224
PAY-2024-02822,PI-2024-01182,PAYMENT,2024-10-10,GBP,30359.18,30359.18,BACS,BNK515594
PAY-2024-02823,PI-2024-01183,PAYMENT,2024-10-04,GBP,572.71,572.71,BACS,BNK351844
PAY-2024-02824,PI-2024-01184,PAYMENT,2024-10-10,EUR,1385.73,1257.89,BACS,BNK965087
PAY-2024-02825,PI-2024-01185,PAYMENT,2024-10-09,GBP,5844.59,5844.59,BACS,BNK783508
PAY-2024-02826,PI-2024-01186,PAYMENT,2024-10-15,GBP,3017.09,3017.09,CHEQUE,BNK916098
PAY-2024-02827,PI-2024-01187,PAYMENT,2024-10-15,GBP,3297.37,3297.37,BACS,BNK304051
PAY-2024-02828,PI-2024-01188,PAYMENT,2024-10-23,GBP,13340.58,13340.58,CHEQUE,BNK919828
PAY-2024-02829,PI-2024-01190,PAYMENT,2024-10-11,GBP,17581.74,17581.74,BACS,BNK569109
PAY-2024-02830,PI-2024-01193,PAYMENT,2024-10-30,GBP,3709.55,3709.55,BACS,BNK590946
PAY-2024-02831,PI-2024-01194,PAYMENT,2024-10-14,EUR,2012.08,1828.73,DD,BNK198866
PAY-2024-02832,PI-2024-01195,PAYMENT,2024-10-11,EUR,473.57,428.43,BACS,BNK688941
PAY-2024-02833,PI-2024-01198,PAYMENT,2024-09-27,GBP,329.45,329.45,BACS,BNK743270
PAY-2024-02834,PI-2024-01200,PAYMENT,2024-10-25,EUR,1236.91,1131.03,CHEQUE,BNK292516
PAY-2024-02835,PI-2024-01202,PAYMENT,2024-10-11,USD,897.5,647.07,bacs,BNK777597
PAY-2024-02836,PI-2024-01203,PAYMENT,2024-10-11,GBP,1647.47,1647.47,BACS,BNK214569
PAY-2024-02837,PI-2024-01208,PAYMENT,2024-10-11,GBP,6978.71,6978.71,BACS,BNK112180
PAY-2024-02838,PI-2024-01209,PAYMENT,2024-10-11,GBP,41971.94,41971.94,DD,BNK517890
PAY-2024-02839,PI-2024-01210,PAYMENT,2024-10-11,EUR,16079.98,14547.38,DD,BNK966045
PAY-2024-02840,PI-2024-01212,PAYMENT,2024-10-21,EUR,743.51,681.77,DD,BNK442853
PAY-2024-02841,PI-2024-01213,PAYMENT,2024-10-25,GBP,4753.96,4753.96,CHEQUE,BNK365880
PAY-2024-02842,PI-2024-01240,PAYMENT,2024-10-23,EUR,3045.85,2802.46,BACS,BNK715979
PAY-2024-02843,PI-2024-01254,PAYMENT,2024-10-18,EUR,1063.16,978.48,DD,BNK758840
RCP-2024-02844,SI-2024-01559,RECEIPT,2024-10-07,GBP,7041.66,7041.66,BACS,BNK682607
RCP-2024-02845,SI-2024-01598,RECEIPT,2024-10-16,EUR,11364.52,10386.97,CARD,BNK562745
RCP-2024-02846,SI-2024-01600,RECEIPT,2024-11-05,GBP,50638.66,50638.66,CHEQUE,BNK770626
RCP-2024-02847,SI-2024-01604,RECEIPT,2024-10-17,GBP,4125.84,4125.84,CHEQUE,BNK908662
RCP-2024-02848,SI-2024-01605,RECEIPT,2024-10-18,EUR,4527.85,4167.21,BACS,BNK763867
RCP-2024-02849,SI-2024-01611,RECEIPT,2024-11-25,USD,10794.14,7767.58,CHEQUE,BNK320944
RCP-2024-02850,SI-2024-01614,RECEIPT,2024-11-22,EUR,34879.33,31954.28,BACS,BNK993951
RCP-2024-02851,SI-2024-01617,RECEIPT,2024-11-20,EUR,8834.35,8133.78,BACS,BNK587838
RCP-2024-02852,SI-2024-01619,RECEIPT,2024-10-01,GBP,34757.36,34757.36,CARD,BNK521622
RCP-2024-02853,SI-2024-01626,RECEIPT,2024-10-04,GBP,2917.87,2917.87,CARD,BNK214663
RCP-2024-02854,SI-2024-01635,RECEIPT,2024-10-02,EUR,6208.62,5617.44,CARD,BNK398108
RCP-2024-02855,SI-2024-01636,RECEIPT,2024-11-22,GBP,24928.0,24928.0,BACS,BNK958945
RCP-2024-02856,SI-2024-01639,RECEIPT,2024-11-20,USD,6685.32,4789.7,BACS,BNK113326
RCP-2024-02857,SI-2024-01642,RECEIPT,2024-11-04,GBP,13874.21,13874.21,BACS,BNK503347
RCP-2024-02858,SI-2024-01643,RECEIPT,2024-10-29,GBP,10829.03,10829.03,bacs,BNK421932
RCP-2024-02859,SI-2024-01644,RECEIPT,2024-11-07,GBP,6353.16,6353.16,CARD,BNK195376
RCP-2024-02860,SI-2024-01646,RECEIPT,2024-11-25,GBP,13229.75,13229.75,BACS,BNK586443
RCP-2024-02861,SI-2024-01648,RECEIPT,2024-11-19,GBP,28469.18,28469.18,BACS,BNK500510
RCP-2024-02862,SI-2024-01649,RECEIPT,2024-10-24,EUR,23336.16,21372.89,BACS,BNK843054
RCP-2024-02863,SI-2024-01652,RECEIPT,2024-10-11,EUR,15255.68,13801.65,BACS,BNK723369
RCP-2024-02864,SI-2024-01653,RECEIPT,2024-11-08,GBP,16744.82,16744.82,CHEQUE,BNK463665
RCP-2024-02865,SI-2024-01655,RECEIPT,2024-11-27,EUR,7531.09,6860.3,BACS,BNK765429
RCP-2024-02866,SI-2024-01656,RECEIPT,2024-11-13,EUR,4026.88,3748.79,BACS,BNK665585
RCP-2024-02867,SI-2024-01659,RECEIPT,2024-11-26,EUR,13070.59,11960.91,BACS,BNK656257
RCP-2024-02868,SI-2024-01662,RECEIPT,2024-11-27,EUR,6496.63,5917.98,CARD,BNK230385
RCP-2024-02869,SI-2024-01663,RECEIPT,2024-10-29,EUR,7229.55,6584.78,CARD,BNK784321
RCP-2024-02870,SI-2024-01664,RECEIPT,2024-10-18,GBP,1389.94,1389.94,BACS,BNK625597
RCP-2024-02871,SI-2024-01665,RECEIPT,2024-10-04,GBP,5409.65,5409.65,CARD,BNK872297
RCP-2024-02872,SI-2024-01666,RECEIPT,2024-11-11,EUR,7819.7,7275.25,BACS,BNK291568
RCP-2024-02873,SI-2024-01669,RECEIPT,2024-11-29,GBP,8258.95,8258.95,BACS,BNK149468
RCP-2024-02874,SI-2024-01671,RECEIPT,2024-11-13,GBP,50691.79,50691.79,BACS,BNK443315
RCP-2024-02875,SI-2024-01672,RECEIPT,2024-11-14,EUR,2971.88,2747.55,CARD,BNK178574
RCP-2024-02876,SI-2024-01677,RECEIPT,2024-11-22,EUR,9734.15,8917.82,CARD,BNK305551
RCP-2024-02877,SI-2024-01679,RECEIPT,2024-10-22,GBP,23080.98,23080.98,BACS,BNK566038
RCP-2024-02878,SI-2024-01681,RECEIPT,2024-11-08,EUR,3563.02,3291.82,CARD,BNK862911
RCP-2024-02879,SI-2024-01683,RECEIPT,2024-11-27,GBP,7691.05,7691.05,BACS,BNK738029
RCP-2024-02880,SI-2024-01686,RECEIPT,2024-11-08,GBP,4403.82,4403.82,CARD,BNK629880
RCP-2024-02881,SI-2024-01690,RECEIPT,2024-11-12,GBP,21086.6,21086.6,bacs,BNK575505
RCP-2024-02882,SI-2024-01692,RECEIPT,2024-10-09,EUR,8935.95,8092.48,CARD,BNK356812
RCP-2024-02883,SI-2024-01696,RECEIPT,2024-11-06,GBP,15763.78,15763.78,BACS,BNK416688
RCP-2024-02884,SI-2024-01698,RECEIPT,2024-11-22,EUR,12852.64,11774.79,BACS,BNK610659
RCP-2024-02885,SI-2024-01700,RECEIPT,2024-11-11,GBP,3578.96,3578.96,BACS,BNK413031
RCP-2024-02886,SI-2024-01703,RECEIPT,2024-11-22,EUR,2691.63,2465.9,BACS,BNK738743
RCP-2024-02887,SI-2024-01705,RECEIPT,2024-11-15,GBP,4863.02,4863.02,CARD,BNK788683
RCP-2024-02888,SI-2024-01706,RECEIPT,2024-11-08,GBP,5443.74,5443.74,CARD,BNK663130
RCP-2024-02889,SI-2024-01707,RECEIPT,2024-11-06,GBP,17268.42,17268.42,CARD,BNK370246
RCP-2024-02890,SI-2024-01708,RECEIPT,2024-10-31,USD,112457.57,79956.77,BACS,BNK948079
RCP-2024-02891,SI-2024-01709,RECEIPT,2024-11-12,GBP,32875.07,32875.07,CHEQUE,BNK825183
RCP-2024-02892,SI-2024-01712,RECEIPT,2024-11-27,GBP,12042.71,12042.71,CHEQUE,BNK247814
RCP-2024-02893,SI-2024-01713,RECEIPT,2024-11-05,GBP,28908.77,28908.77,BACS,BNK211175
RCP-2024-02894,SI-2024-01714,RECEIPT,2024-11-22,GBP,5607.11,5607.11,CARD,BNK532186
RCP-2024-02895,SI-2024-01719,RECEIPT,2024-11-18,GBP,22438.39,22438.39,CHEQUE,BNK530711
RCP-2024-02896,SI-2024-01721,RECEIPT,2024-11-29,GBP,20563.43,20563.43,CARD,BNK681537
RCP-2024-02897,SI-2024-01724,RECEIPT,2024-11-15,GBP,5530.34,5530.34,BACS,BNK926705
RCP-2024-02898,SI-2024-01727,RECEIPT,2024-11-25,GBP,16751.53,16751.53,BACS,BNK794815
RCP-2024-02899,SI-2024-01731,RECEIPT,2024-11-15,EUR,10756.62,9929.52,BACS,BNK574078
RCP-2024-02900,SI-2024-01734,RECEIPT,2024-11-18,GBP,9964.0,9964.0,CARD,BNK621000
RCP-2024-02901,SI-2024-01735,RECEIPT,2024-11-05,EUR,18310.88,16841.01,CHEQUE,BNK471047
RCP-2024-02902,SI-2024-01736,RECEIPT,2024-11-22,GBP,3734.03,3734.03,BACS,BNK532608
RCP-2024-02903,SI-2024-01738,RECEIPT,2024-11-28,GBP,11065.87,11065.87,BACS,BNK210808
RCP-2024-02904,SI-2024-01739,RECEIPT,2024-11-22,GBP,14836.64,14836.64,card,BNK866252
RCP-2024-02905,SI-2024-01740,RECEIPT,2024-11-15,EUR,27801.64,25663.92,BACS,BNK288990
RCP-2024-02906,SI-2024-01741,RECEIPT,2024-10-31,GBP,9818.57,9818.57,BACS,BNK379301
RCP-2024-02907,SI-2024-01744,RECEIPT,2024-11-01,GBP,8834.95,8834.95,BACS,BNK227395
RCP-2024-02908,SI-2024-01747,RECEIPT,2024-11-22,GBP,4887.19,4887.19,BACS,BNK895376
RCP-2024-02909,SI-2024-01748,RECEIPT,2024-11-08,USD,5373.32,3832.75,BACS,BNK198897
RCP-2024-02910,SI-2024-01750,RECEIPT,2024-11-28,GBP,10536.56,10536.56,BACS,BNK445583
RCP-2024-02911,SI-2024-01751,RECEIPT,2024-11-15,GBP,17569.46,17569.46,BACS,BNK766369
RCP-2024-02912,SI-2024-01752,RECEIPT,2024-11-25,GBP,4162.9,4162.9,BACS,BNK727265
RCP-2024-02913,SI-2024-01753,RECEIPT,2024-10-22,EUR,20154.86,18466.57,CARD,BNK716026
RCP-2024-02914,SI-2024-01755,RECEIPT,2024-11-12,EUR,9409.52,8759.38,CHEQUE,BNK750940
RCP-2024-02915,SI-2024-01759,RECEIPT,2024-11-26,GBP,14784.48,14784.48,CARD,BNK590964
PAY-2024-02916,PI-2024-01148,PAYMENT,2024-10-25,EUR,837.99,766.26,BACS,BNK485846
PAY-2024-02917,PI-2024-01172,PAYMENT,2024-11-14,EUR,1414.8,1308.01,BACS,BNK130023
PAY-2024-02918,PI-2024-01178,PAYMENT,2024-10-29,GBP,5630.15,5630.15,BACS,BNK706691
PAY-2024-02919,PI-2024-01181,PAYMENT,2024-11-12,GBP,24419.38,24419.38,CHEQUE,BNK427762
PAY-2024-02920,PI-2024-01191,PAYMENT,2024-11-22,GBP,6840.47,6840.47,DD,BNK566164
PAY-2024-02921,PI-2024-01192,PAYMENT,2024-10-18,EUR,11255.53,10359.03,DD,BNK854854
PAY-2024-02922,PI-2024-01196,PAYMENT,2024-11-22,EUR,1407.78,1289.72,DD,BNK567733
PAY-2024-02923,PI-2024-01197,PAYMENT,2024-11-01,EUR,5125.33,4653.42,DD,BNK594448
PAY-2024-02924,PI-2024-01201,PAYMENT,2024-11-13,GBP,1062.16,1062.16,BACS,BNK460700
PAY-2024-02925,PI-2024-01205,PAYMENT,2024-11-01,GBP,5118.28,5118.28,BACS,BNK582522
PAY-2024-02926,PI-2024-01207,PAYMENT,2024-10-25,USD,11269.67,8061.09,BACS,BNK956435
PAY-2024-02927,PI-2024-01211,PAYMENT,2024-10-23,GBP,1336.43,1336.43,cheque,BNK680114
PAY-2024-02928,PI-2024-01216,PAYMENT,2024-11-25,GBP,8411.66,8411.66,BACS,BNK965425
PAY-2024-02929,PI-2024-01217,PAYMENT,2024-11-14,GBP,1885.5,1885.5,BACS,BNK626744
PAY-2024-02930,PI-2024-01219,PAYMENT,2024-11-08,GBP,1894.88,1894.88,BACS,BNK515159
PAY-2024-02931,PI-2024-01220,PAYMENT,2024-11-22,USD,30020.6,21590.03,BACS,BNK522539
PAY-2024-02932,PI-2024-01223,PAYMENT,2024-11-29,GBP,3601.56,3601.56,BACS,BNK713391
PAY-2024-02933,PI-2024-01227,PAYMENT,2024-11-19,GBP,5024.22,5024.22,BACS,BNK648542
PAY-2024-02934,PI-2024-01228,PAYMENT,2024-11-29,GBP,29405.64,29405.64,BACS,BNK572112
PAY-2024-02935,PI-2024-01229,PAYMENT,2024-11-22,GBP,932.95,932.95,DD,BNK213784
PAY-2024-02936,PI-2024-01231,PAYMENT,2024-11-27,GBP,5090.04,5090.04,BACS,BNK777990
PAY-2024-02937,PI-2024-01232,PAYMENT,2024-11-13,USD,26570.87,18859.79,BACS,BNK185507
PAY-2024-02938,PI-2024-01233,PAYMENT,2024-11-13,EUR,1148.06,1068.78,BACS,BNK641899
PAY-2024-02939,PI-2024-01234,PAYMENT,2024-10-25,EUR,428.37,391.7,BACS,BNK573810
PAY-2024-02940,PI-2024-01236,PAYMENT,2024-11-15,GBP,2320.03,2320.03,BACS,BNK230354
PAY-2024-02941,PI-2024-01237,PAYMENT,2024-11-22,USD,2750.87,1978.35,CHEQUE,BNK979992
PAY-2024-02942,PI-2024-01238,PAYMENT,2024-11-01,GBP,1054.82,1054.82,DD,BNK166352
PAY-2024-02943,PI-2024-01239,PAYMENT,2024-11-18,USD,412.81,294.08,BACS,BNK261865
PAY-2024-02944,PI-2024-01243,PAYMENT,2024-11-29,USD,632.64,454.16,CHEQUE,BNK171213
PAY-2024-02945,PI-2024-01248,PAYMENT,2024-11-22,GBP,36765.13,36765.13,BACS,BNK258326
PAY-2024-02946,PI-2024-01249,PAYMENT,2024-11-04,EUR,4562.76,4152.81,DD,BNK596289
PAY-2024-02947,PI-2024-01251,PAYMENT,2024-11-08,EUR,1496.7,1382.78,BACS,BNK383379
PAY-2024-02948,PI-2024-01265,PAYMENT,2024-11-26,EUR,684.15,626.07,BACS,BNK229556
PAY-2024-02949,PI-2024-01280,PAYMENT,2024-11-22,EUR,73681.91,67502.8,CHEQUE,BNK541426
RCP-2024-02950,SI-2024-01613,RECEIPT,2024-12-03,USD,4926.71,3522.67,bacs,BNK540763
RCP-2024-02951,SI-2024-01622,RECEIPT,2024-11-15,GBP,11943.2,11943.2,CARD,BNK110814
RCP-2024-02952,SI-2024-01628,RECEIPT,2024-10-28,GBP,11892.11,11892.11,BACS,BNK946109
RCP-2024-02953,SI-2024-01633,RECEIPT,2024-11-25,GBP,22008.56,22008.56,CHEQUE,BNK732884
RCP-2024-02954,SI-2024-01645,RECEIPT,2024-11-04,EUR,9051.07,8237.86,CHEQUE,BNK854010
RCP-2024-02955,SI-2024-01658,RECEIPT,2024-12-11,EUR,780.93,710.51,BACS,BNK921697
RCP-2024-02956,SI-2024-01660,RECEIPT,2024-11-15,EUR,26306.22,24283.48,BACS,BNK247258
RCP-2024-02957,SI-2024-01661,RECEIPT,2024-12-11,EUR,6846.44,6229.1,BACS,BNK764168
RCP-2024-02958,SI-2024-01675,RECEIPT,2024-12-26,GBP,8542.14,8542.14,CARD,BNK967485
RCP-2024-02959,SI-2024-01684,RECEIPT,2024-11-28,GBP,5285.44,5285.44,BACS,BNK944273
RCP-2024-02960,SI-2024-01689,RECEIPT,2024-12-06,EUR,7428.54,6748.4,BACS,BNK120052
RCP-2024-02961,SI-2024-01695,RECEIPT,2024-12-13,EUR,6245.25,5681.82,CHEQUE,BNK158473
RCP-2024-02962,SI-2024-01704,RECEIPT,2024-12-27,EUR,8732.07,7959.98,CARD,BNK318121
RCP-2024-02963,SI-2024-01711,RECEIPT,2024-12-13,GBP,8338.62,8338.62,CARD,BNK846288
RCP-2024-02964,SI-2024-01715,RECEIPT,2024-11-25,USD,9081.75,6535.33,BACS,BNK999309
RCP-2024-02965,SI-2024-01716,RECEIPT,2024-11-07,EUR,10917.46,10097.67,BACS,BNK583811
RCP-2024-02966,SI-2024-01720,RECEIPT,2024-12-03,GBP,4647.08,4647.08,CARD,BNK704814
RCP-2024-02967,SI-2024-01722,RECEIPT,2024-12-02,EUR,8407.5,7681.31,CARD,BNK679405
RCP-2024-02968,SI-2024-01725,RECEIPT,2024-12-11,EUR,23013.28,20938.2,CHEQUE,BNK473893
RCP-2024-02969,SI-2024-01726,RECEIPT,2024-12-27,GBP,24513.91,24513.91,BACS,BNK796257
RCP-2024-02970,SI-2024-01728,RECEIPT,2024-11-20,GBP,23162.81,23162.81,BACS,BNK108815
RCP-2024-02971,SI-2024-01729,RECEIPT,2024-11-22,GBP,15396.35,15396.35,CARD,BNK880431
RCP-2024-02972,SI-2024-01733,RECEIPT,2024-12-16,GBP,8255.89,8255.89,CARD,BNK688953
RCP-2024-02973,SI-2024-01745,RECEIPT,2024-12-27,GBP,7979.21,7979.21,bacs,BNK972782
RCP-2024-02974,SI-2024-01746,RECEIPT,2024-12-13,GBP,18872.83,18872.83,BACS,BNK537653
RCP-2024-02975,SI-2024-01754,RECEIPT,2024-12-04,EUR,3661.08,3359.41,BACS,BNK969701
RCP-2024-02976,SI-2024-01757,RECEIPT,2024-12-27,GBP,20262.94,20262.94,CARD,BNK608620
RCP-2024-02977,SI-2024-01761,RECEIPT,2024-12-06,GBP,9389.8,9389.8,CARD,BNK425499
RCP-2024-02978,SI-2024-01763,RECEIPT,2024-12-12,GBP,26566.37,26566.37,BACS,BNK206156
RCP-2024-02979,SI-2024-01766,RECEIPT,2024-12-11,GBP,3447.76,3447.76,CHEQUE,BNK630095
RCP-2024-02980,SI-2024-01768,RECEIPT,2024-12-11,GBP,6347.17,6347.17,BACS,BNK818217
RCP-2024-02981,SI-2024-01774,RECEIPT,2024-12-20,GBP,25039.98,25039.98,BACS,BNK563319
RCP-2024-02982,SI-2024-01775,RECEIPT,2024-12-12,GBP,5134.54,5134.54,CHEQUE,BNK974729
RCP-2024-02983,SI-2024-01777,RECEIPT,2024-12-20,EUR,8467.74,7764.99,BACS,BNK160349
RCP-2024-02984,SI-2024-01779,RECEIPT,2024-12-16,EUR,5098.28,4608.66,BACS,BNK792236
RCP-2024-02985,SI-2024-01783,RECEIPT,2024-12-13,GBP,10233.37,10233.37,CARD,BNK876273
RCP-2024-02986,SI-2024-01784,RECEIPT,2024-12-05,EUR,5759.24,5276.81,CHEQUE,BNK850285
RCP-2024-02987,SI-2024-01788,RECEIPT,2024-12-13,GBP,6616.78,6616.78,CARD,BNK571520
RCP-2024-02988,SI-2024-01794,RECEIPT,2024-12-26,EUR,24215.35,22074.11,BACS,BNK150473
RCP-2024-02989,SI-2024-01800,RECEIPT,2024-12-27,USD,3398.67,2356.11,CARD,BNK943220
RCP-2024-02990,SI-2024-01801,RECEIPT,2024-12-20,EUR,4149.32,3804.96,BACS,BNK272643
RCP-2024-02991,SI-2024-01804,RECEIPT,2024-11-28,GBP,11104.99,11104.99,BACS,BNK401266
RCP-2024-02992,SI-2024-01805,RECEIPT,2024-12-06,EUR,12780.81,11610.62,BACS,BNK444228
RCP-2024-02993,SI-2024-01806,RECEIPT,2024-12-26,EUR,8235.14,7506.95,CARD,BNK344515
RCP-2024-02994,SI-2024-01809,RECEIPT,2024-12-16,GBP,12015.86,12015.86,CARD,BNK763737
RCP-2024-02995,SI-2024-01810,RECEIPT,2024-12-23,GBP,15778.54,15778.54,BACS,BNK641064
RCP-2024-02996,SI-2024-01811,RECEIPT,2024-12-18,GBP,2893.44,2893.44,card,BNK900645
RCP-2024-02997,SI-2024-01815,RECEIPT,2024-12-06,EUR,11726.39,10652.75,BACS,BNK893030
RCP-2024-02998,SI-2024-01817,RECEIPT,2024-12-13,GBP,46579.61,46579.61,BACS,BNK547396
RCP-2024-02999,SI-2024-01823,RECEIPT,2024-12-18,GBP,11632.72,11632.72,CARD,BNK884110
RCP-2024-03000,SI-2024-01824,RECEIPT,2024-12-19,GBP,11779.0,11779.0,BACS,BNK856023
RCP-2024-03001,SI-2024-01825,RECEIPT,2024-12-16,GBP,3762.31,3762.31,CHEQUE,BNK551245
RCP-2024-03002,SI-2024-01862,RECEIPT,2024-12-30,GBP,10255.79,10255.79,CARD,BNK426923
PAY-2024-03003,PI-2024-01177,PAYMENT,2024-11-14,EUR,2837.89,2623.68,BACS,BNK450911
PAY-2024-03004,PI-2024-01206,PAYMENT,2024-11-15,EUR,4803.09,4433.77,BACS,BNK770323
PAY-2024-03005,PI-2024-01214,PAYMENT,2024-11-26,GBP,35690.27,35690.27,BACS,BNK288019
PAY-2024-03006,PI-2024-01215,PAYMENT,2024-11-29,EUR,529.07,483.1,BACS,BNK493016
PAY-2024-03007,PI-2024-01221,PAYMENT,2024-12-20,EUR,9901.93,9080.16,CHEQUE,BNK271225
PAY-2024-03008,PI-2024-01222,PAYMENT,2024-11-29,GBP,8630.63,8630.63,BACS,BNK412775
PAY-2024-03009,PI-2024-01224,PAYMENT,2024-12-13,EUR,9365.52,8520.59,DD,BNK222932
PAY-2024-03010,PI-2024-01225,PAYMENT,2024-12-17,GBP,1902.8,1902.8,DD,BNK919837
PAY-2024-03011,PI-2024-01226,PAYMENT,2024-12-09,EUR,3329.99,3001.53,BACS,BNK956572
PAY-2024-03012,PI-2024-01230,PAYMENT,2024-11-29,EUR,1976.05,1804.35,DD,BNK913318
PAY-2024-03013,PI-2024-01235,PAYMENT,2024-12-24,EUR,935.16,853.21,CHEQUE,BNK852955
PAY-2024-03014,PI-2024-01241,PAYMENT,2024-11-28,GBP,6893.14,6893.14,BACS,BNK265529
PAY-2024-03015,PI-2024-01242,PAYMENT,2024-12-06,EUR,5356.73,4866.28,BACS,BNK358233
PAY-2024-03016,PI-2024-01244,PAYMENT,2024-11-29,GBP,1738.55,1738.55,DD,BNK288266
PAY-2024-03017,PI-2024-01245,PAYMENT,2024-12-04,USD,81720.76,58206.27,DD,BNK649719
PAY-2024-03018,PI-2024-01246,PAYMENT,2024-11-22,GBP,9114.0,9114.0,BACS,BNK645644
PAY-2024-03019,PI-2024-01247,PAYMENT,2024-12-10,GBP,21274.96,21274.96,bacs,BNK334187
PAY-2024-03020,PI-2024-01250,PAYMENT,2024-12-30,GBP,134.77,134.77,BACS,BNK963106
PAY-2024-03021,PI-2024-01252,PAYMENT,2024-11-20,GBP,1958.82,1958.82,BACS,BNK362878
PAY-2024-03022,PI-2024-01253,PAYMENT,2024-11-26,GBP,4614.44,4614.44,BACS,BNK508808
PAY-2024-03023,PI-2024-01255,PAYMENT,2024-12-13,GBP,1366.74,1366.74,BACS,BNK539472
PAY-2024-03024,PI-2024-01258,PAYMENT,2024-12-25,GBP,7905.11,7905.11,DD,BNK402355
PAY-2024-03025,PI-2024-01259,PAYMENT,2024-12-17,EUR,2116.64,1908.64,CHEQUE,BNK907625
PAY-2024-03026,PI-2024-01261,PAYMENT,2024-12-19,USD,1583.46,1107.38,DD,BNK592523
PAY-2024-03027,PI-2024-01262,PAYMENT,2024-12-27,GBP,5310.24,5310.24,BACS,BNK338398
PAY-2024-03028,PI-2024-01263,PAYMENT,2024-12-06,GBP,1962.14,1962.14,BACS,BNK950462
PAY-2024-03029,PI-2024-01266,PAYMENT,2024-12-20,GBP,7985.89,7985.89,BACS,BNK173364
PAY-2024-03030,PI-2024-01267,PAYMENT,2024-12-19,GBP,3612.95,3612.95,CHEQUE,BNK236341
PAY-2024-03031,PI-2024-01268,PAYMENT,2024-12-11,GBP,14695.99,14695.99,BACS,BNK362269
PAY-2024-03032,PI-2024-01271,PAYMENT,2024-12-09,GBP,3334.88,3334.88,BACS,BNK626784
PAY-2024-03033,PI-2024-01273,PAYMENT,2024-12-20,GBP,3055.48,3055.48,DD,BNK229051
PAY-2024-03034,PI-2024-01275,PAYMENT,2024-12-18,GBP,680.88,680.88,BACS,BNK191703
PAY-2024-03035,PI-2024-01276,PAYMENT,2024-12-12,GBP,1220.51,1220.51,BACS,BNK378982
PAY-2024-03036,PI-2024-01277,PAYMENT,2024-12-27,USD,10979.99,7611.82,BACS,BNK379212
PAY-2024-03037,PI-2024-01278,PAYMENT,2024-12-27,GBP,2688.52,2688.52,DD,BNK834908
PAY-2024-03038,PI-2024-01281,PAYMENT,2024-12-17,GBP,1209.92,1209.92,CHEQUE,BNK552815
PAY-2024-03039,PI-2024-01282,PAYMENT,2024-12-05,GBP,4602.85,4602.85,CHEQUE,BNK959179
PAY-2024-03040,PI-2024-01283,PAYMENT,2024-11-29,EUR,2364.04,2158.62,DD,BNK178799
PAY-2024-03041,PI-2024-01285,PAYMENT,2024-12-09,GBP,975.12,975.12,CHEQUE,BNK942932
PAY-2024-03042,PI-2024-01286,PAYMENT,2024-12-11,GBP,1420.85,1420.85,dd,BNK606338
PAY-2024-03043,PI-2024-01289,PAYMENT,2024-12-23,EUR,32677.26,29700.62,CHEQUE,BNK863750
PAY-2024-03044,PI-2024-01292,PAYMENT,2024-12-02,EUR,1904.78,1740.26,BACS,BNK359517
PAY-2024-03045,PI-2024-01293,PAYMENT,2024-12-06,USD,1490.94,1057.46,CHEQUE,BNK165184
PAY-2024-03046,PI-2024-01314,PAYMENT,2024-12-27,EUR,1040.01,948.05,DD,BNK998333
PAY-2024-03047,PI-2024-01323,PAYMENT,2024-12-27,EUR,1048.76,956.03,BACS,BNK889312
PAY-2022-00101,PI-2022-00048,PAYMENT,2022-03-04,GBP,21175.4,21175.4,BACS,BNK448509
PAY-2022-00251,PI-2022-00102,PAYMENT,2022-04-20,GBP,1207.28,1207.28,DD,BNK653012
RCP-2022-00601,SI-2022-00313,RECEIPT,2022-09-19,GBP,5443.24,5443.24,CARD,BNK141353
